:01002000E9F6
:05002800220D20FCC9BF
:070030001A22130D20FAC98A
:08004000F5E521A5C0C3800015
:20008000C5D52AB6280BE53A6E67E7E12318F3E804D1C1E1F041E60220FAF1D921A3C034B5
:2000A000200223343E01E091C380FFF041E60220FA3EC0C384FFAF01BE0121A0C0CDC53BA1
:2000C0003EC0E09267AF6F0EA0C32800F3E0FFAFFBE00FC9F092B7C8E0463E283D20FDC9AE
:0100F000C946
:02010000185590
:20010400CEED6666CC0D000B03730083000C000D0008111F8889000EDCCC6EE6DDDDD999DF
:16012400BBBB67636E0EECCCDDDC999FBBB9333E5469746C650079
:20014400000000000000000001000000FAA1C047FAA0C0F357583100E0D5CDEB3BCDB600A0
:20016400D17AEAA0C0FE112007AFCB3B17EAA1C0AFE042E043E041E04A3E07E04B11D40005
:200184002180FF0E0CF7CD80FF119C00CDED013EE4E047E0483E1BE0493EC0E0403E01E0C6
:2001A400FFAFE00F21A3C02277E0263CE090CDC13DFBCD7115760018FCF040E680C8AFE03F
:2001C400917600F091B728F9C921A5C02A4F2A47B1C87BB920F67AB820F2444D0B0B2A02A8
:1701E40003572A0203B220F6C921A5C02AB628032318F97A3273C93D
:0C3DC100010B0021B63D115EC2CDCE3BCF
:013DD300C926
:203BC5005F78B1C8730B545D1378B1C8CB38CB1930032A1213040C18062A12132A12130D1B
:1E3BE50020F70520F4C9F040E680C8F044FE9230FAF044FE9138FAF040E67FE040C90A
:20020000000000000000000000000000000000006600AB76F75EFC5E3F7AEF7AD56E6600DD
:200220000E00160C1A0C2C1834185830683070005A3CBD7EF76EFF66EF76BD7E5A3C3C003B
:200240005E3CBE7CFE7C7E1C3E1C3E1C3E1C3C005A3CFF7EAF5E5D3EBD7AFF7EBD7E7E0044
:200260003D7EFE7FAE5F7F3EAE5FFE7FBD7E7E000F1E1F3E2F7EDF6FFF7F7F0E1F0E0E006E
:200280007F3E3F7EFB7C7DFE9F7EFFDE7EFC44385A3CBE7CF97EFE7FFA77B27F5D3E3E00C3
:2002A000BF7EFF7EFF6EED1E7E1C5A3C7C387C00BD7EFB76FB7E7E3CDF7EDF6EBD7E7E006A
:2002C0007E3CE77EF76EBF7E6F1E7F3E5E3C3C0054387A3CBE7CDC7E6FDEFFFEFFCECF0081
:2002E0007AFCFDFEF5EEFAFCF5EEFDFE7AFCFC00BA7C7DFEF7FEFFF0F7FE7DFEBA7C7C00AD
:20030000BA7CFD7EFB76FF72FB76FD7EBA7CFC00BF7EFF7EFA7CFF7EFA7CFF7EBF7E7E00D1
:20032000BD7EFF7E7AFC7FFE79FEFE78B4787800BA7C7DFEFFF6FFF0FBF67FFEBB7E7E00C7
:200340006DF6EFF6E7FEFFFEE7FEEFF66DF6EE005A3C7E3C7E3C7E3C7E3C5E3C5A3C3E006C
:200360005A3C7E3C7E3C7E3C7A3CBC7878F0F000BB76F77EFD7EFA7CFE7CF77EBF76FF00BD
:20038000B478FC78FC78FC78FF78FF7EBD7E7E00ED7E7FFE7EFFFEFFD7FFEFD73FC7C7005D
:2003A00055E6EFF6F7FEFFFEDFFEEFDE75CECE00BA7C7DFEDFEED7EEF7EE7DFEBA7C7C001B
:2003C000BD7EF37EFF72FD7EF678F870F8707000BB7C7FFEDFEED7EEF7EE7DFEB77E7A047E
:2003E0007EFCE5FEFFE6FEFCFCFEEFFEF7EEEF003A7C7FFE7DF6FE387DDEFDFEBA7C7C0022
:200400007DFEFFFEFE387C387C387C387C3838006FF6EFF6EFF6EFF6F7FE7DFEBA7C7C00F0
:20042000DBE6EFF677FE7DFEFE7CBA7C5C383800DFE3E3FFEBFF7FFF7EFF76FFE77E7E00C9
:20044000DFE66DFEFE7C387CFE7C6DFEF7CECF00DAE7E7FE6DFEFE7C7C387C387C383800E6
:20046000FF7EFF7EDD3E7E3CBA7CFF7EFF7EFE00A74EA9579B69C75D0362AF56B95851672F
:20048000E7503D5C5B58C8C9CACBCCCDCECFD0D1D28F0500400050004000017E0310000014
:2004A000001EBF0060649E0500400050004000014E03100000001FB7004065AC050040005A
:2004C0005000400001A7031000000020C1004066B70500400050004000014A031000000060
:2004E00021B9004067BF05004000500040000165031000000022B7004068CF050040005089
:200500000040000145031000000023C4004069DB0500400050004000018103100000002449
:200520008D00406AE2050040005000400001E50310000000252900406BEF05004000500057
:2005400040000137031000000026B700406CF60500400050004000014C0310000000278AAB
:2005600000406DFC050040005000400001A3021000000028B400406E9104A604BB04D004EB
:20058000E504FA040F05240539054E0563050B53544552454F204D41444E455353004241B3
:2005A000434B204F4E20545241434B00504F4C4152474549535400445259204F5554004218
:2005C00041534520414654455220424153450043414E54204C455420474F004A554D504513
:2005E000520054494D45204D414348494E45004359434C455300585354455000554C5449D0
:0F0600004154454445535452554354494F4E00BD
:020000040002F8
:208000000000000003030F0C1F103F237C47784FF09FF09F784F7C473F231F100F0C0303CA
:20802000000000000000C0C0E020F010F88878C83CE43CE478C8F888F010E020C0C0000080
:0E80400000FF00000008020080000000404029
:020000040000FA
:20060F004FF09091200621B1C036FFC9F090EAB1C079E09021002071C9FAB1C03CC8FAB15C
:20062F00C0E090EA0020C9D56059507AD601380BCB7C2803AF183C3E071838D1D5CB3ACBB6
:20064F001BCB3ACB1BCB3ACB1BCB3ACB1BF8067B96237A9E38043E0718197B87CB1287CB82
:20066F001287CB1287CB125FF8042A666F195D54CD88063333E1E804E979CB37E60F6F26F1
:20068F0000196E260011B212194679E60F4F78D605200779D608382CAFC978D6062007790C
:2006AF00D6083020AFC978D610200A79D6083002AFC93E08C978D611200A79D6083802AF24
:2006CF00C93E08C978C93BC5D5F80B7ECD0F06D1C1F8052A666FE5F8052A666FE5CD36065D
:2006EF00F80077CD2806F8007E33E1E805E93BF090F80077F8037EE090EA0020AFE04F69BD
:20070F00607DB7201F25201CD5D5210080E5CD0B3CE804D121000819E5218080E5CD0B3C54
:20072F00E804180B79D5672E00E5CD0B3CE804F8007EE0907EEA002033E133E9E8F7F80658
:20074F00712370F090F80077F80D7EE090EA00204B42CB21CB10CB21CB10CB21CB10CB21CC
:20076F00CB10F8062A666F09E57DF80377E17CF8027713F80B7B96237A9E300DF8012A5FC6
:20078F0056211000194D7C1805F8012A4F7EF803712377F8083600F80E2A5F56F8086E261F
:2007AF0000194D44F8012A5F56F8086E2600195D541A02F8087EC610F805775E1600F80EEC
:2007CF002A666F194D44F8032A5F56F8086E2600195D541A02F808347ED61038BAF8007E0D
:2007EF00E0907EEA0020E809E1E805E9E8F5F090F80077F80D7EE090EA00206B6229292939
:20080F0029094D44F80E7EB7280511B20D180311B209F8017B2272F808792278223600F87C
:20082F000A7ED610D2FD082B2B2A5F561AF80377F8083420022334F8033A5F16007B87CB7F
:20084F001287CB125F3A6E67194D44F80A7E8787F8047711B2C06E2600195D540A12F80401
:20086F007EF807773A2B3C7711B2C06E2600195D546960237E12F8073A3C3C7711B2C06EE7
:20088F002600195D54696023237E12F8077E3C3C3C7711B2C06E2600195D540303030A120C
:2008AF00FAA0C0D611204111B211F8036E2600194D440A4F11F2C0F8046E2600195D54798B
:2008CF001211F2C0F8056E2600195D54791211F2C0F8066E2600195D54791211F2C0F807E2
:2008EF006E2600195D547912F80A34C32E08F8007EE0907EEA0020E80BE1F1E98747AFE058
:20090F004F11B2C0D5210220E5AFF533C533CDF03CE806FAA0C0D611C03E01E04F11F2C011
:20092F00D5210220E5AFF533C533CDF03CE806AFE04FC9E8FCF8027B227279D61078DE00AC
:20094F0038020E10F800792211000073F8007B96237A9E301BD5F8093A474EC5F8062A4FA9
:20096F0046CDFB07D17BE60FD5CD0B09D11318DCE804E1F1E94FF09047AFEA5EC22161C2CA
:20098F007179E09021002071F3C5CD4B32C1F8027EE006FB78E09021002070215EC236010F
:2009AF00E133E90C0C0C0C23243233232423240C0C42430C0C0C0C2424333324242424288E
:2009CF002938398A8B8E8F8C8D90910C920C0C0C0C0C0C0C17252618190C27686974756A26
:2009EF006B7677282938392A2B3A3B0C0C44450C1778796C6D0C274243444542431F201160
:200A0F00120C0C0C0C1F2042430C0C2E2F3E3F2C2D3C3D30314041360C460C34350C0C0CFA
:200A2F00370C47484958594C4D5E5F4E4B5E5B4E4F5C5D4A4F5A5F484D5A5F4C495E5B4EA1
:200A4F004B5C594A4F585D504F5E5F4E515E5F4E4F5E614E4F605F4A4B5A5B4C4D5C5D4EDF
:200A6F004F5E5F48495A5B4C495C594A4B5859484D585D828386870C0C848588890C0C429D
:200A8F004334350D0E1B1C0E0E1C1C0E0F1C1D4E4F1A1A0D0E72720E0E72720E0F72720CC2
:200AAF000F72728A8B93948E8F999A908D9996909197988C91959A8A8F959A8E8B999690A0
:200ACF008D97948C9193980C91999A9092999A9091990C90919B9A8C8D95968E8F979890A6
:200AEF0091999A8A8B95968E8B97948C8D93948A8F93980D0E0C0C0E0E0C0C0E0F0C0C0C73
:200B0F000F0C0C0C0C1B1C0C0C1C1C0C0C1C1D0C0C0C1D0C0C72727E7E0C0C0C140C2213FD
:200B2F000C210C5455646562621A1A1A531A531A1A6363521A521A5462521A62551A531AF7
:200B4F00536365521A6463561A1A1A1A571A1A1A1A1A671A1A661A52535253626263631A98
:200B6F001A1A1A545552536255636552536465546264630C0C0C0C0C0C0C0C0C0C0C0C0CC4
:200B8F000C0C0C70717C7D0C0C0C0C0C0C0C0C0C0C0C0C0C0C0C0C0C0C0C0C6E6F7A7B0C7A
:200BAF000C0C0C0C0C737F80810C0C111272727E7E1F206E6F7A7B56576667525362635493
:200BCF0055646515162324161624240C6E727A6F0C7B720C6E0C7A6F0C7B0C0C0C85844EC3
:200BEF004F5E5F0C0C0C0C0C0C0C0C0C0C0C0C0C0C0C0C0C0C0C0C0C0C0C0C0C0C0C0C0C7E
:200C0F000C0C0C0C0C0C0C0C0C0C0C0C0C0C0C0C0C0C0C0C0C0C0C0C0C0C0C0C0C0C0C0C45
:200C2F000C0C0C0C0C0C0C0C0C0C0C0C0C0C0C0C0C0C0C0C0C0C0C0C0C0C0C0C0C0C0C0C25
:200C4F000C0C0C1E0C0C0C0C1E0C0C1E0C0C0C0C1E0C0C1E1E0C0C0C0C1E0C0C0C0C1E0C75
:200C6F000C1E1E0C0C0C0C0C0C0C0C0C0C0C0C0C0C0C0C0C0C0C0C0C0C0C0C0C0C0C0C0CC1
:200C8F000C0C0C0C0C0C0C0C0C0C0C0C0C0C0C0C0C0C0C0C0C0C0C0C0C0C0C100C0C0C0CC1
:200CAF00100C0C10100C0C34140C471335460C0C374422360C21452A2B3A3B2C2D3C3D445F
:200CCF004542433435424342435E5F4E4F42430C0C444534350C0C0C0C1E0C0C0C0C1E0C37
:200CEF000C1E1E100C0C0C0C100C0C10100C0C0C0C0C0C1A1A5E5F1A1A5E1A4E1A5E1A0C44
:200D0F000C0C0C0C0C0C0C2A2B3A3B2A2B3A3B2C2D3C3D2C2D3C3D28293839282938390CA8
:200D2F000C0C0C48495A5B4A4F5A5F4A4F585D0C0C0C0C4A4B5859484D5A5F2829383928EC
:200D4F002938390C820C86830C870C0C0C0C840C0C850C0C880C0C890C0C0C0C0C8283865B
:200D6F00870C0C0C0C0C440C0C450C0C340C0C350C0C0C0C2A0C3A2B0C3B0C2B2A3B3A0C73
:200D8F008A0C938B0C940C0C2C0C3C2D0C3D0C2D2C3D3C0C0C0C0C4C495E5B0C0C0C0C0C56
:200DAF000C0C0C0C0C0C0C24233332242324230C0C43420C0C0C0C24243333242424242962
:200DCF002839388B8A8F8E8D8C9190920C0C0C0C0C0C0C170C26251918270C696875746B22
:200DEF006A7776292839382B2A3B3A0C0C4544170C79786D6C270C434245444342201F125C
:200E0F00110C0C0C0C201F43420C0C2F2E3F3E2D2C3D3C313041400C360C4635340C0C37CC
:200E2F000C470C494859584D4C5F5E4B4E5B5E4F4E5D5C4F4A5F5A4D485F5A494C5B5E4BCB
:200E4F004E595C4F4A5D584F505F5E514E5F5E4F4E615E4F4E5F604B4A5B5A4D4C5D5C4FD7
:200E6F004E5F5E49485B5A494C595C4B4A59584D485D58838287860C0C858489880C0C4399
:200E8F004235340E0D1C1B0E0E1C1C0F0E1D1C4F4E1A1A0E0D72720E0E72720F0E72720FBC
:200EAF000C72728B8A94938F8E9A998D90969991909897918C9A958F8A9A958B8E96998DA2
:200ECF00909497918C9893910C9A9992909A9991900C9991909A9B8D8C96958F8E9897919E
:200EEF00909A998B8A96958B8E94978D8C94938F8A98930E0D0C0C0E0E0C0C0F0E0C0C0F6D
:200F0F000C0C0C0C0C1C1B0C0C1C1C0C0C1D1C0C0C1D0C0C0C72727E7E0C0C140C220C0C03
:200F2F00130C215554656462621A1A531A531A1A1A63631A521A5262541A525562531A53B3
:200F4F001A65631A5263641A561A1A571A1A1A1A1A671A1A1A1A6653525352626263631ACD
:200F6F001A1A1A555453525562656353526564625463640C0C0C0C0C0C0C0C0C0C0C0C0CC0
:200F8F000C0C0C71707D7C0C0C0C0C0C0C0C0C0C0C0C0C0C0C0C0C0C0C0C0C6F6E7B7A0C76
:200FAF000C0C0C0C0C7F7381800C0C121172727E7E201F6F6E7B7A5756676653526362558E
:200FCF0054656416152423161624246E0C7A720C6F727B6E0C7A0C0C6F0C7B0C0C84854FBF
:200FEF004E5F5E0C0C0C0C0C0C0C0C0C0C0C0C0C0C0C0C0C0C0C0C0C0C0C0C0C0C0C0C0C7B
:20100F000C0C0C0C0C0C0C0C0C0C0C0C0C0C0C0C0C0C0C0C0C0C0C0C0C0C0C0C0C0C0C0C41
:20102F000C0C0C0C0C0C0C0C0C0C0C0C0C0C0C0C0C0C0C0C0C0C0C0C0C0C0C0C0C0C0C0C21
:20104F000C0C0C0C1E0C0C1E0C0C0C0C1E0C0C1E0C0C0C1E1E0C0C0C0C0C1E0C0C1E0C0C71
:20106F000C1E1E0C0C0C0C0C0C0C0C0C0C0C0C0C0C0C0C0C0C0C0C0C0C0C0C0C0C0C0C0CBD
:20108F000C0C0C0C0C0C0C0C0C0C0C0C0C0C0C0C0C0C0C0C0C0C0C0C0C0C0C0C100C0C10B9
:2010AF000C0C0C10100C0C1434470C35130C46370C22440C3645212B2A3B3A2D2C3D3C455E
:2010CF004443423534434243425F5E4F4E43420C0C454435340C0C0C0C0C1E0C0C1E0C0C34
:2010EF000C1E1E0C100C0C100C0C0C10100C0C0C0C0C0C1A1A5F5E1A1A1A5E1A4E1A5E0C40
:20110F000C0C0C0C0C0C0C2B2A3B3A2B2A3B3A2D2C3D3C2D2C3D3C29283938292839380CA4
:20112F000C0C0C49485B5A4F4A5F5A4F4A5D580C0C0C0C4B4A59584D485F5A2928393829E7
:20114F00283938820C860C0C830C870C0C840C0C0C0C85880C0C0C0C890C0C0C0C83828757
:20116F00860C0C0C0C440C0C0C0C45340C0C0C0C350C0C2A0C3A0C0C2B0C3B2A2B3A3B8AF2
:20118F000C930C0C8B0C942C0C3C0C0C2D0C3D2C2D3C3D0C0C0C0C494C5B5E0C0C0C0C0CD0
:2011AF000C0C0C0001010000010101000000000202020200000002020000000000000000EB
:2011CF00000000000000000000000000000000000000000000000000000000000000000000
:2011EF000000000000000000000000000000000000000000000000000000000000000000E0
:20120F000000000000000000000000000000000000000000000000000000000200000000BD
:20122F00000000020200000202020201010000000000000000000000000000000000000091
:20124F0000000000000000000000000000000000000000000000000000000000000000007F
:20126F00000000000000000003030000000003030303030303030000000000000000000041
:20128F0000000000000000000000000000000000000000000000000000000000000000003F
:2012AF00000000000909061109090004040303040302010708101011070711100508080840
:2012CF0002110107070707070707070707070707070700070707070A0B0B800707070407A6
:2012EF00070707070707070707070707070707070707000707070705050505060606080413
:20130F00030102070707070707070707070707070707000707070780048001000280038029
:20132F0008071000000808040304030909808080800B808080808080808080808080808044
:20134F008080808080808080808080808080808010101080808080050680808080808080C3
:20136F00801111118080808000008080050610111010101111110700000000008080808015
:20138F0080808080050580058006050A0A0B0B0B0B0A0A1010111180800880808080080777
:0313AF00808080BB
:020000040002F8
:20804E00D5F8017E0F0FE61F4F060069602909CB3CCB1DCB3CCB1D7DE61F878747F8002A7C
:20806E00575ECB3BCB1ACB3BCB1ACB3BCB1ACB3BCB1ACB3BCB1A7AE61F6F26005D5429199F
:20808E00CB3CCB1DCB3CCB1D7DE61F26006F2929292929784DB447F8002AE61F6F26005D37
:2080AE00542919CB3CCB1DCB3CCB1D7DE61FB14F3333C94A2900444148064408300B181494
:2080CE00006700A400E1000001E000C01C000000000000D65AE04CC6746B701B6454301B5A
:2080EE0000EF006A01C501E101C015803D000000000000FF7FE77EEF7D967DFF547F59BF92
:20810E0031FF019B020E0380032737A06FE71C00000000FF7F357FF77EDA7EBF7EBF6ADF3B
:20812E005A7F3F593F763F954B935B5473945200000000E04C00440000FF7FE04C0044E013
:20814E004CFF7FE04C004400008003E04C00440000000009090000000202000909020202B6
:20816E00020200000000000000000000000000000000000000000000023BF8003600F8008A
:20818E005EAF57CB23CB122132C1194D44214141192A6602037C02F800347ED61020DF1175
:2081AE0032C1D5210004E5CDEB39E805C94FD61F200501A06F183479D62E2021213EC13E57
:2081CE00802211800372CD4E40213CC1792270113AC1D5210101E5CDEB39E804C911C140C4
:2081EE0079E63F26006F29192A4F462132C1792270213AC17922702142C1792270214AC19C
:20820E007922705950CD4E402134C17922702144C1792270214CC17922701132C1D52100BC
:20822E0004E5CDEB39E804C94FD61F200501A06F180E79E63F26006F2911C140192A4F46BC
:20824E00213EC17922705950CD4E40213CC1792270113AC1D5210101E5CDEB39E804C9AF7A
:20826E00020302215000194D441E006B26000936001C7BD61038F4C9FF7FE07FE0030000AE
:20828E00FF7F0000E003E003FF7F0000E07FE07FFF7F0000FF03FF03FF7F00009F7D9F7D18
:2082AE00FF7F00001F001F00E8ECF8107B2272F80E792278222A5F56211400194D440AF80E
:2082CE000277F8102A5F56211200194D4459501AF80322131A77F8162A5F5621500019E573
:2082EE007DF80777E17CF80677F812AF2277F8052A5F56F8136E2600194D440AF80D77B7F7
:20830E00CA0844F8162A5F5621100019E57DF80977E17CF80877F8137E87F809322B2A5F5D
:20832E002A576E260019E57DF80C77E17CF80B322A5F561A4F131AF800712377D1D5212033
:20834E000019E57DF80E77E17CF80D77F80C5D54F80E1A1396231A9EDA0844F8122A96CA2B
:20836E000544F8162A5F56F8126E2600194D44F8162A5F56F8136E2600195D541A02F812F5
:20838E007E87F80D77F8072A5F56F80D6E2600194D44F80A2A5F561A6F131A677D02037C31
:2083AE0002F8162A5F56213000194D44F80D6E260009E57DF80E77E17CF80D77F8096E26D6
:2083CE0000092A4F46F80C2A666F792270F8052A5F56F8126E2600193601F8162A5F5621E1
:2083EE006000194D44F8126E2600095D54F8136E2600094D440A12F81234F813347ED610D7
:20840E00DAFC422B4E79D6103010F8052A5F56692600195D54AF120C18EBF8102A5F562111
:20842E000C00192A4F46C5F81A2A5F56D5F81A2A5F56D5F8142A5F56D5F80B2A5F3A2B57F1
:20844E007ECD5C27E814E1E804E9E8F8D5F809770100C0F80C5EAF6B672929094D4423E5C9
:20846E007DF80477E17CF803322B2BD1D51313D52A5F5621030019D1E57DF80677E17CF864
:20848E000577D5F8022A5F5621040019D1E57DF80877E17CF80777F80D7EC608F80877F829
:2084AE000F7EB7203A2B7E02F8022A4F46F80D7E02031AF809860203F8042A5F2A571A025C
:2084CE00032A5F56F80E7E0203F8087E02036B6223237EF8098602031313131A021839F8E5
:2084EE000E7E02F8022A4F46F8082A02031A860203F8042A5F2A571AEE2002032A5F56F849
:20850E000E3A02037E02036B6223237EF8098602031313131AEE20023E02E80AE1E804E915
:20852E00F5AF6B6729291100C019F15FE5F80446234E237EE1B7203B712370237B7723368D
:20854E000323712378C60877237BC602772336032379C610772370237BC604772336032383
:20856E0079C610772378C60877237BC606772336031839712378C60877237B7723362323B4
:20858E00712370237BC602772336232379C610772378C60877237BC604772336232379C6EA
:2085AE0010772370237BC606772336233E04E1E803E9E8F4F80B77F80E4EAF6967292901C3
:2085CE0000C0094D44233333E5D521020019D1E57DF80477E17CF80377D521030019D1E577
:2085EE007DF80677E17CF8057721040019E57DF80877E17CF80777F80F2A5EC608F8082241
:20860E007BC610227BC62077F8117EB7C2D5462B3A02C1C57E0203F8022A5F561AF80B86FA
:20862E000203F8042A5F2A571A02032A5F56F8107E0203F8087E02036B6223237EF80B86FB
:20864E0002036B622323237E020313131313F8097E0203F80F7E02036B6223237EF80B86DA
:20866E0002036B622323237E020313131313F8093A02037E02036B6223237EF80B86020300
:20868E006B622323237E020313131313F80A7E0203F80F7E02036B6223237EF80B86020399
:2086AE006B622323237E020313131313F80A3A2B02037E02036B6223237EF80B8602031386
:2086CE0013131A02C39747F8107E02C1C5F8087E0203F8022A5F561AF80B860203F8042A71
:2086EE005F2A571AEE2002032A5F56F8103A02037E02036B6223237EF80B8602036B6223A7
:20870E0023237EEE20020313131313F8093A02037E02036B6223237EF80B8602036B622356
:20872E0023237EEE20020313131313F8097E0203F80F7E02036B6223237EF80B8602036B70
:20874E00622323237EEE20020313131313F80A3A2B02037E02036B6223237EF80B86020355
:20876E006B622323237EEE20020313131313F80A7E0203F80F7E02036B6223237EF80B86AF
:20878E0002031313131AEE20023E06E80CE1E804E9E8F3F80C77F80F4EAF696729290100F8
:2087AE00C0094D44233333E5D521020019D1E57DF80477E17CF80377D521030019D1E57D18
:2087CE00F80677E17CF8057721040019E57DF80877E17CF80777F8102A575E7AC608F8082C
:2087EE00227AC610227BC610227BC62077F8127EB7C219492B3A02C1C57E0203F8022A5F36
:20880E00561AF80C860203F8042A5F2A571A02032A5F56F8117E0203F8087E02036B622348
:20882E00237EF80C8602036B622323237E020313131313F8117E0203F8097E02036B6223F5
:20884E00237EF80C8602036B622323237E020313131313F80A7E0203F8107E02036B6223D5
:20886E00237EF80C8602036B622323237E020313131313F80A3A2B02037E02036B622323B3
:20888E007EF80C8602036B622323237E020313131313F80A3A02037E02036B6223237EF86B
:2088AE000C8602036B622323237E020313131313F80B7E0203F8107E02036B6223237EF874
:2088CE000C8602036B622323237E020313131313F80B7E0203F8087E02036B6223237EF85C
:2088EE000C8602036B622323237E020313131313F80B3A2B02037E02036B6223237EF80C49
:20890E008602031313131A02C3404AF8117E02C1C5F8097E0203F8022A5F561AF80C86020A
:20892E0003F8042A5F2A571AEE2002032A5F56F8117E0203F8087E02036B6223237EF80C70
:20894E008602036B622323237EEE20020313131313F8113A02037E02036B6223237EF80C0B
:20896E008602036B622323237EEE20020313131313F80A3A02037E02036B6223237EF80CF2
:20898E008602036B622323237EEE20020313131313F80A3A2B02037E02036B6223237EF8B3
:2089AE000C8602036B622323237EEE20020313131313F80A7E0203F8107E02036B622323DC
:2089CE007EF80C8602036B622323237EEE20020313131313F80B3A2B02037E02036B622389
:2089EE00237EF80C8602036B622323237EEE20020313131313F80B7E0203F8087E02036BB2
:208A0E006223237EF80C8602036B622323237EEE20020313131313F80B7E0203F8107E0272
:208A2E00036B6223237EF80C8602031313131AEE20023E09E80DE1E804E9E8FA4F43F8083C
:208A4E005EAF6B6729291100C0195D5479D61238042E0318022E0279FE112804D613200463
:208A6E003E401801AFB54F78C624F8002278C6262278C62877D56B6223D1E57DF80577E172
:208A8E007CF80477F8094679F620F80577F80B7EB720762B7E12F8032A5F56F8097E121388
:208AAE00F8007E1213791213F80A7E121378C6081213F8017E1213791213F80A7E12137808
:208ACE00C6101213F8027E1213791213F80A7E121378C6181213F8027E1213F8057E1213F5
:208AEE00F80A7E121378C6201213F8017E1213F8057E1213F80A7E121378C6281213F800DC
:208B0E007E1213F8057E121873F80A7E12F8032A5F5678C6D81213F8007E1213791213F8B4
:208B2E000A7E121378C6E01213F8017E1213791213F80A7E121378C6E81213F8027E121370
:208B4E00791213F80A7E121378C6F01213F8027E1213F8057E1213F80A7E121378C6F81247
:208B6E0013F8017E1213F8057E1213F80A3A12137E1213F8007E1213F8057E123E06E8063A
:208B8E00E1E804E9E8EF4B42F81077F8135EAF6B6729297DC6005F7CCEC0F8007323220A8C
:208BAE007721020009E57DF80577E17CF8047721050009E57DF80777E17CF806772108005C
:208BCE0009E57DF80977E17CF80877210B0009E57DF80B77E17CF80A77D1D56B6223E57DF1
:208BEE00F80D77E17CF80C77F8052A5F561AF80F77F8157EF80D773E01F802963E0017F87C
:208C0E000E322A238677F8167EB7C2B94CD1D5F80F7E12F80B2A4F46F8032A5F561AF5F8D2
:208C2E00167EF81177F1860203F8072A5F561AF810860203F8092A5F561A0203F80E7EB7D1
:208C4E00CA664DF8052A5F56131AF80D860203F8032A5F56131AF80F860203F8072A5F5679
:208C6E00131AF810860203F8092A5F56131A02033E02F80296D2664DF8052A5F5613131AA3
:208C8E00F80D860203F8032A5F5613131AF80F860203F8072A5F5613131AF810860203F8E1
:208CAE00092A5F5613131A02C3664D030AF81486C6F8D1D5F5F8117E12F1F80B4E2346F8D2
:208CCE00035E2356F51AF80E77F1F80F777EF80C960203F8072A5F561AF810860203F80908
:208CEE002A5F561AEE200203F80E7EB7286AF8052A5F56131AF80D860203F8032A666F23D7
:208D0E005EF80F7E930203F8072A5F56131AF810860203F8092A5F56131AEE2002033E02CC
:208D2E00F802963033F8052A5F5613131AF80D860203F8032A666F23235EF80F7E930203CB
:208D4E00F8072A5F5613131AF810860203F8092A5F5613131AEE2002F8027EE811E1E804E6
:208D6E00E9E8B9F8447B2272F842792270F8492A5F561AF80022131A77F8492A4F460303CD
:208D8E00030AF80222AF22C1C5CB38CB19CB38CB19CB38CB19CB38CB1971F8007EF805774E
:208DAE00F8017EF806322A5F56210F00194D7CF807712377F8027EF80922AF322A5F562187
:208DCE000F00194D7CF80B712322712377F8442A5F5621100019E57DF81177E17CF81077AD
:208DEE00F8052A5F5621A00019E57DF81377E17CF81277F8492A5F5621090019E57DF8151B
:208E0E0077E17CF81477F8492A5F5621080019E57DF81777E17CF81677F8137EF81777F8BA
:208E2E00147EF81877F8157EF81977F8167EF81A77F8492A5F56210E0019E57DF81D77E1AC
:208E4E007CF81C77F8137EF81D77F8147EF81E77F8137EF81F77F8147EF82077F8157EF81E
:208E6E002177F8167EF82277F8137EF82377F8147EF82477F8157EF82577F8167EF82677B7
:208E8E00F8492A5F5621100019E57DF82977E17CF82877F84B7EE610F82977F8442A5F5602
:208EAE0021300019E57DF82C77E17CF82B77F8052A5F5621300019E57DF82E77E17CF82D7F
:208ECE0077F8442A5F5621600019E57DF83077E17CF82F77F8442A5F5621500019E57DF85D
:208EEE003277E17CF83177F8463600F8302A5F56F8466E260019E57DF84177E17CF840327F
:208F0E002A5F561A4FB7CA2F56F8467E87F84177F80F2A5F56F8416E2600194D4459501AE2
:208F2E00F83222131A77F8422A4F4621B000094D44F8322A23322A2332799623789EDA2F56
:208F4E0056F8442A5F2A576E2600194D440AF836777ED60F3E012801AFB72828F8342A5F44
:208F6E005621B4007B955F7A9C474BF8052A917E98DA2656F8492A5F56211200194D44364A
:208F8E0001C326564FCB41200FF8115D54F8341A1396231A9EDA2F56F82E2A5F56F8466E65
:208FAE00260019E57DF83977E17CF838322A5F2A571A777EB7C22656F8342A5F5621300031
:208FCE0019E57DF83C77E17CF83B322A4F46F800799623789EDA2656F8367ED6643E00170B
:208FEE004F7ED626380579B7C22656CB41C27E503E93F8369638797ED6792874F8367ED622
:20900E007E286DF8322A4F46CB38CB19CB38CB19CB38CB19CB38CB1979FE0B3805C6F64FE0
:20902E0018020E00F8047E91DA2656F8367EC69C4FFAA0C0D6112006C579CDBB41C1F84CC9
:20904E002A5F5679FE10300BD60F3E0328023E0212180C79D62030053E01121802AF12F8D3
:20906E00372A666F3601F83F2A666F3600C32656F8367ED6C0384D3EEF963848F8322A4F1D
:20908E0046CB38CB19CB38CB19CB38CB19CB38CB1979FE0B3805C6F64F18020E00F8047E74
:2090AE0091DA2656FAA0C0D6112008F8367EC640CD3642F8372A666F3601F83F2A666F368A
:2090CE0000C32656F82C5D54F8341A1396231A9EDA2656F82A2A5F56F8416E2600192A4FEE
:2090EE0046F8027EF83C22AF22792278322B2B2A5F2A572A666F7B955F7A9CF84132733A3C
:20910E002B77F8413A2B323E2896233E009E3E00575ECB7B2807CB7A2008BF1805CB7A28B6
:20912E000137DA2656F8402AD6D87EDEFF563EFF5FCB7B2807CB7A2008BF1805CB7A28010A
:20914E0037DA2656F8367ED610DAD8513E13963879F8075D54F8321A1396231A9EDA265679
:20916E00F83A5D54F8051A1396231A9EDA26565950210E00195D54F8097B96237A9EDA261E
:20918E0056F80B2A917E98DA2656F8397EB7C22656F8367ED6123E0017EE014FF8152A5FE0
:2091AE00561A91281B3A6E6771F8492A5F56210400194D442A666FCB2CCB1D7D02037C0210
:2091CE00F8372A666F3601C32656F8342A5F561313F8072A937E9ADA1256F8342A5F56216A
:2091EE000F00195D54F8057B96237A9EDA1256F8367EB7287AF8367E3D2874F8367ED602EF
:20920E00286DF8367ED6053E012801AFF841777EB7C28454F8367ED606CA8454F8367ED6E2
:20922E0008CAEE52F8367ED609CAEE52F8367ED60ACA7A53F8367ED60BCA8454F8367ED6A5
:20924E000CCA7A53F8367ED60DCA7A53F8367ED60ECA7A53F8367ED625CA7A53F8367ED650
:20926E0079CAD455F8367ED67ECAD455C32656212300095D54F8097B96237A9EDA26567928
:20928E00C6FD4F78CEFF47F80B2A5F567B917A98DA2656F8397EB7C22656F8367EB720099C
:2092AE00F8132A666F36001816F8367E3D2009F8132A666F36011807F8132A666F3602F886
:2092CE00492A5F56210400194D442A666FCB2CCB1D7D02037C02F8372A666F3601C3265607
:2092EE00212300095D54F8097B96237A9EDA265679C6FD4F78CEFF47F80B2A5F567B917A40
:20930E0098DA2656F8397EB7C22656F8367ED6093E012801AF4FF8152A5F561A9128433A80
:20932E006E6771F8492A5F5621040019E57DF84277E17CF841322A5F3A571A4F131A47CBDE
:20934E0028CB192A5F561A6F131A67CB2CCB1DCB2CCB1DCB2CCB1D094D44F8402A666F7910
:20936E002270F8372A666F3601C32656F8367ED60C280AF8367ED60E2803AF18023E016FB7
:20938E00B728045950180879C60D5F78CE00577DB728050303031806211000094D44F8027E
:2093AE00799623789EDA2656F80B2A937E9ADA2656F8397EB7C226562B3A6E673601F83690
:2093CE007ED60D3E012801AF4FF8492A5F5621040019E57DF84277E17CF8417779B72007E3
:2093EE00F8367ED60E202479B73E012001AFF8155E23666B7779B728050160FC180301A000
:20940E0003F8402A666F792270185BF8367ED625202BF8132A5F561AD602200501A0FC18DE
:20942E000301F0FAF8152A5F561AB72806AF914F9F9047F8402A666F7922701829F8172A84
:20944E005F561AD60220050110FB18030140F8F8192A5F561AB72806AF914F9F9047F840A6
:20946E002A666F792270F8492A5F56210600194D44AF02C32656F8297EB7CA2656F81B2A1A
:20948E005F561ACB67280AF8272A5F561AB7CA26565950211000195D54F8097B96237A9E85
:2094AE00DA2656F80D2A917E98DA2656F8397EB7C226562B3A6E673601F8272A666F3600B3
:2094CE00F8492A5F5621040019E57DF84177E17CF840227EB72867F8152A5F3A571AD6017B
:2094EE003E00175E23666B77F81D2A5F561AD6022009F83D3EA02236011807F83D3EA02271
:20950E003603F83D3A2B77F83E3A2B77F8152A5F561AB72813110000F83B2A666F7B955F37
:20952E007A9CF83E32731808F83B2A23322A2377F83F2A5F56F83D2A12137E121879F836AD
:20954E007ED6062049F81F2A5F561AD602200501D0FC18030130FCF83B792270F8212A5F38
:20956E00561AB72813110000F83B2A666F7B955F7A9CF83E32731808F83B2A23322A237742
:20958E00F83F2A5F56F83D2A12137E121829F8232A5F561AD602200501F0FB18030170FACF
:2095AE00F8252A5F561AB72806AF914F9F9047F83F2A666F792270F8492A5F5621060019FC
:2095CE004D44AF0218525950212000195D54F8097B96237A9E3841F80B2A917E983839F81A
:2095EE00397EB72033F8492A5F56210A00194D44F8367ED67E3E012801AF02F8372A666F60
:20960E0036011814F8072A4F46211000094D44F834799623789E3809F846347ED610DAF9F2
:20962E004EE847E1E805E9E8E1F81B7B2272F819792270FAA0C0D6113E0C28023E04F800F2
:20964E0077F81B2A5F5621500019E57DF80377E17CF80277F81B2A5F5621100019E57DF8D1
:20966E000577E17CF80477F8237EF80577F81B2A5F5621300019E57DF80877E17CF807777B
:20968E00F81DAF2277F81E7ED610D2C05AF8247ED626D2C05AF8012A5F56F81E6E260019DC
:2096AE004D440AB7CAC05AF81E7E87F81577F8032A5F56F8156E2600192A4F46F8192A5FDA
:2096CE005621B0001959507D937C9ADAC05AF81B2A5F2A23576E2600195D541AF816777EBE
:2096EE00D60FCABA5AF8167ED664D2BA5AFAA0C0D6113E012801AFF818775ECB43202E2B29
:20970E002B3E029630277ED6082822F8167ED609281BF8167ED61038053E1396300FF816AC
:20972E007ED67E2808F8167ED679C2BA5AF819467990FEB13805FEE0DABA5AF81777F805CD
:20974E007EB7280A3E88F81796F808771808F8177EC628F80877F8062A5F56F8156E260022
:20976E00194D440AF8214E91C610F817773EA0F8089630067ED6E8DABA5A3EA0F81796304C
:20978E00067ED6D0DABA5AF8167ED626DADF59F81D7EF80096D2BA5AF8187EB7CABA5A2BB4
:2097AE002B7ED640D2BA5A4EAF69672911CE74192A4F4678B1CABA5A0AF818777EF8152290
:2097CE00112800723A6E677B955F7A9CF8143273F8247EF815223600F8135D54F8151A1396
:2097EE0096231A9E1A575ECB7B2807CB7A2008BF1805CB7A280137DAC05AF81D34F8245E01
:20980E00AF6B6729297DC6005F7CCEC0F809732377F8187EF80B7721020009E57DF80E779A
:20982E00E17CF80D7721050009E57DF81077E17CF80F7721080009E57DF81277E17CF811DB
:20984E0077210B0009E57DF81477E17CF81377F8092A5F566B6223E57DF81677E17CF81569
:20986E0077F80E2A5F561AF818323A773E01F80B963E0017F817322A238677F8057EB7C2C5
:20988E002B59F8092A5F56F8187E12F8142A4F46F80C2A5F561AF5F80A7EF81A77F1860277
:2098AE0003F8102A5F2A571AC6A002032A5F561A0203F8177EB7CAD559F80E2A5F56131AB4
:2098CE00F816860203F80C2A5F56131AF818860203F8102A5F2A57131AC6A002032A5F56AD
:2098EE00131A02033E02F80B96D2D559F80E2A5F5613131AF816860203F80C2A5F56131388
:20990E001AF818860203F8102A5F2A5713131AC6A002032A5F5613131A02C3D559030AF8B0
:20992E00088623C6F85E2356F5F81A7E12F1F8144E2346F80C5E2356F51AF81777F1F81817
:20994E00777EF815960203F8102A5F2A571AC6A002032A5F561AEE200203F8177EB72867E6
:20996E00F80E2A5F56131AF816860203F80C2A666F235EF8187E930203F8102A5F2A57135F
:20998E001AC6A002032A5F56131AEE2002033E02F80B963032F80E2A5F5613131AF8168621
:2099AE000203F80C2A5F5613131A5FF8187E930203F8102A5F2A5713131AC6A002032A5FA6
:2099CE005613131AEE2002F80B7EF8248677C3BA5A3E1FF82496DAC05AF8164EAF6967295B
:2099EE00114E73195D541AF81422131A77F8153AB6CABA5A23237ED61038283E13963823AA
:209A0E00F8057EF533F8187EF533F80A7EF533F8277EF5331EA0F81A7ECD484AF8248677AC
:209A2E00C3BA5AF8167EB7280B7E3D2807F8167ED6022024F8057EF533F8187EF533F80ADE
:209A4E007EF533F8277EF5333EA0F8185E2356CD9F47F82486771854F8167ED6082807F8FF
:209A6E00167ED6092024F8057EF533F8187EF533F80A7EF533F8277EF5333EA0F8185E23EC
:209A8E0056CDC045F82486771822F8057EF533F8187EF533F80A7EF533F8277EF5333EA099
:209AAE00F8185E2356CD5844F8248677F81E34C39356F8247EE81FE1E804E9110002D521D9
:209ACE00D027E5CD0B3CE804C93BF8077EF80077F8092A4F460AB728666FD6202003AF184E
:209AEE00467DD62520043E01183D7DD62F20043E0218347DEE80D6B0380A3E399538057D37
:209B0E00C6D318237DEE80D6C1380A3E5A9538057DC6CC18127DEE80D6E1380A3E7A953893
:209B2E00057DC6AC1801AFC6D05FF80056347EF80722C57BF5335E7ACD373BC10318963321
:209B4E00C9FAA0C0D611202411225CD5AF3CF5CDEB39E8043E01E04FAF672E20E53E20F57E
:209B6E0033AF0FF5CD8A3CE805AFE04F3E2FE047AF672E12E53E14F533AF0FF5CD8A3CE81C
:209B8E0005112A5CD5AF0FF51E0A21D75ACDDC3CE8040E00FA8E05477990305B4169AF0475
:209BAE00046729FA60C2912031E5C511375CD50E01C51E0A21D75ACDDC3CE804C1E1117898
:209BCE0005192A666F2A666FC5E50E03C51E0A21D75ACDDC3CE804C1181A117805192A6666
:209BEE006F2A666FC5E50E03C51E0A21D75ACDDC3CE804C10C189D11395CD5210010E51EED
:209C0E000A21D75ACDDC3CE804F040F601E040AFEA5FC2C942148C49397FFF7F4C455645B2
:209C2E004C2053454C4543540030005052455353204120544F20504C415900E8AD017805A0
:209C4E00F8595EAFCB238FF8517323322A666F094D4459501AF82222131A322A4F2A470326
:209C6E000359501A22131A322B2B2A5F56210600194D4459501AF82622131A77F8222A5F3F
:209C8E0056210800194D4459501AF82822131A77F8222A5F56210A00194D4459501AF82A31
:209CAE0022131A77F8222A5F56210C00194D4459501AF82C22131A223614F8222A5F562144
:209CCE001000194D440AF82F77FAA0C0D6112007F8243E002236603E80E0263EFFE0253E56
:209CEE0077E024117004F8512A666F19E57DF83277E17CF831322A5F561A4F131A47B128A5
:209D0E0030F8222A5F56211100195D541AF85277118604F8596E2600195D541AD5F854664A
:209D2E00E5335950CD8409D11AEA61C2215EC23601AFF8512277F8323E7022AF77F82C2A8B
:209D4E004687CB1087CB1087CB1087CB104F3E90B93E0098300E79C6704F78CEFFF834715D
:209D6E0023771805AFF8342277F8363E0F22AF77F804AF223EE4223E39223E3E22363F1119
:209D8E00F000D5010000210B00395D54CD4917F3CDEB3BF82E7EF533F8292A4F46F8252AD3
:209DAE005F56CDFD0611CE69D5210008E5CD133CE80411AC6BD5210804E5CD133CE80411B5
:209DCE000040D5210C04E5CD133CE80411FA6BD521A05CE5CD133CE804AFE0433E70E0424B
:209DEE00AFF533F8307EF533F82C2A4F46F8282A5F56CD4209FAA0C0D6112010CD8741119F
:209E0E008642D5210006E5CDE639E804F8057EE0477EE048F040F604E0407EE049F040F654
:209E2E0001E040F040F602E040F040F680E0403E04E007FBF838AF22223628AFF8202277E0
:209E4E00F83B3EFF22223EFF2236FFF8137EF83F223600212000394D441152C1CD6D42F8F1
:209E6E00222A5F5621040019E57DF84377E17CF84277F8222A5F5621110019E57DF8457719
:209E8E00E17CF84477118604F8596E260019E57DF84777E17CF84677CDAC3CF84C77E5F894
:209EAE004ECB7EE1C28669E5F84ECB56E12007F81B7EB7CA415FF040E6FDE0403E00E043D1
:209ECE003E00E042F31E0A21C95ACDDC3CFB3E01E04FAF672E20E53E20F533AF0FF5CD8A8E
:209EEE003CE805AFE04FAF672E12E53E14F533AF0FF5CD8A3CE80511A769D53E06F5333EC5
:209F0E0003F5331E0A21D75ACDDC3CE80411B669D53E0CF5333E03F5331E0A21D75ACDDCBA
:209F2E003CE804CD9C3CCDAC3CCB67C28669CDBD0118F3E5F84ECB6EE12812E5F83BCB6E48
:209F4E00E1200A2164C27ED6013E001777E5F84ECB76E12811E5F83BCB76E12009F8407EE1
:209F6E00D6013E001777F84C7EF83977F8517EF84D77F8527EF84E77CB3E2BCB1E23CB3E75
:209F8E002BCB1E23CB3E2BCB1E23CB3E2BCB1E2A23322A2377F847AF222277F82A2A4EC6D3
:209FAE00F66F79CEFF67292929294D44F8512A5F567B917A98D27C60F8387EF84D22AF3262
:209FCE002A5F5621CA0219E57DF84C77E17CF84B327EF84D322B7EF84E777EF84A22AF3281
:209FEE002A5F56F8512A666F19E57DF85377E17CF85277F84D2A4F7EF83871F8517EF84DE8
:20A00E0077F8527EF84E77CB3E2BCB1E23CB3E2BCB1E23CB3E2BCB1E23CB3E2BCB1E2A4FE0
:20A02E002A477E912005237E902843F84A792278322A5F56210A0019E57DF85177E17CF8B0
:20A04E005077F8365D54F84F1A1396231A9E301EF84F5D54F82A1A1396231A9E3010F847E2
:20A06E003601F84F7EF84877F8507EF84977F8517EF80977F8527EF80A77F8512A4F4621F8
:20A08E000800095D54CB3ACB1BCB3ACB1BCB3ACB1BCB3ACB1BF83B7E932005237E92281D63
:20A0AE0021200039D5E50152C1C5F8572A4F46F8282A5F56CDB642D1F83B7B2272F804E5BF
:20A0CE00F84E7EF533210C0039E5F8562A4F461152C1CD6F4DF8134EF83F7E91CADC61F3E8
:20A0EE0079B7281AFAA0C0D6112005010070180AF8412A5F561A4F131A4759501805F82410
:20A10E002A5F56F82E7EF533F8292A4F46CDFD06F84D7EF84A77F84E7EF84B77F85036005E
:20A12E00F84A7EF84E77F84B7EF84F227ED61030523A4F06003A6E67094D7CF84D712377C4
:20A14E00F84D5D54F82A1A1396231A9E3030F84D2A23E60F77F8134678B72808F84FAF96A1
:20A16E004FE60F77C533F8307EF533F8282A4F46F84F2A5F56CDFB07F84F7ECD0B09F8508E
:20A18E0034189D11CE69D5210008E5CD133CE80411AC6BD5210804E5CD133CE8041100402D
:20A1AE00D5210C04E5CD133CE80411FA6BD521A05CE5CD133CE804FBF84E2A5F56210F00F9
:20A1CE00194D7CF836712377F8137EF83F77F8512A5F56CB3ACB1BCB3ACB1BCB3ACB1BCB6B
:20A1EE003ACB1BF83D7E932005237E92281ED501C2C1C5F8337EF533F82F2A4F46C5F82D8E
:20A20E002A4F46CD4B07D1F83D7B2272F82C2A5F56D511C2C1D5F8507E210D00395D54CD51
:20A22E009D18F84A77F8322A4F46210900395D54CDD617F84F792278322AD6147EDE005699
:20A24E003E00CB7F2807CB7A2008BF1805CB7A2801373047F80C4E060011140079935F7874
:20A26E009AF85032733A2B77F8503A2B77CB7E280423AF2277F84F2A4F46F8342A917E9866
:20A28E00300B2B7EF84F77F8357EF85077F84F7EF83277F8507EF833771832F84F3E64960D
:20A2AE00233E009E3027F80C7E0600C69C4F78CEFF4760CB7C28030100005950F8342A9310
:20A2CE007E9A30042B2A4F46F832792270F8137EB7281DF8512A4F46AF914F9F904779C634
:20A2EE00804F78CEFFF84B712377F8503680183DF8513A2B77F8523A2B323E2096233E0040
:20A30E009E3010F84F2A5F562120007B955F7A9C4B1802AF4FF84B712377F84F2AD6207ECF
:20A32E00DE003004237E18023E20F85077F8322A4F46210900395D54CDD617F8127EF84EA0
:20A34E002279327E3DC2FE64F8112A234F7EF84E7779B7CA58642BF040E604227EB7287A6F
:20A36E00237EC618227EC6187721F86B2A4F7E215AC2712377AFEA5CC2EA5DC2F84D7EB75E
:20A38E002809F8023E1022AF771807F8023E0822AF77F84F3A22AF322A5F56F8022A666FEB
:20A3AE007B955F7A9CF80132737EF84F32AF22237EC6F8777EF80022AF322A2377F84F7ECC
:20A3CE00F803327EF84F77F8037EF850322A5F56AFCDE23AF85077C3A867F84F7EC620223E
:20A3EE007EC6087721F86B2A4F7E215AC2712377AFEA5CC2EA5DC2F84D7EB728073E1022F0
:20A40E00AF771807F84D3E0822AF77F84F3A5F16003A6E677B955F7A9CF80332737EF84F27
:20A42E0032AF22237EF80222AF323A2B77F84F7EF801327EF84F77F8017EF850322A5F5695
:20A44E00AFCD603AF85077C3A867F84F7EC610327EB7284E23237EC6187721F86B2A4F7E3B
:20A46E00215AC2712377AFEA5CC2EA5DC2F84F3A22AF322A32AF22237EC6F8777EF80222A5
:20A48E00AF323A2B77F84F7EF801327EF84F77F8017EF850322A5F56AFCDA13AF85077C31C
:20A4AE00A867F84F2A4F7EC6087721F86B2A477E215AC2702377AFEA5CC2EA5DC2F802790F
:20A4CE0022AF327EF84E323600F8503A22AF327EF80277F84E7EF803327EF84F77F8037E25
:20A4EE00F850322A5F56AFCD663BF85077C3A867F84E7ED6022053F84F2AC6104F7EC60856
:20A50E0077214C402A465F50215AC27B2272215CC2360CAFEA5DC2F8027922AF327EF84E2B
:20A52E00323600F8503A22AF327EF80277F84E7EF803327EF84F77F8037EF850322A5F5632
:20A54E00AFCD663BF85077C3A867F8112A234F7EF84E7779B7CA84667EB7CA0466237EC6AB
:20A56E0020227EC61877F8147EF84E773A22AF327EF80222AF32CB2623CB162B2A5F562199
:20A58E007A6B19E57DF84F77E17CF84E322A5F3A571A22131A327EEA5AC2F84E7EEA5BC2B6
:20A5AE00AFEA5CC2EA5DC2F040CB572809F84D3E1022AF771807F84D3E0822AF77F84F3AFC
:20A5CE005F3A7B964FF84F7932AF22237EC6F8777EF80022AF322A2377F84F7EF803327E2E
:20A5EE00F84F77F8037EF850322A5F56AFCDE23AF85077C3A867F84F7EC610227EC6167706
:20A60E00F8147EF84E773A22AF327EF80222AF32CB2623CB162B2A5F56217A6B19E57DF8B5
:20A62E004F77E17CF84E322A5F3A571A22131A327EEA5AC2F84E7EEA5BC2AFEA5CC2EA5D6F
:20A64E00C2F84F3A22AF322A32AF22237EC6F8777EF80222AF323A2B77F84F7EF801327EDE
:20A66E00F84F77F8017EF850322A5F56AFCDA13AF85077C3A867F84E7EB7CA2E67237EC615
:20A68E0020227EC60A77F8147EF84E773A22AF327EF80222AF32CB2623CB162B2A5F562186
:20A6AE007A6B19E57DF84F77E17CF84E322A5F3A571A22131A327EEA5AC2F84E7EEA5BC295
:20A6CE00AFEA5CC2EA5DC2F040CB572809F8023E1022AF771807F8023E0822AF77F84F3A71
:20A6EE0022AF322A5F56F8022A666F7B955F7A9CF80132737EF84F32AF22237EF80222AF1A
:20A70E00323A2B77F84F7EF801327EF84F77F8017EF850322A5F56AFCD603AF85077187ABA
:20A72E00F84F3A2BC61077F8503A2BC60877F8147EF84F22AF327EF80222AF32CB2623CBF2
:20A74E00162B2A5F56217A6B19E57DF85177E17CF850322A5F3A571A22131A327EEA5AC27A
:20A76E00F8507EEA5BC2AFEA5CC2EA5DC2F84D2A2322AF322A32AF323A22AF327EF8027740
:20A78E00F8507EF803327EF84F77F8037EF850322A5F56AFCD663BF85077F8137EF8506697
:20A7AE00E533F533F8342A5F56D5F8552A4F461152C1CD35564FF83A963007C55E79CD31FB
:20A7CE003AC1F83A71F8503600F8477EB72836237EF83677F8497EF83777F8487EE60FF827
:20A7EE005077F8134E79B72807F850AF96E60F7779F533F8307EF533F8282A4F46F84A2A19
:20A80E005F56CDFB07CDBD01F8045EF8407EB7280B7B3D28057BD60220021E00160021056D
:20A82E000039197EE047E048E049F8324EF84B7EE04379E042F8477EB72806F8507ECD0B8B
:20A84E0009F84A7EB7CAA65EAFE007AFE0263E80E0263EFFE0253E77E024AFE0203EF2E0D3
:20A86E00213E43E0223E80E0230E0079D63C3006CDBD010C18F53E80E0263EFFE0253E7737
:20A88E00E024F8302A5F561A4F131A47B1281CF8432A5F2A571A5E2356F51A335950CD845B
:20A8AE0009F8452A5F561A2161C277F3CDEB3BF82E7EF533F8292A4F46F8252A5F56CDFD38
:20A8CE000611CE69D5210008E5CD133CE80411AC6BD5210804E5CD133CE804110040D521D3
:20A8EE000C04E5CD133CE80411FA6BD521A05CE5CD133CE804AFF8512277F8323E7022AFBE
:20A90E0077F838AF322B3E0F22AF77F80411F00072D5010000210B00395D54CD4917212018
:20A92E0000394D441152C1CD6D42F83B3EFF22322B3628F83D3EFF2236FFAFE0433E70E029
:20A94E0042F8057EE047FAA0C0D6112003CD8741AFF533F8307EF533F82C2A4F46F8282A3A
:20A96E005F56CD4209F040F680E0403E04E007215EC23601FBC3A65EF040E6FDE040AFE011
:20A98E0043AFE042CD9C3CF31E0A21C95ACDDC3CFB215FC23601E853C94C4556454C204359
:18A9AE004F4D504C455445005052455353204120544F20455849540070
:020000040000FA
:2013B20001C013E63F26006F29092A4F46C94A2900444148064408300B1814006700A400CF
:2013D200E1000001E000C01C000000000000D65AE04CC6746B701B6454301B00EF006A0174
:2013F200C501E101C015803D000000000000FF7FE77EEF7D967DFF547F59BF31FF019B0287
:201412000E0380032737A06FE71C00000000FF7F357FF77EDA7EBF7EBF6ADF5A7F3F593FC2
:20143200763F954B935B5473945200000000E04C00440000FF7F4A290044E04CFF7F4A29A8
:20145200004400008003E04C0044000000004A2900008003E77E4A290000FF549B024A2912
:2014720000001B00FF7F4A2900008003A06F16010000D65AFF7FE04C00008003954B160151
:2014920000001601FF0116010000E04CE77EE04C0000FF01FF7FE04C00008003954BE04C16
:2014B2000000FF01FF7FE04C0000E04CFF7FE04C0000FF54FF7FE04C00001400FF7FE04CDF
:2014D2000000FF01FF7FE04C0000E04CFF7FE04C0000E04CFF7FE04C00008003954BE04C15
:2014F2000000FF01FF7FE04C0000E04CFF7FE04C00001B647F3FE04C00008003954BE04C62
:201512000000FF01FF7FE04C0000E04CFF7FE04C00008003FF7FE04C0000E04CFF7FE04C36
:0E1532000000E04CFF7FE04C0000FF7FFF7FD9
:020000040002F8
:20A9C600FF7FC07FE003000000007F7F407F407F4F7F48784B7B4B7A4B7A4B7B48784F7F23
:20A9E600407F407F7F7F00000E0E111F101F263F253D243C4B7B4B7A4B7A93F39CFC83FF43
:20AA0600607F1C1F030300000B0F080F101F131F243C243C49794B7A93F291F10CFCC3FF66
:20AA2600303F0C0F0303000002030407080F111F223E447C89F913F213F289F9447C223EDB
:20AA4600111F080F0407020300FF0000000800208000000000FF0200000802608000000007
:20AA660000FF0400000804608000000000FF0600000806208000000000FF044000080420BF
:20AA86008000000000FF0240000802208000000000FF0000000800208000000000FF02009D
:20AAA600000802608000000000FF0400000804608000000000FF0600000806208000000004
:20AAC60000FF0440000804208000000000FF0240000802208000000000FF0000000800206F
:20AAE6008000000000FF0200000802608000000000FF0400000804608000000000FF0600F1
:20AB0600000806208000000000FF0440000804208000000000FF02400008022080000000A7
:20AB260000FF0000000800208000000000FF0200000802608000000000FF0400000804600E
:20AB46008000000000FF0600000806208000000000FF0440000804208000000000FF02408C
:20AB6600000802208000000000FF000000080020800000004E6A5A6A666A726A7E6A8A6A7A
:20AB8600966AA26AAE6ABA6AC66AD26ADE6AEA6AF66A026B0E6B1A6B266B326B3E6B4A6B08
:06ABA600566B626B6E6B42
:020000040019E1
:200000003F00201F201F201F201F201F201F3F1FFC00E7F8E11EA11EE71E07F804F8FCF83C
:200020003F00201FE71F8778857885788578FC78FC0004F807F801FE01FEC1FEC13E7F3E62
:200040003F00201FE11F817E817E817E817EFF7EFC0004F8C7F8C13E7F3E7F0000000000B7
:200060003E00221CE21C827C837C807F807FFF7F0F0009067906473EC73804F804F8FFF87D
:200080003F00201FE71F877884788778807FFF7FFF0001FEFFFEFF000000F00010E0F0E0BB
:2000A000FF00807FF07FF00F100F100F100F1F0FFF0001FEFFFEFF0080008000800080004F
:2000C000000000000000000000000000000000000000000000000000000000000000000020
:2000E000000000000000000000000000000000000000000000000000000000000000000000
:200100003F1F3F1F3F1F3F1F3F1F3F030403070004F8FC00800080008000800080008000C1
:200120009C78FC183F18271F3F070F0708070F007F3E7F3EFF3EFFFEF9FEFFF804F8FC00E6
:20014000FF7EFF7EFF7EFF7F9F7FFF1F201F3F0000000000F800F8F0F8F0F8F008F0F80050
:20016000FF7CFE7CFE7CFE7C9E7CFE1C221C3E00FF3E7F3E7F3E473E7F0609060F00000007
:20018000FF78FC78FC78FC789F78FF1F201F3F00F000000078007830F830F8F008F0F800C9
:2001A0001F0F1F0F1F0F1F0F130F1F03040307008000800080008000800080008000800035
:2001C00000000000000000000000000000000000000000000000000000000000000000001F
:2001E0000000000000000000000000000000000000000000000000000000000000000000FF
:200200000000000000000000000000000000000000000000000000000000000000000000DE
:200220000000000000000000000000000000000000000000000000000000000000000000BE
:2002400000000000000000000000000000000000000000000000000000000000000000009E
:2002600000000000000000000000000000000000000000000000000000000000000000007E
:2002800000000000000000000000000000000000000000000000000000000000000000005E
:2002A00000000000000000000000000000000000000000000000000000000000000000003E
:2002C00000000000000000000000000000000000000000000000000000000000000000001E
:2002E0000000000000000000000000000000000000000000000000000000000000000000FE
:200300000000000000000000000000000000000000000000000000000000000000000000DD
:200320000000000000000000000000000000000000000000000000000000000000000000BD
:2003400000000000000000000000000000000000000000000000000000000000000000009D
:2003600000000000000000000000000000000000000000000000000000000000000000007D
:2003800000000000000000000000000000000000000000000000000000000000000000005D
:2003A00000000000000000000000000000000000000000000000000000000000000000003D
:2003C00000000000000000000000000000000000000000000000000000000000000000001D
:2003E0000000000000000000000000000000000000000000000000000000000000000000FD
:20040000FF00807FE17FE11E211E211E211E3F1EFC0004F8C7F8C13E413E413E413E7F3E75
:200420003F00231FE31C827C837C807F837FFF7CFC00C4F8C738413EC13E01FEC1FEFF3E93
:200440003F00201FE31F8778847884788778FF7FFC0004F8FCF8FC0000000000FF00FFFEC4
:20046000F80088708E70827C827C827C827CFF7C7C004C384F38413E413E413E413EFF3E5B
:2004800000000000000000000000000000000000000000000000000000000000000000005C
:2004A00000000000000000000000000000000000000000000000000000000000000000003C
:2004C00000000000000000000000000000000000000000000000000000000000000000001C
:2004E0000000000000000000000000000000000000000000000000000000000000000000FC
:200500003F1E3F1E3F1E3F1E271F3F0708070F007F3E793E7F38FC38C4F8FCC020C0E00026
:20052000FE7CFE7CFE7CFE7C9E7CFE1C221C3E007F3E7F3E473E7F0609060F000000000081
:20054000807FFF000000000007000703040307001FFEFF1E3F1E3F1EF91EFFF804F8FC0084
:20056000FF7FFC7FFF7CFE7C9E7CFE1C221C3E00FFFE3FFEFF3E7F3E4F3E7F0E110E1F0051
:2005800000000000000000000000000000000000000000000000000000000000000000005B
:2005A00000000000000000000000000000000000000000000000000000000000000000003B
:2005C00000000000000000000000000000000000000000000000000000000000000000001B
:2005E0000000000000000000000000000000000000000000000000000000000000000000FB
:200600000000000000000000000000000000000000000000000000000000000000000000DA
:200620000000000000000000000000000000000000000000000000000000000000000000BA
:2006400000000000000000000000000000000000000000000000000000000000000000009A
:2006600000000000000000000000000000000000000000000000000000000000000000007A
:2006800000000000000000000000000000000000000000000000000000000000000000005A
:2006A00000000000000000000000000000000000000000000000000000000000000000003A
:2006C00000000000000000000000000000000000000000000000000000000000000000001A
:2006E0000000000000000000000000000000000000000000000000000000000000000000FA
:200700000000000000000000000000000000000000000000000000000000000000000000D9
:200720000000000000000000000000000000000000000000000000000000000000000000B9
:20074000000000000000000000000000000000000000000000000000000000000000000099
:20076000000000000000000000000000000000000000000000000000000000000000000079
:20078000000000000000000000000000000000000000000000000000000000000000000059
:2007A000000000000000000000000000000000000000000000000000000000000000000039
:2007C000000000000000000000000000000000000000000000000000000000000000000019
:2007E0000000000000000000000000000000000000000000000000000000000000000000F9
:200800000000000000000000000000000000000000000000000000000000000000000000D8
:200820000000000000000000000000000000000000000000000000000000000000000000B8
:20084000000000000000000000000000000000000000000000000000000000000000000098
:20086000000000000000000000000000000000000000000000000000000000000000000078
:20088000000000000000000000000000000000000000000000000000000000000000000058
:2008A000000000000000000000000000000000000000000000000000000000000000000038
:2008C000000000000000000000000000000000000000000000000000000000000000000018
:2008E0000000000000000000000000000000000000000000000000000000000000000000F8
:200900000000000000000000000000000000000000000000000000000000000000000000D7
:200920000000000000000000000000000000000000000000000000000000000000000000B7
:20094000000000000000000000000000000000000000000000000000000000000000000097
:20096000000000000000000000000000000000000000000000000000000000000000000077
:20098000000000000000000000000000000000000000000000000000000000000000000057
:2009A000000000000000000000000000000000000000000000000000000000000000000037
:2009C000000000000000000000000000000000000000000000000000000000000000000017
:2009E0000000000000000000000000000000000000000000000000000000000000000000F7
:200A00000000000000000000000000000000000000000000000000000000000000000000D6
:200A20000000000000000000000000000000000000000000000000000000000000000000B6
:200A4000000000000000000000000000000000000000000000000000000000000000000096
:200A6000000000000000000000000000000000000000000000000000000000000000000076
:200A8000000000000000000000000000000000000000000000000000000000000000000056
:200AA000000000000000000000000000000000000000000000000000000000000000000036
:200AC000000000000000000000000000000000000000000000000000000000000000000016
:200AE0000000000000000000000000000000000000000000000000000000000000000000F6
:200B00000000000000000000000000000000000000000000000000000000000000000000D5
:200B20000000000000000000000000000000000000000000000000000000000000000000B5
:200B4000000000000000000000000000000000000000000000000000000000000000000095
:200B6000000000000000000000000000000000000000000000000000000000000000000075
:200B8000000000000000000000000000000000000000000000000000000000000000000055
:200BA000000000000000000000000000000000000000000000000000000000000000000035
:200BC000000000000000000000000000000000000000000000000000000000000000000015
:200BE0000000000000000000000000000000000000000000000000000000000000000000F5
:200C00000000000000000000000000000000000000000000000000000000000000000000D4
:200C20000000000000000000000000000000000000000000000000000000000000000000B4
:200C4000000000000000000000000000000000000000000000000000000000000000000094
:200C6000000000000000000000000000000000000000000000000000000000000000000074
:200C8000000000000000000000000000000000000000000000000000000000000000000054
:200CA000000000000000000000000000000000000000000000000000000000000000000034
:200CC000000000000000000000000000000000000000000000000000000000000000000014
:200CE0000000000000000000000000000000000000000000000000000000000000000000F4
:200D00000000000000000000000000000000000000000000000000000000000000000000D3
:200D20000000000000000000000000000000000000000000000000000000000000000000B3
:200D4000000000000000000000000000000000000000000000000000000000000000000093
:200D6000000000000000000000000000000000000000000000000000000000000000000073
:200D8000000000000000000000000000000000000000000000000000000000000000000053
:200DA000000000000000000000000000000000000000000000000000000000000000000033
:200DC000000000000000000000000000000000000000000000000000000000000000000013
:200DE0000000000000000000000000000000000000000000000000000000000000000000F3
:200E00000000000000000000000000000000000000000000000000000000000000000000D2
:200E20000000000000000000000000000000000000000000000000000000000000000000B2
:200E4000000000000000000000000000000000000000000000000000000000000000000092
:200E6000000000000000000000000000000000000000000000000000000000000000000072
:200E8000000000000000000000000000000000000000000000000000000000000000000052
:200EA000000000000000000000000000000000000000000000000000000000000000000032
:200EC000000000000000000000000000000000000000000000000000000000000000000012
:200EE0000000000000000000000000000000000000000000000000000000000000000000F2
:200F00000000000000000000000000000000000000000000000000000000000000000000D1
:200F20000000000000000000000000000000000000000000000000000000000000000000B1
:200F4000000000000000000000000000000000000000000000000000000000000000000091
:200F6000000000000000000000000000000000000000000000000000000000000000000071
:200F8000000000000000000000000000000000000000000000000000000000000000000051
:200FA000000000000000000000000000000000000000000000000000000000000000000031
:200FC000000000000000000000000000000000000000000000000000000000000000000011
:200FE0000000000000000000000000000000000000000000000000000000000000000000F1
:201000000000000000000000000000000000000000000000000000000000000000000000D0
:201020000000000000000000000000000000000000000000000000000000000000000000B0
:20104000000000000000000000000000000000000000000000000000000000000000000090
:20106000000000000000000000000000000000000000000000000000000000000000000070
:20108000000000000000000000000000000000000000000000000000000000000000000050
:2010A000000000000000000000000000000000000000000000000000000000000000000030
:2010C000000000000000000000000000000000000000000000000000000000000000000010
:2010E0000000000000000000000000000000000000000000000000000000000000000000F0
:201100000000000000000000000000000000000000000000000000000000000000000000CF
:201120000000000000000000000000000000000000000000000000000000000000000000AF
:2011400000000000000000000000000000000000000000000000000000000000000000008F
:2011600000000000000000000000000000000000000000000000000000000000000000006F
:2011800000000000000000000000000000000000000000000000000000000000000000004F
:2011A00000000000000000000000000000000000000000000000000000000000000000002F
:2011C00000000000000000000000000000000000000000000000000000000000000000000F
:2011E0000000000000000000000000000000000000000000000000000000000000000000EF
:201200000000000000000000000000000000000000000000000000000000000000000000CE
:201220000000000000000000000000000000000000000000000000000000000000000000AE
:2012400000000000000000000000000000000000000000000000000000000000000000008E
:2012600000000000000000000000000000000000000000000000000000000000000000006E
:2012800000000000000000000000000000000000000000000000000000000000000000004E
:2012A00000000000000000000000000000000000000000000000000000000000000000002E
:2012C00000000000000000000000000000000000000000000000000000000000000000000E
:2012E0000000000000000000000000000000000000000000000000000000000000000000EE
:201300000000000000000000000000000000000000000000000000000000000000000000CD
:201320000000000000000000000000000000000000000000000000000000000000000000AD
:2013400000000000000000000000000000000000000000000000000000000000000000008D
:2013600000000000000000000000000000000000000000000000000000000000000000006D
:2013800000000000000000000000000000000000000000000000000000000000000000004D
:2013A00000000000000000000000000000000000000000000000000000000000000000002D
:2013C00000000000000000000000000000000000000000000000000000000000000000000D
:2013E0000000000000000000000000000000000000000000000000000000000000000000ED
:201400000000000000000000000000000000000000000000000000000000000000000000CC
:201420000000000000000000000000000000000000000000000000000000000000000000AC
:2014400000000000000000000000000000000000000000000000000000000000000000008C
:2014600000000000000000000000000000000000000000000000000000000000000000006C
:2014800000000000000000000000000000000000000000000000000000000000000000004C
:2014A00000000000000000000000000000000000000000000000000000000000000000002C
:2014C00000000000000000000000000000000000000000000000000000000000000000000C
:2014E0000000000000000000000000000000000000000000000000000000000000000000EC
:201500000000000000000000000000000000000000000000000000000000000000000000CB
:201520000000000000000000000000000000000000000000000000000000000000000000AB
:2015400000000000000000000000000000000000000000000000000000000000000000008B
:2015600000000000000000000000000000000000000000000000000000000000000000006B
:2015800000000000000000000000000000000000000000000000000000000000000000004B
:2015A00000000000000000000000000000000000000000000000000000000000000000002B
:2015C00000000000000000000000000000000000000000000000000000000000000000000B
:2015E0000000000000000000000000000000000000000000000000000000000000000000EB
:201600000000000000000000000000000000000000000000000000000000000000000000CA
:201620000000000000000000000000000000000000000000000000000000000000000000AA
:2016400000000000000000000000000000000000000000000000000000000000000000008A
:2016600000000000000000000000000000000000000000000000000000000000000000006A
:2016800000000000000000000000000000000000000000000000000000000000000000004A
:2016A00000000000000000000000000000000000000000000000000000000000000000002A
:2016C00000000000000000000000000000000000000000000000000000000000000000000A
:2016E0000000000000000000000000000000000000000000000000000000000000000000EA
:201700000000000000000000000000000000000000000000000000000000000000000000C9
:201720000000000000000000000000000000000000000000000000000000000000000000A9
:20174000000000000000000000000000000000000000000000000000000000000000000089
:20176000000000000000000000000000000000000000000000000000000000000000000069
:20178000000000000000000000000000000000000000000000000000000000000000000049
:2017A000000000000000000000000000000000000000000000000000000000000000000029
:2017C000000000000000000000000000000000000000000000000000000000000000000009
:2017E0000000000000000000000000000000000000000000000000000000000000000000E9
:201800000000000000000000000000000000000000000000000000000000000000000000C8
:201820000000000000000000000000000000000000000000000000000000000000000000A8
:20184000000000000000000000000000000000000000000000000000000000000000000088
:20186000000000000000000000000000000000000000000000000000000000000000000068
:20188000000000000000000000000000000000000000000000000000000000000000000048
:2018A000000000000000000000000000000000000000000000000000000000000000000028
:2018C000000000000000000000000000000000000000000000000000000000000000000008
:2018E0000000000000000000000000000000000000000000000000000000000000000000E8
:201900000000000000000000000000000000000000000000000000000000000000000000C7
:201920000000000000000000000000000000000000000000000000000000000000000000A7
:20194000000000000000000000000000000000000000000000000000000000000000000087
:20196000000000000000000000000000000000000000000000000000000000000000000067
:20198000000000000000000000000000000000000000000000000000000000000000000047
:2019A000000000000000000000000000000000000000000000000000000000000000000027
:2019C000000000000000000000000000000000000000000000000000000000000000000007
:2019E0000000000000000000000000000000000000000000000000000000000000000000E7
:201A00000000000000000000000000000000000000000000000000000000000000000000C6
:201A20000000000000000000000000000000000000000000000000000000000000000000A6
:201A4000000000000000000000000000000000000000000000000000000000000000000086
:201A6000000000000000000000000000000000000000000000000000000000000000000066
:201A8000000000000000000000000000000000000000000000000000000000000000000046
:201AA000000000000000000000000000000000000000000000000000000000000000000026
:201AC000000000000000000000000000000000000000000000000000000000000000000006
:201AE0000000000000000000000000000000000000000000000000000000000000000000E6
:201B00000000000000000000000000000000000000000000000000000000000000000000C5
:201B20000000000000000000000000000000000000000000000000000000000000000000A5
:201B4000000000000000000000000000000000000000000000000000000000000000000085
:201B6000000000000000000000000000000000000000000000000000000000000000000065
:201B8000000000000000000000000000000000000000000000000000000000000000000045
:201BA000000000000000000000000000000000000000000000000000000000000000000025
:201BC000000000000000000000000000000000000000000000000000000000000000000005
:201BE0000000000000000000000000000000000000000000000000000000000000000000E5
:201C00000000000000000000000000000000000000000000000000000000000000000000C4
:201C20000000000000000000000000000000000000000000000000000000000000000000A4
:201C4000000000000000000000000000000000000000000000000000000000000000000084
:201C6000000000000000000000000000000000000000000000000000000000000000000064
:201C8000000000000000000000000000000000000000000000000000000000000000000044
:201CA000000000000000000000000000000000000000000000000000000000000000000024
:201CC000000000000000000000000000000000000000000000000000000000000000000004
:201CE0000000000000000000000000000000000000000000000000000000000000000000E4
:201D00000000000000000000000000000000000000000000000000000000000000000000C3
:201D20000000000000000000000000000000000000000000000000000000000000000000A3
:201D4000000000000000000000000000000000000000000000000000000000000000000083
:201D6000000000000000000000000000000000000000000000000000000000000000000063
:201D8000000000000000000000000000000000000000000000000000000000000000000043
:201DA000000000000000000000000000000000000000000000000000000000000000000023
:201DC000000000000000000000000000000000000000000000000000000000000000000003
:201DE0000000000000000000000000000000000000000000000000000000000000000000E3
:201E00000000000000000000000000000000000000000000000000000000000000000000C2
:201E20000000000000000000000000000000000000000000000000000000000000000000A2
:201E4000000000000000000000000000000000000000000000000000000000000000000082
:201E6000000000000000000000000000000000000000000000000000000000000000000062
:201E8000000000000000000000000000000000000000000000000000000000000000000042
:201EA000000000000000000000000000000000000000000000000000000000000000000022
:201EC000000000000000000000000000000000000000000000000000000000000000000002
:201EE0000000000000000000000000000000000000000000000000000000000000000000E2
:201F00000000000000000000000000000000000000000000000000000000000000000000C1
:201F20000000000000000000000000000000000000000000000000000000000000000000A1
:201F4000000000000000000000000000000000000000000000000000000000000000000081
:201F6000000000000000000000000000000000000000000000000000000000000000000061
:201F8000000000000000000000000000000000000000000000000000000000000000000041
:201FA000000000000000000000000000000000000000000000000000000000000000000021
:201FC000000000000000000000000000000000000000000000000000000000000000000001
:201FE0000000000000000000000000000000000000000000000000000000000000000000E1
:020000040000FA
:20154000FA5EC2B7C8FAA0C0D611200BFA62C24F2162C234CB41C0F0904F2161C27EE090D3
:201560007EEA0020C5CDBA36C179E09021002071C9AFEA5EC2FAA0C0D6112003CDBE3B3E1B
:2015800080E0263EFFE0253E77E0243E04E007114015CD033C3E05CDCC00FB3EB0F5333E04
:2015A0000111ED48CD8409215EC23601FA63C2B7280FFA63C23D2811FA63C2D60228121827
:1915C000EBCDCA2EEA63C218E3CDD22DEA63C218DBCD1532EA63C218D37C
:063DB60000010000000006
:020000040005F5
:2040000000000000000000000000FF00FF00FF0000000000000000000000E000C020C02003
:20402000000000000000000000007F007F007F0000000000000000000000C10081408140C0
:2040400000000000000000000000F000E010E010FF00FF00FF00FF00FF00FF00FF00FF0098
:20406000C020C020C020C020C020C020C020C0207F007F007F007F007F007F007F007F0048
:2040800081408140814081408140814081408140E010E010E010E010E010E010E010E01098
:2040A0007F007F007F007F007F00403F00000000FF00FF00FF00FF00FF0000FF000000000C
:2040C0008140814081408140814001C001000100FF00FF00FF00807F00000000000000005C
:2040E000FF00FF00FF0000FF0000000000000000C020C020C02000E0000000000000000044
:20410000000000007F007F007F007F007F007F0000000000FF00FF00FF00FF00FF00FF00AB
:2041200001000100C1008140814081408140814000000000000000000000000000000000F7
:204140000F000F000F000F000F000F000F000F00E000C020C020C020C020C020C020C020E7
:2041600081408140814081408140804080408040FF00FF00FF00FF0000FF0000000000003F
:20418000E010E010E010E01000F0000000000000FF00FE01FE01FE01FE01FE01FE01FE0177
:2041A000804081408140814081408140814081400000FF00FF00FF00FF00FF00FF00FF00FF
:2041C0000000F000E010E010E010E010E010E010FF00FF00FF00FF00FF00FF00FF00807F57
:2041E000FE01FE01FE01FE01FE01FE01FE0100FF0F000F000F000F000F000F000F0008074F
:20420000FF00FF00FF00FF00FF00FF00FF0000FFC020C020C020C020C020C020C02000E0A6
:204220007F007F007F00403F00000000000000000000000000000000FF00FF00FF00FF0086
:204240000000000000000000E000C020C020C020FC00F804F804F804F804F804F804F804FE
:204260001F001F001F001F001F001F001F001F00F804F804F804F804F804F804F804F80466
:20428000100F0000000000001F001F001F001F0000FF000000000000FF00FF00FF00FF0088
:2042A00000E0000000000000E000C020C020C0207F007F00403F0000000000000000000021
:2042C000FF00FF0000FF000000000000000000008140814001C00100010001000100010099
:2042E000C10081408140814081408140814081407F007F007F007F00403F0000000000003B
:20430000F804F804F804F80400FC0000000000001F001F001F001F00100F00000000000016
:20432000C020C020C020C02000E0000000000000FF00FF00FF00FF00FF00807F0000000023
:20434000C020C020C020C020C02000E00000000000000000C000C020C020C020C020C020FD
:2043600081408140814081408140814080408040E010E010E010E010E01000F00000000097
:204380000000FF00FE01FE01FE01FE01FE01FE0100000000070007000700070007000700FA
:2043A00000000000F000E010E010E010E010E010FE01FE01FE01FE01FE01FE01FE01FE0165
:2043C000070007000700070007000700070007000700040300000000000007000700070082
:2043E000FF0000FF000000000000FF00FF00FF00E01000F0000000000000F000E010E01012
:20440000FF00FF00807F0000000000000000FF00FF00FF0000FF0000000000000000FF00A4
:20442000FF00FF0000FF00000000000000008000C020C02000E00000000000000000FF0060
:204440007F007F00403F0000000000000000FF00FF00FF0000FF0000000000000000C10022
:204460008140814001C00100010001000100C1000080008000800080008000800080008034
:2044800007000700070004030000000000000000E010E010E01000F0000000000000000040
:2044A00000FF0000000000000000FF00FF00FF0000800000000000000000FF00FF00FF0083
:2044C000807F0000000000000000FF00FF00FF0001C00100010001000100E100C120C12078
:2044E00081408140814080408040804081408140FF00FF0000FF000000000000FF00FF00BC
:20450000FE01FE0100FF000000000000FF00FE01C120C120C120C120C120C120C120C12098
:20452000C120C120C020C020C020C120C120C120814001C0010001000100C10081408140AE
:20454000C120C120C120C120C120C120C12001E0814081408140814081408140814000C14B
:20456000070007000700070007000700070004031C1C1C1C1C1D1E1C1C1C1C1C1C1F1C1C3D
:204580001C1C1C1C1C1C1C201E1C1C1C1C1C1C1D212121212122232121212121212421213E
:2045A0002121212121212125232121212121212221212121212223212121212121242121CE
:2045C0002121212121212125232121212121212221212121212223212121212121242121AE
:2045E000212121212121212523212121212121222121212121222627272727272728212163
:2046000021212121212121252321212121212122292A2A2A2A2B2C2D2D2D2D2D2D2E2121DD
:20462000212121212121212523212121212121222F2F3021213123212121212121323333E1
:2046400033333333333333342321212121212122213530212122232121212121213637373F
:2046600037373737373737382321212121212122393A3B3C3C3D23212121212121242121C4
:2046800021212121212121253E2A2A2A2A2A2A2B3F3F3F3F3F4023212121212121242121DF
:2046A00021212121212121252321212141422131212121212122232121212121212421217D
:2046C00021212121212121252321212143422122212121212122232121212121212421216A
:2046E0002121212121212125232121214344454621212121212247484848484848492121CD
:2047000021212121212121252321212143422122212121212122232121212121214A212103
:2047200021212121212121254B3333334C4D334E4F272727275023212121212121242121E5
:20474000212121212121212523212121212121312D2D2D2D2D5123212121212121242121B2
:204760002121212121212125232121212121212221212121212223212121212121522727D2
:20478000272727272727275323212121212121222121212121222321212121212136373756
:2047A0003737373754552D56232121212121212221212121212223212121212121242121D0
:2047C00021212121575821252321212121212122212121212122232121212121212421213F
:2047E0002121212157595A5B23212121212121225C5D5D5E5D5F60615D5D5D5D5D6221215F
:204800002121212157582125232121212121212221212163212121242121212121242121BC
:204820002121212157642A653E2A2A2A2A2A2A2B21212163212121242121212121242121ED
:20484000212121215758212121212121212121312121216321212124212121212124212173
:2048600021212121575821212121212121212122666666676866666921212121216A6B6B9F
:204880006B6B6B6B6C5821212121212121212122212121212121216D2121212121242121FE
:2048A00021212121575821212121212121212122212121212121216E5A5A5A5A5A6F2121B2
:2048C00021212121575821212121212121212122212121212121216D2121212121242121FB
:2048E00021212121575821212121212121212122212121212121216D2121212121242121DB
:2049000021212121575821212121212121212122212121212121216D2121212121242121BA
:2049200021212121575821212121212121212122212121212121216D21212121212421219A
:2049400021212121575821212121212121212122393C3C3C3C3C3C703C3C3C3C3C713C3CB3
:204960003C3C3C3C3A723C3C3C3C3C3C3C3C3C3D0000FF00FF00FF00E01FE01FE01FE01F49
:204980000000FF00FF00FF0000FF00FF00FF00FF0000FF00FF00FF001FF81FF81FF81FF8C5
:2049A000E01FE01FE01FE01FE01FE01FE01FE01F00FF00FF00FF00FF00FF00FF00FF00FF07
:2049C0001FF81FF81FF81FF81FF81FF81FF81FF8B55F4ABFB55F4ABFB55F4ABFB55F4ABFAB
:2049E00055FFAAFF55FFAAFF55FFAAFF55FFAAFF5AFDBDFA5AFDBDFA5AFDBDFA5AFDBDFA8B
:204A0000737474747474747573747474747474757374747474747475737474747474747516
:204A2000767777777777777876777777777777787677777777777778767777777777777896
:204A4000797A7A7A7A7A7A7B797A7A7A7A7A7A7B797A7A7A7A7A7A7B797A7A7A7A7A7A7B16
:020000040000FA
:20400000080C1C1F5A00001810005A00000010005A00000C10005A00005A00005A00005A87
:2040200000000C2C005A00005A00005A00005A00001310005A00001F10005A0000071000C3
:204040005A00001310005A00005A00005A00005A00000C2C005A00005A00005A00005A00DB
:20406000001110005A00001D10005A00000510005A00001110005A00005A00005A00005A46
:2040800000000C2C005A00005A00005A00005A00000F10005A00001B10005A00000310006F
:2040A0005A00000F10005A00000E10005A00001A10005A00000210005A00000E10005A004D
:2040C000001842990C50005A00005A00005A00005A00005A00001842990C50001842991875
:2040E00042990C50005A00005A00005A00005A00001842991350001842991350005A00001B
:204100005A00001842991350005A00005A00001842991350005A00005A00005A00005A007D
:20412000001842991150005A00005A00005A00005A00005A0000184299115000184299180A
:2041400042991150005A00005A00005A00005A00001842990F50001842990F50005A0000BD
:204160005A00001B42990F50005A00005A00001A42990E50005A00005A00005A00005A0021
:20418000005A0C0F1810005A00001810005A00001810005A00003020005A00005A000030F0
:2041A0002C095A00005A00005A0000302C045A00005A00001F10005A00001F10005A000096
:2041C0001F10005A00003720005A00005A0000372C095A00005A00005A0000372C045A0010
:2041E000005A00001D10005A00001D10005A00001D10005A00003520005A00005A00003592
:204200002C095A00005A00005A0000352C045A00005A00001B10005A00001B10005A000038
:204220001B10005A00003320005A00005A0C095A0C041A10005A00001A10005A00005A0011
:20424000003D10003D10003D10003D10003D20005A00003D10003D10005A00003D10003DF5
:2042600010005A00003D20005A00003D10005A00003D10003D10003D10003D10003D2000E5
:204280003D10003D10003D20005A00003D10003D10005A00003D20003D20003D20003D2065
:2042A000003D10003D10003D10003D10003D20005A00003D10003D10005A00003D10003D95
:2042C00010005A00003D20005A00003D10005A00003D10003D10003D10003D10003D200085
:2042E0003D10003D10003D20005A00003D10003D10005A00003D20003D20003D20003D2005
:20430000000C1C1F5A00001810005A00000010005A00000C10005A00005A00005A00005A8C
:2043200000000C2C005A00005A00005A00005A00001310005A00001F10005A0000071000C0
:204340005A00001310005A00005A00005A00005A00000C2C005A00005A00005A00005A00D8
:20436000000F10005A00001B10005A00000310005A00000F10005A00005A00005A00005A4B
:2043800000000C2C005A00005A00005A00005A00000E24645A04645A04645A04645A0464DF
:2043A0005A04645A04645A04640E34645A04645A04645A04645A04645A04645A04645A002B
:2043C000001842990C50005A00005A00005A00005A00005A00001842990C50001842991872
:2043E00042990C50005A00005A00005A00005A00001842991350001842991350005A000018
:204400005A00001842991350005A00005A00001842991350005A00005A00005A00005A007A
:20442000001842990F50005A00005A00005A00005A00005A00001842990F5000184299180B
:2044400042990F50005A00005A00005A00005A00000E50005A00005A00005A00005A0000F4
:204460005A00005A00005A00005A00005A00005A00005A00005A00005A00005A00005A005E
:20448000005A0C0F1810005A00001810005A00001810005A00003020005A00005A000030ED
:2044A0002C095A00005A00005A0000302C045A00005A00001F10005A00001F10005A000093
:2044C0001F10005A00003720005A00005A0000372C095A00005A00005A0000372C045A000D
:2044E000005A00001B10005A00001B10005A00001B10005A00003320005A00005A00003399
:204500002C095A00005A00005A0000332C045A00001A34645A04645A04645A04645A0464E1
:204520005A04645A04645A04645A04645A04645A04645A04645A04645A04645A04645A008D
:20454000003D10003D10003D10003D10003D20005A00003D10003D10005A00003D10003DF2
:2045600010005A00003D20005A00003D10005A00003D10003D10003D10003D10003D2000E2
:204580003D10003D10003D20005A00003D10003D10005A00003D20003D20003D20003D2062
:2045A000003D10003D10003D10003D10003D20005A00003D10003D10005A00003D10003D92
:2045C00010005A00003D20005A00003D10005A00003D10005A00003D20005A00005A00005B
:2045E0005A00003D20005A00005A00005A00003D10005A00003D10005A00003D10005A0001
:20460000005A0C055A0C0A5A00005A00005A00005A00005A00005A00005A00005A00005A95
:2046200000005A00005A00005A00005A00005A00005A00005A00005A00005A00005A0000F6
:204640005A00005A00005A00005A00005A00005A00005A00005A00005A00005A00005A106C
:20466000005A09405A09805A00005A00005A00005A00005A00005A00005A00005A00005A8A
:2046800000005A00005A00005A00005A00005A00005A00005A00005A00005A00005A000096
:2046A0005A00005A00005A00005A00005A00005A00005A00005A00005A00005A00005A100C
:2046C000005A09005A09005A09405A09405A09005A09005A09405A09405A09005A09005AA2
:2046E00009405A09405A09005A09005A09405A09405A09005A09005A09405A09405A090053
:204700005A09005A09405A09405A09005A09005A09405A09405A09005A09005A09405A1908
:2047200040230C04240C0F5A01015A00005A00005A00005A0C095A00005A00005A00005A86
:2047400000005A00005A0C045A00005A00005A00005A00005A00005A00005A00005A0C00B9
:204760005A00005A00005A00005A00005A00005A00005A00005A00005A00005A00005A104B
:20478000005A00005A00005A00005A00005A00005A00005A00005A00005A00005A00005A3B
:2047A00000005A00005A00005A00005A00005A00005A00005A00005A00005A00005A000075
:2047C0005A00005A00005A00005A00005A00005A00005A00005A00005A00005A00005A10EB
:2047E000001900002400005A20005A00005A00005A00005A00005A00005A00005A00005A32
:2048000000005A00005A00005A00005A00005A00005A00005A00005A00005A00005A000014
:204820005A00005A00005A00005A00005A00005A00005A00005A00005A00005A00005A108A
:20484000000140014001400143C140C140C140C14381418141814181444142414241424175
:204860004508BFF201468008BFF000008008BFF400008008BFF3614680083FB7C146803F5C
:2048800020042147803F20048147803F20000000809100003F0000F1E1473F000078ABCC6B
:2048A000DEEEEEEDCB97643100000000009BDEEFFFFFFDCBA965321100000135780000002D
:2048C0000000000000000000000000000000112233445566778899AABBCCDDEEFFFFFFFEE4
:2048E000D831000000000000138DEFFFFF060040414849485148594861487F48914800003F
:024900009D48D0
:2015D9000000000000000000000000000000000000000000000000000F0F080808080808A4
:2015F900080808087F7F7F407F407F407F407F40407F407F407F407F407F7F7F0808080820
:201619000808080808080F0F000000000000000000003F3F3F203F20FFE03F20203F2C3F1F
:201639002E3B2B39E9F8E818E818E818E818E81808F808F808F808F808F8E9F82B392E3B35
:201659002C3F203F203FE0FF203F203F3F3F00000000FCFCFC04FC04FF07FC0404FC04FC2F
:2016790004FC04FC87FFC778673837181F080F040C07180F301F603FC07F87FF04FC04FC77
:2016990004FC04FC04FC07FF04FC04FCFCFC00000000000000000000F0F0101010101010F3
:2016B90010101010FEFEFE02FE02FE02FE02FE0202FE02FE02FE02FE02FEFEFE1010101099
:2016D900101010101010F0F0000000000000000007071C1B3F3F78505070D8B0FF97F794BD
:2016F900B6B5C6C5EEC57F7C7F4038271F180707E0E03818FCFC1E0A0A0E1B0DFFE9EF295A
:201719006FA96FA9EF698E8ADE8AFC7CF818E0E07F7F7F403F201F100F08070403020101EC
:10173900FEFEFE02FC04F808F010E020C0408080A4
:201749003B3B6B627922704B420303F8047EF80077F8057EF801322A32AF2202037E02213D
:20176900040019AF2277210600193600210700193600210C0019AF2277210B0019360021E4
:201789000800193600210900193600210A00193600210E00193600210F00193600211100C7
:2017A90019360021120019360021150019AF22773333E1F1E900010203040500010203047E
:2017C900050001020304050001020304051313131A914F9F9047C94FD6023E012801AF47E6
:2017E90079FE08281CFE032818D604281478B72010793D280C79FE102807D6112803AF18EE
:201809003678B720030D202D1AF80286E60F4F210A00197ED6013E0017EE015F79D6083E2E
:2018290000174F78AB2807CB41200AAF180979B72803AF18023E01E133E978B72809CB78DE
:201849002802AFC93E07C979CB37E60F6F2600196E260011B212194679E60F4F78D60520B9
:201869000779D608382CAFC978D606200779D6083020AFC978D610200A79D6083002AFC902
:201889003E08C978D611200A79D6083802AFC93E08C978C9E8E0F81E7323722B2B222A5F67
:2018A9005621070019E57DF80677E17CF805322A5F561A4FB728053E01C35627F81E2A5FDB
:2018C90056211200194D440AB72804AFC35627F81E2A5F5621090019E57DF80877E17CF88A
:2018E90007322A5F561A4FF81D7EE610F808223600F81E2A5F5621080019E57DF80C77E188
:201909007CF80B77F81E2A5F5621040019E57DF80E77E17CF80D322A5F561AF81922131AC9
:2019290077F80A2A5F561A47793DC2071AF808B6280E78B73E2A20023ED64F079F47180C33
:2019490078B73EDE20023E224F079F47F8192A666F094D44F80C2A666F792270F80A2A5F32
:201969002A571A4F2A5F561A47131A6779B7284878D6977C173F1FDE7C300AF80C2A666F93
:201989003E972236FCF80C2A5F561A6F131A675C16043E43BD3E049CCB7B2807CB7A2008A1
:2019A900BF1805CB7A280137D28A1AF80C2A666F3E43223604C38A1A5C16033E69B83E03CB
:2019C9009CCB7B2807CB7A2008BF1805CB7A280137300AF80C2A666F3E69223603F80C2A92
:2019E9005F561A4F131A4779D6BD78173F1FDE7BD28A1A3A6E673EBD2236FBC38A1A79D671
:201A0900023E4728023E6BF81B223600F8192A4E0405282E235F512A666F7B955F7A9C4F6A
:201A290043F80C2A666F782271F80C2A5F561A131AEE80D67A304A2B2A666F36002336FA37
:201A4900183F5F51F81B2A666F19454CF80C2A666F782271F80C2A5F561A4F131A4758167E
:201A690006AFB93E0698CB7B2807CB7A2008BF1805CB7A2801373009F80C2A666FAF22366D
:201A890006AFF808B6282AF81E2A5F56210E00194D440ACB67201AF81E2A5F562106001907
:201AA9004D440AB7200BF81E2A5F56211000193601F81E2A5F5621020019E57DF81D77E12A
:201AC9007CF81C77FA64C2B72842AFF808B62819F80A2A5F561AB72805019005180301700E
:201AE900FAF80C2A666F792270F81B2A5F561A4F131A47F80C2A5F561A6F131A67094D446C
:201B0900F81B2A666F792270AFC35627F81B2A5F561A4F131A47F80C2A5F561A6F131A67E1
:201B2900094D44F81B2A666F792270F81E2A5F5621030019E57DF81077E17CF80F322A5FB3
:201B49002A571A77F8227EF81177F8237EF812322A5F5621100019E57DF81577E17CF81405
:201B690077F81E2A5F561AE60F4F3E1091F81577F81E2A5F5621060019E57DF81877E17CB4
:201B8900F817322A666F3600F80C2A5F561A131ACB7FC2D51DF8107E0600C6104F78CE00A7
:201BA900F8187123322A4F46F8112A5F5678B728043E07185279CB37E60F6F2600196E26E3
:201BC9000011B212194679E60F4F78D605200879D6083832AF183078D606200879D60830D5
:201BE90025AF182378D610200C79D6083003AF18163E08181278D611200C79D6083803AFA0
:201C090018053E0818017847F81A3600FE07CA4A1DFE09CA4A1DFE05CA4A1DD606CA4A1D89
:201C29002B2B2A4F463E07F815963007F8112A5F561805F8132A5F5678B728043E0718526E
:201C490079CB37E60F6F2600196E260011B212194679E60F4F78D605200879D6083832AFED
:201C6900183078D606200879D6083025AF182378D610200C79D6083003AF18163E081812A0
:201C890078D611200C79D6083803AF18053E0818017847FE07CA4A1DFE09CA4A1DFE05CAF9
:201CA9004A1DD606CA4A1DF8182A4F463E0FF81596300EF8117EF81B77F8127EF81C77186E
:201CC9000CF8137EF81B77F8147EF81C77F81B2A5F5678B728043E07185279CB37E60F6FEC
:201CE9002600196E260011B212194679E60F4F78D605200879D6083832AF183078D6062070
:201D09000879D6083025AF182378D610200C79D6083003AF18163E08181278D611200C79B7
:201D2900D6083803AF18053E0818017847FE07280CFE092808FE052804D6062004F81A36B0
:201D49000178FE07280CFE092808FE052804D606207AF8182A23E6F04F7EB72814F8107E73
:201D6900C607913067F8182A5EE60F6F3E06BD385BF80A2A5F561AB72809F8062A5F561AFB
:201D89003D204978D606200C79C6F8F80E5E23666B77180A79C6F0F80E5E23666B77F81ED8
:201DA9002A4F460303AF02F80C2A666FAF2277F80A2A5F561AB72014F8162A666F3601F837
:201DC9001E2A5F56211000194D44AF02F80C2A5F561A131ACB7FCA0B20F8104EF81871F839
:201DE900112A5F56F8182A774678CB37E60F6F2600196E260011B212195E78E60F477BD6F1
:201E090005200878D6083832AF18307BD606200878D6083025AF18237BD610200C78D608DE
:201E29003003AF18163E0818127BD611200C78D6083803AF18053E0818017BF81C322B36AD
:201E490000FE07CA6F1FFE09CA6F1FFE05CA6F1FD606CA6F1F3E07F815963007F8112A5F7D
:201E6900561805F8132A5F56F8194678CB37E60F6F2600196E260011B212195E78E60F47F4
:201E89007BD605200878D6083832AF18307BD606200878D6083025AF18237BD610200C78EB
:201EA900D6083003AF18163E0818127BD611200C78D6083803AF18053E0818017BF81C776B
:201EC900FE07CA6F1FFE09CA6F1FFE05CA6F1FD606CA6F1F3E0FF81596300EF8117EF81BE6
:201EE90077F8127EF81C77180CF8137EF81B77F8147EF81C77F81B2A5F56F8194678CB3740
:201F0900E60F6F2600196E260011B212195E78E60F477BD605200878D6083832AF18307BD1
:201F2900D606200878D6083025AF18237BD610200C78D6083003AF18163E0818127BD6113A
:201F4900200C78D6083803AF18053E0818017BF81C77FE07280CFE092808FE052804D6060F
:201F69002004F81A3601F81C7ED6072816F81C7ED609280FF81C7ED6052808F81C7ED6068B
:201F8900C20B2079E6F04FC61047F81A7EB72819F8107EC6075F78C6F0933066F8187EE68B
:201FA9000F5F3E1093FE073059F80A2A5F561AB72009F8062A5F561A3D2047F81C7ED60558
:201FC900200C79C608F80E5E23666B771806F80E2A666F70F81E2A666F23233600F80C2A64
:201FE900666FAF2277F80A2A5F561AB72814F8162A666F3601F81E2A5F56211000194D44B9
:20200900AF02F8162A5F561AB7C22B22F8062A5F561A3DCA2B22F80A2A5F561A4FF80E2A74
:202029005F561AF818775E160079B728031B1806211000195D54F8197B227A322A4F46F82D
:20204900112A5F5678B7280BCB782803AF18563E07185279CB37E60F6F2600196E26001128
:20206900B212194679E60F4F78D605200879D6083832AF183078D606200879D6083025AF6D
:20208900182378D610200C79D6083003AF18163E08181278D611200C79D6083803AF1805B2
:2020A9003E081801784FFE07CAFE21FE09CAFE21FE05CAFE21D606CAFE21F8192A4F463E54
:2020C90007F815963007F8112A5F561805F8132A5F5678B7280BCB782803AF18563E0718DD
:2020E9005279CB37E60F6F2600196E260011B212194679E60F4F78D605200879D6083832A6
:20210900AF183078D606200879D6083025AF182378D610200C79D6083003AF18163E08185E
:202129001278D611200C79D6083803AF18053E081801784FFE07CAFE21FE09CAFE21FE0594
:20214900CAFE21D606CAFE21F8192A4F463E0FF81596300EF8117EF81B77F8127EF81C77A6
:20216900180CF8137EF81B77F8147EF81C77F81B2A5F5678B7280BCB782803AF18563E07E6
:20218900185279CB37E60F6F2600196E260011B212194679E60F4F78D605200879D608381F
:2021A90032AF183078D606200879D6083025AF182378D610200C79D6083003AF18163E08A4
:2021C900181278D611200C79D6083803AF18053E081801784FFE07280CFE092808FE052822
:2021E90004D6062010F8182AC607477EE6F05F789338020E0079FE07280CFE092808FE0586
:202209002804D606201CF8162A666F3601F80C2A666FAF2277F81E2A5F56211000194D4412
:20222900AF02F80E2A5F561A4FF81E2A5F56210A00195D541AB72807F8112A5F7E18133E33
:202249000EF815963007F8112A5F7E1805F8132A5F7EF81A732377060021070009545D7ACD
:20226900B728043E07185E7DF81C773ACB37E60F5F16003A6E67195D541A6F260011B212AC
:20228900195EF81C7EE60F577BD60520087AD6083832AF18307BD60620087AD6083025AFCE
:2022A90018237BD610200C7AD6083003AF18163E0818127BD611200C7AD6083803AF180588
:2022C9003E0818017BFE07280CFE092808FE052804D606200CF8042A666F36013E01C356EA
:2022E90027210600095D7CF8027323327EF81977F8037EF81A773E06F815963E0017F81B8C
:20230900777EB72807F8112A5F561805F8132A5F56F8197EF80077F81A7EF801777EB7288F
:20232900043E07185CF8197EF81C777ECB37E60F6F2600193EB2866F3E12CE00675EF81CBE
:202349007EE60F577BD60520087AD6083832AF18307BD60620087AD6083025AF18237BD60C
:2023690010200C7AD6083003AF18163E0818127BD611200C7AD6083803AF18053E081801F4
:202389007BC52606E533F8215E2356CDE017C1B7280CF8042A666F36013E01C35627F802A5
:2023A9007EF81977F8037EF81A773E09F815963E0017F81C777EB72807F8112A5F561805D9
:2023C900F8132A5F56F8197EF80277F81A7EF803777EB728043E071858F8192A777ECB37C0
:2023E900E60F6F2600196E260011B212195EF81A7EE60F577BD60520087AD6083832AF186E
:20240900307BD60620087AD6083025AF18237BD610200C7AD6083003AF18163E0818127B8D
:20242900D611200C7AD6083803AF18053E0818017BC52609E533F8215E2356CDE017C1B70F
:20244900280CF8042A666F36013E01C35627210900094D44F819792278227EB72807F81117
:202469002A5F561805F8132A5F56F8197EF80277F81A7EF803777EB728043E071859F81943
:202489002A23777ECB37E60F6F2600196E260011B212195EF81B7EE60F577BD60520087A97
:2024A900D6083832AF18307BD60620087AD6083025AF18237BD610200C7AD6083003AF18DF
:2024C900163E0818127BD611200C7AD6083803AF18053E0818017BC52606E533F8215E2303
:2024E90056CDE017C1B7280CF8042A666F36013E01C35627F81A792278227EB72806F811A9
:202509002A461804F8132A46F8182278222A7EB728043E07185BF81A3A47CB37E60F5F169D
:20252900003A6E67195D541A6F260011B212194E78E60F4779D605200878D6083832AF1817
:202549003079D606200878D6083025AF182379D610200C78D6083003AF18163E0818127956
:20256900D611200C78D6083803AF18053E081801792609E533F81F5E2356CDE017B7280C26
:20258900F8042A666F36013E01C35627F8162A5F561AB7287AAFF808B628742B2B2A5F56EB
:2025A9001AB72022F80A2A5F561AB7280501900518030170FAF80C2A666F792270F8162ABE
:2025C900666F36001849D6022045F81E2A5F56210F00194D440AB72036F80A2A5F3A571A2D
:2025E900D6013E00175E23666B77B72805AF16FE1803AF1602F81B2272F80C2A5F56F81BB7
:202609002A12137E12F8162A666F36003E0102AFF808B6200DF81E2A5F56210F00194D44ED
:20262900AF02F8162A5F561AF81C77F81E2A5F56210C00194D44F81C7EB7CADB26F8062A46
:202649005F561AD602CADB26F81E2A5F56210B0019E57DF81B77E17CF81A322A5F561A6FD0
:20266900260011BE17197EF81B77B7285F69602A666F111400195D5469607B22727BD615F1
:202689007ADE00DA172769602A66C6EB5F7CCEFF5769607B2272F8192A5F2A23571A327ED8
:2026A900D603381B237E3CF8195E23666B77D618385CF8192A666F3600AF020302184FF851
:2026C9001C7E3DF8195E23666B771842AF020302183C69602A666F110A00195D5469607BEB
:2026E90022727BD6157ADE00382469602A6EC6EB5F7DCEFF577B02037A02F81E2A5F5621FF
:202709000B00194D440A3C02D6183802AF02F80E2A5F561AF8244E2346CB21CB10CB21CB8A
:2027290010CB21CB10CB21CB105F16007993789A300BF8042A666F36013E011810F81E2A4B
:132749005F56210E00194D44F81D7E02AFE820E1E804E9ED
:013DBC000006
:20275C00E8E84FF815732372F090F8007779B7CACC29F8163AB6CACC2979E09021002071F3
:20277C00F81C2A4F4621500009E57DF81577E17CF81477F8173600F8177ED6103016F81321
:20279C002A5F56F8176E2600195D541AB72805F8173418E3F80179227021100009E57DF8FD
:2027BC000577E17CF8047721300009E57DF80777E17CF80677F8137EF80777F8147EF80824
:2027DC007721600009E57DF80B77E17CF80A77F81E7EF80B77F81F7EF80C322A5F561AF860
:2027FC000F22131A322A23322A23773E02F811CB2623CB163D20F62B2A5F56F8152A666F43
:20281C00194D4459501AF81322131A322A4F4679A03CCAC3293E04F813CB2623CB163D203A
:20283C00F6F81A2A4F4621B000094D44F8132A5F567993789ADAC329212000194D44F81A7F
:20285C00799623789E3011F80F2A4F4603F80B2A666F792270C3EB27F8112A5F56F8152A09
:20287C00666F192323234D440A4FFAA0C0D611282479FE263804D664380A79D6C038163E7E
:20289C00EF913811F80F2A4F4603F80B2A666F792270C3EB27F8177ED608381A79FE263816
:2028BC0015D6643011F80F2A4F4603F80B2A666F792270C3EB27F8177ED610D2C329F80197
:2028DC002A5F56F8176E2600195D547912F8177E875FD51600F8052A666F19D14D44F81325
:2028FC002A02037E021600F8052A666F19E57DF80F77E17CF80E77F8202A4F4611010079C6
:20291C00935F789AF8103273F80B2A5F561A4F131ACB218FCB218FF8137123322A5F2A57A1
:20293C002A666F19E57DF81377E17CF812322A5F5621020019E57DF81577E17CF814322A20
:20295C005F561A777EF81122AF322B2B2A5F2A572A666F7B955F7A9CF81432733E04F813A9
:20297C00CB2623CB163D20F6F80D2A5F56F8132A12137E12F8072A5F56F8176E2600193655
:20299C0001F8092A5F56F8176E2600194D44AF02F81734F80B2A5F561A4F131A47033A6E8F
:2029BC0067792270C3EB27F8007EE0907EEA0020E818E1E808E91F001B000F0007003F00FD
:2029DC003B000F0007005F005B002F0007009F007B004F002700BF00BB004F002700FF001B
:2029FC00DB006F0027001F01FB008F0047005F013B01AF0047007F015B01AF004700BF0135
:202A1C007B01CF006700DF01BB01EF006700FF01DB01EF0067003F02FB010F0187005F028F
:202A3C003B022F0187009F025B024F01A700BF027B024F01A700FF029B026F01A7001F0385
:202A5C00DB028F01C7005F03FB02AF01C7007F031B03AF01C700BF035B03CF01E700DF0380
:202A7C007B03EF01E700FE037B03EF01E700FC037903EE01E700FB037803ED01E600F903F5
:202A9C007703EC01E600F8037503EC01E600F6037403EB01E500F5037303EA01E500F30312
:202ABC007103E901E400F2037003E901E400F0036F03E801E400EF036D03E701E300EE0332
:202ADC006C03E701E300EC036B03E601E300EB036A03E501E200E9036803E401E200E8034D
:202AFC006703E401E200E6036603E301E100E5036403E201E100E3036303E101E000E2036C
:202B1C006203E101E000E0036003E001E000E0036003E001E000E0076007E001E000E00F66
:202B3C00600FE005E000E0136013E009E004E01B6017E00DE004E01F601BE00DE004E0277D
:202B5C006023E011E008E02B6027E015E008E033602BE019E00CE0376033E019E00CE03F5D
:202B7C006037E01DE00CE043603BE021E010E0476043E021E010E04F6047E025E010E05351
:202B9C00604BE029E014E05B6053E02DE014E05F6057E02DE014E067605BE031E018E06B35
:202BBC00605FE035E018E0736067E039E01CE077606BE039E01CE07F606FE03DE01CA07F61
:202BDC00406FC03DE01C807F206FC03DE01C407FE06EA03DC01C207FC06E803DC01CE07E20
:202BFC00A06E603DA01CC07E806E603DA01C807E406E403DA01C607E206E203D801C207EE5
:202C1C00006E003D801C007EC06D003D801CE07DA06DE03C601CA07D806DC03C601C807D4C
:202C3C00406DC03C601C407D206DA03C401C207D006D803C401CE07CC06C603C201CC07C13
:202C5C00A06C603C201C807C806C403C201C607C606C203C001C207C206C003C001C007CB8
:202C7C00006C003C001C007C006C003C001C027C026C013C001C037C036C013C001C057C27
:202C9C00046C023C011C067C066C033C011C087C076C043C021C097C086C043C021C0B7CCA
:202CBC000A6C053C021C0C7C0B6C063C031C0E7C0C6C073C031C0F7C0D6C073C031C107C6D
:202CDC000F6C083C041C127C106C093C041C137C116C093C041C157C136C0A3C051C167C10
:202CFC00146C0B3C051C187C156C0C3C061C197C176C0C3C061C1B7C186C0D3C061C1C7CB1
:202D1C00196C0E3C071C1E7C1B6C0F3C071C1F781B6C0F3C071C1F741B680F38071C1F6C7F
:202D3C001B600F3407181F681B5C0F3407181F601B580F3007181F5C1B500F2C07141F543B
:202D5C001B4C0F2807141F501B480F2807141F481B440F2407101F441B3C0F2007101F3C0F
:202D7C001B380F1C070C1F381B340F1C070C1F341B2C0F18070C1F2C1B280F1407081F28E7
:202D9C001B240F1407081F201B1C0F1007081F1C1B180F0C07041F141B140F0807041F10BB
:162DBC001B0C0F0807041F081B080F0407001F041B040F000700FC
:020000040002F8
:20ABAC000F0F080F3B3F3B2E3B2E3B2F786F3F2F3F302F3FE2FFE2BFE2BFE2FF273F383892
:20ABCC00F0F010F0D0F0D070D070D0F010F0F0F0F800FCFC8AFE89FF89FF8AFEFCFC0000A1
:0EABEC00FFFF080000080A0080000000EC6B6C
:020000040000FA
:202DD200E8EECDEB3BAF672E20E53E20F533AF0FF5CD8A3CE805F8004D44AF02F801AF2212
:202DF20022AF2222AF2222AF2222AF2222AF2222AF22223600C52100FFE5CD0B3CE8041ECF
:202E12000A21C95ACDDC3CAFE043AFE042215FC23601F040F601E040F040F680E040FA5FEB
:202E3200C2B728081E0A214F5BCDDC3CCDAC3CCB5728122160C27EB7280635215FC236019A
:202E5200CD9C3C1851CB5F2838FA8E05F81022AF322A4F460BFA60C26F260058547D917C7F
:202E720098CB7B2807CB7A2008BF1805CB7A28013730092160C234215FC23601CD9C3C185F
:1E2E920015CB672807CD9C3C3E02180FCB6F2806CD9C3CAF1805CDBD011883E812C9DE
:063DCD00AF21E2C12277E4
:202EB000F045D610200AFA65C2E0433E78E045C9FA66C2E0433E10E045C9CDEB3B3EE4E05F
:202ED000473EE4E0483ED2E049FAA0C0D611200C11D229D5AF3CF5CDEB39E804F0904F3E00
:202EF00014E090EA0020110040D5210080E5CD0B3CE8043E15E090EA0020110040D5211C58
:202F100057E5CD0B3CE804117049D5217309E5CD0B3CE804AF672E20E53E20F533AF0FF5C2
:202F3000CD8A3CE805117045D521201CE5210002E5CDF03CE80611004AD5212003E52100BB
:202F50000FE5CDF03CE80679E090210020711E0A21C95ACDDC3C110032D53E01F533AFF577
:202F7000331E0A21D75ACDDC3CE80411E915D5210010E5CD133CE804118831D5211002E50A
:202F9000CD133CE80411A831D5211202E5CD133CE80411C831D5211402E5CD133CE804FA3B
:202FB000A0C0D611202611E831D5AF3CF5CDE639E80411F031D5210101E5CDE639E80411C5
:202FD000F831D5210201E5CDE639E804F040F604E0402102C0AF322B3E442236482103C0C3
:202FF00036002106C03E02322B3E542236482107C03600210AC03E04322B3E4422365021E2
:203010000BC03600210EC03E06322B3E54223650210FC036002112C03E08322B3E4422363F
:20303000582113C036002116C03E0A322B3E542236582117C03600211AC03E0C322B3E44CE
:20305000223660211BC03600211EC03E0E322B3E54223660211FC036002122C03E10322BA0
:203070003E4C2236542123C036012126C03E12322B3E4822364C2127C03602212AC03E1256
:20309000322B3E4822365D212BC03602212EC03E14322B3E5422364C212FC036022132C0F5
:2030B0003E14322B3E5422365D2133C03602AFEA65C22166C277F311B02ECD723CF041F6BA
:2030D00040E0413E10E0453E07CDCC00FBF040F601E040F040F602E040F040F680E040AF2F
:2030F000E043CDAC3CE690282ECD9C3CF311B02ECD783C3E05CDCC00F040E6FDE0400E00F7
:2031100079D60D300E1100C069AF6729291936000C18EDFB3E01C9CDBD0121E2C13420025B
:203130002334FAE2C14F21E3C146CB412007FA65C23CEA65C2FA66C2C603EA66C221A0C012
:203150007ED611209A79E60F209521E2C12A4F46CB38CB19CB38CB19CB38CB19CB38CB19FE
:20317000CBB926006929292911D22919E5AF3CF5CDEB39E804C3EF30FF00FF00FF00FF000C
:20319000FF00FF00FF00FF00FF00FF00FF00FF00FF00FF00FF00FF0000007C007C007C00B7
:2031B0007C007C000000000000000000000000000000000000000000000000000000000007
:2031D000000000007C007C007C007C007C0000000000000000000000FF7FD10F230A0000E8
:2031F000FF7FDF035F039B02FF7FC07F807E406D47454F4D45545259204441534820504F8D
:05321000434B45540092
:023DBD00000004
:20321500F3AFEA5EC23E00E0073E00E0263E80E0263EFFE0253E77E024FA60C2F5331E0A59
:1632350021495CCDDC3C333EB0F5333E0111ED48CD84093E01C9A8
:020000040005F5
:200000000000000000000000000000000000000000000000000000000000000000000000E0
:200020000000000000000000000000000000000000000000000000000000000000000000C0
:200040000000000000000000000000000000000000000000000000000000000000000000A0
:20006000000000000000000000000000000000000000000000000000000000000000000080
:20008000000000000000000000000000000000000000000000000000000000000000000060
:2000A000000000000000000000000000000000000000000000000000000000000000000040
:2000C00000000000000000000000000000000000FFFF601F300F18070F000700030000002C
:2000E000FFFF00FF00FFE01FF10EFF001F000E00FFFF02FC04F8C830F000C000000000003A
:20010000FF81D5AB427E427E243C243C1818181800FF00FF005B00120010000000000000C4
:2001200000FF00FF00EE00E4004000400000000000C000E000F000E000C000F000FC00F063
:20014000030300070003001F00070003000F0007FFFF0AF50AF50AF50AF50AF50AF50AF559
:20016000FFFFAA55AA55AA55AA55AA55AA55AA55000000000000000040404040E0E0E0E008
:20018000D5D555557D7D7F7F3B3B3B3B11111111555555555555FFFFFEFEFEFEF4F4F4F41F
:2001A000FFFFFFFFFFFFFFFFFFFFFFFFFFFFFFFF0000030007000F001807300F601FFFFF5B
:2001C0000E001F00FF00F10EE01F00FF00FFFFFF00000000C000F000C83004F802FCFFFF59
:2001E00018181818243C243C427E427ED5ABFF8100000000000200020027007700FF00FFBF
:200200000000000000000008004800DA00FF00FF00E000F000C000E000F800C000E000C0EE
:20022000000F003F000F00030007000F000700030AF50AF50AF50AF50AF50AF50AF50AF546
:20024000AA55AA55AA55AA55AA55AA55AA55AA55111111113B3B3B3B7F7F7D7D5555D5D52A
:20026000F4F4F4F4FEFEFEFEFFFF555555555555E0E0E0E04040404000000000000000003A
:20028000FFFF80FF80FF80FFAAD5AAD5AAD5FF80FFFF01FF01FF01FFAB55AB55AB55FF01E9
:2002A0000101010102030203040704070A0D0A0D8080808040C040C020E020E0B050B050EC
:2002C000FFFF808040406A402A202A201F101F10FFFF01010202AA02AC04AC04F808F808F4
:2002E000C0C0B0B09C8C978397809780978097800000000000000000C0C070B04CBC43BFD6
:20030000000000000000000003030E0D323DC2FD03030D0D3931E9C1E901E901E901E901B2
:200320000AF50AF50AF500FF00FF00FF00FFFFFFAA55AA55AA5500FF00FF00FF00FFFFFFCF
:20034000FFFF55403F300D0A0607010100000000FFFF5602FC0C50B060E0808000000000D7
:200360008080C0C0A0A0A0A0B090A898A898A49C01010303050505050D0915191519253991
:20038000FF80FF80D580D580D58080808080FFFFFF01FF0155015501550101010101FFFF5E
:2003A0001F101F102A202A206A4040408080FFFFF808F808AC04AC04AA0202020101FFFF13
:2003C0000A0D0A0D040704070203020301010101B050B05020E020E040C040C080808080CB
:2003E000978097809780978097839C8CB0B0C0C043BF4CBC70B0C0C00000000000000000D5
:20040000C2FD323D0E0D03030000000000000000E901E901E901E901E9C139310D0D0303B1
:20042000FFFF80FF80FFD5AAFF80D5808080FFFFFFFF01FF01FF55ABFF0155010101FFFF1B
:2004400000000000010106070D0A3F305540FFFF00000000808060E050B0FC0C5602FFFFD6
:20046000A49CA898A898B090A0A0A0A0C0C080802539151915190D09050505050303010190
:20048000FFFF80FB80FB80FB80FB808083F883F8FFFF01DF01DF01DF01DF0101C11FC11F3C
:2004A00083F883F883F883F883F8808083F883F8C11FC11FC11FC11FC11F0101C11FC11FBD
:2004C000FFFF00FB00FB00FB00FB0000FB00FB00FFFF00DF00DF00DF00DF0000DF00DF0004
:2004E000FB00FB00FB00FB00FB000000FB00FB00DF00DF00DF00DF00DF000000DF00DF0006
:2005000080FB00FB00FB00FB00FB000003F803F801DF00DF00DF00DF00DF0000C01FC01F64
:2005200000000000000000000000030307070F0F000018183C3C7E7E7F7F7F7FFFFFFFFFED
:2005400000FF00FF00F900F05555D5D57D7D2F2F00FF00FF00F900F054545555F5F5FDFDEB
:2005600000FF00FF00F900F02A2AAAAAAFAFBFBF00FF00FF00F900F0AAAAABABBEBEF4F41B
:2005800083F883F8808080FB80FB80FB80FBFFFFC11FC11F010101DF01DF01DF01DFFFFF3B
:2005A00083F883F8808083F883F883F883F883F8C11FC11F0101C11FC11FC11FC11FC11FBC
:2005C000FB00FB00000000FB00FB00FB00FBFFFFDF00DF00000000DF00DF00DF00DFFFFF03
:2005E000FB00FB000000FB00FB00FB00FB00FB00DF00DF000000DF00DF00DF00DF00DF0005
:2006000003F803F8000000FB00FB00FB00FB80FBC01FC01F000000DF00DF00DF00DF00DF64
:200620002F2F7D7DD5D55555000F009F00FF00FFFDFDF5F555555454000F009F00FF00FF80
:200640000F0F0707030300000000000000000000FFFFFFFF7F7F7F7F7E7E3C3C18180000CC
:20066000FFFFFFFFFEFEFEFE7E7E3C3C18180000F0F0E0E0C0C000000000000000000000C2
:20068000C0CFA0A3A0BFB093A09FA899A09FA49D000000C000F000C0000000C000F000FCCA
:2006A00000000003000F000300000003000F003F03F305C505FD0DC905F9159905F925B9B4
:2006C000FFFF55403F300D1A02D70055007D007FFFFF5602FC0C50B420F580D5005500FFA7
:2006E00080009818BC3CFE7EFEFEFEFEFFFFFFFF00000000000000000000C0C0E0E0F0F042
:20070000000000000101030307070F0F1F1F3F3F000000008080C0C0E0E0F0F0F8F8FCFCE1
:20072000000000000000000000F000F900FF00FF0000000000000000010107070F0F1F1F66
:20074000A09FA899B09FA0A1A0BFC0C1C0CF808000FF00FC00F000C000F000C000000000BF
:2007600000FF003F000F0003000F00030000000005F915990DF9018101F9038301F1000071
:20078000007F007D005502D70D1A3F305540FFFF00FF005580D520F550B4FC0C5602FFFFE6
:2007A000BFBFAFAFAAAAAA2A00F000F900FF00FFF4F4BEBEABABAAAA00F000F900FF00FF59
:2007C0003F3F1F1F0F0F07070303010100000000FCFCF8F8F0F0E0E0C0C080800000000021
:2007E00000FF00FF00F900F000000000000000000000000000000000C0C0F0F0F8F8FCFCCA
:200800001F1F0F0F070701010000000000000000FCFCF8F8F0F0C0C0000000000000000024
:20082000070718182020414147468F888F889F90E0E0181804048282E262F111F111F90988
:20084000000000000000000003031F1C7F60FF800000000000000000C0C0F838FE06FF0145
:200860009F908F888F8847464141202018180707F909F111F111E262828204041818E0E048
:20088000FF807F601F1C03030000000000000000FF01FE06F838C0C0000000000000000005
:2008A000FFFF95EA95EA85FA85FA81FE81FE80FFFFFF57A957A95FA15FA17F817F81FF01C3
:2008C000D5AA95EA95EA85FA85FA81FE81FE80FF55AB57A957A95FA15FA17F817F81FF0120
:2008E000FFFF15EA15EA05FA05FA01FE01FE00FFFFFF57A857A85FA05FA07F807F80FF000A
:2009000055AA15EA15EA05FA05FA01FE01FE00FF55AA57A857A85FA05FA07F807F80FF00E7
:2009200055AB57A857A85FA05FA07F807F80FF0080FF80FE80FC80F880F080E080C0FFFFBF
:20094000FF017F013F011F010F0107010301FFFF80FF80FE80FC80F880F080E080C080809C
:20096000FF017F013F011F010F0107010301010100FF00FE00FC00F800F000E000C0FFFFFA
:20098000FF007F003F001F000F0007000300FFFF00FF00FE00FC00F800F000E000C0008063
:2009A000FF007F003F001F000F0007000300010000FF00FE00FC00F800F000E000C08080C0
:2009C000000000000000000000000000000000000000000000000000000000000000000017
:2009E0000000000000000000000000000000000000000000000000000000000000000000F7
:200A00000000000000000000000000000000000000000000000000000000000000000000D6
:200A20000000000000000000000000000000000000000000000000000000000000000000B6
:200A4000000000000000000000000000000000000000000000000000000000000000000096
:200A6000000000000000000000000000000000000000000000000000000000000000000076
:200A8000000000000000000000000000000000000000000000000000000000000000000056
:200AA000000000000000000000000000000000000000000000000000000000000000000036
:200AC000000000000000000000000000000000000000000000000000000000000000000016
:200AE0000000000000000000000000000000000000000000000000000000000000000000F6
:200B00000000000000000000000000000000000000000000000000000000000000000000D5
:200B20000000000000000000000000000000000000000000000000000000000000000000B5
:200B4000000000000000000000000000000000000000000000000000000000000000000095
:200B6000000000000000000000000000000000000000000000000000000000000000000075
:200B8000000000000000000000000000000000000000000000000000000000000000000055
:200BA000000000000000000000000000000000000000000000000000000000000000000035
:200BC000000000000000000000000000000000000000000000000000000000000000000015
:200BE0000000000000000000000000000000000000000000000000000000000000000000F5
:200C00000000000000000000000000000000000000000000000000000000000000000000D4
:200C20000000000000000000000000000000000000000000000000000000000000000000B4
:200C4000000000000000000000000000000000000000000000000000000000000000000094
:200C6000000000000000000000000000000000000000000000000000000000000000000074
:200C8000000000000000000000000000000000000000000000000000000000000000000054
:200CA000000000000000000000000000000000000000000000000000000000000000000034
:200CC000000000000000000000000000000000000000000000000000000000000000000014
:200CE0000000000000000000000000000000000000000000000000000000000000000000F4
:200D00000000000000000000000000000000000000000000000000000000000000000000D3
:200D20000000000000000000000000000000000000000000000000000000000000000000B3
:200D4000000000000000000000000000000000000000000000000000000000000000000093
:200D6000000000000000000000000000000000000000000000000000000000000000000073
:200D8000000000000000000000000000000000000000000000000000000000000000000053
:200DA000000000000000000000000000000000000000000000000000000000000000000033
:200DC000000000000000000000000000000000000000000000000000000000000000000013
:200DE0000000000000000000000000000000000000000000000000000000000000000000F3
:200E00000000000000000000000000000000000000000000000000000000000000000000D2
:200E20000000000000000000000000000000000000000000000000000000000000000000B2
:200E4000000000000000000000000000000000000000000000000000000000000000000092
:200E6000000000000000000000000000000000000000000000000000000000000000000072
:200E8000000000000000000000000000000000000000000000000000000000000000000052
:200EA000000000000000000000000000000000000000000000000000000000000000000032
:200EC000000000000000000000000000000000000000000000000000000000000000000012
:200EE0000000000000000000000000000000000000000000000000000000000000000000F2
:200F00000000000000000000000000000000000000000000000000000000000000000000D1
:200F20000000000000000000000000000000000000000000000000000000000000000000B1
:200F4000000000000000000000000000000000000000000000000000000000000000000091
:200F6000000000000000000000000000000000000000000000000000000000000000000071
:200F8000000000000000000000000000000000000000000000000000000000000000000051
:200FA000000000000000000000000000000000000000000000000000000000000000000031
:200FC000000000000000000000000000000000000000000000000000000000000000000011
:200FE0000000000000000000000000000000000000000000000000000000000000000000F1
:201000000000000000000000000000000000000000000000000000000000000000000000D0
:201020000000000000000000000000000000000000000000000000000000000000000000B0
:20104000000000000000000000000000000000000000000000000000000000000000000090
:20106000000000000000000000000000000000000000000000000000000000000000000070
:20108000000000000000000000000000000000000000000000000000000000000000000050
:2010A000000000000000000000000000000000000000000000000000000000000000000030
:2010C00000000000000000000000000000000000FFFF06F80CF018E0F000E000C000000090
:2010E000FFFF00FF00FF07F88F70FF00F8007000FFFF403F201F130C0F00030000000000A2
:20110000FF81ABD5427E427E243C243C1818181800FF00FF00DA0048000800000000000007
:2011200000FF00FF00770027000200020000000000030007000F00070003000F003F000F8F
:20114000C0C000E000C000F800E000C000F000E0FFFF50AF50AF50AF50AF50AF50AF50AF10
:20116000FFFF55AA55AA55AA55AA55AA55AA55AA0000000000000000020202020707070754
:20118000ABABAAAABEBEFEFEDCDCDCDC88888888AAAAAAAAAAAAFFFF7F7F7F7F2F2F2F2FEB
:2011A000FFFFFFFFFFFFFFFFFFFFFFFFFFFFFFFF0000C000E000F00018E00CF006F8FFFFBF
:2011C0007000F800FF008F7007F800FF00FFFFFF0000000003000F00130C201F403FFFFFC1
:2011E00018181818243C243C427E427EABD5FF81000000000040004000E400EE00FF00FFFF
:2012000000000000000000100012005B00FF00FF0007000F00030007001F00030007000307
:2012200000F000FC00F000C000E000F000E000C050AF50AF50AF50AF50AF50AF50AF50AFAA
:2012400055AA55AA55AA55AA55AA55AA55AA55AA88888888DCDCDCDCFEFEBEBEAAAAABABE4
:201260002F2F2F2F7F7F7F7FFFFFAAAAAAAAAAAA0707070702020202000000000000000098
:20128000FFFF01FF01FF01FF55AB55AB55ABFF01FFFF80FF80FF80FFD5AAD5AAD5AAFF80D9
:2012A0008080808040C040C020E020E050B050B00101010102030203040704070D0A0D0ADC
:2012C000FFFF01010202560254045404F808F808FFFF808040405540352035201F101F10E7
:2012E00003030D0D3931E9C1E901E901E901E901000000000000000003030E0D323DC2FDC3
:201300000000000000000000C0C070B04CBC43BFC0C0B0B09C8C97839780978097809780A5
:2013200050AF50AF50AF00FF00FF00FF00FFFFFF55AA55AA55AA00FF00FF00FF00FFFFFFBF
:20134000FFFFAA02FC0CB05060E0808000000000FFFF6A403F300A0D06070101000000005E
:2013600001010303050505050D091519151925398080C0C0A0A0A0A0B090A898A898A49C81
:20138000FF01FF01AB01AB01AB0101010101FFFFFF80FF80AA80AA80AA8080808080FFFFCD
:2013A000F808F80854045404560202020101FFFF1F101F1035203520554040408080FFFF06
:2013C00050B050B020E020E040C040C0808080800D0A0D0A040704070203020301010101BB
:2013E000E901E901E901E901E9C139310D0D0303C2FD323D0E0D03030000000000000000C2
:2014000043BF4CBC70B0C0C00000000000000000978097809780978097839C8CB0B0C0C0A4
:20142000FFFF01FF01FFAB55FF01AB010101FFFFFFFF80FF80FFAAD5FF80AA808080FFFFE0
:2014400000000000808060E0B050FC0CAA02FFFF00000000010106070A0D3F306A40FFFF5D
:201460002539151915190D090505050503030101A49CA898A898B090A0A0A0A0C0C0808080
:20148000FFFF01DF01DF01DF01DF0101C11FC11FFFFF80FB80FB80FB80FB808083F883F82C
:2014A000C11FC11FC11FC11FC11F0101C11FC11F83F883F883F883F883F8808083F883F8AD
:2014C000FFFF00DF00DF00DF00DF0000DF00DF00FFFF00FB00FB00FB00FB0000FB00FB00F4
:2014E000DF00DF00DF00DF00DF000000DF00DF00FB00FB00FB00FB00FB000000FB00FB00F6
:2015000001DF00DF00DF00DF00DF0000C01FC01F80FB00FB00FB00FB00FB000003F803F854
:2015200000000000000000000000C0C0E0E0F0F0000018183C3C7E7EFEFEFEFEFFFFFFFFF3
:2015400000FF00FF009F000FAAAAABABBEBEF4F400FF00FF009F000F2A2AAAAAAFAFBFBFA1
:2015600000FF00FF009F000F54545555F5F5FDFD00FF00FF009F000F5555D5D57D7D2F2F31
:20158000C11FC11F010101DF01DF01DF01DFFFFF83F883F8808080FB80FB80FB80FBFFFF2B
:2015A000C11FC11F0101C11FC11FC11FC11FC11F83F883F8808083F883F883F883F883F8AC
:2015C000DF00DF00000000DF00DF00DF00DFFFFFFB00FB00000000FB00FB00FB00FBFFFFF3
:2015E000DF00DF000000DF00DF00DF00DF00DF00FB00FB000000FB00FB00FB00FB00FB00F5
:20160000C01FC01F000000DF00DF00DF00DF01DF03F803F8000000FB00FB00FB00FB00FBD3
:20162000F4F4BEBEABABAAAA00F000F900FF00FFBFBFAFAFAAAA2A2A00F000F900FF00FF4A
:20164000F0F0E0E0C0C000000000000000000000FFFFFFFFFEFEFEFE7E7E3C3C18180000D2
:20166000FFFFFFFF7F7F7F7F7E7E3C3C181800000F0F07070303000000000000000000009C
:2016800003F305C505FD0DC905F9159905F925B900000003000F000300000003000F003FC4
:2016A000000000C000F000C0000000C000F000FCC0CFA0A3A0BFB093A09FA899A09FA49D9A
:2016C000FFFFAA02FC0CB05840EB00AA00BE00FEFFFF6A403F300A2D04AF01AB00AA00FF69
:2016E000010019183D3C7F7E7F7F7F7FFFFFFFFF00000000000000000000030307070F0F18
:20170000000000008080C0C0E0E0F0F0F8F8FCFC000000000101030307070F0F1F1F3F3FD1
:201720000000000000000000000F009F00FF00FF00000000000000008080E0E0F0F0F8F86D
:2017400005F915990DF9058505FD038303F3010100FF003F000F0003000F0003000000006B
:2017600000FF00FC00F000C000F000C000000000A09FA899B09F8081809FC0C1808F00008F
:2017800000FE00BE00AA40EBB058FC0CAA02FFFF00FF00AA01AB04AF0A2D3F306A40FFFFA8
:2017A000FDFDF5F555555554000F009F00FF00FF2F2F7D7DD5D55555000F009F00FF00FFEE
:2017C000FCFCF8F8F0F0E0E0C0C08080000000003F3F1F1F0F0F0707030301010000000011
:2017E00000FF00FF009F000F0000000000000000000000000000000003030F0F1F1F3F3F5D
:20180000F8F8F0F0E0E0808000000000000000003F3F1F1F0F0F0303000000000000000058
:20182000E0E0181804048282E262F111F111F909070718182020414147468F888F889F9078
:201840000000000000000000C0C0F838FE06FF01000000000000000003031F1C7F60FF8035
:20186000F909F111F111E262828204041818E0E09F908F888F884746414120201818070738
:20188000FF01FE06F838C0C00000000000000000FF807F601F1C03030000000000000000F5
:2018A000FFFFA957A957A15FA15F817F817F01FFFFFFEA95EA95FA85FA85FE81FE81FF80B3
:2018C000AB55A957A957A15FA15F817F817F01FFAAD5EA95EA95FA85FA85FE81FE81FF8010
:2018E000FFFFA857A857A05FA05F807F807F00FFFFFFEA15EA15FA05FA05FE01FE01FF00FA
:20190000AA55A857A857A05FA05F807F807F00FFAA55EA15EA15FA05FA05FE01FE01FF00D7
:20192000AAD5EA15EA15FA05FA05FE01FE01FF0001FF017F013F011F010F01070103FFFF35
:20194000FF80FE80FC80F880F080E080C080FFFF01FF017F013F011F010F0107010301018A
:20196000FF80FE80FC80F880F080E080C080808000FF007F003F001F000F00070003FFFF73
:20198000FF00FE00FC00F800F000E000C000FFFF00FF007F003F001F000F000700030001D2
:2019A000FF00FE00FC00F800F000E000C000800000FF007F003F001F000F0007000301012F
:2019C000000000000000000000000000000000000000000000000000000000000000000007
:2019E0000000000000000000000000000000000000000000000000000000000000000000E7
:201A00000000000000000000000000000000000000000000000000000000000000000000C6
:201A20000000000000000000000000000000000000000000000000000000000000000000A6
:201A4000000000000000000000000000000000000000000000000000000000000000000086
:201A6000000000000000000000000000000000000000000000000000000000000000000066
:201A8000000000000000000000000000000000000000000000000000000000000000000046
:201AA000000000000000000000000000000000000000000000000000000000000000000026
:201AC000000000000000000000000000000000000000000000000000000000000000000006
:201AE0000000000000000000000000000000000000000000000000000000000000000000E6
:201B00000000000000000000000000000000000000000000000000000000000000000000C5
:201B20000000000000000000000000000000000000000000000000000000000000000000A5
:201B4000000000000000000000000000000000000000000000000000000000000000000085
:201B6000000000000000000000000000000000000000000000000000000000000000000065
:201B8000000000000000000000000000000000000000000000000000000000000000000045
:201BA000000000000000000000000000000000000000000000000000000000000000000025
:201BC000000000000000000000000000000000000000000000000000000000000000000005
:201BE0000000000000000000000000000000000000000000000000000000000000000000E5
:201C00000000000000000000000000000000000000000000000000000000000000000000C4
:201C20000000000000000000000000000000000000000000000000000000000000000000A4
:201C4000000000000000000000000000000000000000000000000000000000000000000084
:201C6000000000000000000000000000000000000000000000000000000000000000000064
:201C8000000000000000000000000000000000000000000000000000000000000000000044
:201CA000000000000000000000000000000000000000000000000000000000000000000024
:201CC000000000000000000000000000000000000000000000000000000000000000000004
:201CE0000000000000000000000000000000000000000000000000000000000000000000E4
:201D00000000000000000000000000000000000000000000000000000000000000000000C3
:201D20000000000000000000000000000000000000000000000000000000000000000000A3
:201D4000000000000000000000000000000000000000000000000000000000000000000083
:201D6000000000000000000000000000000000000000000000000000000000000000000063
:201D8000000000000000000000000000000000000000000000000000000000000000000043
:201DA000000000000000000000000000000000000000000000000000000000000000000023
:201DC000000000000000000000000000000000000000000000000000000000000000000003
:201DE0000000000000000000000000000000000000000000000000000000000000000000E3
:201E00000000000000000000000000000000000000000000000000000000000000000000C2
:201E20000000000000000000000000000000000000000000000000000000000000000000A2
:201E4000000000000000000000000000000000000000000000000000000000000000000082
:201E6000000000000000000000000000000000000000000000000000000000000000000062
:201E8000000000000000000000000000000000000000000000000000000000000000000042
:201EA000000000000000000000000000000000000000000000000000000000000000000022
:201EC000000000000000000000000000000000000000000000000000000000000000000002
:201EE0000000000000000000000000000000000000000000000000000000000000000000E2
:201F00000000000000000000000000000000000000000000000000000000000000000000C1
:201F20000000000000000000000000000000000000000000000000000000000000000000A1
:201F4000000000000000000000000000000000000000000000000000000000000000000081
:201F6000000000000000000000000000000000000000000000000000000000000000000061
:201F8000000000000000000000000000000000000000000000000000000000000000000041
:201FA000000000000000000000000000000000000000000000000000000000000000000021
:201FC000000000000000000000000000000000000000000000000000000000000000000001
:201FE0000000000000000000000000000000000000000000000000000000000000000000E1
:202000000000000000000000000000000000000000000000000000000000000000000000C0
:202020000000000000000000000000000000000000000000000000000000000000000000A0
:20204000000000000000000000000000000000000000000000000000000000000000000080
:20206000000000000000000000000000000000000000000000000000000000000000000060
:20208000000000000000000000000000000000000000000000000000000000000000000040
:2020A000000000000000000000000000000000000000000000000000000000000000000020
:2020C00000000000000000000000000000000000FFFF601F300F18070F000700030000000C
:2020E000FFFF00FF00FFE01FF10EFF001F000E00FFFF02FC04F8C830F000C000000000001A
:20210000FF81D5AB427E427E243C243C1818181800FF00FF005B00120010000000000000A4
:2021200000FF00FF00EE00E4004000400000000000C000E000F000E000C000F000FC00F043
:20214000030300070003001F00070003000F0007FFFF0AF50AF50AF50AF50AF50AF50AF539
:20216000FFFFAA55AA55AA55AA55AA55AA55AA55000000000000000040404040E0E0E0E0E8
:20218000D5D555557D7D7F7F3B3B3B3B11111111555555555555FFFFFEFEFEFEF4F4F4F4FF
:2021A000FFFFFFFFFFFFFFFFFFFFFFFFFFFFFFFF0000030007000F001807300F601FFFFF3B
:2021C0000E001F00FF00F10EE01F00FF00FFFFFF00000000C000F000C83004F802FCFFFF39
:2021E00018181818243C243C427E427ED5ABFF8100000000000200020027007700FF00FF9F
:202200000000000000000008004800DA00FF00FF00E000F000C000E000F800C000E000C0CE
:20222000000F003F000F00030007000F000700030AF50AF50AF50AF50AF50AF50AF50AF526
:20224000AA55AA55AA55AA55AA55AA55AA55AA55111111113B3B3B3B7F7F7D7D5555D5D50A
:20226000F4F4F4F4FEFEFEFEFFFF555555555555E0E0E0E04040404000000000000000001A
:20228000FFFF80FF80FF80FFAAD5AAD5AAD5FF80FFFF01FF01FF01FFAB55AB55AB55FF01C9
:2022A0000101010102030203040704070A0D0A0D8080808040C040C020E020E0B050B050CC
:2022C000FFFF808040406A402A202A201F101F10FFFF01010202AA02AC04AC04F808F808D4
:2022E000C0C0B0B09C8C978397809780978097800000000000000000C0C070B04CBC43BFB6
:20230000000000000000000003030E0D323DC2FD03030D0D3931E9C1E901E901E901E90192
:202320000AF50AF50AF500FF00FF00FF00FFFFFFAA55AA55AA5500FF00FF00FF00FFFFFFAF
:20234000FFFF55403F300D0A0607010100000000FFFF5602FC0C50B060E0808000000000B7
:202360008080C0C0A0A0A0A0B090A898A898A49C01010303050505050D0915191519253971
:20238000FF80FF80D580D580D58080808080FFFFFF01FF0155015501550101010101FFFF3E
:2023A0001F101F102A202A206A4040408080FFFFF808F808AC04AC04AA0202020101FFFFF3
:2023C0000A0D0A0D040704070203020301010101B050B05020E020E040C040C080808080AB
:2023E000978097809780978097839C8CB0B0C0C043BF4CBC70B0C0C00000000000000000B5
:20240000C2FD323D0E0D03030000000000000000E901E901E901E901E9C139310D0D030391
:20242000FFFF80FF80FFD5AAFF80D5808080FFFFFFFF01FF01FF55ABFF0155010101FFFFFB
:2024400000000000010106070D0A3F305540FFFF00000000808060E050B0FC0C5602FFFFB6
:20246000A49CA898A898B090A0A0A0A0C0C080802539151915190D09050505050303010170
:20248000FFFF80FB80FB80FB80FB808083F883F8FFFF01DF01DF01DF01DF0101C11FC11F1C
:2024A00083F883F883F883F883F8808083F883F8C11FC11FC11FC11FC11F0101C11FC11F9D
:2024C000FFFF00FB00FB00FB00FB0000FB00FB00FFFF00DF00DF00DF00DF0000DF00DF00E4
:2024E000FB00FB00FB00FB00FB000000FB00FB00DF00DF00DF00DF00DF000000DF00DF00E6
:2025000080FB00FB00FB00FB00FB000003F803F801DF00DF00DF00DF00DF0000C01FC01F44
:2025200000000000000000000000030307070F0F000018183C3C7E7E7F7F7F7FFFFFFFFFCD
:2025400000FF00FF00F900F05555D5D57D7D2F2F00FF00FF00F900F054545555F5F5FDFDCB
:2025600000FF00FF00F900F02A2AAAAAAFAFBFBF00FF00FF00F900F0AAAAABABBEBEF4F4FB
:2025800083F883F8808080FB80FB80FB80FBFFFFC11FC11F010101DF01DF01DF01DFFFFF1B
:2025A00083F883F8808083F883F883F883F883F8C11FC11F0101C11FC11FC11FC11FC11F9C
:2025C000FB00FB00000000FB00FB00FB00FBFFFFDF00DF00000000DF00DF00DF00DFFFFFE3
:2025E000FB00FB000000FB00FB00FB00FB00FB00DF00DF000000DF00DF00DF00DF00DF00E5
:2026000003F803F8000000FB00FB00FB00FB80FBC01FC01F000000DF00DF00DF00DF00DF44
:202620002F2F7D7DD5D55555000F009F00FF00FFFDFDF5F555555454000F009F00FF00FF60
:202640000F0F0707030300000000000000000000FFFFFFFF7F7F7F7F7E7E3C3C18180000AC
:20266000FFFFFFFFFEFEFEFE7E7E3C3C18180000F0F0E0E0C0C000000000000000000000A2
:20268000C0CFA0A3A0BFB093A09FA899A09FA49D000000C000F000C0000000C000F000FCAA
:2026A00000000003000F000300000003000F003F03F305C505FD0DC905F9159905F925B994
:2026C000FFFF55403F300D1A02D70055007D007FFFFF5602FC0C50B420F580D5005500FF87
:2026E00080009818BC3CFE7EFEFEFEFEFFFFFFFF00000000000000000000C0C0E0E0F0F022
:20270000000000000101030307070F0F1F1F3F3F000000008080C0C0E0E0F0F0F8F8FCFCC1
:20272000000000000000000000F000F900FF00FF0000000000000000010107070F0F1F1F46
:20274000A09FA899B09FA0A1A0BFC0C1C0CF808000FF00FC00F000C000F000C0000000009F
:2027600000FF003F000F0003000F00030000000005F915990DF9018101F9038301F1000051
:20278000007F007D005502D70D1A3F305540FFFF00FF005580D520F550B4FC0C5602FFFFC6
:2027A000BFBFAFAFAAAAAA2A00F000F900FF00FFF4F4BEBEABABAAAA00F000F900FF00FF39
:2027C0003F3F1F1F0F0F07070303010100000000FCFCF8F8F0F0E0E0C0C080800000000001
:2027E00000FF00FF00F900F000000000000000000000000000000000C0C0F0F0F8F8FCFCAA
:202800001F1F0F0F070701010000000000000000FCFCF8F8F0F0C0C0000000000000000004
:20282000070718182020414147468F888F889F90E0E0181804048282E262F111F111F90968
:20284000000000000000000003031F1C7F60FF800000000000000000C0C0F838FE06FF0125
:202860009F908F888F8847464141202018180707F909F111F111E262828204041818E0E028
:20288000FF807F601F1C03030000000000000000FF01FE06F838C0C00000000000000000E5
:2028A000FFFF95EA95EA85FA85FA81FE81FE80FFFFFF57A957A95FA15FA17F817F81FF01A3
:2028C000D5AA95EA95EA85FA85FA81FE81FE80FF55AB57A957A95FA15FA17F817F81FF0100
:2028E000FFFF15EA15EA05FA05FA01FE01FE00FFFFFF57A857A85FA05FA07F807F80FF00EA
:2029000055AA15EA15EA05FA05FA01FE01FE00FF55AA57A857A85FA05FA07F807F80FF00C7
:2029200055AB57A857A85FA05FA07F807F80FF0080FF80FE80FC80F880F080E080C0FFFF9F
:20294000FF017F013F011F010F0107010301FFFF80FF80FE80FC80F880F080E080C080807C
:20296000FF017F013F011F010F0107010301010100FF00FE00FC00F800F000E000C0FFFFDA
:20298000FF007F003F001F000F0007000300FFFF00FF00FE00FC00F800F000E000C0008043
:2029A000FF007F003F001F000F0007000300010000FF00FE00FC00F800F000E000C08080A0
:2029C0000000000000000000000000000000000000000000000000000000000000000000F7
:2029E0000000000000000000000000000000000000000000000000000000000000000000D7
:202A00000000000000000000000000000000000000000000000000000000000000000000B6
:202A2000000000000000000000000000000000000000000000000000000000000000000096
:202A4000000000000000000000000000000000000000000000000000000000000000000076
:202A6000000000000000000000000000000000000000000000000000000000000000000056
:202A8000000000000000000000000000000000000000000000000000000000000000000036
:202AA000000000000000000000000000000000000000000000000000000000000000000016
:202AC0000000000000000000000000000000000000000000000000000000000000000000F6
:202AE0000000000000000000000000000000000000000000000000000000000000000000D6
:202B00000000000000000000000000000000000000000000000000000000000000000000B5
:202B2000000000000000000000000000000000000000000000000000000000000000000095
:202B4000000000000000000000000000000000000000000000000000000000000000000075
:202B6000000000000000000000000000000000000000000000000000000000000000000055
:202B8000000000000000000000000000000000000000000000000000000000000000000035
:202BA000000000000000000000000000000000000000000000000000000000000000000015
:202BC0000000000000000000000000000000000000000000000000000000000000000000F5
:202BE0000000000000000000000000000000000000000000000000000000000000000000D5
:202C00000000000000000000000000000000000000000000000000000000000000000000B4
:202C2000000000000000000000000000000000000000000000000000000000000000000094
:202C4000000000000000000000000000000000000000000000000000000000000000000074
:202C6000000000000000000000000000000000000000000000000000000000000000000054
:202C8000000000000000000000000000000000000000000000000000000000000000000034
:202CA000000000000000000000000000000000000000000000000000000000000000000014
:202CC0000000000000000000000000000000000000000000000000000000000000000000F4
:202CE0000000000000000000000000000000000000000000000000000000000000000000D4
:202D00000000000000000000000000000000000000000000000000000000000000000000B3
:202D2000000000000000000000000000000000000000000000000000000000000000000093
:202D4000000000000000000000000000000000000000000000000000000000000000000073
:202D6000000000000000000000000000000000000000000000000000000000000000000053
:202D8000000000000000000000000000000000000000000000000000000000000000000033
:202DA000000000000000000000000000000000000000000000000000000000000000000013
:202DC0000000000000000000000000000000000000000000000000000000000000000000F3
:202DE0000000000000000000000000000000000000000000000000000000000000000000D3
:202E00000000000000000000000000000000000000000000000000000000000000000000B2
:202E2000000000000000000000000000000000000000000000000000000000000000000092
:202E4000000000000000000000000000000000000000000000000000000000000000000072
:202E6000000000000000000000000000000000000000000000000000000000000000000052
:202E8000000000000000000000000000000000000000000000000000000000000000000032
:202EA000000000000000000000000000000000000000000000000000000000000000000012
:202EC0000000000000000000000000000000000000000000000000000000000000000000F2
:202EE0000000000000000000000000000000000000000000000000000000000000000000D2
:202F00000000000000000000000000000000000000000000000000000000000000000000B1
:202F2000000000000000000000000000000000000000000000000000000000000000000091
:202F4000000000000000000000000000000000000000000000000000000000000000000071
:202F6000000000000000000000000000000000000000000000000000000000000000000051
:202F8000000000000000000000000000000000000000000000000000000000000000000031
:202FA000000000000000000000000000000000000000000000000000000000000000000011
:202FC0000000000000000000000000000000000000000000000000000000000000000000F1
:202FE0000000000000000000000000000000000000000000000000000000000000000000D1
:203000000000000000000000000000000000000000000000000000000000000000000000B0
:20302000000000000000000000000000000000000000000000000000000000000000000090
:20304000000000000000000000000000000000000000000000000000000000000000000070
:20306000000000000000000000000000000000000000000000000000000000000000000050
:20308000000000000000000000000000000000000000000000000000000000000000000030
:2030A000000000000000000000000000000000000000000000000000000000000000000010
:2030C00000000000000000000000000000000000FFFF06F80CF018E0F000E000C000000070
:2030E000FFFF00FF00FF07F88F70FF00F8007000FFFF403F201F130C0F0003000000000082
:20310000FF81ABD5427E427E243C243C1818181800FF00FF00DA00480008000000000000E7
:2031200000FF00FF00770027000200020000000000030007000F00070003000F003F000F6F
:20314000C0C000E000C000F800E000C000F000E0FFFF50AF50AF50AF50AF50AF50AF50AFF0
:20316000FFFF55AA55AA55AA55AA55AA55AA55AA0000000000000000020202020707070734
:20318000ABABAAAABEBEFEFEDCDCDCDC88888888AAAAAAAAAAAAFFFF7F7F7F7F2F2F2F2FCB
:2031A000FFFFFFFFFFFFFFFFFFFFFFFFFFFFFFFF0000C000E000F00018E00CF006F8FFFF9F
:2031C0007000F800FF008F7007F800FF00FFFFFF0000000003000F00130C201F403FFFFFA1
:2031E00018181818243C243C427E427EABD5FF81000000000040004000E400EE00FF00FFDF
:2032000000000000000000100012005B00FF00FF0007000F00030007001F000300070003E7
:2032200000F000FC00F000C000E000F000E000C050AF50AF50AF50AF50AF50AF50AF50AF8A
:2032400055AA55AA55AA55AA55AA55AA55AA55AA88888888DCDCDCDCFEFEBEBEAAAAABABC4
:203260002F2F2F2F7F7F7F7FFFFFAAAAAAAAAAAA0707070702020202000000000000000078
:20328000FFFF01FF01FF01FF55AB55AB55ABFF01FFFF80FF80FF80FFD5AAD5AAD5AAFF80B9
:2032A0008080808040C040C020E020E050B050B00101010102030203040704070D0A0D0ABC
:2032C000FFFF01010202560254045404F808F808FFFF808040405540352035201F101F10C7
:2032E00003030D0D3931E9C1E901E901E901E901000000000000000003030E0D323DC2FDA3
:203300000000000000000000C0C070B04CBC43BFC0C0B0B09C8C9783978097809780978085
:2033200050AF50AF50AF00FF00FF00FF00FFFFFF55AA55AA55AA00FF00FF00FF00FFFFFF9F
:20334000FFFFAA02FC0CB05060E0808000000000FFFF6A403F300A0D06070101000000003E
:2033600001010303050505050D091519151925398080C0C0A0A0A0A0B090A898A898A49C61
:20338000FF01FF01AB01AB01AB0101010101FFFFFF80FF80AA80AA80AA8080808080FFFFAD
:2033A000F808F80854045404560202020101FFFF1F101F1035203520554040408080FFFFE6
:2033C00050B050B020E020E040C040C0808080800D0A0D0A0407040702030203010101019B
:2033E000E901E901E901E901E9C139310D0D0303C2FD323D0E0D03030000000000000000A2
:2034000043BF4CBC70B0C0C00000000000000000978097809780978097839C8CB0B0C0C084
:20342000FFFF01FF01FFAB55FF01AB010101FFFFFFFF80FF80FFAAD5FF80AA808080FFFFC0
:2034400000000000808060E0B050FC0CAA02FFFF00000000010106070A0D3F306A40FFFF3D
:203460002539151915190D090505050503030101A49CA898A898B090A0A0A0A0C0C0808060
:20348000FFFF01DF01DF01DF01DF0101C11FC11FFFFF80FB80FB80FB80FB808083F883F80C
:2034A000C11FC11FC11FC11FC11F0101C11FC11F83F883F883F883F883F8808083F883F88D
:2034C000FFFF00DF00DF00DF00DF0000DF00DF00FFFF00FB00FB00FB00FB0000FB00FB00D4
:2034E000DF00DF00DF00DF00DF000000DF00DF00FB00FB00FB00FB00FB000000FB00FB00D6
:2035000001DF00DF00DF00DF00DF0000C01FC01F80FB00FB00FB00FB00FB000003F803F834
:2035200000000000000000000000C0C0E0E0F0F0000018183C3C7E7EFEFEFEFEFFFFFFFFD3
:2035400000FF00FF009F000FAAAAABABBEBEF4F400FF00FF009F000F2A2AAAAAAFAFBFBF81
:2035600000FF00FF009F000F54545555F5F5FDFD00FF00FF009F000F5555D5D57D7D2F2F11
:20358000C11FC11F010101DF01DF01DF01DFFFFF83F883F8808080FB80FB80FB80FBFFFF0B
:2035A000C11FC11F0101C11FC11FC11FC11FC11F83F883F8808083F883F883F883F883F88C
:2035C000DF00DF00000000DF00DF00DF00DFFFFFFB00FB00000000FB00FB00FB00FBFFFFD3
:2035E000DF00DF000000DF00DF00DF00DF00DF00FB00FB000000FB00FB00FB00FB00FB00D5
:20360000C01FC01F000000DF00DF00DF00DF01DF03F803F8000000FB00FB00FB00FB00FBB3
:20362000F4F4BEBEABABAAAA00F000F900FF00FFBFBFAFAFAAAA2A2A00F000F900FF00FF2A
:20364000F0F0E0E0C0C000000000000000000000FFFFFFFFFEFEFEFE7E7E3C3C18180000B2
:20366000FFFFFFFF7F7F7F7F7E7E3C3C181800000F0F07070303000000000000000000007C
:2036800003F305C505FD0DC905F9159905F925B900000003000F000300000003000F003FA4
:2036A000000000C000F000C0000000C000F000FCC0CFA0A3A0BFB093A09FA899A09FA49D7A
:2036C000FFFFAA02FC0CB05840EB00AA00BE00FEFFFF6A403F300A2D04AF01AB00AA00FF49
:2036E000010019183D3C7F7E7F7F7F7FFFFFFFFF00000000000000000000030307070F0FF8
:20370000000000008080C0C0E0E0F0F0F8F8FCFC000000000101030307070F0F1F1F3F3FB1
:203720000000000000000000000F009F00FF00FF00000000000000008080E0E0F0F0F8F84D
:2037400005F915990DF9058505FD038303F3010100FF003F000F0003000F0003000000004B
:2037600000FF00FC00F000C000F000C000000000A09FA899B09F8081809FC0C1808F00006F
:2037800000FE00BE00AA40EBB058FC0CAA02FFFF00FF00AA01AB04AF0A2D3F306A40FFFF88
:2037A000FDFDF5F555555554000F009F00FF00FF2F2F7D7DD5D55555000F009F00FF00FFCE
:2037C000FCFCF8F8F0F0E0E0C0C08080000000003F3F1F1F0F0F07070303010100000000F1
:2037E00000FF00FF009F000F0000000000000000000000000000000003030F0F1F1F3F3F3D
:20380000F8F8F0F0E0E0808000000000000000003F3F1F1F0F0F0303000000000000000038
:20382000E0E0181804048282E262F111F111F909070718182020414147468F888F889F9058
:203840000000000000000000C0C0F838FE06FF01000000000000000003031F1C7F60FF8015
:20386000F909F111F111E262828204041818E0E09F908F888F884746414120201818070718
:20388000FF01FE06F838C0C00000000000000000FF807F601F1C03030000000000000000D5
:2038A000FFFFA957A957A15FA15F817F817F01FFFFFFEA95EA95FA85FA85FE81FE81FF8093
:2038C000AB55A957A957A15FA15F817F817F01FFAAD5EA95EA95FA85FA85FE81FE81FF80F0
:2038E000FFFFA857A857A05FA05F807F807F00FFFFFFEA15EA15FA05FA05FE01FE01FF00DA
:20390000AA55A857A857A05FA05F807F807F00FFAA55EA15EA15FA05FA05FE01FE01FF00B7
:20392000AAD5EA15EA15FA05FA05FE01FE01FF0001FF017F013F011F010F01070103FFFF15
:20394000FF80FE80FC80F880F080E080C080FFFF01FF017F013F011F010F0107010301016A
:20396000FF80FE80FC80F880F080E080C080808000FF007F003F001F000F00070003FFFF53
:20398000FF00FE00FC00F800F000E000C000FFFF00FF007F003F001F000F000700030001B2
:2039A000FF00FE00FC00F800F000E000C000800000FF007F003F001F000F0007000301010F
:2039C0000000000000000000000000000000000000000000000000000000000000000000E7
:2039E0000000000000000000000000000000000000000000000000000000000000000000C7
:203A00000000000000000000000000000000000000000000000000000000000000000000A6
:203A2000000000000000000000000000000000000000000000000000000000000000000086
:203A4000000000000000000000000000000000000000000000000000000000000000000066
:203A6000000000000000000000000000000000000000000000000000000000000000000046
:203A8000000000000000000000000000000000000000000000000000000000000000000026
:203AA000000000000000000000000000000000000000000000000000000000000000000006
:203AC0000000000000000000000000000000000000000000000000000000000000000000E6
:203AE0000000000000000000000000000000000000000000000000000000000000000000C6
:203B00000000000000000000000000000000000000000000000000000000000000000000A5
:203B2000000000000000000000000000000000000000000000000000000000000000000085
:203B4000000000000000000000000000000000000000000000000000000000000000000065
:203B6000000000000000000000000000000000000000000000000000000000000000000045
:203B8000000000000000000000000000000000000000000000000000000000000000000025
:203BA000000000000000000000000000000000000000000000000000000000000000000005
:203BC0000000000000000000000000000000000000000000000000000000000000000000E5
:203BE0000000000000000000000000000000000000000000000000000000000000000000C5
:203C00000000000000000000000000000000000000000000000000000000000000000000A4
:203C2000000000000000000000000000000000000000000000000000000000000000000084
:203C4000000000000000000000000000000000000000000000000000000000000000000064
:203C6000000000000000000000000000000000000000000000000000000000000000000044
:203C8000000000000000000000000000000000000000000000000000000000000000000024
:203CA000000000000000000000000000000000000000000000000000000000000000000004
:203CC0000000000000000000000000000000000000000000000000000000000000000000E4
:203CE0000000000000000000000000000000000000000000000000000000000000000000C4
:203D00000000000000000000000000000000000000000000000000000000000000000000A3
:203D2000000000000000000000000000000000000000000000000000000000000000000083
:203D4000000000000000000000000000000000000000000000000000000000000000000063
:203D6000000000000000000000000000000000000000000000000000000000000000000043
:203D8000000000000000000000000000000000000000000000000000000000000000000023
:203DA000000000000000000000000000000000000000000000000000000000000000000003
:203DC0000000000000000000000000000000000000000000000000000000000000000000E3
:203DE0000000000000000000000000000000000000000000000000000000000000000000C3
:203E00000000000000000000000000000000000000000000000000000000000000000000A2
:203E2000000000000000000000000000000000000000000000000000000000000000000082
:203E4000000000000000000000000000000000000000000000000000000000000000000062
:203E6000000000000000000000000000000000000000000000000000000000000000000042
:203E8000000000000000000000000000000000000000000000000000000000000000000022
:203EA000000000000000000000000000000000000000000000000000000000000000000002
:203EC0000000000000000000000000000000000000000000000000000000000000000000E2
:203EE0000000000000000000000000000000000000000000000000000000000000000000C2
:203F00000000000000000000000000000000000000000000000000000000000000000000A1
:203F2000000000000000000000000000000000000000000000000000000000000000000081
:203F4000000000000000000000000000000000000000000000000000000000000000000061
:203F6000000000000000000000000000000000000000000000000000000000000000000041
:203F8000000000000000000000000000000000000000000000000000000000000000000021
:203FA000000000000000000000000000000000000000000000000000000000000000000001
:203FC0000000000000000000000000000000000000000000000000000000000000000000E1
:203FE0000000000000000000000000000000000000000000000000000000000000000000C1
:020000040008F2
:20800000000000000000000000000000000000000000000000000000000000000000000060
:20802000000000000000000000000000000000000000000000000000000000000000000040
:20804000000000000000000000000000000000000000000000000000000000000000000020
:20806000000000000000000000000000000000000000000000000000000000000000000000
:208080000000000000000000000000000000000000000000000000000000000000000000E0
:2080A0000000000000000000000000000000000000000000000000000000000000000000C0
:2080C0000000000000000000000000000000000000000000000000000000000000000000A0
:2080E000000000000000000000000000000000000000000000000000000000000000000080
:2081000000000000000000000000000000000000000000000000000000000000000000005F
:2081200000000000000000000000000000000000000000000000000000000000000000112E
:2081400000000000000000000000000000000000000000000000000000000000000000001F
:208160000000000000000000000000000000000000000000000000000000000000000000FF
:208180000000000000000000000000000000000000000000000000000000000000000000DF
:2081A0000000000000000000000000000000000000000000000000000000000000000011AE
:2081C00000000000000000000000000000000011000000000000000000000000000000008E
:2081E00000000000000000000000000000000000000000000000000000000000000000F48B
:20820000000000000000000000000000000000F6000000000000000000000000000000F573
:2082200000000000000000000000000000000000000000000000000000000000000000003E
:208240000000000000000000000000000000001100000000000000000000000000000011FC
:208260000000000000000000000000000000001000000000000000000000000000000010DE
:20828000000000000000000000000000000000000000000000000000000000001C1C0000A6
:2082A00000000000000000000000000010100000000000000000000000000000000000009E
:2082C00000000000000000000000000000000000000000000000000000000000000000009E
:2082E0000000000000000000000000000000001100000000000000002524281B0000252498
:208300000000000000000000212F231B0000212F0000000000000000212F231B0000212FA1
:208320000000000000000000212F231B0000212F0000000000000000212F231B0000212F81
:208340000000000000000000212F231B0000212F0000000000000000212F231B0000212F61
:208360000000000000000000212F231B0000262A0000000000000000212F231B0000002170
:208380000000000000000000212F231B0000002100000000000000002622271B0000002183
:2083A00000000000000000000000000000000021000000000000000000000000000025294E
:2083C0000000000000000000000000000000212F0000000000000000000000000000212FFD
:2083E000000000000000000000000000001126220000000000000000000000000000000C18
:208400000000000000000000000000000000000C0000000000000000252428000000252496
:208420000000000000000000212F23000000212F0000000000000000212F23000000212FB6
:208440000000000000000000212F23000000212F0000000000000000212F23000000212F96
:2084600000000000000000002622270000002622000000000000000000000000000000182D
:208480000000000000000000000000000000001800000000000000000000000000000018AC
:2084A000000000000000000000000000001900180000000000000000000000000000001873
:2084C00000000000000000000000000000001918000000000000000000000000000019183A
:2084E000000000000000000000000000000000180000000000000000000000000000000C58
:208500000000000000000000101B0000190000180000000000000000000000000000000CF3
:20852000000000000000000000101B000019000C00000000000000000000000000190018BA
:208540000000000000000000000000000000000C0000000000000000000000000000000C03
:208560000000000000000000000000000000000C00000000000000000000000019000018BE
:20858000000000000000000000000000000000180000000000000000000000111900001881
:2085A000000000000000000000000000000000180000000000000000000000000000000C97
:2085C0000000000000000000000000000019000C0000000000000000000000000019001845
:2085E0000000000000000000000000000019000C000000000000000000000000000000183E
:2086000000000000000000000000000000000018000000000000000000000000000000182A
:208620000000000000000000000000EEEF000018000000000000000000000000000000182D
:20864000000000000000000000000000000000180000000000000000000000000000000002
:208660000000000000000000000035252424242400000000000000000000F4212F2F2F2F3F
:2086800000000000000000000000F6212F2F2F2F00000000000000000000F6212F2F2F2F34
:2086A00000000000000000000000F6212F2F2F2F00000000000000000000F5212F2F2F2F15
:2086C0000000000000000000000000212F2F2F2F0000000000000000000000212F2F2F2FE0
:2086E0000000000000000000000000212F2F2F2F0000000000000000000011212F2F2F2FAF
:208700000000000000000000000011212F2F2F2F0000000000000000000000212F2F2F2F8E
:208720000000000000000000000000212F2F2F2F000000000000000000000026222A2F2F8C
:2087400000000000000000000000000011212F2F00000000000000000000000011212F2FF9
:2087600000000000000000000000000011212F2F00000000000000000000000000212F2FEA
:2087800000000000000000000000000000262A2F0000000000000000000000000000212F0A
:2087A0000000000000000000000000000000212F0000000000000000000000000000212F19
:2087C0000000000000000000000000000000212F0000000000000000000000000000262201
:2087E0000000000000000000000000000000000C0000000000000000000000000000000C61
:208800000000000000000000000000000000001800000000000000000000000000252424D3
:20882000000000000000000000101B0000212F2F0000000000000000000000000026222224
:208840000000000000000000000000000000001800000000000000000000000000000018E8
:208860000000000000000000000000000000001800000000000000000000000000302D2D56
:208880000000000000000000000000000000000C0000000000000000000000000000000CC0
:2088A000000000000000000000000000000000180000000000000000000000000000000C94
:2088C0000000000000000000000000000025242400000000000000000000000000262222C1
:2088E0000000000000000000000000000000000C0000000000000000000000000000001854
:208900000000000000000000000000000000000C0000000000000000000000000019000C26
:20892000000000000000000000000000001900180000000000000000000000000019000CE1
:2089400000000000000000000000101B0000000C00000000000000000000101B0000000CA9
:208960000000000000000000000000000000191800000000000000000000000000000018AE
:208980000000000000000000000000000000000C0000000000000000000000000000000CBF
:2089A00000000000000000000000000000190018000000000000000000000000000000186E
:2089C0000000000000000000000000000000000C0000000000000000000000000000000C7F
:2089E00000000000000000000000000019000018000000000000000000000000000000182E
:208A0000000000000000000000000000000000180000000000000000000000000000001826
:208A20000000000000000000000000000000001800000000000000000000000000190018ED
:208A40000000000000000000000000000019001800000000000000000000000000190018B4
:208A60000000000000000000000000000000000C0000000000000000000000000000000CDE
:208A80000000000000000000000000190000000C0000000000000000000000190000001880
:208AA0000000000000000000000000190000000C0000000000000000000000000000001879
:208AC0000000000000000000000000000000000C0000000000000000000000111900001848
:208AE000000000000000000000EEEF111900000C0000000000000000000000111900000C2D
:208B0000000000000000000000000000000000180000000000000000000000000000000C31
:208B20000000000000000000000000190000000C00000000000000000000001900000018DF
:208B40000000000000000000000000190000000C0000000000000000101B000000000018AD
:208B60000000000000000000101B00000000000C0000000000000000000000000019000C99
:208B8000000000000000000000000000001900180000000000000000000000000019000C7F
:208BA000000000000000000000000000000000180000000000000000000000000000001885
:208BC000000000000000000000000000252F2428000000000000000000000000212F2F2353
:208BE000000000000000000000000011212F2F23000000000000000000000011212F2F230F
:208C0000000000000000000000000000212F2F2300000000000000000000003526222F27DF
:208C20000000000000000000000000000000000C00000000000000000000000000000035F3
:208C40000000000000000000000000000000000000000000000000000000000000000018FC
:208C60000000000000000000000000000000000C0000000000000000000000000000000CDC
:208C80000000000000000000000000000000001600000000000000000000000000000016A8
:208CA000000000000000000000000000000000160000000000000000000000000000001688
:208CC0000000000000000000000000000000000C0000000000000000000000000000001870
:208CE0000000000000000000000000000000000C0000000000000000000000000000190C43
:208D0000000000000000000000000000000000180000000000000000000000000000000C2F
:208D2000000000000000000000101B001000000C00000000000000000000000000000018D4
:208D40000000000000000000000000000000000C00000000000000000000000000190018D6
:208D60000000000000000000000000000019000C0000000000000000000000000000000CC2
:208D800000000000000000000000101B0000001800000000000000000000101B0000190C40
:208DA0000000000000000000000000000000190C0000000000000000000000000000001876
:208DC0000000000000000000000000000000000C000000000000000000101B001000001834
:208DE0000000000000000000000000000000000C0000000000000000000000000000000C5B
:208E0000000000000000000000000000001900180000000000000000000000000000000C15
:208E20000000000000000000000000000000190C00000000000000000000000000000018F5
:208E4000000000000000000000001C1C00000025000000000000000000001010000000266F
:208E60000000000000000000000000000000000C0000000000000000000000000000000CDA
:208E8000000000000000000000000000000000180000000000000000000000000000302D5D
:208EA0000000000000000000000000000000000C0000000000000000000000000000000C9A
:208EC0000000000000000000000000000000001800000000000000000000000000302D2DF0
:208EE000000000000000000000000000000000180000000000000000000000000000001842
:208F000000000000000000000000000011302D2D000000000000000000000000000000189E
:208F20000000000000000000000000003400000C0000000000000000000000000000000CE5
:208F4000000000000000000000000000252D2D2D0000000000000000000000002E0000181F
:208F6000000000000000000000000000262D2D2D0000000000000000000000000000000C38
:208F80000000000000000000000000000000000C00000000000000000000000000000018AD
:208FA0000000000000000000000000302D2D2D2D0000000000000000000000000000000CC1
:208FC000000000000000000000000000252424240000000000000000000000002622222274
:208FE00000000000000000000000000000000018000000000000000000000011302D2D2D91
:209000000000000000000000000000000000000C0000000000000000000000E80000000C50
:209020000000000000000000000000E90000000C0000000000000000000000000000001823
:209040000000000000000000000000252D2D2D2D00000000000000000000002E00000018F1
:209060000000000000000000000000262D2D2D2D00000000000000000000000000000018FE
:209080000000000000000000000000002524242400000000000000000000000026222222B3
:2090A0000000000000000000000000000000000C0000000000000000000000000000000C98
:2090C000000000000000000000000000000000180000000000000000000000302D2D2D2D94
:2090E0000000000000000000000000000000000C0000000000000000000000000000000C58
:209100000000000000000000000000000000001800000000000000000000302D2D2D2D2D26
:20912000000000000000000000000000000000180000000000000000000000302D2D2D2D33
:2091400000000000000000000000000000000018000000000000000000000000302D2D2D40
:209160000000000000000000000000000000001800000000000000000000000000252D2D58
:20918000000000000000000000000000002E001800000000000000000000000011262D2DF8
:2091A0000000000000000000000000000000000C000000000000000000000000000000188B
:2091C0000000000000000000000000000000000C000000000000000000000000EEEF000C9A
:2091E000000000000000000000000000000000180000000000000000000000000000000C4B
:20920000000000000000000000000000000000180000000000000000000000000034000CF6
:209220000000000000000000000000000000000C000000000000000000000000000000180A
:20924000000000000000000000000000000000180000000000000000000000000000000CEA
:20926000000000000000000000000000000019180000000000000000000000000000190C98
:209280000000000000000000000000000000190C0000000000000000000000000000000C9D
:2092A0000000000000000000000000000000000C0000000000000000000000000000000C96
:2092C000000000000000000000000000003400F4000000000000000000000000000000F670
:2092E000000000000000000000000000000000F6000000000000000000000000000000F583
:2093000000000000000000000000000000000000000000000000000000000000000000004D
:2093200000000000000000000000000000000000000000000000000000000000000000002D
:2093400000000000000000000000000000000000000000000000000000000000000000000D
:209360000000000000000000000000000000000000000000000000000000000000000000ED
:209380000000000000000000000000000000000000000000000000000000000000000000CD
:2093A0000000000000000000000000000000000000000000000000000000000000000000AD
:2093C00000000000000000000000000000000000000000000000000000000000000000008D
:2093E00000000000000000000000000000000000000000000000000000000000000000006D
:2094000000000000000000000000000000000011000000000000000000000000000000112A
:20942000000000000000000000000000000000190000000000000000000000000000000C07
:20944000000000000000000000000000000000180000000000000000000000000019000CCF
:209460000000000000000000000000000000000C0000000000000000000000000000000CD4
:209480000000000000000000000000190000000C000000000000000000000000000000188F
:2094A0000000000000000000000000000000000C0000000000000000001900000000000C7B
:2094C0000000000000000000000000000000000C0000000000000000111900000000000C4A
:2094E0000000000000000000000000000000000C0000000000000000001900000000000C3B
:209500000000000000000000000000000000000C000000000000000000001900000000180E
:209520000000000000000000000019000000000C0000000000000000000000000000000CFA
:209540000000000000000000000000000000000C00000000000000000000000000000018E7
:209560000000000000000000001900000000000C0000000000000000000000000000000CBA
:20958000000000000000000000000000000000180000000000000000000000000000000CA7
:2095A0000000000000000000000000000000000C0000000000000000000019000000000C7A
:2095C0000000000000000000000019000000000C0000000000000000000000000000000C5A
:2095E00000000000000010001000000000000018000000000000000000000000000000181B
:209600000000000000000000000000000000000C000000000000000000001900000000180D
:209620000000000000000000000000000000000C0000000000000000000000000000000C12
:209640000000000000001000100000000000001800000000000000000000000000000018BA
:209660000000000000000000000000000000000C00000000000000000000190000000018AD
:209680000000000000000000000000000000000C0000000000000000000000190000000C99
:2096A000000000000000000000000019000000180000000000000000000000000000000C6D
:2096C0000000000000000000000000000000000C0000000000000000000000000000001866
:2096E0000000000000000000000019000000000C0000000000000000000000000000000C39
:209700000000000000000000000000190000001800000000000000000000001900000018E7
:209720000000000000000000000000000000000C0000000000000000000000000000000C11
:209740000000000000000000000000000000000C0000000000000000000019000000000CD8
:20976000000000000000000000000000000000180000000000000000000000000000000CC5
:209780000000000000000000000000000000000C0000000000000000001900000000000C98
:2097A0000000000000000000000000000000000C0000000000000000000000000000001885
:2097C0000000000000000019000000000000000C000000000000000000000000000000184C
:2097E0000000000000000000000000000000000C0000000000190000000000000000000C38
:209800000000000000000000000000000000000C0000000000001900000000000000000C17
:20982000000000000000190000000000000000180000000000000000000000000000000CEB
:209840000000000000000000000000000000000C0000100010000000000000000000000CD0
:20986000000000000000000000000000000000180000000000000019000000000000000CAB
:209880000000000000000019000000000000000C0000000000000000000000000000000C97
:2098A0000000000000000000000000000000000C00000000101B0000190000000000000C4C
:2098C000000000000000000000000000000000180000000000101B00001900000000000C20
:2098E000000000000000000000190000000000180000000000000000000000000000000C2B
:209900000000000000000000000000000000000C0000000000000019000000000000000C16
:209920000000000000000019000000000000000C0000000000000019000000000000000CDD
:20994000000000000000111900000000000000180000000000000000000000000000000CB9
:209960000000101B00190000000000000000000C0000000000190000000000000000001866
:20998000000000000019000000000000000000180000000011190000000000000000000C60
:2099A0000000000000000000000000000000000C0000000000000000000000000000000C8F
:2099C0000000000000001900000000000000000C000000000000000000000000000000184A
:2099E0000000000000000019000000000000000C0000000000000019000000000000000C1D
:209A0000000000000000000000000000000000180000000000000000001C1C000000000CEA
:209A20000000000000000000111010000000000C0000000000001900000000000000000CC4
:209A40000000000000000000000000000000000C0000000000000019000000000000000CD5
:209A60000000000000000019000000000000000C00000000000000000000000000000018A9
:209A80000000000000000000000000000000000C00000000000000000000000000000018A2
:209AA0000000000000001900000000000000000C0000000000000000000000000000000C75
:209AC000000000101B000019000000000000000C0000000000000019000000000000000C11
:209AE0000000000000000000000000000000000C00000000101B0000190000000000000C0A
:209B0000000000000000000019000000000000180000000000000000000000000000000C08
:209B20000000000000101B00001900000000000C0000000000000000001900000000000CB0
:209B40000000000000000000000000000000000C0000000000000000000000000000000CED
:209B60000000000000000000000000000000000C00000000000000000000000000000018C1
:209B80000000000000000000000019000000000C0000000000101B00000019000000000C50
:209BA0000000000000101B00003519000000000C0000000000101B00000000000000000CE9
:209BC0000000000000101B00000000000000000C0000000000101B000000190000000018F2
:209BE0000000000000101B00000019000000000C0000000000101B00003519000000001884
:209C00000000000000101B00000000000000000C0000000000101B00000000000000000CD6
:209C20000000000000101B0000001900000000180000000000101B0000001900000000186C
:209C40000000000000101B00003519000000000C0000000000101B00000000000000000C48
:209C6000060606060605000000000000190000180606060606050000000000001900000C48
:209C8000020202020201000000000000190000180606060606050000000000001900000C40
:209CA0000606060606050000000000001900000C0606060606050000000000000000001821
:209CC0000202020202010000000000000000000C0606060606050000000000000000001832
:209CE000060606060605000000000000000000180606060606050000000000000000000CFA
:209D00000202020202010000000000000000000C06060606060500000000000000000018F1
:209D20000606060606050000000000000000000C0606060606050000000000000000000CC5
:209D40000202020202010000000000000000001806060606060500000000000000000018A5
:209D600006060606060500000000000000000018060606060605000000000000000000186D
:209D80000202020202011F1F1F000000001F1F1F0606060606052D2D3200000000302D2DC5
:209DA0000606060606050D0000000000000000180606060606051700000000000000000C15
:209DC0000202020202010D0000000000000000180606060606050D00000000000000000C17
:209DE0000606060606051700000000000000000C06060606060517000000000000000018CB
:209E0000020202020201170000000000000000180606060606050D00000000000000000CCC
:209E20000606060606051700000000000000000C0606060606050D00000000000000001894
:209E40000202020202010D000000000000000018060606060605171F000000001F1F1F1804
:209E60000606060606052D3200000000302D2D2D0606060606050D00000000000000001861
:209E8000020202020201170000000000000000180606060606050D00000000000000000C4C
:209EA0000606060606050D00000000000000000C0606060606051700000000000000001814
:209EC0000202020202011700000000000000001806060606060517000000000000000018F6
:209EE0000606060606050D0000000000000000180606060606050D00000000000000000CDE
:209F00000202020202011700000000000000000C0606060606050D000000000000000018CB
:209F20000606060606051700000000000000001806060606060517001F1F1F000000001820
:209F40000202020202012D2D2D2D320000000030060606060605170000000000000000188E
:209F60000606060606050D0000000000000000180606060606050D00000000000000001851
:209F80000202020202011700000000000000000C0606060606051700000000000000000C4D
:209FA0000606060606051700000000000000000C0606060606050D00000000000000000C1F
:209FC0000202020202010D00000000000000000C0606060606050D00000000000000001815
:209FE0000606060606050D00000000000000000C0606060606051700000000000000000CDF
:20A000000202020202011700000000000000000C060606060605171F1F000000001F1F0C50
:20A020000606060606052D2D3200000000302D2D0606060606050D0000000000000000189F
:20A040000202020202011700000000000000000C0606060606050D00000000000000000C96
:20A060000606060606050D0000000000000000180606060606051700000000000000000C52
:20A08000020202020201170000000000000000180606060606051700000000000000000C40
:20A0A000060606060605170000000000000000180606060606050D00000000000000000C12
:20A0C0000202020202010D00000000000000000C060606060605170000000000000000180A
:20A0E000060606060605242424280000000025240606060606052F2F2F2300000000212F3D
:20A100000202020202012F2F2F2300000000212F0606060606052F2F2F2300000000212F11
:20A120000606060606052F2F2F2300000000212F0606060606052F2F2F2300000000212FD9
:20A140000202020202012F2F2F2300000000212F0606060606052F2F2F2300000000212FD1
:20A160000606060606052F2F2F2700000000212F0606060606052F2B270000000000212FC4
:20A180000202020202012B27000000000000212F0606060606052300000000000025292F4F
:20A1A00006060606060523000000000025292F2F060606060605230000000025292F2F2F8C
:20A1C0000202020202012300000000212F2F2F2F0606060606052300000000212F2F2F2F51
:20A1E0000606060606052300000011212F2F2F2F0606060606052300000000212F2F2F2F08
:20A200000202020202012300000000212F2F2F2F0606060606052300000000212F2F2F2F10
:20A220000606060606052300000000212F2F2F2F0606060606052300000000212F2F2F2FD8
:20A240000202020202012300000000212F2F2F2F060606060605231B000000212F2F2F2FB5
:20A260000606060606052300000000212F2F2F2F0606060606052300000000212F2F2F2F98
:20A280000202020202012300000000212F2F2F2F0606060606052300000000212F2F2F2F90
:20A2A0000606060606052300000000212F2F2F2F0606060606052300000000212F2F2F2F58
:20A2C000020202020201230000001126222A2F2F06060606060523000000000000212F2FAA
:20A2E00006060606060523000000000000212F2F06060606060523000000000000212F2FD4
:20A3000002020202020123000000000000212F2F06060606060523000000000000212F2FCB
:20A3200006060606060523000000000000212F2F06060606060523000000000000212F2F93
:20A340000202020202012F2F2800000000212F2F0606060606052F2F2300000011212F2FB9
:20A360000606060606052F2F2300000000212F2F0606060606052F2F2300000000212F2F97
:20A380000202020202012F2F2300000000212F2F0606060606052F2F2300000000212F2F8F
:20A3A0000606060606052F2F2300000000212F2F0606060606052F2F2300000000212F2F57
:20A3C0000202020202012F2F2300000000212F2F0606060606052F2F2300000000212F2F4F
:20A3E0000606060606052F2F231B000000212F2F0606060606052F2F2300000000212F2FFC
:20A400000202020202012F2F2300000000212F2F0606060606052F2F2300000000212F2F0E
:20A420000606060606052F2F2300000000212F2F0606060606052F2F2300000011212F2FC5
:20A440000202020202012F2F2300000000212F2F0606060606052F2F2300000000212F2FCE
:20A460000606060606052F222700000000212F2F06060606060500000000000000212F2F20
:20A4800002020202020100000000000000212F2F06060606060500000000000011212F2F7F
:20A4A00006060606060500000000000011212F2F06060606060500000000000011212F2F36
:20A4C00002020202020100000000000011212F2F06060606060500000000000011212F2F2E
:20A4E00006060606060500000000112524292F2F0606060606050000000000212F2F2F2F58
:20A500000202020202010000000000212F2F2F2F0606060606050000000000212F2F2F2F53
:20A520000606060606050000000000212F2F2F2F0606060606050000000000212F2F2F2F1B
:20A540000202020202010000000000212F2F2F2F0606060606050000000000212F2F2F2F13
:20A560000606060606050000000000212F2F2F2F0606060606052D320000002622222222AB
:20A580000000000000000000000000000019000C0000000000000000000000000019001865
:20A5A0000000000000000000000000000019000C0000000000000000000000000000000C6A
:20A5C0000000000000000000000000000000000C0000000000000000000000000000000C63
:20A5E0000000000000000000000000001900000C000000000000000000000000000000181E
:20A600000000000000000000000000000000000C0000000000000000000000000000000C22
:20A620000000000000000000000000190000000C00000000000000000000000000000018DD
:20A640000000000000000000000000000000000C0000000000000000000000000000000CE2
:20A66000000000000000000000000000000000180000000000000000000000000000000CB6
:20A68000000000000000001000000000000000180000000000000010000000000000000C76
:20A6A0000000000000000010000000000000000C0000000000000010000000000000001856
:20A6C0000000000000000010000000000000000C0000000000000010000000000000000C42
:20A6E000000000000000001000000000000000180000000000000010000000000000000C16
:20A70000000000000000001000000000000000180000000000000010000000000000000001
:20A720000000000000000010000000000000000000000000000000101B00000000000000DE
:20A7400000000000000000101B0000000000000000000000000000100000000000000000BE
:20A760000000000000000010000000000000000000000000000000100000000000000000B9
:20A7800000000000000000101B00000000000000000000000000001000000000000000007E
:20A7A000000000000000001000000000000000000000000000000010000000000000000079
:20A7C0000000000000000010000000000000000000000000000000101B000000000000003E
:20A7E000000000000000001003000000000000000000000000000010030000000000000033
:20A800000000000000000010030000000000000000000000000000101B00000000000000FA
:20A8200000000000000000101B0000000000000000000000000000101B00000000000000C2
:20A8400000000000000000101B0300000000000000000000000000101B000000000000009F
:20A8600000000000000000101B0000000000000000000000000000101B0000000000000082
:20A8800000000000000000101B0003000000000000000000000000101B000000000000005F
:20A8A00000000000000000101B0000000000000000000000000000101B0000000000000042
:20A8C00000000000000000101B0000030000000000000000000000101B000000000000001F
:20A8E00000000000000000101B0000000000000000000000000000101B0000000000000002
:20A9000000000000000000101B0000000000000000000000000000101B00030000000000DE
:20A9200000000000000000101B0000000000000000000000000000101B03000000000000BE
:20A9400000000000000000101B0300000000000000000000000000101B000000000000009E
:20A9600000000000000000101B0000000000000000000000000000101B000003000000007E
:20A9800000000000000000101B0000000000000000000000000000101B000300000000005E
:20A9A00000000000000000101B0003000000000000000000000000101B000000000000003E
:20A9C00000000000000000101B0000000000000000000000000000101B0000000000000021
:20A9E00000000000000000101B0000030000000000000000000000101B00000000000000FE
:20AA000000000000000000101B0000000000000000000000000000101B00000000000000E0
:20AA200000000000000000101B0000000000000000000000000000101B00000000000000C0
:20AA400000000000000000101B0300000000000000000000000000101B030000000000009A
:20AA600000000000000000101B0300000000000000000000000000101B030000000000007A
:20AA800000000000000000101B0300000000000000000000000000101B031B00000000003F
:20AAA00000000000000000101B0000000000000000000000000000101B0000000000000040
:20AAC00000000000000000101B0300000000000000000000000000101B030000000000001A
:20AAE00000000000000000101B031B000000000000000000000000100000000000000000FD
:20AB0000000000000000001000000000000000000000000000000010000000000000000015
:20AB20000000000000000010000000000000000000000000000000100000000000000000F5
:20AB400000000000000000101B000000000000000000000000000010101000111000000079
:20AB60000000000000000010000000000000000000000000000000100000000000000000B5
:20AB8000000000000000001000000000000000000000000000000010000000000000000095
:20ABA000000000000000001000000000000000000000000000000010000000000000000075
:20ABC0000000000000000010000000000000000000000000000000101B000000000000003A
:20ABE0000000000000000010101000111000000000000000000000100000000000000000F4
:20AC0000000000000000001000000000000000000000000000000010000000000000000014
:20AC20000000000000000010000000000000000000000000000000101B00000000000000D9
:20AC40000000000000000010000000000000000000000000000000100000000000000000D4
:20AC60000000000000000010000000000000000000000000000000100000000000000000B4
:20AC80000000000000000010000000000000000000000000000000101B0000000000000079
:20ACA00000000000000000101B000000000000000000000000000010100000000000000049
:20ACC00000000000000000101B0000000000000000000000000000101B000000000000001E
:20ACE00000000000000000101B000000000000000000000000000010000000000000000019
:20AD0000000000000000001000000000000000000000000000000010000000000000000013
:20AD20000000000000000010000000000000000000000000000000102800000000000000CB
:20AD4000000000000000001023000000000000000000000000000010270000000000000089
:20AD600000000000000000101B0000000000000000000000000000101B000000000000007D
:20AD800000000000000000101B0000000000000000000000000000102D3200000000000019
:20ADA00000000000000000101B0000000000000000000000000000101B000000000000003D
:20ADC00000000000000000101B0000000000000000000000000000102D2D320000000000AC
:20ADE00000000000000000101B0000000000000000000000000000101B00000000000000FD
:20AE000000000000000000101B0000000000000000000000000000102D2D2D32000000003E
:20AE200000000000000000101B0000000000000000000000000000101B00000000000000BC
:20AE400000000000000000101B0000000000000000000000000000101B000000000000009C
:20AE600000000000000000101B0000000000000000000000000000101B000000000000007C
:20AE80000000000000000000000000000000000000000000000000000000000000000000B2
:20AEA000000000000000000000000000000000000000000000000000000000000000000092
:20AEC000000000000000000000000000000000110000000000000000000000000000101041
:20AEE000000000000000000000000000000000180000000000000000000000000000000C2E
:20AF00000000000000000000000000000000000C00000000000000000000000000190018F4
:20AF2000000000000000000000000000000019180000000000000000000000000000190CBB
:20AF4000000000000000000000000000000000180000000000000000000000000000000CCD
:20AF60000000000000000000000000001900000C000000000000000000000000190000187B
:20AF8000000000000000000000000000190000180000000000000000000000000000001868
:20AFA0000000000000000000000000000000000C0000000000000000000019000000000C60
:20AFC000000000000000000000000000000000180000000000000000000000190000001828
:20AFE000000000000000000000000019000000180000000000000000000000000000001808
:20B00000000000000000000000000000000000180000000000000000000000000000001800
:20B02000000000000000000000001900000000180000000000000000000019000000000CBA
:20B040000000000000000000000000000000000C00000000000000000000000000000018CC
:20B060000000000000000000000000000000000C0000000000000000001900000000000C9F
:20B080000000000000000000000000000000000C0000000000000000000019000000001873
:20B0A000000000000000000000000000000000180000000000000000000000190000001847
:20B0C0000000000000000000000000190000000C000000000000000000000019000000181A
:20B0E0000000000000000000000000190000000C0000000000000000000011190000000CF5
:20B100000000000000000000000000190000001800000000000000000000001900000018CD
:20B120000000000000000000000000190000001800000000000000000000F41900000018B9
:20B1400000000000000000000000F519000000180000000000000000000000190000001898
:20B160000000000000000000000000190000000C0000000000000000000000000000001892
:20B180000000000000000000000000001900000C0000000000000000000000000000000C7E
:20B1A000000000000000000000000000001900180000000000000000000000000000001846
:20B1C00000000000000000000000000000001918000000000000000000000000000019180D
:20B1E0000000000000000000000000000000191800000000000000000000000000001918ED
:20B200000000000000000000000000000000190C0000000000000000000000000011190CD3
:20B220000000000000000000000000000000191800000000000000000000000000001918AC
:20B240000000000000000000000000000000000C0000000000000000000000000000000CD6
:20B26000000000000000000000000000000000180000000000000000000000000000191885
:20B28000000000000000000000000000000000180000000000000000000000101B00001655
:20B2A00000000000000000000000000000000000000000000000000000000000000000008E
:20B2C00000000000000000000000000000000000000000000000000000000000000000006E
:20B2E00000000000000000000000000000000000000000000000000000000000000000004E
:20B30000000000000000000000000000000000110000000000000000000000101B001010D1
:20B3200000000000000000000000000000000000000000000000000000000000000000000D
:20B340000000000000000000000000000000000000000000000000000000000000000000ED
:20B360000000000000000000000000000000000000000000000000000000000000000011BC
:20B380000000000000000000000000101B0010100000000000000000000000000000000062
:20B3A00000000000000000000000000000000000000000000000000000000000000000008D
:20B3C00000000000000000000000000000000000000000000000000000000000000000006D
:20B3E000000000000000000000000000000000000000000000000000000000101B00001111
:20B400000000000000000000000000101B00001100000000000000000000000000000000F0
:20B4200000000000000000000000000000000000000000000000000000000000000000000C
:20B440000000000000000000000000000000000000000000000000000000000000000000EC
:20B460000000000000000000000000101B0000110000000000000000000000101B00001154
:20B480000000000000000000000000101B0000110000000000000000000000000000000070
:20B4A00000000000000000000000000000000000000000000000000000000000000000008C
:20B4C0000000000000000000000000101B0000110000000000000000000000101B000011F4
:20B4E00000000000000000000000000000000000000000000000000000000000000000004C
:20B5000000000000000000000000000000000000000000000000000000000000000000002B
:20B5200000000000000000000000000000000000000000000000000000000000000000000B
:20B540000000000000000000000000000000000000000000000000000000000000000000EB
:20B56000000000000000000000000000000000000000000000000000000000101B0011107F
:20B580000000000000000000000000000000000000000000000000000000000000000000AB
:20B5A000242424242424242424242424242424242F2F2F2F2F2F2F2F2F2F2F2F2F2F2F2F5B
:20B5C0002F2F2F2F2F2F2F2F2F2F2F2F2F2F2F2F2F2F2F2F2F2F2F2F2F2F2F2F2F2F2F2F8B
:20B5E0002F2F2F2F2F2F2F2F2F2F2F2F2F2F2F2F2F2F2F2F2F2F2F2F2F2F2F2F2F2F2F2F6B
:20B600002F2F2F2F2F2F2F2F2F2F2F2F2F2F2F2F2F2F2F2F2F2F2F2F2F2F2F2F2F2F2F2F4A
:20B620002F2F2F2F2F2F2F2F2F2F2F2F2F2F2F2F2F2F2F2F2F2F2F2F2F2F2F2F2F2F2F2F2A
:10B640002F2F2F2F2F2F2F2F2F2F2F2F2F2F2F2F0A
:020000040007F3
:20C00000000000000000000000000000000000000000000000000000000000000000000020
:20C02000000000000000000000000000000000000000000000000000000000000000000000
:20C040000000000000000000000000000000000000000000000000000000000000000000E0
:20C060000000000000000000000000000000000000000000000000000000000000000000C0
:20C080000000000000000000000000000000000000000000000000000000000000000000A0
:20C0A000000000000000000000000000000000000000000000000000000000000000000080
:20C0C00000000000000000000000000000000000000000000000000000000000000000352B
:20C0E00000000000000000000000000000000011000000000000000000000000000000111E
:20C100000000000000000000000000000000001100000000000000000000000000000011FD
:20C120000000000000000000000000000000000000000000000000000000000000000000FF
:20C140000000000000000000000000000000000000000000000000000000000000000000DF
:20C160000000000000000000000000000000000000000000000000000000000000000011AE
:20C1800000000000000000000000000000000011000000000000000000000000000000008E
:20C1A00000000000000000000000000000000000000000000000000000000000000000007F
:20C1C00000000000000000000000000000000000000000000000000000000000000000005F
:20C1E00000000000000000000000000000000000000000000000000000000000000000003F
:20C2000000000000000000000000000000000000000000000000000000000000000000110D
:20C220000000000000000000000000000000001100000000000000000000000000000010DD
:20C240000000000000000000000000000000000C0000000000000000000000000000000CC6
:20C260000000000000000000000000000000000C0000000000000000000000000000102D75
:20C2800000000000000000000000000000000000000000000000000000000000000000009E
:20C2A00000000000000000000000000000000000000000000000000000000000000000007E
:20C2C00000000000000000000000000000000000000000000000000000000000000000005E
:20C2E00000000000000000000000000000000000000000000000000000000000000000003E
:20C300000000000000000000000000000000003500000000000000000000000000000011D7
:20C320000000000000000000000000000000001100000000000000000000000000000011DB
:20C340000000000000000000000000000000001100000000000000000000000000001911A2
:20C3600000000000000000000000000000000011000000000000000000000000000000119B
:20C3800000000000000000000000000000000011000000000000000000000000000000008C
:20C3A00000000000000000000000000000000000000000000000000000000000000000007D
:20C3C00000000000000000000000000000000000000000000000000000000000000000005D
:20C3E00000000000000000000000000000000000000000000000000000000000000000003D
:20C400000000000000000000000000000000001100000000000000000000000000000011FA
:20C420000000000000000000000000000000001000000000000000000000000000000018D4
:20C440000000000000000000000000000000001800000000000000000000000000000018AC
:20C460000000000000000000000000000000102D0000000000000000000000000000000C73
:20C480000000000000000000000000000000000C0000000000000000000000000000001878
:20C4A00000000000000000000000000000102D2D0000000000000000000000000000001101
:20C4C00000000000000000000000000000000011000000000000000000000000000000113A
:20C4E00000000000000000000000000000000000000000000000000000000000000000003C
:20C5000000000000000000000000000000000000000000000000000000000000000000001B
:20C520000000000000000000000000000000000000000000000000000000000000000000FB
:20C540000000000000000000000000000000001100000000000000000000000000000011B9
:20C560000000000000000000000000000000000000000000000000000000000000000000BB
:20C5800000000000000000000000000000000000000000000000000000000000000000118A
:20C5A00000000000000000000000000000000000000000000000000000000000000000007B
:20C5C00000000000000000000000000000000000000000000000000000000000001110003A
:20C5E00000000000000000000000000000000000000000000000000000000000000000003B
:20C6000000000000000000000000000000000000000000000000000000000000000000001A
:20C620000000000000000000000000000000001100000000000000000000000000000000E9
:20C64000000000000000000000000000000000000000000000000000000000101B000000AF
:20C660000000000000000000000000101B0000EA0000000000000000000000101B0000EB8F
:20C680000000000000000000000000101B0000000000000000000000000000101B00000044
:20C6A0000000000000000000000000101B0000000000000000000000000000101B000035EF
:20C6C0000000000000000000000000101B0000000000000000000000000000101B00000004
:20C6E0000000000000000000000000101B0000000000000000000000000000101B0000EAFA
:20C700000000000000000000000000101B0000EB0000000000000000000000101B000000D8
:20C720000000000000000000000000000000000000000000000000000000000000000000F9
:20C740000000000000000000000000000000000000000000000000000000000000000000D9
:20C760000000000000000000000000000000000000000000000000000000000000000000B9
:20C78000000000000000000000000000000000110000000000000000000000000000000088
:20C7A000000000000000000000000000000000000000000000000000000000000000000079
:20C7C000000000000000000000000000001110000000000000000000000000000000000038
:20C7E000000000000000000000000000000000000000000000000000000000000000000039
:20C80000000000000000000000000000000000000000000000000000000000000000001107
:20C820000000000000000000000000000000001100000000000000000000000000000010D7
:20C840000000000000000000000000000000001100000000000000000000000000000011B6
:20C860000000000000000000000000000000001100000000000000000000000000000000A7
:20C88000000000000000000000000000000000000000000000000000000000000000000098
:20C8A000000000000000000000000000001110000000000000000000000000000000000057
:20C8C000000000000000000000000000000000350000000000000000000000000000001112
:20C8E000000000000000000000000000000000110000000000000000000000000000001116
:20C900000000000000000000000000000000001100000000000000000000000000000010F6
:20C920000000000000000000000000000000001600000000000000000000000000000016CB
:20C940000000000000000000000000000000001600000000000000000000000000000016AB
:20C9600000000000000000000000000000000010000000000000000000000000000000188F
:20C98000000000000000000000000000000000180000000000000000000000000000001867
:20C9A0000000000000000000000000000000102D0000000000000000000000000000190C15
:20C9C0000000000000000000000000000000190C0000000000000000000000000000191801
:20C9E0000000000000000000000000000011102D00000000000000000000000000000018D1
:20CA00000000000000000000000000000000001800000000000000000000000000000010EE
:20CA20000000000000000000000000000000001600000000000000000000000000000016CA
:20CA4000000000000000000000000000000011160000000000000000000000000000001699
:20CA600000000000000000000000000000000016000000000000000000000000000035105B
:20CA8000000000000000000000000000000000180000000000000000000000000000000C72
:20CAA0000000000000000000000000000000000C0000000000000000000000000000001852
:20CAC00000000000000000000000000000190018000000000000000000000000000000180D
:20CAE0000000000000000000000000000000000C0000000000000000000000000000001812
:20CB00000000000000000000000000001900000C0000000000000000000000000000000CE4
:20CB20000000000000000000000000000000001800000000000000000000000000000018C5
:20CB400000000000000000000000001900000018000000000000000000000000000000188C
:20CB600000000000000000000000000000000018000000000000000000000000000019186C
:20CB80000000000000000000000000000000190C0000000000000000000000000000190C4B
:20CBA000000000000000000000000000000000180000000000000000000000000000001647
:20CBC000000000000000000000000000000000160000000000000000000000000000001827
:20CBE000000000000000000000000000000000180000000000000000000000000000001805
:20CC00000000000000000000000000000000191800000000000000000000000000000018CB
:20CC20000000000000000000000000000000000C00000000000000000000000000000018D0
:20CC40000000000000000000000000000019000C0000000000000000000000000000000CA3
:20CC600000000000000000000000000000001918000000000000000000000000000000186B
:20CC8000000000000000000000000011190000100000000000000000000000000000001644
:20CCA00000000000000000000000000000000016000000000000000000000000000011103D
:20CCC000000000000000000000000000000000180000000000000000000000000000001824
:20CCE00000000000000000000000000000000010000000000000000000000000000000180C
:20CD00000000000000000000000000000000000C0000000000000000000000000000000CFB
:20CD20000000000000000000000000000000102D0000000000000000000000000000000CAA
:20CD40000000000000000000000000000000000C00000000000000000000000000000018AF
:20CD600000000000000000000000000035102D2D00000000000000000000000000000018FC
:20CD8000000000000000000000000000000000180000000000000000000000000000001863
:20CDA0000000000000000000000000000000000C0000000000000000000000000000000C5B
:20CDC000000000000000000000000000000000180000000000000000000000000000102DFE
:20CDE000000000000000000000000000000000180000000000000000000000000000001803
:20CE00000000000000000000000000000000001000000000000000000000000000000018EA
:20CE20000000000000000000000000000000001800000000000000000000000000000018C2
:20CE40000000000000000000000000000000102D0000000000000000000000000000000C89
:20CE60000000000000000000000000000000000C000000000000000000000000000000188E
:20CE800000000000000000000000000000102D2D0000000000000000000000000000000C1C
:20CEA0000000000000000000000000000000000C000000000000000000000000000000184E
:20CEC000000000000000000000000035102D2D2D000000000000000000000000000000186E
:20CEE000000000000000000000000000000000180000000000000000000000000000000C0E
:20CF0000000000000000000000000000000000180000000000000000000000000000000CED
:20CF20000000000000000000000000000000000C00000000000000000000000000000010D5
:20CF40000000000000000000000000000000001000000000000000000000000000000018A9
:20CF6000000000000000000000000000000000180000000000000000000000000000102D5C
:20CF80000000000000000000000000000000000C0000000000000000000000000000000C79
:20CFA00000000000000000000000000000000018000000000000000000101B0000102D2DC4
:20CFC000000000000000000000101B0000000018000000000000000000101B0000000018CB
:20CFE00000000000000000000000000000000010000000000000000000000000000000160B
:20D000000000000000000000000000000000001000000000000000000000000000000011EF
:20D020000000000000000000000000000000001100000000000000000000000000000011CE
:20D040000000000000000000000000000000000000000000000000000000000000000000D0
:20D060000000000000000000000000000000000000000000000000000000000000000000B0
:20D0800000000000000000000000000000000011000000000000000000000000000000007F
:20D0A000000000000000000000000000000000000000000000000000000000000000000070
:20D0C000000000000000000000000000000000F4000000000000000000000000000000F666
:20D0E000000000000000000000000000000000F5000000000000000000000000000000003B
:20D1000000000000000000000000000000000000000000000000000000000000000000000F
:20D120000000000000000000000000000000001100000000000000000000000000000011CD
:20D140000000000000000000000000000000001000000000000000000000000000000018A7
:20D1600000000000000000000000000000000018000000000000000000000000000000187F
:20D180000000000000000000000000000000102D0000000000000000000000000000000C46
:20D1A0000000000000000000000000000000000C000000000000000000000000000000184B
:20D1C00000000000000000000000000000102D2D00000000000000000000000000000018CD
:20D1E0000000000000000000000000000000000C0000000000000000000000000000000C17
:20D20000000000000000000000000000102D2D2D0000000000000000000000001900000C52
:20D22000000000000000000000000000190000180000000000000000000000001900000C98
:20D240000000000000000000000000001900000C000000000000000000000011102D2D2D01
:20D26000000000000000000000000000000000180000000000000000000000000019001865
:20D280000000000000000000000000000019000C0000000000000000000000000019001838
:20D2A0000000000000000000000000000000000C0000000000000000000000000035190C08
:20D2C00000000000000000000000000000000018000000000000000000000000000000181E
:20D2E000000000000000000000000000000000180000000000000000000000000000000C0A
:20D30000000000000000000000000019000000180000000000000000000000190000000CB7
:20D320000000000000000000000000000000000C00000000000000000000000000000018C9
:20D3400000000000000000000000190000000018000000000000000000001900000000186B
:20D36000000000000000000000000000000000180000000000000000000000190000001864
:20D38000000000000000000000000000000000180000000000000000000000001900001844
:20D3A0000000000000000000000000000000000C0000000000000000000000000019000C3C
:20D3C000000000000000000000000000001900180000000000000000000000000000001804
:20D3E0000000000000000000000000000000001800000000000000000000000000000018FD
:20D400000000000000000000000000000000102D000000000000000000000000000019189E
:20D42000000000000000000000000000000019180000000000000000000000000000190C96
:20D440000000000000000000000000000000190C0000000000000000000000000000191876
:20D460000000000000000000000000000000190C0000000000000000000000000000191856
:20D48000000000000000000000000000001119180000000000000000000000000000190C25
:20D4A000000000000000000000000000000019180000000000000000000000000000102DFE
:20D4C0000000000000000000000000000000000C0000000000000000000000000000001828
:20D4E0000000000000000000000000000000001800000000000000000000000000190018E3
:20D500000000000000000000000000000000000C00000000000000000000000000000018E7
:20D520000000000000000000000000000000000C0000000000000000000000001900000CBA
:20D5400000000000000000000000000000000018000000000000000000000000000000189B
:20D5600000000000000000000000000000000000000000000000000000000019000000355D
:20D580000000000000000000000000000000000C0000000000000000000000000000000C73
:20D5A000000000000000000000000000000000180000000000000000000000000000000C47
:20D5C0000000000000000000000000001900000C000000000000000000000000000000180E
:20D5E0000000000000000000000000000000001800000000000000000000000000000018FB
:20D60000000000000000000000000035102D2D2D000000000000000000000000000000112D
:20D620000000000000000000000000000000001100000000000000000000000000000011C8
:20D640000000000000000000000000000000001100000000000000000000000000000011A8
:20D66000000000000000000000000000000000110000000000000000000000000000000099
:20D6800000000000000000000000000000000000000000000000000000000000000000008A
:20D6A00000000000000000000000000000000000000000000000000000000000000000006A
:20D6C00000000000000000000000000000000000000000000000000000000000000000004A
:20D6E00000000000000000000000000000000000000000000000000000000000000000002A
:20D700000000000000000000000000000000000000000000000000000000000000000011F8
:20D720000000000000000000000000000000001100000000000000000000000000000000D8
:20D7400000000000000000000000000000000000000000000000000000000000000000F4D5
:20D76000000000000000000000000000000000F6000000000000000000000000000000F5BE
:20D7800000000000000000000000000000000000000000000000000000000000101B00005E
:20D7A000000000000000000000000000101B0000000000000000000000000000000000003E
:20D7C000000000000000000000000000000000000000000000000000000000000000000049
:20D7E000000000000000000000000000000000000000000000000000000000000000000029
:20D800000000000000000000000000000000102D00000000000000000000000000000018B3
:20D8200000000000000000000000000000000018000000000000000000000035102D2D2D04
:20D84000000000000000000000000000000000180000000000000000000000000000000CA4
:20D86000000000000000000000190000000000180000000000000000001900000000000C52
:20D880000000000000000000001900000000000C0000000000000000001900000000000C3E
:20D8A000000000000000000000001900000000180000000000000000000019000000000C12
:20D8C000000000000000000000001900000000180000000000000000000019000000000CF2
:20D8E0000000000000000000000019000000000C00000000000000000011190000000018C1
:20D90000000000000000000000000000000000180000000000000000000000000000000CE3
:20D920000000000000000000000000001900000C0000000000000000000000001900000C9D
:20D94000000000000000000000000000000000180000000000000000000000000000000CA3
:20D960000000000000000000000000000000000C000000000000000000000019000000186A
:20D9800000000000000000000000000000000018000000000000000000000000190000183E
:20D9A0000000000000000000000000000000001800000000000000000000000035190018E9
:20D9C000000000000000000000000000000000180000000000000000000000000000001817
:20D9E0000000000000000000000000000000000C0000000000000000000000000000001803
:20DA00000000000000000000000000000000000C0000000000000000000000000000000CEE
:20DA20000000000000000000000000000019000C0000000000000000000000000000000CB5
:20DA40000000000000000000000000001C1C1C18060606060605000000000000102D2D2DA0
:20DA6000060606060605000000000000000000000606060606050000000000000000000060
:20DA8000020202020201000000000000000000000606060606050000000000000000000058
:20DAA000060606060605000000000000000000000606060606050000000000000000000020
:20DAC000020202020201000000000000000000000606060606050000000000000000000018
:20DAE0000606060606050000000000000000000006060606060500000000000000000000E0
:20DB00000202020202010000000000000000000006060606060500000000000000000000D7
:20DB200006060606060500000000000000000000060606060605000000000000000000009F
:20DB4000020202020201000000000000000000000606060606050000000000000000000097
:20DB600006060606060500000000000000000000060606060605000000000000000000005F
:20DB8000020202020201100000000000000000000606060606052F10000000000000000008
:20DBA0000606060606052F2F10000000000000000606060606052F2F2F1000000000000014
:20DBC0000202020202012F2F10000000000000000606060606052F1000000000000000006A
:20DBE0000606060606051000000000000000000006060606060500000000000000000000CF
:20DC00000202020202010000000000000000000006060606060500000000000000000010C6
:20DC20000606060606050000000000000000102F06060606060500000000000000102F2FF1
:20DC4000020202020201000000000000102F2F2F06060606060500000000000000102F2F8B
:20DC60000606060606050000000000000000102F060606060605000000000000000000100F
:20DC8000020202020201000000000000000000000606060606050000000000000000000056
:20DCA000060606060605100000000000000000000606060606052F100000000000000000CF
:20DCC0000202020202012F2F2F000000000000000606060606052F2F2F2F000000000000CD
:20DCE0000606060606052F2F2F2F1000000000000606060606052F2F2F2F2F100000000017
:20DD00000202020202012F2F2F2F2F10000000000606060606052F2F2F2F2F1000000000DF
:20DD20000606060606052F2F2F2F2F10000000000606060606052F2F2F2F2F1000000000A7
:20DD40000202020202012F2F2F2F2F10000000000606060606052F2F2F2F2F10000000009F
:20DD60000606060606052F2F2F2F1000000000000606060606052F2F2F2F000000000000D5
:20DD80000202020202012F2F2F000000000000000606060606052F10000000000000000089
:20DDA00006060606060510000000000000000000060606060605000000000000000000000D
:20DDC000020202020201000000000000000000100606060606050000000000000000102FC6
:20DDE00006060606060500000000000000102F2F060606060605000000000000102F2F2FD2
:20DE00000202020202010000000000102F2F2F2F06060606060500000000102F2F2F2F2F0D
:20DE200006060606060500000000102F2F2F2F2F06060606060500000000102F2F2F2F2FA6
:20DE400002020202020100000000102F2F2F2F2F0606060606050000000000102F2F2F2FCD
:20DE6000060606060605000000000000102F2F2F06060606060500000000000000102F2F51
:20DE80000202020202010000000000000000102F06060606060510000000000000000010F5
:20DEA0000606060606052F1000000000000000000606060606052F2F10000000000000006F
:20DEC0000202020202012F2F2F100000000000000606060606052F2F2F2F100000000000AB
:20DEE0000606060606052F2F2F2F2F10000000000606060606052F2F2F2F2F1000000000E6
:20DF00000202020202012F2F2F2F2F10000000000606060606052F2F2F2F2F1000000000DD
:20DF20000606060606052F2F2F2F1000000000000606060606052F2F2F1000000000000032
:20DF40000202020202012F2F10000000000000000606060606052F100000000000000000E6
:20DF6000060606060605100000000000000000100606060606050000000000000000102FFC
:20DF800002020202020100000000000000102F2F060606060605000000000000102F2F2F48
:20DFA0000606060606050000000000102F2F2F2F0606060606050000000000102F2F2F2F83
:20DFC0000202020202010000000000102F2F2F2F0606060606050000000000102F2F2F2F7B
:20DFE000060606060605000000000000102F2F2F06060606060500000000000000102F2FD0
:20E000000202020202010000000000000000102F0606060606050000000000000000001083
:20E0200006060606060500000000000000000000060606060605000000000000000000009A
:20E04000020202020201000000000000000000000606060606051000000000000000001072
:20E060000606060606052F10000000000000102F0606060606052F2F101E000000102F2FE2
:20E080000202020202012F2F101E000000102F2F0606060606052F2F101E000000102F2F5E
:20E0A0000606060606052F2F101E000000102F2F0606060606052F2F101E000000102F2F26
:20E0C0000202020202012F2F101E000000102F2F0606060606052F2F101E000000102F2F1E
:20E0E0000606060606052F2F101E000000102F2F0606060606052F2F101E000000102F2FE6
:20E100000202020202012F2F1000000000102F2F0606060606052F2F1000000000102F2F19
:20E120000606060606052F2F1000000000102F2F0606060606052F2F1000000000102F2FE1
:20E140000202020202012F2F1000000000102F2F0606060606052F2F1000000000102F2FD9
:20E160000606060606052F2F1000000012102F2F0606060606052F2F1000000012102F2F7D
:20E180000202020202012F2F1000000012102F2F0606060606052F2F1000000012102F2F75
:20E1A0000606060606052F2F1000000012102F2F0606060606052F2F1000000012102F2F3D
:20E1C0000202020202012F2F1000000012102F2F0606060606052F2F1000000012102F2F35
:20E1E0000606060606052F2F1000000012102F2F0606060606052F2F1000000012102F2FFD
:20E200000202020202012F2F1000000000102F2F0606060606052F2F1000000000102F2F18
:20E220000606060606052F2F1000000000102F2F0606060606052F2F1000000000102F2FE0
:20E240000202020202012F2F1000000000102F2F0606060606052F2F1000000000102F2FD8
:20E260000606060606052F2F1000000000102F2F0606060606052F2F1000000000102F2FA0
:20E280000202020202012F2F1000000000102F2F0606060606052F2F1000000000102F2F98
:20E2A0000606060606052F2F1000000000102F2F0606060606052F2F1000000000102F2F60
:20E2C0000202020202012F2F1000000000102F2F0606060606052F2F1000000000102F2F58
:20E2E0000606060606052F2F1000000000102F2F060606060605101010000000001010109C
:20E300000000000000000000000000000000001100000000000000000000000000000000EC
:20E320000000000000000000000000000000000000000000000000000000000000000000DD
:20E340000000000000000000000000000000000000000000000000000000000000000000BD
:20E3600000000000000000000000000000000000000000000000000000000000000000118C
:20E3800000000000000000000000000000000011000000000000000000000000000000006C
:20E3A00000000000000000000000000000000000000000000000000000000000000000005D
:20E3C00000000000000000000000000000000011000000000000000000000000000000101C
:20E3E0000000000000000000000000000000001600000000000000000000000000000010F7
:20E40000000000000000000000000000000000180000000000000000000000000000000CD8
:20E42000000000000000000000000000000000180000000000000000000000000000190C9F
:20E440000000000000000000000000000000000C0000000000000000000000000000001898
:20E460000000000000000000000000000000000C0000000000000000000000000019000C6B
:20E480000000000000000000000000000000000C000000000000000000000000000019183F
:20E4A0000000000000000000000000000000190C0000000000000000000000000000000C2B
:20E4C0000000000000000000000000000000000C0000000000000000000000000000001818
:20E4E0000000000000000000000000000019001800000000000000000000000000000018D3
:20E500000000000000000000000000000000001000000000000000000000000000003510A6
:20E520000000000000000000000000000000001100000000000000000000000000000011B9
:20E54000000000000000000000000000000000110000000000000000000000000000001199
:20E5600000000000000000000000000000000000000000000000000000000000000000009B
:20E5800000000000000000000000000000000000000000000000000000000000000000007B
:20E5A00000000000000000000000000000000000000000000000000000000000000000005B
:20E5C00000000000000000000000000000000000000000000000000000000000000000003B
:20E5E0000000000000000000000000000000001100000000000000000000000000000011F9
:20E60000000000000000000000000000000000100000000000000000000000000000000CDE
:20E62000000000000000000000000000000000180000000000000000000000000000000CB6
:20E640000000000000000000000000000035190C0000000000000000000000000000001848
:20E66000000000000000000000000000111910100000000000000000000000000000000C44
:20E680000000000000000000000000000000000C0000000000000000000000000000001856
:20E6A0000000000000000000000000000000000C0000000000000000000000000000351009
:20E6C00000000000000000000000000000000018000000000000000000000000000000180A
:20E6E0000000000000000000000000001119101000000000000000000000000000000018B8
:20E700000000000000000000000000000019000C0000000000000000000000000019000CAF
:20E72000000000000000000000000000000000180000000000000000000000000000191890
:20E740000000000000000000000000000000190C0000000000000000000000000000000C88
:20E76000000000000000000000000000000000180000000000000000000000000000001869
:20E78000000000000000000000000000001900180000000000000000000000000000001830
:20E7A000000000000000000000000000000000100000000000000000000000000000351004
:20E7C000000000000000000000000000000000110000000000000000000000000000001117
:20E7E0000000000000000000000000000000001100000000000000000000000000000011F7
:20E800000000000000000000000000000000000000000000000000000000000000000000F8
:20E820000000000000000000000000000000000000000000000000000000000000000000D8
:20E840000000000000000000000000000000000000000000000000000000000000000000B8
:20E86000000000000000000000000000000000000000000000000000000000000000000098
:20E88000000000000000000000000000000000000000000000000000000000000000001167
:20E8A000000000000000000000000010100010100000000000000000000000000000000018
:20E8C000000000000000000000000000000000000000000000000000000000000000000038
:20E8E000000000000000000000000000000000000000000000000000000000000000000018
:20E900000000000000000000000000000000001100000000000000000000001010001010A6
:20E920000000000000000000000000000000000000000000000000000000000000000000D7
:20E940000000000000000000000000000000000000000000000000000000000000000000B7
:20E96000000000000000000000000000000000000000000000000000000000000000001186
:20E98000000000000000000000000010100010100000000000000000000000000000001621
:20E9A00000000000000000000000000000000016000000000000000000000000000000162B
:20E9C00000000000000000000000000000000016000000000000000000000000000000160B
:20E9E0000000000000000000000000000000001600000000000000000000000000000016EB
:20EA00000000000000000000000000000000001600000000000000000000000000001116B9
:20EA20000000000000000000000000000000001600000000000000000000000000000016AA
:20EA400000000000000000000000000000000010000000000000000000000000000000188E
:20EA6000000000000000000000000000000000180000000000000000000000000000001866
:20EA800000000000000000000000000000000016000000000000000000000000000000164A
:20EAA000000000000000000000000000000000160000000000000000000000000000111619
:20EAC000000000000000000000000000000000180000000000000000000000000000000C12
:20EAE0000000000000000000000000000000001600000000000000000000000000000016EA
:20EB00000000000000000000000000000000001600000000000000000000000000000016C9
:20EB20000000000000000000000000000000000C00000000000000000000000000000018B1
:20EB40000000000000000000000000000000000C0000000000000000000000000000190C84
:20EB6000000000000000000000000000000000180000000000000000000000000000001865
:20EB8000000000000000000000000000000000180000000000000000000000000019000C38
:20EBA0000000000000000000000000000000000C0000000000000000000000000000001831
:20EBC00000000000000000000000000000000000000000000000000000000000190000001C
:20EBE0000000000000000000101B00001900000000000000000000000000000019000000B8
:20EC00000000000000000000000000001900000C0000000000000000000000111900000C99
:20EC20000000000000000000000000001900000C0000000000000000000000001900000096
:20EC4000000000000000000000000000190000000000000000000000000000001900000082
:20EC6000000000000000000000000000190000000000000000000000000000000000003546
:20EC80000000000000000000000000000000000C0000000000000000000000000019000C43
:20ECA0000000000000000000000000000019001800000000000000000000000000190018F2
:20ECC0000000000000000000000000000019000C0000000000000000000000001119000CD9
:20ECE0000000000000000000000000000000000C0000000000000000000000000000000CFC
:20ED00000000000000000000000000000000001600000000000000000000000000000016C7
:20ED20000000000000000000000000000000001600000000000000000000000000000016A7
:20ED4000000000000000000000000000000000160000000000000000000000000000001687
:20ED600000000000000000000000000000001116000000000000000000000000000000006C
:20ED8000000000000000000000000000000000000000000000000000000000000000000073
:20EDA000000000000000000000000000000000000000000000000000000000000000000053
:20EDC000000000000000000000000000000000110000000000000000000000000000000022
:20EDE000000000000000000000000000000000000000000000000000000000000000000013
:20EE0000000000000000000000000000000000F4000000000000000000000000000000F509
:20EE20000000000000000000000000000000000000000000000000000000000000000000D2
:20EE400000000000000000000000000000101B0000000000000000000000000000101B005C
:20EE6000000000000000000000000000000000000000000000000000000000000000000092
:20EE8000000000000000000000000000000000000000000000000000000000000000000072
:20EEA000000000000000000000000000000000000000000000000000000000000000001141
:20EEC000000000000000000000000000000000000000000000000000000000000000000032
:20EEE00000000000000000000000000000000000000000000000000000000000000000F41E
:20EF0000000000000000000000000000000000F500000000000000000000000000000000FC
:20EF20000000000000000000000000000000000000000000000000000000000000101B00A6
:20EF400000000000000000000000000000101B0000000000000000000000000000101B005B
:20EF600000000000000000000000000000101B000000000000000000000000000000000066
:20EF8000000000000000000000000000000000000000000000000000000000000000000071
:20EFA00000000000000000000000000000000011000000000000000000000000000000112F
:20EFC000000000000000000000000000000000000000000000000000000000000000000031
:20EFE000000000000000000000000000000000000000000000000000000000000000000011
:20F000000000000000000000000000000000000000000000000000000000000000000000F0
:20F020000000000000000000000000000000000000000000000000000000000000000000D0
:20F04000000000000000000000000000000000110000000000000000000000101B00101054
:20F06000000000000000000000000000000000000000000000000000000000000000000090
:20F08000000000000000000000000000000000000000000000000000000000000000000070
:20F0A000000000000000000000000000000000000000000000000000000000000000000050
:20F0C00000000000000000000000000000000000000000000000000000000000000000111F
:20F0E0000000000000000000000000101B00101000000000000000000000000000000000C5
:20F100000000000000000000000000000000000000000000000000000000000000000000EF
:20F120000000000000000000000000000000000000000000000000000000000000000000CF
:20F140000000000000000000000000000000000000000000000000000000000000000000AF
:20F16000000000000000000000000000000000110000000000000000000000101B00101033
:20F18000000000000000000000000000000000160000000000000000000000000000001643
:20F1A000000000000000000000000000000000100000000000000000000000000000000C33
:20F1C0000000000000000000000000000000000C000000000000000000000000000000180B
:20F1E0000000000000000000000000000000102D0000000000000000000000000000000CC6
:20F200000000000000000000000000000000000C00000000000000000000000000000018CA
:20F2200000000000000000000000000000102D2D000000000000000000000000000000184C
:20F24000000000000000000000000000000000180000000000000000000000000000102D59
:20F2600000000000000000000000000000000018000000000000000000000000000000185E
:20F280000000000000000000000000000000001800000000000000000000000000102D2DEC
:20F2A00000000000000000000000000000000018000000000000000000000000000000181E
:20F2C0000000000000000000000000000000001800000000000000000000000010000018EE
:20F2E0000000000000000000000000001000000C00000000000000000000000010000018CA
:20F300000000000000000000000000000000000C0000000000000000000000000000000CD5
:20F3200000000000000000000000000000000018000000000000000000000000000000189D
:20F3400000000000000000000000000000102D2D000000000000000000000000000000182B
:20F3600000000000000000000000000000000018000000000000000000000000000000185D
:20F38000000000000000000000000000102D2D2D00000000000000000000000000000018BE
:20F3A000000000000000000000000011100000180000000000000000000000000000000C08
:20F3C0000000000000000000000000000000000C0000000000000000000000000000001809
:20F3E0000000000000000000000000000000001000000000000000000000000000003510B8
:20F400000000000000000000000000000000001100000000000000000000000000000011CA
:20F420000000000000000000000000000000000000000000000000000000000000000000CC
:20F44000242424242424242424242424242424242F2F2F2F2F2F2F2F2F2F2F2F2F2F2F2F7C
:20F460002F2F2F2F2F2F2F2F2F2F2F2F2F2F2F2F2F2F2F2F2F2F2F2F2F2F2F2F2F2F2F2FAC
:20F480002F2F2F2F2F2F2F2F2F2F2F2F2F2F2F2F2F2F2F2F2F2F2F2F2F2F2F2F2F2F2F2F8C
:20F4A0002F2F2F2F2F2F2F2F2F2F2F2F2F2F2F2F2F2F2F2F2F2F2F2F2F2F2F2F2F2F2F2F6C
:20F4C0002F2F2F2F2F2F2F2F2F2F2F2F2F2F2F2F2F2F2F2F2F2F2F2F2F2F2F2F2F2F2F2F4C
:020000040008F2
:20C00000000000000000000000000000000000000000000000000000000000000000000020
:20C02000000000000000000000000000000000000000000000000000000000000000000000
:20C040000000000000000000000000000000000000000000000000000000000000000000E0
:20C060000000000000000000000000000000000000000000000000000000000000000000C0
:20C080000000000000000000000000000000000000000000000000000000000000000000A0
:20C0A000000000000000000000000000000000110000000000000000000000000000302D12
:20C0C0000000000000000000000000000000000C000000000000000000000000000000183C
:20C0E0000000000000000000000000000000000C0000000000000000000000000000190C0F
:20C100000000000000000000000000000000001800000000000000000000000000000016F1
:20C120000000000000000000000000000000001600000000000000000000000000000018D1
:20C140000000000000000000000000000000000C0000000000000000000000000019000CAE
:20C1600000000000000000000000000000000018000000000000000000000000000000188F
:20C18000000000000000000000000000000000180000000000000000000000001900000C62
:20C1A0000000000000000000000000000000000C000000000000000000101B000019001817
:20C1C0000000000000000000000000000000001800000000000000000000101B00002524D3
:20C1E0000000000000000000000000000000262200000000000000000000000000000018DF
:20C200000000000000000000000000000000000C0000000000000000000000001900000CED
:20C220000000000000000000000000000000001800000000000000000000000000000018CE
:20C240000000000000000000000019000000000C00000000000000000000000000000018A1
:20C260000000000000000000000000000000000C0000000000000000190000000000000C8D
:20C28000000000000000000000000000000000180000000000101B0000190000000000182A
:20C2A000000000000000000000190000000000180000000000000000111900000000000C17
:20C2C000000000000000000000000000000000180000000000000000000000000000000C3A
:20C2E0000000000000000000000000190000000C00000000000000000000001900000018E8
:20C300000000000000000000000000000000000C0000000000000000000000000000000C05
:20C320000000000000101B0000190000000000180000000000000000000000000000000C95
:20C34000000000000000101B00001900000000180000000000000000000000000000000C75
:20C3600000000000000000101B0000190000000C0000000000000000000000000000000C61
:20C380000000000000000000101B0000252424240000000000000000000000002622222255
:20C3A000000000000000000000000000000000180000000000000000000000000000000C59
:20C3C000000000000000000000000000000000180000000000000000000000340000000C05
:20C3E0000000000000000000000000000000000C0000000000000000000000000000000C25
:20C40000000000000000000000000000000000180000000000000000000000000000000CF8
:20C42000000000000000000000000000002524240000000000000000000000000026222225
:20C440000000000000000000000000000000000C00000000000000000000101B0000190C80
:20C460000000000000000000000000000000000C0000000000000000000000101B00003055
:20C4800000000000000000000000000000000000000000000000000000000000000000009C
:20C4A00000000000000000000000000000000000000000000000000000000000000000007C
:20C4C000000000000000000000000000000000110000000000000000000000000000302DEE
:20C4E00000000000000000000000000000000011000000000000000000000000000000111A
:20C500000000000000000000000000000000001100000000000000000000000000000011F9
:20C520000000000000000000000000000000000000000000000000000000000000000035C6
:20C540000000000000000000000000000000001200000000000000000000000000000012B7
:20C56000000000000000000000000000000000120000000000000000000000000000001297
:20C58000000000000000000000000000000034120000000000000000000000000000001243
:20C5A000000000000000000000000000000000120000000000000000000000003400001223
:20C5C000000000000000000000000000000000120000000000000000000000000010101019
:20C5E000000000000000000000000000001A1A1A00000000000000000000000000000000ED
:20C6000000000000000000000000000000000000000000000000000000000000000000001A
:20C620000000000000000000000000000000000000000000000000000000001C1C1C0000A6
:20C640000000000000000000000000101010000000000000000000000000000000000000AA
:20C660000000000000000000000000000000000000000000000000000000000000000011A9
:20C68000000000000000000000000000000000110000000000000000000000000000001178
:20C6A000000000000000000000000000000000300000000000000000000000000000000C3E
:20C6C000000000000000000000000000000000180000000000000000000000000019000C1D
:20C6E0000000000000000000000000000000000C0000000000000000000000000000001816
:20C700000000000000000000000000000000000C0000000000000000000000001900000CE8
:20C7200000000000000000000000000000000018000000000000000000101B000019000C91
:20C740000000000000000000000000000000001800000000000000000000101B000025244D
:20C760000000000000000000000000000000212F0000000000000000000000000011262210
:20C780000000000000000000000000000000000C0000000000000000000000000000000C81
:20C7A0000000000000000000000000000019000C000000000000000000000000000000183C
:20C7C0000000000000000000000000000000000C0000000000000000000000000000001835
:20C7E00000000000000000000000000000302D2D00000000000000000000000000000000AF
:20C80000000000000000000000000000000000000000000000000000000000000000000018
:20C820000000000000000000000000000000000000000000000000000000000000111000D7
:20C840000000000000000000000000000000000000000000000000000000000000000000D8
:20C86000000000000000000000000000000000110000000000000000000000101B00252D2A
:20C8800000000000000000000000000000002E180000000000000000000000000011310C04
:20C8A000000000000000000000000000000000180000000000000000000000001900000C3B
:20C8C0000000000000000000000000000000000C000000000000000000000000001900181B
:20C8E0000000000000000000000000000019001800000000000000000000000000000018EF
:20C90000000000000000000000000000000000180000000000000000101B001900000018A3
:20C920000000000000000000000000190000000C0000000000000000000011190000000C9C
:20C940000000000000000000000000000000001800000000000000000000000000000018A7
:20C96000000000000000000000003400000000180000000000000000000000000000000C5F
:20C98000000000000000000000000000000000180000000000000000000000000000000C73
:20C9A0000000000000000000001900000000000C000000000000000000000000000000183A
:20C9C0000000000000000000000000000000001800000000000000000000351900000018D9
:20C9E0000000000000000000000000000000000C0000000000000000000000000000000C1F
:20CA0000000000000000000000000000000000180000000000000000000000000000000CF2
:20CA2000000000000000000034000000000000180000000000000000000000E80000000CB6
:20CA40000000000000000000000000E90000000C00000000001C1C1C000000000000341841
:20CA600000000000001010100000000000000018000000000000000000001900000000183D
:20CA8000000000000000000000000000000000180000000000000000000000000000001866
:20CAA00000000000101B000019000000000000180000000000000000000000000000001802
:20CAC0000000000000101B00001900000000000C00000000000000000000000000000018EE
:20CAE000000000000000101B000019000000000C0000000000000000000019000000000CC1
:20CB00000000000000000000000000000000001800000000000000000000000000000018E5
:20CB20000000000000000000190000000000001800000000000000000000000000000018AC
:20CB40000000000000000000000000000000000C00000000000000000000000000000018B1
:20CB60000000000000000034000000000000000C0000000000000000000000000000000C69
:20CB8000000000000000000000000000000000180000000000000000000000000000001865
:20CBA0000000000000000019000000000000000C0000000000000000000000000000000C44
:20CBC00000000000101B0000190000000000001800000000000000000000000000000018E1
:20CBE0000000000000000000000000000000001800000000000000000034000000000018D1
:20CC00000000000000000000000000000000000C00000000000000000000000000000018F0
:20CC20000000000000000000000000000000000C0000000000000000351900000000000C8E
:20CC40000000000000000000000000000000001800000000000000000000000000000018A4
:20CC60000000000000000000000000000000000C0000000000000000000000000000000C9C
:20CC80000000101B0000190000000000000000180000000000000000000000000000000C2C
:20CCA000000000101B00001900000000000000180000000000000000000000000000001800
:20CCC00000000000101B0000190000000000000C00000000000000001900000000000018D3
:20CCE0000000000000000011190000000000000C0000000000000000000000000000000CF2
:20CD00000000000000001900000000000000001800000000000000000000000000000018CA
:20CD2000000000000000000000000000000000180000000000000000000000000000000CCF
:20CD4000000000000019000000000000000000180000000000000000000000000000000C96
:20CD60000000000000000000000000000000000C000000000000000000000000000000188F
:20CD80000000000019000000000000000000000C0000000000000000000000000000000C62
:20CDA00000101B0000000000000000000000000C00000000000019000000000000003516D8
:20CDC0000000101B00001900000000000000001800000000000019000000000000000018C6
:20CDE0000000000000000000000000000000000C000000000000000000000000000000180F
:20CE00000000000019000000000000000000000C0000000000000000000000000035190C93
:20CE20000000000000000000000000000000001800001900000000000000000000000018A9
:20CE40000000000000000000000000000000000C1B0000190000000000000000000000187A
:20CE60000000000000000000000000000000000C101B000019000000000000003519000C08
:20CE80000000000000000000000000000000001800101B000019000000000000000000181E
:20CEA000000000000019000000000000000000180000000011190000000033000000000CD8
:20CEC000000000000000000000002E0000000018000000000000000000002E000000000CD2
:20CEE0000000000000000000000031000000000C00000000000000000000003300000018AA
:20CF00000000000000000000000000310000000C0000000000000000000000003300001889
:20CF20000000000000000000000000003100000C0000000000000000000000000033000C75
:20CF4000000000000000000000000000002E001800000000000000000000000000262D2D0B
:20CF600000000000000000000000000000000011000000000000000000000000000000118F
:20CF800000000000000000000000000000000011000000000000000000000000100000115F
:20CFA00000000000000000000000000000000011000000000000000000000000000000114F
:20CFC00000000000000000000000000000000011000000000000000000000010000000111F
:20CFE00000000000000000000000000000000011000000000000000000000000000000110F
:20D000000000000000000010001000000000001100000000000000000000000000000011CE
:20D020000000000000000000000000000000001100000000000000000000001000000011BE
:20D040000000000000000000000000000000001100000000000000000000000000000011AE
:20D0600000000000000000000000000000000011000000000000000000001000000000117E
:20D0800000000000000000000000000000000011000000000000000000000000000000116E
:20D0A00000000000000000303200000000330011000000000000000000000000002E00118B
:20D0C0000000000000000000000000000031001100000000000000000000000000000011FD
:20D0E0000000000000000000000000000000001100000000000000000010001000000011EE
:20D100000000000000000000000000000000001100000000000000000000000000000011ED
:20D120000000000000000000000000000010001100000000000000000000000000000011BD
:20D140000000000000000000000000000000001100000000000000000000000000000011AD
:20D1600000000000000000000000000010000011000000000000000000000000000000117D
:20D1800000000000000000000000000000000011000000000000000000000000000000116D
:20D1A00000000000000000000000001000000011000000000000000000000000000000113D
:20D1C00000000000000000000000000000000011000000000000000000000000000000112D
:20D1E0000000000000000000000010000000001100000000000000000000000000000011FD
:20D200000000000000000000000000000000001100000000000000000000000000000011EC
:20D220000000000000000000001000000000001100000000000000000000000000000011BC
:20D2400000000000000000000000000000000011000000000010001000000000000000118C
:20D2600000000000000000000000000000000011000000000000000000000000000000118C
:20D2800000000000000000000010000000000011000000000000000000000000000000115C
:20D2A00000000000000000000000000000000011000000000010001000000000000000112C
:20D2C00000000000000000000000000000000011000000000000000000000000000000112C
:20D2E0000000000000000000000010000000001100000000000000000000100000000011EC
:20D300000000000000000000001110000000001100000000000000000000000000000011CA
:20D320000000000000000000000000000000001100000000000000000000001000000011BB
:20D340000000000000000000000000000000001100000000000000000000000000000011AB
:20D3600000000000000000100010000000000011000000000000000000000000000000116B
:20D3800000000000000000000000000000000011000000000000000000000010000000115B
:20D3A00000000000000000000000000000000011000000000000000000000000000000114B
:20D3C0000000000000000010003300000000001100000000000000000031000000000011B7
:20D3E00000000000000000000000000000000011000000000000000000000000000000110B
:20D400000000000000000000000000000000001100000000000000001000000000000011DA
:20D420000000000000000000000000000000001100000000000000000000000000000011CA
:20D4400000000000000010000000000000000011000000000000000000000000000000119A
:20D46000000000000000000000000000000000110000000000000000330000000000001157
:20D48000000000000000000031000000000000110000000000000000000000000000001139
:20D4A00000000000000000000000000000000011000000000000000000000000000000114A
:20D4C00000000000000000000010000000000011000000000000000000000000000000111A
:20D4E0000000000000000000000033000000001100000000000000000000310000000011A6
:20D500000000000000000000000000000000001100000000000000000000000000000011E9
:20D520000000000000000000000000000000001100000000000000000000000000000011C9
:20D54000000000000000000000000010000000110000000000000000000000000000001199
:20D56000000000000000000000000000330000110000000000000000000000003100001125
:20D58000000000000000000000000000000000110000000000000000000000000000001169
:20D5A000000000000000000000000000000000110000000000000000000000000000001149
:20D5C000000000000000000000000000001000110000000000000000000000000000001119
:20D5E0000000000000000000000000000000331100000000000000000000000000003111A5
:20D600000000000000000000000000000000001100000000000000000000000000000011E8
:20D620000000000000000000000000000000001100000000000000000000000000100011B8
:20D640000000000000000000000000000000001100000000000000000000000000000011A8
:20D66000000000000000000000100010000000110000000000000000000000000000001168
:20D680000000000000000000000000000000001100000000000000000000000000302D2DEF
:20D6A000000000000000000000000000000000110000000000000000000000000000001148
:20D6C000000000000000000000000000000000110000000000000000000000000000001128
:20D6E0000000000000000000000000000000101100000000000000000000000000000011F8
:20D700000000000000000000000000000000001100000000000000000000000000000011E7
:20D720000000000000000000000000000010001100000000000000000000000000000011B7
:20D740000000000000000000000000000000001100000000000000000000000000000011A7
:20D76000000000000000000000000000100000110000000000000000000000000000001177
:20D780000000000000000000000000000000001100000000000000003032000000001011F5
:20D7A000000000000000000000000000000000110000000000000000000000000000001147
:20D7C000000000000000000000000000000000110000000000000000000010001000001107
:20D7E000000000000000000000000000000000110000000000000000000000000000001107
:20D800000000000000000000000000000000101100000000000000000000000000000011D6
:20D820000000000000000000000000000000001100000000000000000000100010000011A6
:20D840000000000000000000000000000000001100000000000000000000000000000011A6
:20D86000000000000000000000000000000010110000000000000000000000000000001176
:20D88000000000000000000000000000000000110000000000000000000000000000001166
:20D8A000000000000000000000000000000000110000000000000000000000000000341112
:20D8C000000000000000000000000000000000110000000000000000000000000000001126
:20D8E0000000000000000000000000003400001100000000000000000000000000000011D2
:20D900000000000000000000000000000000001100000000000000000000000000000011E5
:20D92000000000000000000000000034000000110000000000000000000000000000001191
:20D940000000000000000000000000000000001100000000000000000000000000000011A5
:20D96000000000000000000000003400000000110000000000000000000000000000001151
:20D98000000000000000000000000000000000110000000000000000000000000000001165
:20D9A000000000000000000000000010000000110000000000000000000000000000001135
:20D9C000000000000000000000000000000000110000000000000000000000001000001115
:20D9E000000000000000000000000000000000110000000000000000000000000000001105
:20DA00000000000000000000000000000000001100000000000000000000001000000011D4
:20DA20000000000000000000000000000000001100000000000000000000000000000011C4
:20DA4000000000000000000000000000100000110000000000000000000000000000001194
:20DA6000000000000000000000000000000000110000000000000000100010000000001164
:20DA8000000000000000000000000000000000110000000000000000000000000000001164
:20DAA0000000000000000000000000003300001100000000000000000000000031000011E0
:20DAC000000000000000000000000000000000110000000000000000000000000000001124
:20DAE0000000000000000000000000000000001100000000000000000000001000000011F4
:20DB00000000000000000000000000000000001100000000000000000000000000000011E3
:20DB200000000000000000000000000000000011000000000000000000003400000000118F
:20DB40000000000000000000000000000000001100000000000000000000000000000011A3
:20DB600000000000000000000000000000000011000000000000000000340000000000114F
:20DB8000000000000000000000000000000000110000000000000000000000000000001163
:20DBA000000000000000000000000000000000110000000000000000000000000000001143
:20DBC0000000000000000000000000000000001100000000000000000000000034000011EF
:20DBE000000000000000000000000000000000110000000000000000000000000000001103
:20DC00000000000000000000000000000000001100000000000000000000000000000011E2
:20DC200000000000000000000000000034000011000000000000000000000000000000118E
:20DC400000000000000000000000000000000011000000000000000000000000003300116F
:20DC6000000000000000000000000000003100110000000000000000000000000000001151
:20DC8000000000000000000000000000000000110000000000000000001000100000001142
:20DCA000000000000000000000000000000000110000000000000000000000000000001142
:20DCC000000000000000000000000000001000110000000000000000000000000000001112
:20DCE000000000000000000000000000000000110000000000000000000000000000001102
:20DD00000000000000000000000000001000001100000000000000000000000000000011D1
:20DD20000000000000000000000000000000001100000000000000000000000000000011C1
:20DD4000000000000000000000000010000000110000000000000000000000000000001191
:20DD6000000000000000000000000000000000110000000000000000000000000000001181
:20DD8000000000000000000000000000000000110000000000000000000000000000001161
:20DDA0000000000000000000000000000000FC110000000000000000000000000035101100
:20DDC000000000000000000000000000000000000000000000000000000000000000000043
:20DDE000000000000000000000000000000000000606060606053028000000000000252D56
:20DE0000020202020201002E0000000000002E00060606060605002E0000000000002E001C
:20DE2000060606060605002E0000000000002E00060606060605002E0000000000002E00E4
:20DE4000020202020201002E0000000000002E00060606060605002E0000000000002E00DC
:20DE6000060606060605002E0000000000002E00060606060605002E0000000000002E00A4
:20DE8000020202020201002E0000000000002E00060606060605002E00000000112527006D
:20DEA000060606060605002E00000000112E00000606060606052D270000000011262D2DCA
:20DEC0000202020202011E0000000000000000120606060606051E000000000000000012B4
:20DEE0000606060606051E0000000000000000120606060606051E0000000000000000127C
:20DF00000202020202011E0000000000000000120606060606051E00000000000000001273
:20DF20000606060606051E0000000000000000120606060606051E000000000000302D2DC3
:20DF40000202020202011E0000000000000000120606060606051E00000000000000001233
:20DF60000606060606051E0000000000000000120606060606051E000000000000000012FB
:20DF80000202020202011E0000000000000000120606060606052D2D2D3200000000001258
:20DFA0000606060606051E0000000000000000120606060606051E000000000000000012BB
:20DFC0000202020202011E0000000000000000120606060606051E000000000000000012B3
:20DFE0000606060606051E0000000000000000120606060606051E000000000000302D2D03
:20E000000202020202011E0000000000000000120606060606051E00000000000000001272
:20E020000606060606051E0000000000000000120606060606051E0000000000000000123A
:20E040000202020202011E0000000000000000120606060606051E00000000000000001232
:20E060000606060606051E001C1C0000000000120606060606051E00303200000000001260
:20E080000202020202011E0000000000000000120606060606051E000000000000000012F2
:20E0A0000606060606051E0000000000000000120606060606051E000000000000000012BA
:20E0C0000202020202011E0000000000000000120606060606051E000000000000000012B2
:20E0E0000606060606052D32000000000000302D0606060606051E000000000000000012EE
:20E100000202020202011E0000000000000000120606060606051E00000000000000001271
:20E120000606060606051E0000000000000000120606060606051E00000000000000001239
:20E140000202020202011E0000000000000000120606060606051E00000000001C1C0012F9
:20E160000606060606051E0000000000303200120606060606051E00000000000000001297
:20E180000202020202011E0000000000000000120606060606051E000000000000000012F1
:20E1A0000606060606051E0000000000000000120606060606051E000000000000000012B9
:20E1C0000202020202011E0000000000000000120606060606051E000000000000000012B1
:20E1E0000606060606051E0000000000000000120606060606051E00000000000000001279
:20E200000202020202011E0000000000000000120606060606052D2D281B00000000252DB1
:20E2200006060606060500002E1B000000002E000606060606050025271B000000002E008C
:20E24000020202020201002E0000000000002E00060606060605002E0000000000002E00D8
:20E26000060606060605002E0000000000002E00060606060605002E0000000000002E00A0
:20E28000020202020201002E0000000011252700060606060605002E00000000112E000058
:20E2A000060606060605002E0000000011262800060606060605002E0000000000002E002F
:20E2C000020202020201002E0000000000002E00060606060605002E0000000000002E0058
:20E2E000060606060605002E0000000000002E00231B060606050026281B000000002E00B3
:20E30000231B0202020100002E1B000000002E00231B060606050025271B000000002E0057
:20E32000231B06060605002E0000000000002E00231B06060605002E0000000000002E007B
:20E34000231B02020201002E0000000000002E00231B06060605002E0000000000002E006B
:20E36000231B06060605002E0000000011252700231B06060605002E00000000112E0000FB
:20E38000231B02020201002E0000000011262800231B06060605002E0000000000002E00FA
:20E3A000231B06060605002E0000000000002E00231B06060605002E0000000000002E00FB
:20E3C000231B02020201002E0000000000002E00231B060606050026281B000000002E00B0
:20E3E000231B0606060500002E1B000000002E00231B060606050025271B000000002E0067
:20E40000231B02020201002E0000000000002E00231B06060605002E0000000000002E00AA
:20E42000231B06060605002E0000000000002E00231B06060605002E0000000000002E007A
:20E44000231B02020201002E0000000011252700231B06060605002E00000000112E00002A
:20E46000231B06060605002E0000000011262800231B06060605002E0000000000002E0009
:20E48000231B02020201002E0000000000002E00231B06060605002E0000000000002E002A
:20E4A000231B06060605002E0000000000002E00231B06060605002E0000000000002E00FA
:20E4C000231B02020201002E0000000000002E00231B00252D2D2D22320000000030270006
:20E4E000231B002E000000000000000000000000231B002E00000000000000000000000044
:20E50000231B002E000000000000000000000000231B002E00000000000000000000000023
:20E52000231B002E000000000000000000000000231B002E00000000000000000000000003
:20E54000231B002E000000000000000000000000231B002E000000000000000000000000E3
:20E56000231B002E000000000000000000000000231B002E000000000000000000000000C3
:20E58000231B002E000000000000000000000000231B00311B000000000000000000000085
:20E5A000231B0000000000000000000000000000231B0000000000000000000000000000DF
:20E5C000231B000000E800000000000000000000231B000000E900000000000000000000EE
:20E5E000231B0000000000000000000000000000231B00000000000000000000000000009F
:20E60000231B0000001000001110000000000000231B00000010000011100000000000001C
:20E62000231B0000000000000000000000000000231B00000000000000000000000000005E
:20E64000231B0000340000000000000000000000231B00000000000000000000000000000A
:20E66000231B0000000000000000000000000000231B0000001036000000000000000000D8
:20E68000231B0000000000000000000000000000231B0000000000000000000000000000FE
:20E6A000231B0000000030321B00000000000000231B000000000000000000000000000061
:20E6C000231B0000000000000034000000000000231B00000000000000000000000000008A
:20E6E000231B00000000000030321B0000000000231B000000000000000000000000000021
:20E70000231B0000000000000000000000000000231B00000000000010000000000000006D
:20E72000231B0000000000000000000000000000231B00000000001000000000000000004D
:20E74000231B0000000000000000000000000000231B00000000100000000000000000002D
:20E76000231B0000000010000000000000000000231B00000000101B0000000000000000E2
:20E78000231B0000000000000000000000000000271B0000000000000000000000000000F9
:20E7A000000000000000001000000000000000000000000000000000000000000000000049
:20E7C000000000000000000000000000000000000000000000000000001000100000000019
:20E7E000000000000000000000000000000000000000000000000000000000000000000019
:20E800000000000000000010000000000000000036000000000000000000000000000000B2
:20E82000000000000000101B0000000000000000281B000000000000001000111000000039
:20E84000231B0000000000000010000000000000231B00103600000000101B0000000000BB
:20E86000231B0000000000000000000000000000231B0000000000000000001000100000FC
:20E88000231B0000000000000000000000000000231B0000000000103600000000000000B6
:20E8A000231B0000000000001000000000000000231B0000000000001000000000000000BC
:20E8C000231B0000000000001000000000000000231B00000000000010000000000000009C
:20E8E000231B000000000000101B000000000000231B000000000000000000000000000071
:20E90000231B0000000000000000100011100000231B000000000000000010001110000019
:20E92000231B0000000000000000100000000000231B00000000000000001000000000003B
:20E94000231B0000000000000000101B00000000231B000000000000000000000000000010
:20E96000231B0000000000000000000000000000231B0000000000000000003400000000E7
:20E98000231B0000000000000000000000000000231B0000000000000000000000000000FB
:20E9A000231B0000000000000000000000000000231B0000000000000000001000000000CB
:20E9C000231B0000000000000000000000000000231B00000000000000000000001C1C0083
:20E9E000231B0000000000000000E80000101000231B0000000000000000E90000000000AA
:20EA0000231B0000000000000000000000000000231B00000000000000000000000000007A
:20EA2000231B0000000000000000100000000000231B00000000000000000000000000004A
:20EA4000231B0000000000000010000000000000231B00000000000000000000000000002A
:20EA6000231B0000000000001000000000000000231B0000000000001000000000000000FA
:20EA8000231B000000000000101B000000000000231B0000000000000000000000000000CF
:20EAA000231B0000000000000000000000000000231B0000000000001000000000000000CA
:20EAC000231B0000000000000000000000000000231B0000000000100000000000000000AA
:20EAE000231B0000000000000000000000000000231B00000000100000000000000000008A
:20EB0000231B0000000010000000000000000000231B000000001000000000000000000059
:20EB2000231B00000000101B0000000000000000231B00000000000000000000000000002E
:20EB4000231B0000000000001000100000000000231B000000000000000000000000000019
:20EB6000231B0000000000000000000000000000231B000000001000000000000000000009
:20EB8000231B0000000010000000000000000000231B00000000101B0000000000000000BE
:20EBA000231B0000000000000000000000000000231B0000000000001000000000000000C9
:20EBC000231B0000000000000000000000000000231B0000000000000000000000000000B9
:20EBE000231B0000000000000000100011100000231B000000000000000000001110000047
:20EC0000231B0000000000000000000011100000231B000000000000340000001110000002
:20EC2000231B0000000000000000000011100000231B000000000000000000001110000016
:20EC4000231B0000000000000000100011100000231B000000000000000000000000000007
:20EC6000231B0000000000000000000000000000231B000000000000100000000000000008
:20EC8000231B0000000000000000000000000000231B0000000000100000000000000000E8
:20ECA000231B0000000000000000000000000000231B0000000010000000000000000000C8
:20ECC000231B0000000010000000000000000000231B00000000101B00000000000000007D
:20ECE000231B0000000000000000000000000000231B000000000000000000000000000098
:20ED0000231B000000000000000000000000302D231B000000000000000000000000001802
:20ED2000231B000000000000000000000000000C231B00000000000000000000302D2D2D94
:20ED4000231B0000000000000000000000000018231B000000000000000000000000000C13
:20ED6000231B000000000000000000000000000C231B0000000000101B0000302D2D2D2DFC
:20ED8000231B0000000000000000000000000018231B000000000000101B0000000000189C
:20EDA000271B0000000000000000000000252424000000000000000000000000002622223A
:20EDC0000000000000000000000000000000000C0000000000000000000000000000000C1B
:20EDE0000000000000000000000000000035302D0000000000000000000000000000000C75
:20EE000000000000000000000000000011302D2D000000000000000000000000000000183F
:20EE20000000000000000000000000000000000C0000000000000000000000000000000CBA
:20EE40000000000000000000000000000019000C0000000000000000000000000000001875
:20EE60000000000000000000000000000000000C0000000000000000000000000000000C7A
:20EE8000000000000000000000000000001900180000000000000000000000000000000C35
:20EEA0000000000000000000000000000000190C00000000000000000000101B00000018EA
:20EEC000000000000000000000000000000000160000000000000000000000000000001606
:20EEE000000000000000000000000000000000F4000000000000000000000000000000F628
:20EF0000000000000000000000000000000000F500000000000000000000000000000000FC
:20EF20000000000000000000000000000000000000000000000000000000000000000000D1
:20EF40000000000000000000000000000000000000000000000000000000000000000000B1
:20EF600000000000000000000000000000000011000000000000000000000000000000116F
:20EF800000000000000000000000000000001911000000000000000000000000001119110C
:20EFA00000000000000000000000000000000011000000000000000000000000000000112F
:20EFC000000000000000000000000000000000000000000000000000000000000000000031
:20EFE00000000000000000000000000000000000000000000000000000000000000000F41D
:20F00000000000000000000000000000000000F500000000000000000000000000000000FB
:20F020000000000000000000000000000000000000000000000000000000000000000000D0
:20F0400000000000000000000000000000000011000000000000000000000000000000118E
:20F0600000000000000000000000000000000011000000000000000000000000000034113A
:20F0800000000000000000000000000000000011000000000000000000000000000011301E
:20F0A0000000000000000000000000000000001100000000000000000000000000340011FA
:20F0C00000000000000000000000000000000011000000000000000000000000000000110E
:20F0E0000000000000000000000000000000190C00000000000000000000000000001918BA
:20F100000000000000000000000000000000190C0000000000000000000000000011190C94
:20F120000000000000000000000000000000000C000000000000000000101B001900001867
:20F140000000000000000000000000000000000C0000000000000000000000000019001872
:20F160000000000000000000000000000019000C0000000000000000000000000019001839
:20F180000000000000000000000000001119000C0000000000000000000000000000001821
:20F1A0000000000000000000101B00252D2D2D2D00000000000000000000002E000000110C
:20F1C0000000000000000000000011310000001100000000000000000000000000000011CB
:20F1E000000000000000000000000000000000110000000000000000000000EEEF00001110
:20F200000000000000000000000000000000001100000000000000000000000000000011CC
:20F220000000000000000000000000000000001100000000000000000000000000000011AC
:20F240000000000000000000000000000000000000000000000000000000000000000000AE
:20F2600000000000000000000000000000000000000000000000000000000000000000008E
:20F2800000000000000000000000000000000000000000000000000000000000000000115D
:20F2A00000000000000000000000000000000000000000000000000000000000000000004E
:20F2C00000000000000000000000000000000000000000000000000000000000000000F43A
:20F2E000000000000000000000000000000000F6000000000000000000000000000000F622
:20F30000000000000000000000000000000000F500000000000000000000000000000000F8
:20F320000000000000000000000000000000000000000000000000000000000000000011BC
:20F34000000000000000000000000000000000110000000000000000000000000000002577
:20F360000000000000000000000000000000002100000000000000000000101B000011260A
:20F3800000000000000000000000000000000000000000000000000000000000000000006D
:20F3A000242424242424242424242424242424242F2F2F2F2F2F2F2F2F2F2F2F2F2F2F2F1D
:20F3C0002F2F2F2F2F2F2F2F2F2F2F2F2F2F2F2F2F2F2F2F2F2F2F2F2F2F2F2F2F2F2F2F4D
:20F3E0002F2F2F2F2F2F2F2F2F2F2F2F2F2F2F2F2F2F2F2F2F2F2F2F2F2F2F2F2F2F2F2F2D
:20F400002F2F2F2F2F2F2F2F2F2F2F2F2F2F2F2F2F2F2F2F2F2F2F2F2F2F2F2F2F2F2F2F0C
:20F420002F2F2F2F2F2F2F2F2F2F2F2F2F2F2F2F2F2F2F2F2F2F2F2F2F2F2F2F2F2F2F2FEC
:10F440002F2F2F2F2F2F2F2F2F2F2F2F2F2F2F2FCC
:020000040009F1
:20800000000000000000000000000000000000000000000000000000000000000000000060
:20802000000000000000000000000000000000000000000000000000000000000000000040
:20804000000000000000000000000000000000000000000000000000000000000000000020
:20806000000000000000000000000000000000000000000000000000000000000000000000
:208080000000000000000000000000000000000000000000000000000000000000000000E0
:2080A0000000000000000000000000000000001100000000000000000000000000000000AF
:2080C0000000000000000000000000000000000000000000000000000000000000000000A0
:2080E000000000000000000000000000000000000000000000000000000000000000000080
:2081000000000000000000000000000000000000000000000000000000000000000000005F
:2081200000000000000000000000101B0000001100000000000000000000101B00000011C7
:2081400000000000000000000000000000000000000000000000000000000000000000001F
:208160000000000000000000000000000000000000000000000000000000101B00000011C3
:2081800000000000000000000000101B0000001100000000000000000000000000000000A3
:2081A0000000000000000000000000000000000000000000000000000000000000000000BF
:2081C000000000000000000000000000000000350000000000000000000000000000001159
:2081E000000000000000000000000000000011100000000000000000000000000000000C52
:20820000000000000000000000000000000000180000000000000000000000000000340C06
:208220000000000000000000000000000000000C0000000000000000000000000000000C26
:208240000000000000000000000000000000000C00000000000000000000000000000018FA
:208260000000000000000000000000000000000C0000000000000000000010000000000CD6
:20828000000000000000000000002E00000000180000000000000000000010000000000C7C
:2082A0000000000000000000000000000000000C000000000000000000031E000000000C85
:2082C000000000000000000000031E000000000C000000000000000000032D100000001819
:2082E000000000000000000000031E0000000011000000000000000000031E000000001219
:20830000000000000000000000031E0000000000000000000000000000000000000000003C
:2083200000000000000000000000000000000000000000000000000000000000000000003D
:2083400000000000000000000000000000000000000000000000000000000000000000110C
:208360000000000000000000000000000000001100000000000000000000000000000000EC
:208380000000000000000000000000000000000000000000000000000000000000101B00B2
:2083A000000000000000000000000000002E1B0000000000000000000000000000101B0049
:2083C00000000000000000000000000000000000000000000000000000000000000000009D
:2083E00000000000000000000000000000000011000000000000000000000000000000115B
:20840000000000000000000000000000000000100000000000000000000000000000000C40
:208420000000000000000000000000000000000C0000000000000000000000000000001818
:208440000000000000000000000000000000102D0000000000000000000000000000000CD3
:20846000000000000000000000000000000000180000000000000000000000000000000CD8
:208480000000000000000000000000000000000C00000000000000000000000000000018B8
:2084A0000000000000000000000000000000000C0000000000000000001000000000001888
:2084C0000000000000000000002E00000000000C0000000000000000002E00000000000C28
:2084E0000000000000000000002E00000000000C000000000000000000101B000000000C0B
:208500000000000000000000000000000000000C0000000000000000031E00000000001816
:208520000000000000000000031E00340000000C0000000000000000031E000000000018A1
:208540000000000000000000031E00000000000C0000000000000000031E00000000000CC1
:208560000000000000000000031E00340000000C0000000000000000031E00000000000C6D
:208580000000000000000000031E00000000000C0000000000000000031E00000000001875
:2085A0000000000000000000000000000000000C000000000000000000000000000000119E
:2085C00000000000000000000000000000000000000000000000000000000000000000009B
:2085E00000000000000000000000000000000000000000000000000000000000000000007B
:208600000000000000000000000000000000000000000000000000000000101B000000111E
:2086200000000000000000000000101B0000001100000000000000000000000000000000FE
:208640000000000000000000000000000000000000000000000000000000101B00000011DE
:20866000000000000000000000002E1B0000001100000000000000000000101B0000001164
:208680000000000000000000000000000000000000000000000000000000000000000000DA
:2086A0000000000000000000000000000000001100000000000000000000102D1000102D1F
:2086C0000000000000000000000025101E00001100000000000000000025101E00000000E3
:2086E000000000000000000020101E000034000000000000000000000026101E00000000A4
:208700000000000000000000000026101E00001100000000000000000000102D1000102D6A
:20872000000000000000000000000000000000110000000000000000000000000000000028
:208740000000000000000000000000000000000000000000000000000000101B0000001FCF
:208760000000000000000000000000000000122500000000000000000000101B0000002176
:208780000000000000000000000000000000002100000000000000000000101B000000216C
:2087A0000000000000000000000000000000002100000000000000000000101B000000214C
:2087C00000000000000000000000000000000026000000000000000000101B000000000C3C
:2087E0000000000000000000000000000000000C0000000000000000101B0000000000182A
:208800000000000000000000000000000000102D00000000000000101B0000000000000CE4
:208820000000000000000000000000000000000C00000000000000101B000000102D2D2D6A
:208840000000000000000000000000000000000C000000000000101B0000000000000018C9
:208860002424242424242800000000000000000C2F2F2F2F2F2F2C24280000000000000C4E
:208880002F2F2F2F2F2F2F2F230000002528000C2F2F2F2F2F2F2F2F23000000212C280CC8
:2088A0002F2F2F2F2F2F2F2F23000000212F2C242F2F2F2F2F2F2F2F231B0000212F2F2F19
:2088C0002F2F2F2F2F2F2F2F23000000212F2F2F2F2F2F2F2F2F2F2F23000000212F2F2F06
:2088E0002F2F2F2F2F2F2F2F23000000212F2F2F2F2F2F2F2F2F2F2F231B0000262A2F2FCB
:208900002F2F2F2F2F2F2F2F231B00000026222A2222222222222222271B000000001121AB
:20892000000000000000000000000000000011210000000000000000000000000025242993
:2089400000000000000000000000000000212F2F00000000000000000000000000212F2F19
:2089600000000000000000101B00000011212F2F00000000000000101B00000011212F2F81
:2089800000000000000000101B00000011212F2F00000000000000000000000000262222B2
:2089A0000000000000000000000000000000000C0000000000000000000000000000001893
:2089C0000000000000000000000000000000000C0000000000000000000000001900000C66
:2089E0000000000000000000000000000000000C00000000000000101B0000000000001828
:208A000000000000000000101B0019000000000C00000000000000101B0000000000000CCF
:208A2000000000000000000000000000000000180000000000000000101B00000000000CE7
:208A40000000000000000000000000000000000C0000000000000000000000000000000CFE
:208A6000101010101010101010000000000000182F2F2F2F2F2F2F2F100000000000000CBA
:208A80002F2F2F2F2F2F2F2F100000000000000C2F2F2F2F2F2F2F2F1000000000000018A2
:208AA0002F2F2F2F2F2F2F2F100000000000000C2F2F2F2F2F2F2F2F100000000000000C8E
:208AC0002F2F2F2F2F2F2F2F101B00000000000C2F2F2F2F2F2F2F2F101B0000000000182C
:208AE0002F2F2F2F2F2F2F2F101B0000113024242F2F2F2F2F2F2F2F100000000011262A61
:208B00002F2F2F2F2F2F2F2F1036000000001126101010101010101010000000340000118B
:208B20002D2D2D2D2D2D2D2D2D2D1B000034001100000000000000000000000000340011CE
:208B400010101010101010101B000000340000112F2F2F2F2F2F101B0000000000001125BA
:208B60002F2F2F2F2F2F101B03000000001125292F2F2F2F2F2F101B000000001125292F7B
:208B80002F2F2F2F2F2F101B0000000011262A2F2F2F2F2F2F2F10101B0000000011262A4A
:208BA0002F2F2F2F2F2F101B00000000000011262F2F2F2F2F2F101B0000000000000011E3
:208BC0002F2F2F2F2F2F101B00000034000000002F2F2F2F2F2F10101B0000003400000093
:208BE0002F2F2F2F2F2F2F10101B0000003400002F2F2F2F2F2F2F2F10101B00000000000A
:208C00002F2F2F2F2F2F2F2F2F10101B000000002F2F2F2F2F2F2F2F2F2F101B0000001160
:208C20002F2F2F2F2F2F2F2F2F2F101B000000112F2F2F2F2F2F2F2F2F2F101B0000001110
:208C40002F2F2F2F2F2F2F2F2F2F101B000000002F2F2F2F2F2F2F2F2F2F10101B00000002
:208C60002F2F2F2F2F2F2F2F2F2F2F101B0000002F2F2F2F2F2F2F2F2F2F2F101B00000094
:208C80002F2F2F2F2F2F2F2F2F2F2F101B0000002F2F2F2F2F2F2F2F2F2F2F101B0000353F
:208CA0002F2F2F2F2F2F2F2F2F2F2F101B0000002F2F2F2F2F2F2F2F2F2F2F101B00000054
:208CC0002F2F2F2F2F2F2F2F101010101B0000002F2F2F2F2F2F2F2F100000000000000039
:208CE0002F2F2F2F2F2F2F2F10000000340000352F2F2F2F2F2F2F2F1000000000000000FB
:208D00002F2F2F2F2F2F2F2F10003400000000002F2F2F2F2F2F2F2F10000000101B0000E4
:208D20002F2F2F2F2F2F2F2F10000000101B00352F2F2F2F2F2F2F2F10000000101B000098
:208D40002F2F2F2F2F2F2F2F10000011101B00002F2F2F2F2F2F2F2F10000011101B1C1C53
:208D60002F2F2F2F2F2F2F2F10000000101010102F2F2F2F2F2F2F2F100000000010101073
:208D80002F2F2F2F2F2F2F2F10100000000010102F2F2F2F2F2F2F2F2F1010000000001044
:208DA0002F2F2F2F2F2F2F2F2F2F10101B0000102F2F2F2F2F2F2F2F2F2F2F101B00001052
:208DC0002F2F2F2F2F2F2F2F2F2F1010000000102F2F2F2F2F2F2F2F2F2F10000000111086
:208DE0002F2F2F2F2F2F2F2F2F2F1000000011102F2F2F2F2F2F2F2F2F2F101B000000105B
:208E00002F2F2F2F2F2F2F2F2F2F101B000000102F2F2F2F2F2F2F2F2F1010000000111059
:208E20002F2F2F2F2F2F2F2F2F100000000011102F2F2F2F2F2F2F2F2F1000000000111082
:208E40002F2F2F2F2F2F2F2F2F101B00000010102F2F2F2F2F2F2F2F10101B000000102F2E
:208E60002F2F2F2F2F2F2F2F100000000035102F2F2F2F2F2F2F2F2F100000000010102F1F
:208E80002F2F2F2F2F2F2F2F10101B0000102F2F2F2F2F2F2F2F2F2F10101B0000102F2F90
:208EA0002F2F2F2F2F2F2F2F1000000000102F2F2F2F2F2F2F2F2F2F1000000011102F2FB5
:208EC0002F2F2F2F2F2F2F2F1000000011102F2F2F2F2F2F2F2F2F2F1000000011102F2F84
:208EE0002F2F2F2F2F2F2F2F1000000000102F2F2F2F2F2F2F2F2F2F10101B0000102F2F5B
:208F00002F2F2F2F2F2F2F2F2F101B000010102F2F2F2F2F2F2F2F2F2F101B000000102F1F
:208F20002F2F2F2F2F2F2F2F2F101B000000102F2F2F2F2F2F2F2F2F2F101B00000010102E
:208F40002F2F2F2F2F2F2F2F101000000011100C2F2F2F2F2F2F2F2F101B00000000000C9D
:208F60002F2F2F2F2F2F2F2F101B0000000000182F2F2F2F2F2F2F2F101B00000010101063
:208F80002F2F2F2F2F2F2F2F101B000035102F2F2F2F2F2F2F2F2F2F101B001210102F2F58
:208FA0002F2F2F2F2F2F2F2F101B000000102F2F2F2F2F2F2F2F2F2F101B000000102F2F8F
:208FC0002F2F2F2F2F2F2F2F101B000000102F2F2F2F2F2F2F2F2F2F101B000035102F2F3A
:208FE0001010101010101010101B001210101010000000000000000000000000001D1D102A
:209000000000000000000000000000000000351000000000000000000000000000003510C6
:20902000000000000000000000000000001F1F1000000000000000000000000011101010A1
:209040000000000000000000000034000012102F0000000000000000000000000012102F3A
:209060000000000000000000000011101010102F0000000000000000000000000012102F1F
:209080000000000000000000000000100012102F000000000000101B000000100012102FE3
:2090A0000000000000000000000000000012102F00000000000000101B0000001012102FD3
:2090C0000000000000000000000000000012102F00000000000000101B0000000012102FC3
:2090E00000000000000000101B0010101010101000000000000000101B0000000000000CAE
:20910000000000000000000000000000000000180000000000000000000000351000000CE6
:209120000000000000000000000000000000000C0000000000000000000000000000000C17
:20914000000000000000000000000000000000180000000000000034000011101010101062
:209160000000000000000000000000000000000C0000000000000000000000000000000CD7
:20918000000000000000000011101010101010100000000000003400000000000000000C0E
:2091A0000000000000000000000000000000000C0000000000001110101010101010101002
:2091C0000000000000000010102F2F2F2F2F2F2F0000101B0000000010102F2F2F2F2F2FC1
:2091E00000000000000000000010102F2F2F2F2F00000000101B0000000010102F2F2F2F5D
:20920000000000000000000000000010102F2F2F000000000000101B0000000010102F2FF8
:209220000000000000000000000000000010102F0000000000000000101B00000000101094
:209240000000000000000000000000000000001000000000000000000000101B00000000D3
:2092600000000000000000000000000000000000000000000000000000000000101B0000C3
:209280000000000000000000000000000000000000000000000000000000000000000000CE
:2092A0000000000000000000000000000000000000000000000000000000000000000000AE
:2092C00000000000000000000000000000000000000000000000000000000000000000008E
:2092E000020202020202020100000000000000000606060606060605000000000000000030
:209300000606060606060605000000000000000006060606060606050000000000000000EF
:209320000202020202020201000000000000000006060606060606050000000000000000EF
:20934000060606060606060500000000000000000606060606060605000000002F00000080
:2093600002020202020202010000002F00000000060606060606060500002F2F2F2F2F0095
:2093800006060606060606050000002F000000000606060606060605000000002F00000011
:2093A000020202020202020100000000000000000606060606060605000000000F0F0F0F33
:2093C00006060606060606050000001210101010060606060606060500000013102F2F2F2D
:2093E000020202020202020100000012102F2F2F060606060606060500000013102F2F2FD0
:20940000060606060606060500000013102F2F2F06060606060606050000001310101010EB
:20942000020202020202020100002F000E0E0E0E06060606060606050000002F0000000058
:2094400006060606060606052F2F2F2F2F00000006060606060606050000002F0000000094
:20946000020202020202020100002F000000000006060606060606050F0F0F0F0000000043
:209480000606060606060605101010101400000006060606060606052F2F2F101400000069
:2094A0000202020202020201101010101E00000006060606060606050E0E0E0E00000000D8
:2094C00006060606060606050000000000000000060606060606060500000000000000002E
:2094E000020202020202020100000000000000000606060606060605000000000F0F0F0FF2
:20950000060606060606060500000013101010100606060606060605000000000E0E0E0E62
:209520000202020202020201000000000000000006060606060606050000000000000000ED
:209540000606060606060605000000000000000006060606060606050000000000000000AD
:209560000202020202020201000F0F0F0000000006060606060606054F10101014000000ED
:2095800006060606060606054FC20E0E0000000006060606060606054F14000000000000DD
:2095A00002020202020202014F1403000000000F06060606060606054F0003000000131083
:2095C00006060606060606054F00030000001210060606060606060510140300000013106F
:2095E000020202020202020110140300000013100606060606060605101400000019131083
:2096000006060606060606051014000000191310060606060606060510140000001913102C
:20962000020202020202020110140000001913100606060606060605101E00000019131022
:20964000060606060606060510140000001913100606060606060605101403000000131002
:20966000020202020202020110140300000012100606060606060605101403000000131019
:209680000606060606060605101403000000131006060606060606051014000000001310DB
:2096A0000202020202020201C2000000000000C4060606060606060514340000000000128C
:2096C0000606060606060605140000000000001306060606060606051E00000000000013D4
:2096E0000202020202020201140000000000001306060606060606051400340000000013AA
:209700000606060606060605140000000000001206060606060606051E0000000000001295
:20972000020202020202020114000000000000130606060606060605140000340000001369
:209740000606060606060605140000000000001306060606060606051E0000000000001254
:2097600002020202020202011400000000000013060606060606060514000000030000135A
:209780000606060606060605C100000003000013060606060606060510C1000003000012AE
:2097A00002020202020202011010C1000000001506060606060606052F10101400000015FD
:2097C00006060606060606052F1010140000001506060606060606051010C20000000015BC
:2097E000020202020202020110C20000030000130606060606060605C2000000030000136B
:2098000006060606060606051E00000003000012060606060606060514000300000000138D
:20982000020202020202020114000300000000130606060606060605140003000000001396
:20984000060606060606060514000300000000120606060606060605140003000000001357
:209860000202020202020201140003000000001306060606060606051400031B000000133B
:2098800006060606060606051E00031B0000001306060606060606051400031B00000013D6
:2098A000020202020202020114000300000000120606060606060605140003EC000000132B
:2098C0000606060606060605140003ED0000001306060606060606051400000000000013EC
:2098E0000202020202020201140000000000001206060606060606051400000000000013DD
:2099000006060606060606051E00030000000013060606060606060514000300000000C3DB
:20992000020202020202020114000300000011100606060606060605140003000000001D7D
:2099400006060606060606051E000000000000000606060606060605140000000000000077
:20996000020202020202020114000000000000000606060606060605140000000000000081
:2099800006060606060606051E000000000000000606060606060605140003000000001F15
:2099A00002020202020202011400030000001110060606060606060514000300000000C456
:2099C00006060606060606051E0003000000001306060606060606051400030000000013CB
:2099E0000202020202020201140003000000001306060606060606051E00030000001010BE
:209A00000606060606060605140000000000102F0606060606060605140000000000102F42
:209A20000202020202020201C11F1F000000102F0606060606060605101010000000102F3B
:209A400006060606060606052F2F10000011102F06060606060606052F2F10000011102F2C
:209A600002020202020202012F2F10000011102F06060606060606052F2F10000000102F3D
:209A800006060606060606052F2F10000000102F06060606060606052F2F101B0000102FF3
:209AA00002020202020202012F2F101B0000102F06060606060606052F2F101B0000102FD8
:209AC00006060606060606052F2F101B0000102F06060606060606052F2F101B0000102F98
:209AE00002020202020202012F2F10000000102F06060606060606052F2F10000000102FCE
:209B000006060606060606052F2F10000011102F06060606060606052F2F10000011102F6B
:209B200002020202020202012F2F10000011102F06060606060606052F2F10000000102F7C
:209B400006060606060606052F2F10000000102F06060606060606052F2F101B0000102F32
:209B600002020202020202012F2F101B0000102F06060606060606052F2F101B0000102F17
:209B800006060606060606052F2F101B0000102F06060606060606052F2F10000000102FF2
:209BA00002020202020202012F2F10000000102F06060606060606052F2F10000011102FFC
:209BC00006060606060606052F2F10000011102F06060606060606052F2F10000011102FAB
:209BE00002020202020202012F2F10000000102F06060606060606052F2F10000000102FCD
:209C00000606060606060605101010000000101002020202020114000000000000000000A6
:209C20000606060606051E00000000000000000006060606060514000000000000000000AC
:209C40000202020202011400000000000000000006060606060514000000000000000000AE
:209C6000060606060605140000000000000000000606060606051400000000000000000076
:209C8000020202020201C11F1F1F1F000000000006060606060510101010101B00000011DD
:209CA000060606060605C21D1D1D1D00000000130606060606051E000000000000000013E4
:209CC000020202020201140000000000000000130606060606051400000000000000001308
:209CE000060606060605140000000000000000130606060606051E000000000000000012C7
:209D000002020202020114000000000000000013060606060605C100000000001F1F1FC30D
:209D2000060606060605101B0000001110101010060606060605C200000000001D1D1DC484
:209D4000020202020201140000000000000000130606060606051400000000000000001387
:209D6000060606060605140000000000000000120606060606051E00000000000000001346
:209D8000020202020201140000000000000000120606060606051400000000000000001348
:209DA000060606060605C11F1F1F0000000000C3060606060605101010101B000000111000
:209DC000020202020201C21D1D1D0000000000C40606060606051400000000000000001351
:209DE0000606060606051400000000000000001206060606060514000000000000000013D0
:209E00000202020202011E00000000000000001306060606060514000000000000000012BD
:209E200006060606060514000000000000000013060606060605C100000000001F1F1FC3D4
:209E4000020202020201101B0000001110101010060606060605C200000000001D1D1DC47B
:209E60000606060606051E0000000000000000130606060606051400000000000000001245
:209E8000020202020201140000000000000000130606060606051E0000000000000000123D
:209EA00006060606060514000000000000000013060606060605140000000000000000130E
:209EC000020202020201C11F1F1F0000000000C3060606060605101010101B0000001110F7
:209EE000060606060605C21D1D1D0000000000C40606060606051400000000000000001318
:209F00000202020202011400000000000000001306060606060514000000000000000012C6
:209F20000606060606051E0000000000000000120606060606051400000000000000001384
:209F400002020202020114000000000000000013060606060605C100000000001F1F1FC3CB
:209F6000060606060605101B0000001110101010060606060605C200000000001D1D1DC442
:209F80000202020202011E0000000000000000120606060606051E00000000000000001332
:209FA00006060606060514000000000000000013060606060605140000000000000000130D
:209FC00002020202020114000000000000000013060606060605C11F1F1F0000000000C34B
:209FE000060606060605101010101B0000001110060606060605C21D1D1D0000000000C4C2
:20A00000020202020201140000000000000000130606060606051E000000000000000012BB
:20A0200006060606060514000000000000000013060606060605140000000000000000138C
:20A040000202020202011E000000000000000012060606060605140000000000000000137B
:20A06000060606060605140000000000000000130606060606051010000000000000101033
:20A080000202020202012F10100000001210102F0606060606052F2F1000000012102F2FF4
:20A0A0000606060606052F2F1000000012102F2F0606060606052F2F1000000012102F2F7E
:20A0C0000202020202012F2F1000000012102F2F0606060606052F2F1000000012102F2F76
:20A0E0000606060606052F2F1000000012102F2F0606060606052F2F1000000011102F2F3F
:20A100000202020202012F2F1000000000102F2F0606060606052F2F1000000000102F2F59
:20A120000606060606052F2F101E000000102F2F0606060606052F2F101E000000102F2FE5
:20A140000202020202012F2F101E000000102F2F0606060606052F2F101E000000102F2FDD
:20A160000606060606052F2F101E000000102F2F0606060606052F2F101E000000102F2FA5
:20A180000202020202012F2F101E000000102F2F0606060606052F2F101B000000102F2FA0
:20A1A0000606060606052F2F1000000000102F2F0606060606052F2F1000000000102F2FA1
:20A1C0000202020202012F2F1000000012102F2F0606060606052F2F1000000012102F2F75
:20A1E0000606060606052F2F1000000012102F2F0606060606052F2F1000000012102F2F3D
:20A200000202020202012F2F1000000012102F2F0606060606052F2F1000000012102F2F34
:20A220000606060606052F2F1000000011102F2F0606060606052F2F1000000000102F2F0F
:20A240000202020202012F2F1000000000102F2F0606060606052F2F1000000000102F2F18
:20A260000606060606052F2F1000000000102F2F0606060606052F2F1000000000102F2FE0
:20A280000202020202012F2F1000000000102F2F0606060606052F2F101E000012102F2FA8
:20A2A0000606060606052F2F101E000012102F2F0606060606052F2F101E000012102F2F40
:20A2C0000202020202012F2F101E000012102F2F0606060606052F2F101E000012102F2F38
:20A2E0000606060606052F2F101E000012102F2F0606060606052F2F101E000012102F2F00
:20A300000202020202012F2F101E000012102F2F0606060606052F2F101E000012102F2FF7
:20A320000606060606052F2F101E000012102F2F0606060606052F2F101E000012102F2FBF
:20A340000202020202012F2F101E000011102F2F0606060606052F2F101E000012102F2FB8
:20A360000606060606052F2F101E000012102F2F0606060606052F2F101E000012102F2F7F
:20A380000202020202012F2F101E000012102F2F0606060606052F2F101E000012102F2F77
:20A3A0000606060606052F2F101E000012102F2F0606060606052F2F101E000012102F2F3F
:20A3C0000202020202012F2F101E000012102F2F0606060606052F2F101B000012102F2F3A
:20A3E0000606060606052F2F101E000012102F2F0606060606052F2F101E000012102F2FFF
:20A400000202020202012F2F101E000012102F2F0606060606052F2F101E000012102F2FF6
:20A420000606060606052F2F101E000012102F2F0606060606052F2F101E000012102F2FBE
:20A440000202020202012F2F101E000012102F2F0606060606052F2F101B000011102F2FBA
:20A460000606060606052F2F1000000000102F2F0606060606052F2F1000000000102F2FDE
:20A480000202020202012F2F1000000000102F2F0606060606052F2F1000000000102F2FD6
:20A4A0000606060606052F2F1000000000102F2F060606060605101010000000001010101A
:20A4C00000000000000000000000000000000000000000000000000000000000000000007C
:20A4E00000000000000000000000000000000000000000000000000000000000000000005C
:20A5000000000000000000000000000000000000000000000000000000000000000000003B
:20A5200000000000000000000000000000000000000000000000000000000000000000001B
:20A540000000000000000000000000000000000000000000000000000000000000000000FB
:20A560000000000000000000000000000000000000000000000000000000000000000000DB
:20A580000000000000000000000000000000000000000000000000000000000000000000BB
:20A5A00000000000000000000000000000000000000000000000000000000000000000009B
:20A5C0000000000000000000001F1F1F000000000202020202020201101010101B000000B4
:20A5E0000606060606060605C21D1D1D0000000006060606060606051E00000000000000C6
:20A600000606060606060605140000000000000006060606060606051400000000000000B4
:20A620000202020202020201140000000000000006060606060606051E00000000000000AA
:20A64000060606060606060514000000000000000606060606060605140000000000000074
:20A66000020202020202020114000000000000000606060606060605C100000000000000C7
:20A680000606060606060605101B00000000000006060606060606051D0000000000000014
:20A6A000020202020202020100000000001F1F1F06060606060606050000000012101010BD
:20A6C00006060606060606050000000011102F2F06060606060606050000000012102F2F1D
:20A6E00002020202020202010000000000102F2F06060606060606050000000000102F2F40
:20A7000006060606060606051010100000102F2F06060606060606052F2F100000102F2F61
:20A7200002020202020202012F2F100012102F2F06060606060606052F2F100011102F2F00
:20A7400006060606060606052F2F100012102F2F06060606060606052F2F100000102F2FD1
:20A7600002020202020202012F2F101E00102F2F06060606060606052F2F101B00102F2FAA
:20A7800006060606060606052F2F101E00102F2F06060606060606052F2F100000102F2F85
:20A7A00002020202020202012F2F100012102F2F06060606060606052F2F100011102F2F80
:20A7C00006060606060606052F2F100012102F2F06060606060606052F2F100000102F2F51
:20A7E00002020202020202012F2F100000102F2F06060606060606051010101E00102F2F83
:20A80000060606060606060510C21D0000102F2F0606060606060605101E000000102F2FE1
:20A8200002020202020202011000000000102F2F06060606060606051000001F1F102F2FA0
:20A8400006060606060606051000121010102F2F0606060606060605100011102F2F2F2FFD
:20A860000202020202020201100012101010102F06060606060606051000001D1DC4102FBC
:20A880000606060606060605100000000000102F0606060606060605101E00000000102F9E
:20A8A000020202020202020110C11F000000102F06060606060606051010101E0000102F9E
:20A8C00006060606060606051010101E0000102F0606060606060605C21D00000035101059
:20A8E00002020202020202011E0000000000001206060606060606051400000000000013C3
:20A900000606060606060605140000000000001306060606060606051E0000000000001381
:20A92000020202020202020114000000000034120606060606060605C100000000001FC3DC
:20A94000060606060606060510101B00001110100606060606060605C200000000001DC48A
:20A96000020202020202020114000000003400130606060606060605C1000000001F1FC37C
:20A980000606060606060605101B0000111010100606060606060605C2000000001D1DC42D
:20A9A000020202020202020114000000340000130606060606060605140000001F1F1FC3CA
:20A9C00006060606060606051B000011101010100606060606060605140000001D1D1DC47E
:20A9E00002020202020202011E0000000000001206060606060606051400000000000000D5
:20AA00000606060606060605140000000000000006060606060606051E00000000000000A6
:20AA2000020202020202020114000000000000000606060606060605C11F1F1F00000000A6
:20AA40000606060606060605101010101B0000000606060606060605C21D1D1D0000000024
:20AA60000202020202020201101010100000000006060606060606052F2F2F1000000000BB
:20AA800006060606060606052F2F2F100000000006060606060606052F2F2F10000000001E
:20AAA00002020202020202012F2F2F100000000006060606060606052F2F2F10000000001E
:20AAC000060606060606060510101010000010100606060606060605140000000000102F65
:20AAE00002020202020202011E0000000000102F0606060606060605140000000000102F68
:20AB0000060606060606060514000000000010100606060606060605101000000000001370
:20AB200002020202020202012F1000000000001306060606060606052F1000000000001234
:20AB40000606060606060605101000000010101006060606060606050D00000000102F2FCC
:20AB600002020202020202011E00000000102F2F06060606060606050D00000000101010CE
:20AB800006060606060606050D0000000000001206060606060606050D000000000010100B
:20ABA00002020202020202010D0000000000102F06060606060606051E00000000001010CD
:20ABC0000606060606060605100000000000001306060606060606051000000000000012D2
:20ABE0000202020202020201100000000000001306060606060606051000000000000013D1
:20AC00000606060606060605100000000010101006060606060606051036000000102F2FE2
:20AC200002020202020202011E00000000102F2F060606060606060500000000001010101A
:20AC4000060606060606060500031B0000000012060606060606060500031B000000101028
:20AC6000020202020202020100031B000000102F060606060606060514031B000000102FC8
:20AC80000606060606060605140000000000101006060606060606051400001000000013EB
:20ACA0000202020202020201140000100000001306060606060606050000000000001010FF
:20ACC0000606060606060605000000000000102F06060606060606050000000000001010B7
:20ACE0000202020202020201140000100000001306060606060606051400001000000013A8
:20AD00000606060606060605000000000000101006060606060606050000031B0000102F58
:20AD200002020202020202011400031B0000102F06060606060606051400031B0000102FF3
:20AD400006060606060606051400031B0000102F06060606060606051400031B0000102FB3
:20AD6000020202020202020100000000000010100606060606060605000010000000001352
:20AD80000606060606060605140010000000001306060606060606051E00100000000012DE
:20ADA0000202020202020201140000000000101006060606060606051E0000000000102FC4
:20ADC0000606060606060605140000000000102F0606060606060605140000000000102F6F
:20ADE0000202020202020201140000000000102F06060606060606051E0000000000102F65
:20AE0000060606060606060514000000003510100606060606060605140000000000001344
:20AE2000020202020202020114000000000000130606060606060605031B00340000001249
:20AE40000606060606060605031B0000000000120606060606060605031B00000000001333
:20AE60000202020202020201031B0000003400130606060606060605140000000000001308
:20AE80000606060606060605140000000000001206060606060606051E00000000000013FD
:20AEA0000202020202020201101000000010101006060606060606052F10000000102F2F57
:20AEC00006060606060606052F1000000010101006060606060606052F1000000000001056
:20AEE00002020202020202012F1000000000001006060606060606052F101E000000001058
:20AF000006060606060606052F101E000000001006060606060606052F101E0000000010F9
:20AF200002020202020202012F101E000000001006060606060606052F101E0000000010F9
:20AF400006060606060606052F101E000000001006060606060606052F101E0000000010B9
:20AF6000020202020202020110101E0000000012060606060606060514000000000000121D
:20AF800006060606060606051E0000000000001206060606060606051400000000000010FF
:20AFA000020202020202020114000000000000100606060606060605140000000000001308
:20AFC00006060606060606051E0000000000001206060606060606051010000000000013B0
:20AFE00002020202020202012F1000000000001306060606060606052F100000000000136F
:20B0000006060606060606052F10000000000012060606060606060510100000000000134E
:20B02000020202020202020114000000000000130606060606060605140000000000001384
:20B04000060606060606060514000000000000130606060606060605101000000000001338
:20B0600002020202020202012F1000000000001306060606060606052F10000000000013EE
:20B0800006060606060606052F1000000000001206060606060606052F10000000000013AF
:20B0A0000202020202020201101000000000001306060606060606051400000000000013F8
:20B0C0000606060606060605140000000000001306060606060606051400000000000013C4
:20B0E0000202020202020201101000000000001306060606060606052F100000000000138D
:20B1000006060606060606052F1000000000001206060606060606052F100000000000132E
:20B1200002020202020202012F10000000000013060606060606060510100000000000134C
:20B14000060606060606060514000000000000120606060606060605140000000000351012
:20B16000020202020202020114000000000000130606060606060605140000000000001244
:20B1800006060606060606051E0000000000001306060606060606051400000034000013C5
:20B1A000020202020202020114000000000000130606060606060605140000000000001303
:20B1C00006060606060606051E00000000000013060606060606060510100000001210108E
:20B1E00002020202020202012F1000000012102F06060606060606052F1000000012102FF1
:20B2000006060606060606052F1000000012102F06060606060606052F1000000012102FB0
:20B2200002020202020202012F1000000012102F06060606060606052F1000000012102FB0
:20B2400006060606060606052F1000000000102F06060606060606052F101E000000102F76
:20B2600002020202020202012F101E000000102F06060606060606052F101E000000102F58
:20B2800006060606060606052F101E000000102F060606060606060510101E000000101056
:20B2A000020202020202020100000000000000000606060606060605000000000000000050
:20B2C000242424242424242424242424242424242F2F2F2F2F2F2F2F2F2F2F2F2F2F2F2F3E
:20B2E0002F2F2F2F2F2F2F2F2F2F2F2F2F2F2F2F2F2F2F2F2F2F2F2F2F2F2F2F2F2F2F2F6E
:20B300002F2F2F2F2F2F2F2F2F2F2F2F2F2F2F2F2F2F2F2F2F2F2F2F2F2F2F2F2F2F2F2F4D
:20B320002F2F2F2F2F2F2F2F2F2F2F2F2F2F2F2F2F2F2F2F2F2F2F2F2F2F2F2F2F2F2F2F2D
:20B340002F2F2F2F2F2F2F2F2F2F2F2F2F2F2F2F2F2F2F2F2F2F2F2F2F2F2F2F2F2F2F2F0D
:10B360002F2F2F2F2F2F2F2F2F2F2F2F2F2F2F2FED
:020000040008F2
:204000000000000000000000000000000000000000000000000000000000000000000000A0
:20402000000000000000000000000000000000000000000000000000000000000000000080
:20404000000000000000000000000000000000000000000000000000000000000000000060
:20406000000000000000000000000000000000000000000000000000000000000000000040
:20408000000000000000000000000000000000000000000000000000000000000000000020
:2040A000000000000000000000000000000000000000000000000000000000000000000000
:2040C0000000000000000000000000000000000000000000000000000000000000000000E0
:2040E0000000000000000000000000000000000000000000000000000000000000000000C0
:2041000000000000000000000000000000000000000000000000000000000000000000118E
:2041200000000000000000000000000000000011000000000000000000000000000000006E
:2041400000000000000000000000000000000000000000000000000000000000000000005F
:204160000000000000000000000000000000123000000000000000000000000000000000FD
:2041800000000000000000000000000000000000000000000000000000000000000000001F
:2041A0000000000000000000000000000000000000000000000000000000000000000000FF
:2041C0000000000000000000000000000000000000000000000000000000000000000000DF
:2041E00000000000000000000000000000000011000000000000000000000000000000119D
:20420000000000000000000000000000000000300000000000000000000000000000001856
:204220000000000000000000000000000000000C0000000000000000000000000000000C66
:204240000000000000000000000000000000302D0000000000000000000000000000000CF5
:20426000000000000000000000000000000000180000000000000000000000000000000C1A
:204280000000000000000000000000000000000C00000000000000000000000000000030E2
:2042A0000000000000000000000000000000000000000000000000000000000000000000FE
:2042C0000000000000000000000000000000000000000000000000000000000000000000DE
:2042E0000000000000000000000000000000000000000000000000000000000000000000BE
:2043000000000000000000000000000000000011000000000000000000000000000000008C
:2043200000000000000000000000000000000000000000000000000000000000001C1C0045
:2043400000000000000000000000000000101000000000000000000000000000000000003D
:2043600000000000000000000000000000000000000000000000000000000000000000003D
:2043800000000000000000000000000000000011000000000000000000000000000000000C
:2043A0000000000000000000000000000000000000000000000000000000000000000000FD
:2043C0000000000000000000000000000000000000000000000000000000000000000000DD
:2043E0000000000000000000000000000000000000000000000000000000000000000000BD
:2044000000000000000000000000000000001230000000000000000000000000000000005A
:2044200000000000000000000000000000000000000000000000000000000000000000007C
:2044400000000000000000000000000000000000000000000000000000000000000012301A
:20446000000000000000000000000000000000300000000000000000000000000000000C00
:204480000000000000000000000000000000000C00000000000000000000000000000018F8
:2044A0000000000000000000000000000000302D000000000000000000000000000000009F
:2044C0000000000000000000000000000000000000000000000000000000001C1C000000A4
:2044E00000000000000000000000001010000000000000000000000000000000000000009C
:2045000000000000000000000000000000000000000000000000000000000000000000009B
:20452000000000000000000000000000000000110000000000000000000000000000001159
:20454000000000000000000000000000000000300000000000000000000000000000000C1F
:204560000000000000000000000000000000000C00000000000000000000000000302D2DA5
:204580000000000000000000000000000000001800000000000000000000000000000018EB
:2045A000000000000000000000001C1C000000300000000000000000000010100000001162
:2045C0000000000000000000000000000000001100000000000000000000000000000011B9
:2045E0000000000000000000000000000000000000000000000000000000000000000000BB
:2046000000000000000000000000000000000000000000000000000000000000000000009A
:20462000000000000000000000000000000000000000000000000000000000000000001169
:20464000000000000000000000000000000000110000000000000000000000000000000049
:2046600000000000000000000000000000000000000000000000000000000000000000003A
:204680000000000000000000000000000000113000000000000000000000000000001918A8
:2046A0000000000000000000000000000000000C00000000000000000000000000000018D6
:2046C0000000000000000000000000000000000C0000000000000000000000000019000CA9
:2046E0000000000000000000000000000019000C0000000000000000000000000019000C70
:2047000000000000000000000000000000000018000000000000000000000011302D2D2DB9
:20472000000000000000000000000000000000180000000000000000000000000000001849
:2047400000000000000000000000000000302D2D00000000000000000000000000000018B7
:204760000000000000000000000000000000302D00000000000000000000000000000018C4
:20478000000000000000000000000000000000300000000000000000000000000000000CDD
:2047A0000000000000000000000000000000000C00000000000000000000000000000018D5
:2047C0000000000000000000000000000000302D000000000000000000000000000000116B
:2047E000000000000000000000000000000000F4000000000000000000000000000000F5D0
:20480000000000000000000000000000000000110000000000000000000000000000002562
:20482000000000000000000000000000000000260000000000000000000000000000000052
:20484000000000000000000000000000000000000000000000000000000000000000000058
:20486000000000000000000000000000000000000000000000000000000000000000001127
:204880000000000000000000000000000000001100000000000000000000000000000030D7
:2048A000000000000000000000000000000000180000000000000000000000000000000CD4
:2048C0000000000000000000000000000000000C000000000000000000000000000000309C
:2048E0000000000000000000000000000000000C0000000000000000000000000000000CA0
:20490000000000000000000000000000000000180000000000000000000000000000100C63
:20492000000000000000000000000000000000180000000000000000000000000000000C53
:20494000000000000000000000000000000000180000000000000000000000000010000C23
:204960000000000000000000000000000000000C0000000000000000000000000000000C1F
:20498000000000000000000000001C1C000000250000000000000000000010100000002179
:2049A0000000000000000000000000000000002100000000000000000000000000000021B5
:2049C000000000000000000000000000000011210000000000000000000000000000002184
:2049E000000000000000000000000000000000210000000000000000000000000000002175
:204A0000000000000000000000000000101B00210000000000000000000000000000002129
:204A2000000000000000000000000000000000210000000000000000000000000000002134
:204A4000000000000000000000000000000011210000000000000000000000000000002103
:204A60000000000000000000000000000000002100000000000000000000000000000021F4
:204A8000000000000000000000000000101B002100000000000000000000000000000021A9
:204AA000000000000000000000000000000000260000000000000000000000000000000CC4
:204AC0000000000000000000000000000000000C00000000000000000000000000000018B2
:204AE00000000000000000000000000000000025000000000000000000000000000000266B
:204B0000000000000000000000000000000000180000000000000000000000000000000C71
:204B20000000000000000000000000000000330C00000000000000000000000000002E18F0
:204B40000000000000000000000000101B002E180000000000000000000000101B00212D6B
:204B60000000000000000000000000101B002E180000000000000000000000000000310C87
:204B8000000000000000000000000000000000180000000000000000000000000000000CF1
:204BA0000000000000000000000000000000000C00000000000000000000000000000018D1
:204BC00000000000000000000000000000000025000000000000000000000000000000218F
:204BE00000000000000000000000000000000026000000000000000000000000000000008F
:204C0000000000000000000000000000000000000000000000000000000000001C1C00005C
:204C2000000000000000000000000000101000000000000000000000000000000000000054
:204C4000000000000000000000000000000000000000000000000000000000000000001143
:204C6000000000000000000000000000000000000000000000000000000000000000000034
:204C800000000000000000000000000000000000000000000000000000000000000000F420
:204CA000000000000000000000000000000000F6000000000000000000000000000000F509
:204CC0000000000000000000000000000000000000000000000000000000000000000000D4
:204CE000000000000000000000000000000000110000000000000000000000000000302D46
:204D0000000000000000000000000000000000180000000000000000000000000000000C6F
:204D2000000000000000000000000000190000180000000000000000000000000000000C36
:204D40000000000000000000000000000000000C0000000000000000000019000000000C22
:204D60000000000000000000000000000000000C0000000000000000000000000000000C1B
:204D80000000000000000000190000000000000C00000000000000000000000000000018D6
:204DA0000000000000000000000000000000000C00000000000000000000190000000018B6
:204DC000000000000000000000001900000000180000000000000000000019000000000C7D
:204DE000000000000000000000000000000000180000000000000000000000000000000C8F
:204E00000000000000000000190000000000000C0000000000000000000000000000001855
:204E20000000000000000000000000000000000C0000000000001900000000000000000C41
:204E4000000000000000000000000000000000180000000000000000000000000000001822
:204E60000000000000000000000000000000000C000000000000000000000000000000180E
:204E80000000000000000019000000000000000C0000000000000000000000000000000CE1
:204EA00000000000101B00001900000000000018000000000000000000000000000000187E
:204EC0000000000000101B000019000000000018000000000000000000000000000000185E
:204EE000000000000000101B000019000000000C0000000000000000000019000000001831
:204F00000000000000000000000000000000000C0000000000000000000000000000000C79
:204F20000000000000000000000000000000000C0000000000000000001900000000001834
:204F4000000000000000000000000000000000180000000000000000000019000000001808
:204F60000000000000000000000019000000000C00000000000000000000000000000018F4
:204F80000000000000000000000000000000000C0000000000000000000000000000000CF9
:204FA000000000000000000000190000000000160000000000000000000000000000000CB6
:204FC0000000000000000000000019000000000C000000000000000000001900000000187B
:204FE0000000000000000000000000000000000C000000000000000000000000000000168F
:205000000000000000000000000000000000000C0000000000000000001900000000001853
:205020000000000000000000000000000000000C0000000000000000000019000000001635
:205040000000000000000000000000000000000C0000000000000000000000190000000C1F
:205060000000000000000000000000190000000C0000000000000000000000000000000CFF
:20508000000000000000000000000000000000160000000000000000000000000000000CEE
:2050A000000000000000000000000000000000180000000000000000000000001900000CB3
:2050C0000000000000000000000000000000000C0000000000000000101B00000019000C74
:2050E0000000000000000000000000000000000C00000000000000000000101B0000191848
:20510000000000000000000000000000000000180000000000000000000000101B0000301C
:2051200000000000000000000000000000000000000000000000000000000000101B000044
:2051400000000000000000000000000000000000000000000000000000000000000000004F
:2051600000000000000000000000000000000000000000000000000000000000000000002F
:2051800000000000000000000000000000000000000000000000000000000000000000000F
:2051A0000000000000000000000000000000000000000000000000000000000000000000EF
:2051C0000000000000000000000000000000000000000000000000000000000000000000CF
:2051E0000000000000000000000000000000000000000000000000000000000000000000AF
:2052000000000000000000000000000000000000000000000000000000000000000000008E
:2052200000000000000000000000000000000000000000000000000000000000000000006E
:2052400000000000000000252D2D2D3200000000000000000000002E000000000000000042
:20526000000000000000002E0000000000000000000000000000002E0000000000000000D2
:20528000000000000000002E0000000000000000000000000000002E0000000000000000B2
:2052A000000000000000002E0000000000000000000000000000002E000000000000000092
:2052C000000000000000002E0000000000000000000000000000002E000000000000000072
:2052E000000000000000002E0000000000000000000000000000002E000000000000000052
:20530000000000000000002E0000000000000000000000000000002E000000000000000031
:20532000000000000000002E0000000000000000000000000000002E000000000000000011
:20534000000000000000002E0000000000000000000000000000002E0000000000000000F1
:20536000000000000000002E0000000000000000000000000000002E2D3200111000000051
:20538000000000000000002E0000000000000000000000000000002E0000000000000000B1
:2053A000000000000000002E0000000000000000000000000000002E000000000000000091
:2053C000000000000000002E0000000000000000000000000000002E000000000000000071
:2053E000000000000000002E2D32001110000000000000000000002E0000000000000000D1
:20540000000000000000002E0000000000000000000000000000002E000000000000000030
:20542000000000000000002E0000000000000000000000000000002E1B00000000000000F5
:20544000000000000000002E0000000000000000000000000000002E0000000000000000F0
:20546000000000000000002E0000000000000000000000000000002E0000000000000000D0
:20548000000000000000002E1B00000000000000000000000000002E1B000000000000007A
:2054A000000000000000002E3200000000000000000000000000002E0D0000000000000051
:2054C000000000000000002E0D00000000000000000000000000002E17000000000000004C
:2054E000000000000000002E2D32000000000000000000000000002E1B00000000000000D6
:20550000000000000000002E1B00000000000000000000000000002E1B00000000000000F9
:20552000000000000000002E0000000000000000000000000000002E00000000000000000F
:20554000000000000000002E0000000000000000000000000000002E0000000000000000EF
:20556000000000000000002E0000000000000000000000000000002E0000000000000000CF
:20558000000000000000002E1B00000000000000000000000000002E1B0000000000000079
:2055A000000000000000002E3200000000000000000000000000002E1B0000000000000042
:2055C000000000000000002E1B00000000000000000000000000002E1B0000000000000039
:2055E000000000000000002E0000000000000000000000000000002E00000000000000004F
:20560000000000000000002E0000000000000000000000000000002E00111000000000000D
:20562000000000000000002E0000000000000000000000000000002E00000000000000000E
:20564000000000000000002E0000000000000000000000000000002E1B00000000000000D3
:20566000000000000000002E0000000000000000000000000000002E0000000000000000CE
:20568000000000000000002E0000000000000000000000000000002E0000000000000000AE
:2056A000000000000000002E1B00000000000000000000000000002E1B0000000000000058
:2056C000000000000000002E3200000000000000000000000000002E0D000000000000002F
:2056E000000000000000002E0D00000000000000000000000000002E17000000000000002A
:20570000000000000000002E2D32000000000000000000000000002E0D00000000000000C1
:20572000000000000000002E0D00000000000000000000000000002E2D2D2D320000000047
:20574000000000000000002E0D00000000000000000000000000002E1700000000000000C9
:20576000000000000000002E0D00000000000000000000000000002E0D00000000000000B3
:20578000000000000000002E2D32000000000000000000000000002E170000000000000037
:2057A000000000000000002E1700000000000000000000000000002E320000000000000044
:2057C000000000000000002E0D00000000000000000000000000002E0D0000000000000053
:2057E000000000000000002E1700000000000000000000000000002E2D32000000000000D7
:20580000000000000000002E1700000000000000000000000000002E0D0000000000000008
:20582000000000000000002E0D00000000000000000000000000002E2D2D32000000000073
:20584000000000000000002E1700000000000000000000000000002E1700000000000000BE
:20586000000000000000002E0D00000000000000000000000000002E0D00000000000000B2
:20588000000000000000002E3200000000000000000000000000002E00000000000000007A
:2058A000000000000000002E00001C1C00000000000000000000002E000010100000000034
:2058C000000000000000002E0000000000000000000000000000002E1B0000000000000051
:2058E000000000000000002E1B00000000000000000000000000002E3200000000000000FF
:20590000000000000000002E0D00000000000000000000000000002E0D0000000000000011
:20592000000000000000002E1700000000000000000000000000002E2D3200000000000095
:20594000000000000000002E1700000000000000000000000000002E1700000000000000BD
:20596000000000000000002E2D2D2D3200000000000000000000002E0D0000000000000005
:20598000000000000000002E1700000000000000000000000000002E0D0000000000000087
:2059A000000000000000002E0D00000000000000000000000000002E170000000000000067
:2059C000000000000000002E3200000000000000000000000000002E000000000000000039
:2059E000000000000000002E0000000000000000000000000000002E00000000000000004B
:205A0000000000000000002E1B00000000000000000000000000002E1B00000000000000F4
:205A2000000000000000002E2D32000000000000000000000000002E0D000000000000009E
:205A4000000000000000002E1700000000000000000000000000002E0D00000000000000C6
:205A6000000000000000002E3200000000000000000000000000002E0D000000000000008B
:205A8000000000000000002E1700000000000000000000000000002E17000000000000007C
:205AA000000000000000002E2D32000000000000000000000000002E1B0000000000000010
:205AC000000000000000002E1B00000000002524000000000000002E1B00000000002622A3
:205AE00000000000000000311B00000000000000000000000000000000000000000000302A
:205B0000000000000000000000000000000000000000000000000000000000000000000085
:205B200000000000000000000000000000000000000000000000000000000000000000F471
:205B4000000000000000000000000000000000F6000000000000000000000000000000F55A
:205B6000000000000000000000000000000000000000000000000000000000000000000025
:205B80000000000000000000000000000000001100000000000000000000000000000000F4
:205BA0000000000000000000000000000000000000000000000000000000000000000000E5
:205BC0000000000000000000000000000000000000000000000000000000000000000000C5
:205BE000000000000000000000000000000000110000000000000000000000000000001183
:205C000000000000000000000000000000000030000000000000000000000000000000183C
:205C20000000000000000000000000000000000C00000000000000000000000000302D2DCE
:205C4000000000000000000000000000000000180000000000000000000000000000001814
:205C60000000000000000000000000302D2D2D2D000000000000000000000000000000112F
:205C80000000000000000000000000000000001100000000000000000000000000000011E2
:205CA0000000000000000000000000000000001100000000000000000000000000000000D3
:205CC0000000000000000000000000000000000000000000000000000000000000000000C4
:205CE0000000000000000000000000000000000000000000000000000000000000000000A4
:205D0000000000000000000000000000000000000000000000000000000000000000000083
:205D2000000000000000000000000000000000110000000000000000000000000000001141
:205D4000000000000000000000000000000000300000000000000000000000001C1C0000DB
:205D6000000000000000000000000000101000000000000000000000000000000000000003
:205D8000000000000000000000000000000000F4000000000000000000000000000000F619
:205DA000000000000000000000000000000000F500000000000000000000000000000000EE
:205DC0000000000000000000000000000000000000000000000000000000000000000000C3
:205DE0000000000000000000000000000000000000000000000000000000000000000000A3
:205E0000000000000000000000000000000000000000000000000000000000000000001171
:205E2000000000000000000000000000000000110000000000000000000000000000003021
:205E4000000000000000000000000000000000110000000000000000000000000000001120
:205E6000000000000000000000000000000000110000000000000000000000000000000011
:205E80000000000000000000000000000000000000000000000000000000000000000035CD
:205EA0000000000000000000000000000000001200000000000000000000000000000012BE
:205EC00000000000000000000000000000000012000000000000000000000000000000129E
:205EE00000000000000000000000000000003412000000000000000000000000000000124A
:205F000000000000000000000000000000000012000000000000000000000000000000125D
:205F2000000000000000000000000000000000000000000000000000000000000000000061
:205F4000000000000000000000000000000000000000000000000000000000000000001130
:205F60000000000000000000000000000000302D00000000000000000000000000000000C4
:205F80000000000000000000000000000000000000000000000000000000000000000035CC
:205FA0000000000000000000000000000000001100000000000000000000000000000011BF
:205FC00000000000000000000000000000000011000000000000000000000000000000119F
:205FE000000000000000000000000000000000110000000000000000000000000000000090
:20600000000000000000000000000000000000000000000000000000000000000000000080
:2060200000000000000000000000000000000012000000000000000000000000000000123C
:206040000000000000000000000000000000341200000000000000000000000000000012E8
:206060000000000000000000000000000000001200000000000000000000000000000012FC
:206080000000000000000000000000000000302D0000000000000000000000000000001291
:2060A0000000000000000000000000000000001200000000000000000000000000000012BC
:2060C00000000000000000000000000000302D2D0000000000000000000000000000000036
:2060E0000000000000000000000000000000000000000000000000000000001C1C00000068
:2061000000000000000000000000001010000000000000000000000000000000000000F46B
:20612000000000000000000000000000000000F5000000000000000000000000000000006A
:2061400000000000000000000000000000000000000000000000000000000000000000003F
:20616000000000000000000000000000000000110000000000000000000000101B00302D86
:206180000000000000000000000000000000001800000000000000000000000000000025C2
:2061A000000000000000000000000000000000260000000000000000000000000000000CAD
:2061C0000000000000000000000000000000000C000000000000000000000000000000189B
:2061E0000000000000000000000000000000302D0000000000000000000000000000000C36
:2062000000000000000000000000000000111018000000000000000000000000000000182D
:206220000000000000000000000000000000302D00000000000000000000000000000018E9
:206240000000000000000000000000000000001800000000000000000000000000000030F6
:206260000000000000000000000000000000001800000000000000000000000000000018EE
:20628000000000000000000000000000000000180000000000000000000000000000302D89
:2062A0000000000000000000000000000000000C0000000000000000000000000000000CC6
:2062C0000000000000000000000000000000001800000000000000000000000000302D2D1C
:2062E00000000000000000000000000000000018000000000000000000000000111000184D
:2063000000000000000000000000000000000018000000000000000000000000000000184D
:2063200000000000000000000000000000302D2D0000000000000000000000000000000CC7
:2063400000000000000000000000000000000018000000000000000000000000000000180D
:2063600006060606060500000000000000302D2D060606060605000000000000000000004D
:206380000202020202010000000000000000000006060606060500000000000000000000CF
:2063A000060606060605000000000000000000000606060606050000000000000000000097
:2063C00002020202020100000000000000000000060606060605000000000000000000008F
:2063E00006060606060500000000000000000000060606060605000000000000000025280A
:20640000020202020201000000000000000026270606060606050000000000000000000001
:20642000060606060605000000000000000000000606060606050000000000000000000016
:20644000020202020201000025280000000000000606060606050000262700000000000074
:206460000606060606050000000000000000000006060606060500000000000000000000D6
:206480000202020202010000000000000000000006060606060500000000000000000000CE
:2064A000060606060605000000000000000000000606060606050000000000000000000096
:2064C0000202020202010000000000002528000006060606060500000000000026270000F4
:2064E000060606060605000000000000000000000606060606050000000000000000000056
:2065000002020202020100000000000000000000060606060605000000000000000000004D
:206520000606060606050000000000000000000006060606060525280000000000000000C8
:206540000202020202012627000000000000000006060606060500000000000000000000C0
:20656000060606060605000000000000000000000606060606050000000000000000252888
:20658000020202020201000000000000000026270606060606050000000000000000000080
:2065A000060606060605000000000000000000000606060606050000000000000000000095
:2065C00002020202020100000000000000000000060606060605000000000000000000008D
:2065E0000606060606050000252800000000000006060606060500002627000000000000BB
:2066000002020202020100000000000000000000060606060605000000000000000000004C
:206620000606060606050000000000000000000006060606060500000000000000252800C7
:206640000202020202010000000000000026270006060606060500000000000000000000BF
:206660000606060606050000000000000000000006060606060500000000000000000000D4
:20668000020202020201252800000000000000000606060606052627000000000000000032
:2066A000060606060605000000000000000000000606060606050000000000000000000094
:2066C00002020202020100000000000000000000060606060605000000000000000000008C
:2066E000060606060605000000000000000000000606060606050000000025280000000007
:206700000202020202010000000026270000000006060606060500000000000000000000FE
:20672000060606060605000000000000000000000606060606050000000000000000000013
:2067400002020202020100000000000000000000060606060605000000000000000000000B
:20676000060606060605000000000000000000000606060606052D2D1000000000102D2DFF
:206780000202020202010D0000000000000000180606060606051700000000000000000C83
:2067A0000606060606050D0000000000000000180606060606050D00000000000000000C55
:2067C0000202020202011700000000000000000C0606060606051700000000000000000C45
:2067E0000606060606050D00000000000000000C0606060606050D00000000001C1C0018DD
:206800000202020202010D000000001125281B0C0606060606050D000000001126271B0C26
:206820000606060606050D00000000001A1A00180606060606051700000000000000000C96
:20684000020202020201170000000000000000180606060606050D00000000000000000CC2
:206860000606060606050D00000000000000000C0606060606051700000000000000000C96
:206880000202020202010D0000000000000000180606060606050D00000000000000000C8C
:2068A0000606060606050D00000000000000000C06060606060517001C1C00000000000C1E
:2068C0000202020202010D1125281B000000000C0606060606050D1126271B00000000185A
:2068E0000606060606050D001A1A00000000000C0606060606050D00000000000000000CEC
:206900000202020202010D00000000000000000C0606060606051700000000000000000C0D
:206920000606060606050D00000000000000000C0606060606051700000000000000000CD5
:206940000202020202010D00000000000000000C0606060606050D00000000001C1C001893
:206960000606060606050D000000001125281B180606060606050D000000001126271B0CA1
:206980000202020202011700000000001A1A000C0606060606050D0000000000000000184D
:2069A0000606060606050D00000000000000000C0606060606050D00000000000000000C5F
:2069C0000202020202010D00000000000000000C0606060606050D00000000000000000C57
:2069E0000606060606050D00000000000000000C0606060606050D00000000000000000C1F
:206A00000202020202010D00001C1C000000000C06060606060517001125281B0000000C5B
:206A20000606060606050D001126271B0000000C0606060606051700001A1A00000000181B
:206A40000202020202010D00000000000000000C0606060606051700000000000000000CCC
:206A60000606060606050D00000000000000000C0606060606050D00000000000000001892
:206A80000202020202010D00000000000000000C0606060606050D00000000000000000C96
:206AA0000606060606050D00000000000000000C0606060606051700000000001C1C000C1C
:206AC00002020202020117000000001125281B180606060606050D000000001126271B1842
:206AE0000606060606050D00000000001A1A000C0606060606051700000000000000000CE0
:206B00000202020202010D00000000000000000C0606060606051700000000000000000C0B
:206B20000606060606050D0000000000000000180606060606050D00000000000000000CD1
:206B40000202020202010D00000000000000000C06060606060517000000000000000018BF
:206B6000060606060605242428000000112524240606060606052F2F2300000011212F2FD0
:206B80000202020202012F2F2300000000212F2F0606060606052F2F2300000000212F2FC7
:206BA0000606060606052F2F2300000000212F2F0606060606052F2F2300000000212F2F8F
:206BC0000202020202012F2F2300000000212F2F0606060606052F2F231B000000212F2F6C
:206BE0000606060606052F2F231B000000212F2F0606060606052F2F2300000000212F2F34
:206C00000202020202012F2F2300000000212F2F0606060606052F2F2300000000212F2F46
:206C20000606060606052F2F2300000000212F2F06060606060522222700000000262A2F24
:206C40000000000000000000000000000000212F0000000000000000000000000000212F94
:206C60000000000000000000000000000000262200000000000000000000000000000018B4
:206C80000000000000000000000000000000002500000000000000000000000000000026A9
:206CA0000000000000000000000000000000000C0000000000000000000000000000000CBC
:206CC000000000000000000000101B0000302D2D00000000000000000000000000000018E7
:206CE00000000000000000000000101B0000302D00000000000000000000000000000018F4
:206D00000000000000000000000000101B0000300000000000000000000000000000000018
:206D2000000000000000000000000000000000000000000000000000000000000000000053
:206D4000000000000000000000000000000000110000000000000000000000000000001111
:206D6000000000000000000000000000000000000000000000000000000000000000000013
:206D80000000000000000000000000000000000000000000000000000000000000000000F3
:206DA00000000000000000000000101B0000302D0000000000000000000000000000001833
:206DC00000000000000000000000000000000018000000000000000000000000000000306B
:206DE000000000000000000000000000000000180000000000000000000000000000000C6F
:206E0000000000000000000000101B0000302D2D00000000000000000000000000000018A5
:206E200000000000000000000000101B0000302D00000000000000000000000000000000CA
:206E4000000000000000000000000000000000000000000000000000000000000000000032
:206E6000000000000000000000000000000000000000000000000000000000000000001101
:206E80000000000000000000000000000000000000000000000000000000000000000000F2
:206EA0000000000000000000000000000000000000000000000000000000000000000000D2
:206EC000000000000000000000000000000000000000000000000000000000000000302D55
:206EE0000000000000000000000000000000000C0000000000000000000000000000000C7A
:206F0000000000000000000000000000000000300000000000000000000000000000000C35
:206F20000000000000000000000000000000000C000000000000000000000000000000182D
:206F40000000000000000000000000000000302D00000000000000000000000000000011C3
:206F60000000000000000000000000000000001100000000000000000000000000000011EF
:206F80000000000000000000000000000000000000000000000000000000000000000000F1
:206FA0000000000000000000000000000000000000000000000000000000000000000000D1
:206FC0000000000000000000000000000000302D0000000000000000000000000000000C48
:206FE0000000000000000000000000000000000C0000000000000000101B0000302D2D2DA3
:20700000000000000000000000000000000000180000000000000000000000000000001840
:20702000000000000000000000101B0000302D2D0000000000000000000000000000000C8F
:207040000000000000000000000000000000000C0000000000000000000000000035302D92
:207060000000000000000000000000000000001100000000000000000000000000000011EE
:207080000000000000000000000000000000001100000000000000000000000000000011CE
:2070A0000000000000000000000000000000000000000000000000000000000000000000D0
:2070C00000000000000000000000000000000000000000000000000000000000000000119F
:2070E00000000000000000000000101B0000302D00000000000000000000000000000018F0
:207100000000000000000000000000101B0000300000000000000000000000000000000014
:2071200000000000000000000000000000000000000000000000000000000000000000004F
:20714000000000000000000000000000000000F4000000000000000000000000000000F645
:20716000000000000000000000000000000000F5000000000000000000000000000000001A
:207180000000000000000000000000000000000000000000000000000000000000000011DE
:2071A0000000000000000000000000000000001100000000000000000000000000000000BE
:2071C0000000000000000000000000000000000000000000000000000000000000000000AF
:2071E00000000000000000000000000000000000000000000000000000000000000000117E
:2072000000000000000000000000000000000011000000000000000000000000000000114C
:20722000000000000000000000000000000000300000000000000000000000000000000C12
:207240000000000000000000000000000000000C000000000000000000000000000000180A
:2072600000000000000000000000101B0000302D0000000000000000000000000000000C7A
:207280000000000000000000000000000000002500000000000000000000000000000026A3
:2072A00000000000000000000000000000000018000000000000000000000000000000189E
:2072C00000000000000000000000000000302D2D0000000000000000000000000000000C18
:2072E0000000000000000000000000000000001800000000000000101B0000302D2D2D2D67
:2073000000000000000000000000000000000018000000000000000000000000302D2D2D9E
:2073200000000000000000000000000000000018000000000000000000000000000000181D
:2073400000000000000000000000000000302D2D000000000000000000000000000000188B
:2073600000000000000000000000000011302D2D000000000000000000000000000000185A
:20738000000000000000000000000000000000250000000000000000000000000000352172
:2073A000000000000000000000000000000011210000000000000000000000000000112169
:2073C000000000000000000000000000000011210000000000000000000000000000112644
:2073E00000000000000000000000000000000000000000000000000000000000000000008D
:20740000242424242424242424242424242424242F2F2F2F2F2F2F2F2F2F2F2F2F2F2F2F3C
:207420002F2F2F2F2F2F2F2F2F2F2F2F2F2F2F2F2F2F2F2F2F2F2F2F2F2F2F2F2F2F2F2F6C
:207440002F2F2F2F2F2F2F2F2F2F2F2F2F2F2F2F2F2F2F2F2F2F2F2F2F2F2F2F2F2F2F2F4C
:207460002F2F2F2F2F2F2F2F2F2F2F2F2F2F2F2F2F2F2F2F2F2F2F2F2F2F2F2F2F2F2F2F2C
:207480002F2F2F2F2F2F2F2F2F2F2F2F2F2F2F2F2F2F2F2F2F2F2F2F2F2F2F2F2F2F2F2F0C
:020000040009F1
:200000000000000000000000000000000000000000000000000000000000000000000000E0
:200020000000000000000000000000000000000000000000000000000000000000000000C0
:200040000000000000000000000000000000000000000000000000000000000000000000A0
:20006000000000000000000000000000000000000000000000000000000000000000000080
:20008000000000000000000000000000000000000000000000000000000000000000000060
:2000A000000000000000000000000000000000000000000000000000000000000000000040
:2000C000000000000000000000000000000000000000000000000000000000000000000020
:2000E000000000000000000000000000000000000000000000000000000000000000000000
:20010000000000000000000000000000000000002D2D2D2D2D2D2D2D2D2D10000000102DD0
:200120000000000000000000000000000000000C0000000000000000000000000000000CA7
:200140002D2D2D2D2D2D2D2D2D2D2D10000000100000000000000000000000000000001878
:200160000000000000000000000000000000000C0000000000000000000000000000000C67
:200180002D2D2D2D2D2D2D2D2D2D10000000102D0000000000000000000000000000000C44
:2001A0000000000000000000000000000000000C000000000000000000000000000000181B
:2001C0002D2D2D2D2D2D2D2D2D10000000102D2D00000000000000000000000000000018F8
:2001E000000000000000000000000000000000182D2D2D2D2D2D2D2D2D2D10000000102DD8
:200200000000000000000000000000000000000C00000000000000000000000000000018BA
:200220002D2D2D2D2D2D2D2D10000000102D2D2D0000000000000000000000000000001897
:20024000000000000000000000000000000000182D2D2D2D2D2D10000000102D2D2D2D2D77
:20026000000000000000000000000000000000180000000000000000000000000000000C5A
:200280000000000000000000000000000000000C0000000000000000000000000000001042
:2002A000000000000000000000000000000000100000000000000000000000000000000C22
:2002C0000000000000000000000000000000000C2D2D2D2D2D2D2D2D2D101B0000102D2DE8
:2002E000000000000000000000101B0000000011000000000000000000101B000000001186
:2003000000000000000000000000101B00000000000000000000000000101B000000003552
:200320000000000000000000101B0000000000110000000000000000101B00000000001145
:200340000000000000000000101B0000000000110000000000000000101B00000000000036
:20036000000000000000000000101B000000000000000000000000000000101B0000000027
:2003800000000000000000000000101B0000000000000000000000000000101B00000011F6
:2003A00000000000000000000000101B0000001100000000000000000000101B00000010C6
:2003C0000000000000000000000000101B000000000000000000000000000000101B0000C7
:2003E0000000000000000000000000101B0000000000000000000000000000101B000000A7
:2004000000000000000000000000101B0000001100000000000000000000101B0000001164
:2004200000000000000000000000101B0000102D00000000000000000000101B0000000029
:200440000000000000000000000000101B000000000000000000000000000000101B000046
:200460000000000000000000000000101B0000000000000000000000000000101B00000026
:2004800000000000000000000000101B000000112D2D2D2D2D2D2D2D2D2D101B0000102DF6
:2004A00000000000000000000000000000000018000000000000000000000000000000180C
:2004C0002D2D2D2D2D2D2D2D2D2D2D100000001000000000000000000000000000000018F5
:2004E0000000000000000000000000000000000C0000000000000000000000000000000CE4
:200500002D2D2D2D2D2D2D2D2D2D2D10000000100000000000000000000000000000000CC0
:200520000000000000000000000000000000000C0000000000000000000000000000001897
:200540002D2D2D2D2D2D2D2D2D2D10000000102D0000000000000000000000000000001874
:20056000000000000000000000000000000000182D2D2D2D2D2D2D2D2D2D2D100000001054
:200580000000000000000000000000000000000C0000000000000000000000000000000C43
:2005A000000000000000000000000000000000182D2D2D2D2D2D2D2D2D2D10000000102D14
:2005C0000000000000000000000000000000001800000000000000000000000000000018EB
:2005E0002D2D2D2D2D2D2D2D2D2D2D10000000100000000000000000000000000000000CE0
:200600000000000000000000000000000000000C00000000000000000000000000000018B6
:200620002D2D2D2D2D2D2D2D2D2D10000000102D0000000000000000000000000000001893
:20064000000000000000000000000000000000182D2D2D2D2D2D2D2D10000000102D2D2D73
:200660000000000000000000000000000000000C0000000000000000000000000000001856
:200680000000000000000000000000000034000C0000000000000000000000000000000C0E
:2006A0000000000000000000000000000000000C0000000000000000000000000000000C22
:2006C0000000000000000000000000EEEF0000180000000000000000000000000000000C19
:2006E0000000000000000000000000000000000C0000000000000000000000000000000CE2
:20070000000000000000331B00000000000000180000000000002E1B000000000000000C1E
:200720000000000000002E1000000000000000180000000000002E10000000000000000C19
:200740000000000000002E1B00000000000000180000000000002E1B000000000000000CE3
:200760000000000000002E2D2D1000000000000C0000000000002E1B000000000000001874
:200780000000000000002E1B000000000000000C0000000000002E2D2D2D2D100000000C06
:2007A0000000000000002E1B00000000000000180000000000002E2D2D2D2D2D1B00000CA2
:2007C0000000000000002E1B00000000000000180000000000002E1B000000000000000C63
:2007E0000000000000002E2D2D1000000000000C0000000000002E1B0000000000000018F4
:200800000000000000002E1B00000000000000180000000000002E2D100000000000000C00
:200820000000000000002E1B00000000000000180000000000002E1B000000000000000C02
:200840000000000000002E1B00000000000000180000000000002E2D2D1000000000001887
:200860000000000000002E1B000000000000000C0000000000002E1B0000000000000018C2
:200880000000000000002E2D100000000000000C0000000000002E1B000000000000000C8C
:2008A0000000000000002E1B00000000000000180000000000002E1B000000000000000C82
:2008C0000000000000002E2D2D1000000000000C0000000000002E1B000000000000001813
:2008E0000000000000002E1B000000000000000C0000000000002E2D2D2D2D100011101878
:200900000000000000002E1B00000000000000180000000000002E1B000000000000001815
:200920000000000000002E1B00000000000000180000000000002E2D100000000000000CDF
:200940000000000000002E1B00000000000000180000000000002E1B000000000000000CE1
:200960000000000000002E2D2D2D10001110000C0000000000002E1B000000000000001824
:200980000000000000002E1B00000000000000180000000000002E2D100000000000001873
:2009A0000000000000002E1B000000000000000C0000000000002E1B000000000000000C8D
:2009C0000000000000002E1B00000000000000180000000000002E2D2D1000000000000C12
:2009E0000000000000002E1B00000000000000180000000000002E1B000000000000000C41
:200A00000000000000002E2D100000000000000C0000000000002E1B0000000000000018FE
:200A20000000000000002E1B00000000000000180000000000002E1B000000000000000C00
:200A40000000000000002E1B000000000000000C0000000000002E1B0000000000000018E0
:200A60000000000000002E1B00000000000000100000000000002E1C1C1C1C00000000106F
:200A8000000000000000262D2D2D32000000000C0000000000000000000000000000000C5F
:200AA000000000000000000000000000000000180000000000000000000000000000102DE1
:200AC0000000000000000000000000000000001800000000000000000000000000000018E6
:200AE000000000000000000000000000102D2D2D0000000000000000000000000000000C53
:200B00000000000000000000000000000000000C00000000000000001C1C1C00000000185D
:200B200000000000000000001010100000000010000000000000000000000000000000185D
:200B40000000000000000000000000000000001800000000000000000000000000E8000C89
:200B600000000000000000000000000000E900180000000000000000000000000000000C68
:200B80000000000000000000000000000000000C0000000000000000000000001900001818
:200BA000000000000000000000000000000000180000000000000000000000000000000C11
:200BC00000000000000000001C1C1C000019000C0000000000000000101010000000001854
:200BE000000000000000000000000000000000180000000000000000000000000000190CB8
:200C000000000000000000000000101B0000191800000000000000000000101B0000190C28
:200C200000000000000000000000101B0000190C00000000000000000000101B0000190C14
:200C4000000000000000000000000000000019180000000000000000000000000011190C2D
:200C60000000000000000000000000001900000C0000000000000000000000000000000C43
:200C8000000000000000000000000000000000180000000000000000000000000000000C30
:200CA000000000000000000000000019000000180000000000000000000000000000000CF7
:200CC0000000000000000000000000000000000C00000000000000000000000000000018F0
:200CE00000000000000000000000000000102D2D0000000000000000000000000000001179
:200D000000000000000000000000000000000000000000000000000000001C1C000000009B
:200D2000000000000000000000001010000000000000000000000000000000000000001182
:200D4000000000000000000000000000000000110000000000000000000000000000001171
:200D6000000000000000000000000000000000100000000000000000000000000000000063
:200D8000000000000000000000000000101B00000000000000000000000000000000000028
:200DA000000000000000000000000000000000110000000000000000000000000000001111
:200DC0000000000000000000000000000000102D0000000000000000000000000000000CCA
:200DE0000000000000000000000000000000000C00000000000000000000000000000018CF
:200E00000202020202012D2D100000000000102D0606060606051E000000000000000012CD
:200E20000606060606051E0000000000000000120606060606051E0000000000000000120C
:200E40000202020202011E0000000000000000120606060606051E00000000000000001204
:200E60000606060606051E0000000000000000120606060606051E000000000000000012CC
:200E80000202020202011E0000000000000000120606060606051E000000000000000012C4
:200EA0000606060606051E0000000000000000120606060606051E0000000000000000128C
:200EC0000202020202011E0000000000000000120606060606051E00000000000000001284
:200EE0000606060606051E0000000000000000120606060606051E0000000000000000124C
:200F00000202020202011E0000000000000000120606060606051E00000000000000001243
:200F20000606060606051E0000000000000000120606060606051E0000000000000000120B
:200F40000202020202011E0000000000000000120606060606051E00000000000000001203
:200F60000606060606051E00000000000000001206060606060510000000000000000010DB
:200F8000020202020201100000000000000000100606060606052F10000000000000102F85
:200FA0000606060606052F10000000000000102F0606060606052F2F1000000000102F2F91
:200FC0000202020202012F2F1000000000102F2F0606060606052F10000000000000102F89
:200FE0000606060606052F10000000000000102F060606060605100000000000000000100D
:20100000020202020201100000000000000000100606060606051B00000000000000001156
:201020000606060606051B0000000000000000110606060606051B00000000000000001112
:201040000202020202011B0000000000000000110606060606051B0000000000000000110A
:201060000606060606051B0000000000000000110606060606051B000000000000000011D2
:201080000202020202011B0000000000000000110606060606051B000000000000000011CA
:2010A0000606060606051B0000000000000000110606060606051B00000000000000001192
:2010C0000202020202011B0000000000000000110606060606051B0000000000000000118A
:2010E0000606060606051B0000000000000000110606060606051B00000000000000001152
:201100000202020202011B0000000000000000110606060606051B00000000000000001149
:201120000606060606051B000000000000000011060606060605100000000000000000101D
:20114000020202020201100000000000000000100606060606052F10000000000000102FC3
:201160000606060606052F10000000000000102F0606060606052F2F1000000000102F2FCF
:201180000202020202012F2F1000000000102F2F0606060606052F10000000000000102FC7
:2011A0000606060606052F10000000000000102F060606060605100000000000000000104B
:2011C000020202020201100000000000000000100606060606051B00000000000000001195
:2011E0000606060606051B0000000000000000110606060606051B00000000000000001151
:201200000202020202011B0000000000000000110606060606051B000000000000112D2DEE
:201220000606060606051B0000000000000000110606060606051B00000000000000001110
:201240000202020202011B0000000000000000110606060606051B00000000000000001108
:201260000606060606051B0000000000000000110606060606052D2D2D1B00000000001149
:201280000202020202011B0000000000000000110606060606051B000000000000000011C8
:2012A0000606060606051B0000000000000000110606060606051B00000000000000001190
:2012C0000202020202011000000000000000001006060606060510000000000000000010A0
:2012E0000606060606052F10000000000000102F0606060606052F10000000000000102FAC
:201300000202020202012F2F1000000000102F2F0606060606052F2F1000000000102F2FE7
:201320000606060606052F10000000000000102F0606060606052F10000000000000102F6B
:2013400002020202020110000000000000000010060606060605100000000000000000101F
:201360000606060606051B0000000000000000110606060606051B000000000000000011CF
:201380000202020202011B0000000000000000110606060606051B000000000000000011C7
:2013A0000606060606052D2D1B000000000000110606060606051B00000000000000001135
:2013C0000202020202011B0000000000000000110606060606051B00000000000000001187
:2013E0000606060606051B0000000000000000110606060606051B0000000000000000114F
:201400000202020202011B0000000000112D2F2D0606060606051B0000000000000000AD21
:201420000606060606051B0000000000000000AD0606060606051B00000000000000001172
:201440000202020202011B0000000000000000110606060606051B00000000000000001106
:201460000606060606052D2D1B000000000000110606060606051B00000000000000001174
:201480000202020202011B0000000000000000110606060606051B000000000000000011C6
:2014A0000606060606051B0000000000000000110606060606051B0000000000000000118E
:2014C00002020202020110000000000000000010060606060605100000000000000000109E
:2014E0000606060606052F10000000000000102F0606060606052F10100000000000102F9A
:201500000202020202012F2F1000000000102F2F0606060606052F2F1000000000102F2FE5
:20152000060606060605101010000000000010100000000000000000000000000000101810
:201540000000000000000000000000000000000C0000000000000000000000000000000C73
:201560000000000000000000000000000000001800000000000000000000000000102D2DE9
:2015800000000000000000000000000000000018000000000000000000000000000000181B
:2015A0000000000000000000101B00102D2D2D2D0000000000000000000000000000001824
:2015C000000000000000000000000000190000180000000000000000000000001900000CB5
:2015E000000000000000000000000000000000180000000000000000000000000000000CC7
:201600000000000000000000000000000000000C00000000000000000000000000000018A6
:2016200000000000000000000000000000102D2D0000000000000000000000000000000C34
:201640000000000000000000000000000000190C0000000000000000000000000000190C40
:201660000000000000000000000000000000000C0000000000000000000000000000001846
:20168000000000000000000000000000102D2D2D000000000000000000000000000000189B
:2016A0000000000000000000000000000000000C0000000000000000000000000000000C12
:2016C0000000000000000000000000102D2D2D2D000000000000000000000000000000182E
:2016E0000000000000000000000000001900000C0000000000000000000000001900000CA0
:20170000000000000000000000000000000000180000000000000000000000000000001899
:2017200000000000000000101B00102D2D2D2D2D0000000000000000000000000000000C81
:20174000000000000000000000000000000000180000000000000000000000001900000C4C
:201760000000000000000000000000001900000C0000000000000000000000111900000C0E
:201780000000000000000000000000000000000C0000000000000000000000000000001825
:2017A000000000000000000000000000102D2D2D0000000000000000000000000000000C86
:2017C000000000000000000000000000000019180000000000000000102F10000000190C64
:2017E0000000000000000000000019000000190C0000000000000000000019000011191850
:201800000000000000000000000000000000001800000000000000000000000000102D2D46
:201820000000000000000000000000000000000C0000000000000000001010100000190C47
:201840000000000000000000000000000000190C0000000000000000000000000011191821
:20186000000000000000000000000000000000180000000000000000000000000000001838
:20188000000000000000000000000000000000100000000000000000000000000000001028
:2018A000000000000000000000000000000000000000000000000000000000000000000028
:2018C0000000000000000000000000000000000000000000000000000000000000000011F7
:2018E0000000000000000000000000000000001100000000000000000000000000000011C6
:20190000000000000000000000000000000000100000000000000000000000000000111096
:2019200000000000000000000010101B00001110000000000000000000000000000000004B
:20194000000000000000000000000000000000000000000000000000000000000000000087
:20196000000000000000000000000000000000000000000000000000000000000000001156
:20198000000000000000000000000000000000110000000000000000000000000000000036
:2019A0000000000000000000000000000000000000000000000000000000000000101B00FC
:2019C00000000000000000000000000000000000000000000000000000000000000000F413
:2019E000000000000000000000000000000000F500000000000000000000000000000000F2
:201A00000000000000000000000000000000000000000000000000000000000000000000C6
:201A2000000000000000000000000000000000000000000000000000000000000000001195
:201A4000000000000000000000000000000000110000000000000000000000000000001065
:201A6000000000000000000000000000000000180000000000000000000000000000001836
:201A800000000000000000000000000000102D2D0000000000000000000000000000000CD0
:201AA0000000000000000000000000000000000C0000000000000000101B00102D2D2D2D2B
:201AC0000000000000000000101B00000000000C000000000000000000000000190000189E
:201AE0000000000000000000000000001900000C0000000000000000000000111900000C8B
:201B00000000000000000000000000111900000C0000000000000000000000000000001877
:201B200000000000000000000000000000102D2D0000000000000000000000000000000C2F
:201B40000000000000000000000000000000190C000000000000000000000000000019182F
:201B60000000000000000000000000000000190C0000000000000000000000000011190C0A
:201B80000000000000000000000000000000000C00000000000000000000000000102D2DCF
:201BA0000000000000000000000000000000001800000000000000000000000000000018F5
:201BC0000000000000000000101B00102D2D2D2D0000000000000000000000000000000C0A
:201BE0000000000000000000000000000000000C0000000000000000330000001233001849
:201C0000000000000025242423000000122124240000000000212F2F2300000012212F2F86
:201C20000000000000212F2F231B000012212F2F0000000000212F2F2300000012212F2F23
:201C40000000000000212F2F2300000012212F2F0000000000212F2F2300000012212F2F1E
:201C60000000000000212F2F2300000012212F2F0000000000212F2F2300000012212F2FFE
:201C80000000000000212F2F231B000012212F2F0000000000212F2F231B000012212F2FA8
:201CA0000000000000212F2F2300000012212F2F0000000000212F2F2300000012212F2FBE
:201CC0000000000000212F2F2300000012212F2F0000000000212F2F2300000012212F2F9E
:201CE0000000000000212F2F2300000012212F2F0000000000212F2F2300000012212F2F7E
:201D00000000000000212F2F231B000012212F2F0000000000212F2F2F2D320012212F2FD7
:201D20000000000000212F2F231B000012212F2F0000000000212F2F23C6000012212F2F5C
:201D40000000000000212F2F2300000012212F2F0000000000212F2F2300000012212F2F1D
:201D60000000000000212F2F231B000012212F2F0000000000212F2F231E000000212F2FD6
:201D80000000000000212F2F231E000000212F2F0000000000212F2F231E000011212F2FB4
:201DA0000000000000212F2F231E000000212F2F0000000000212F2F231E000000212F2FA5
:201DC0000000000000212F2F231E000000212F2F0000000000212F2F231E0000F4212F2F91
:201DE0000000000000212F2F231E0000F6212F2F0000000000212F2F231E0000F5212F2F7A
:201E00000000000000212F2F231E000000212F2F0000000000212F2F231E000000212F2F44
:201E20000000000000212F2F231E000000212F2F0000000000212F2F231E000000212F2F24
:201E40000000000000212F2F231E000011212F2F0000000000212F2F231E000000212F2FF3
:201E60000000000000212F2F231E000000212F2F0000000000212F2F231E000000212F2FE4
:201E80000000000000212F2F231E000000212F2F0000000000212F2F231E0000F4212F2FD0
:201EA0000000000000212F2F23000000F5212F2F0000000000212F2F2300000012212F2FD9
:201EC0000000000000212F2F2300000012212F2F0000000000212F2F2300000012212F2F9C
:201EE0000000000000212F2F2300000012212F2F0000000000212F2F2300000012212F2F7C
:201F00000000000000212F2F231B000012212F2F0000000000212F2F232D320012212F2FE1
:201F20000000000000212F2F231B000012212F2F0000000000212F2F23C6000012212F2F5A
:201F40000000000000212F2F2300000012212F2F0000000000212F2F2300000000212F2F2D
:201F60000000000000212F2F231B000000212F2F0000000000212F2F2300000000212F2F04
:201F80000000000000212F2F2300000000212F2F0000000000212F2F2300000000212F2FFF
:201FA0000000000000212F2F2300000000212F2F0000000000212F2F2300000000212F2FDF
:201FC0000000000000212F2F2300000011212F2F0000000000212F2F2300000000212F2FAE
:201FE0000000000000212F2F2300000000212F2F0000000000212F2F231C1C1C00212F2F4B
:202000000000000000262222222D2D32002622220000000000000000000000000000000C32
:202020000000000000000000000000000000190C000000000000000000000000000019184A
:20204000000000000000000000000000001119180000000000000000000000000000001826
:202060002D2D2D2D2D2D2D2D10000000102D2D2D0000000000000000000000000000001839
:20208000000000000000000000000000000000182D2D2D2D2D2D10000000102D2D2D2D2D19
:2020A0000000000000000000000000000000000C0000000000000000000000000000000C08
:2020C0000000000000000000000000190000000C0000000000000000000000190000000CB6
:2020E0000000000000000000000000000000000C00000000000000000000000000000018BC
:202100002D2D2D2D2D10000000102D2D2D2D2D2D0000000000000000000000000000000CA4
:202120000000000000000000000000000000000C0000000000000000000000190000000C6E
:20214000000000000000000000000000000000180000000000000000000000000000000C5B
:202160000000000000000000000000000000000C2D2D2D2D2D2D10000000102D2D2D2D2D44
:20218000000000000000000000000000000000180000000000000000000000000000000C1B
:2021A0000000000000000000000000001900000C0000000000000000000000000000000CEE
:2021C0000000000000000000000000000000000C00000000000000000000000000000018DB
:2021E0002D2D2D2D2D2D2D10000000102D2D2D2D00000000000000000000000000000018B8
:202200000000000000000000000000000000000C000000000000000000000000000000189A
:202220000000000000000000000000000000190C0000000000000000000000000000000C6D
:2022400000000000000000000000000000000018000000000000000000000000000000184E
:202260002D2D2D2D2D2D2D2D2D10000000102D2D0000000000000000000000000000000C43
:20228000000000000000000000000000000000180000000000000000000000000000000C1A
:2022A0002D2D2D2D2D2D2D2D10000000102D2D2D0000000000000000000000000000000C03
:2022C0000000000000000000000000000000000C0000000000000000000000000019000CCD
:2022E0000000000000000000000000000000000C00000000000000000000000000000018BA
:202300002D2D2D2D2D2D2D2D1000000000102D2D0606060606051E00000000000000001288
:202320000606060606051E0000000000000000120606060606051E000000000000000012F7
:202340000202020202011E0000000000000000120606060606051E000000000000000012EF
:202360000606060606051E0000000000000000120606060606051E000000000000000012B7
:202380000202020202011E0000000000000000120606060606051E000000000000000012AF
:2023A0000606060606051E0000000000000000120606060606051E00000000000000001277
:2023C0000202020202011E0000000000000000120606060606051E000000000000001C1253
:2023E0000606060606051E0000000000000010120606060606051E00000000000000001227
:202400000202020202011E1C00000000000000120606060606051E10000000000000001202
:202420000606060606051E0000000000000000120606060606051E000000000000000012F6
:202440000202020202011E00000000001C0000120606060606051E000000000010000012C2
:202460000606060606051E0000000000000000120606060606051E000000000000000012B6
:202480000202020202011E001C000000000000120606060606051E00100000000000001282
:2024A0000606060606051E0000000000000000120606060606051E000000000000001C125A
:2024C0000202020202011E0000000000000010120606060606051E0000000000000000125E
:2024E0000606060606051E0000000000000000120606060606051E1C00000000000000121A
:202500000202020202011E1000000000000000120606060606051E0000000000000000121D
:202520000606060606051E00000000001C0000120606060606051E000000000010000012C9
:202540000202020202011E0000000000000000120606060606051E000000000000000012ED
:202560000606060606051E1C00000000000000120606060606051E10000000000000001289
:202580000202020202011E0000000000000000120606060606051E000000000000001C1291
:2025A0000606060606051E0000000000000010120606060606051E00000000000000001265
:2025C0000202020202011E00001C0000000000120606060606051E00001000000000001241
:2025E0000606060606051E0000000000000000120606060606051E00000000000000001235
:202600000202020202011E000000000000001C120606060606051E00000000000000101200
:202620000606060606051E0000000000000000120606060606051E1C0000000000000012D8
:202640000202020202011E1000000000000000120606060606051E000000000000000012DC
:202660000606060606051E0000000000000000120606060606051E00000000001C00001298
:202680000202020202011E0000000000100000120606060606051E0000000000000000129C
:2026A0000606060606051E0000000000000000120606060606051E001C0000000000001258
:2026C0000202020202011E0010000000000000120606060606051E0000000000000000125C
:2026E0000606060606051E0000000000001C00120606060606051E00000000000010001208
:202700000202020202011E0000000000000000120606060606051E0000000000000000122B
:202720000606060606051E1C00000000000000120606060606051E100000000000000012C7
:202740000202020202011E0000000000000000120606060606051E000000000000001C12CF
:202760000606060606051E0000000000000010120606060606051E000000000000000012A3
:202780000202020202011E00001C0000000000120606060606051E0000100000000000127F
:2027A0000606060606051E0000000000000000120606060606051E00000000000000001273
:2027C0000202020202011E0000000000001C00120606060606051E0000000000001000123F
:2027E0000606060606051E0000000000000000120606060606051E1C000000000000001217
:202800000202020202011E1000000000000000120606060606051E0000000000000000121A
:202820000606060606051E0000000000000000120606060606051E000000000000001C12D6
:202840000202020202011E0000000000000010120606060606051E000000000000000012DA
:202860000606060606051E001C000000000000120606060606051E00100000000000001286
:202880000202020202011E0000000000000000120606060606051E000000000000000012AA
:2028A0000606060606051E00000000001C0000120606060606051E00000000001000001246
:2028C0000202020202011E0000000000000000120606060606051E1C00000000000000124E
:2028E0000606060606051E1000000000000000120606060606051E00000000000000001222
:202900000202020202011E0000000000000000120606060606051E000000000000001C120D
:202920000606060606051E0000000000000010120606060606051E000000000000000012E1
:202940000202020202011E0000000000000000120606060606051E001C00000000000012CD
:202960000606060606051E0010000000000000120606060606051E000000000000000012A1
:202980000202020202011E0000000000001C00120606060606051E0000000000001000127D
:2029A0000606060606051E0000000000000000120606060606051E1C000000000000001255
:2029C0000202020202011E1000000000000000120606060606051E00000000000000001259
:2029E0000606060606051E0000000000000000120606060606051E00000000000000001231
:202A00002D2D2D2D2D2D2D2D1000000000102D2D0000000000000000000000000000000CC8
:202A2000000000000000000000000000000019180000000000000000000000000000190C40
:202A40000000000000000000000000000011190C0000000000000000000000000000001828
:202A6000000000000000000000000000000000182D2D2D2D2D2D2D2D2D10000000102D2D2F
:202A80000000000000000000000000000000000C0000000000000000000000000000000C1E
:202AA0002D2D2D2D2D2D2D2D2D2D10000000102D0000000000000000000000000000000CFB
:202AC0000000000000000000000000000000000C00000000000000000000000000000018D2
:202AE0002D2D2D2D2D2D2D2D2D10000000102D2D00000000000000000000000000000018AF
:202B0000000000000000000000000000000000182D2D2D2D2D2D2D10000000102D2D2D2D8E
:202B20000000000000000000000000000000000C0000000000000000000000000000000C7D
:202B40002D2D2D2D2D2D2D2D10000000102D2D2D000000000000000000000000000000184E
:202B600000000000000000000000000000000018000000000000000000000000112D2D2DA5
:202B8000000000000000000000000000000000110000000000000000000000000000000024
:202BA000000000000000000000000000000000000000000000000000000000000000000015
:202BC000000000000000000000000000000000000000000000000000000000101B000011B9
:202BE0000000000000000000000000101B0000110000000000000000000000101B0000115D
:202C00000000000000000000000000000000000000000000000000000000000000000000B4
:202C2000000000000000000000000000001110000000000000000000000000000011100052
:202C4000000000000000000000000000000000000000000000000000000000000000000074
:202C6000000000000000000000000000000000000000000000000000000000000000001143
:202C8000000000000000000000000000000000110000000000000000000000000000001013
:202CA000000000000000000000000000000000100000000000000000000000000000000CF8
:202CC0000000000000000000000000000000000C00000000000000000000000000102D2D7E
:202CE0000000000000000000000000000000000000000000000000000000000000000000D4
:202D0000000000000000000000001C1C1C000000000000000000000000001010100000002F
:202D2000000000000000000000000000000000000000000000000000000000000000001182
:202D4000000000000000000000000000000000110000000000000000000000000000001052
:202D60000000000000000000000000000000000C0000000000000000000000000000000C3B
:202D800000000000000000000000000000E8000C00000000000000000000000000E900183E
:202DA0000000000000000000000000000000000C0000000000000000000000000000000CFB
:202DC0000000000000000000000000000000000C00000000000000000000000000102D2D7D
:202DE0000000000000000000000000000000001100000000000000000000000000000000C2
:202E0000000000000000000000001C1C1C000000000000000000000000001010100000002E
:202E2000000000000000000000000000000000000000000000000000000000101B00001156
:202E40000000000000000000000000101B0000110000000000000000000000000000000036
:202E6000000000000000000000000000000000000000000000000000000000000000000052
:202E8000000000000000000000000000000000110000000000000000000000000000001110
:202EA0000000000000000000000000000000001000000000000000000000000000000018EA
:202EC0000000000000000000000000000000001800000000000000000000000035102D2D3B
:202EE0000000000000000000000000000000001800000000000000000000000000000018A2
:202F00000000000000000000000000112D2D2D2D0000000000000000000000001A1A1A1A84
:202F2000000000000000000000000000000000000000000000000000000000000000000091
:202F4000000000000000000000000000000000000000000000000000000000000000000071
:202F6000000000000000000000000000000000000000000000000000000000101B00001115
:202F80000000000000000000000000101B00001100000000000000000000000000000000F5
:202FA000000000000000000000000000000000000000000000000000000000000000000011
:202FC0000000000000000000000000000000001100000000000000000000000000000011CF
:202FE000000000000000000000000000000000100000000000000000000000000000000CB5
:20300000000000000000000000000000000000180000000000000000000000000000000C8C
:203020000000000000000000000000000000100C0000000000000000000000000000000C68
:20304000000000000000000000000000000000180000000000000000000000000000001048
:203060000000000000000000000000000000000C000000000000000000000000000000182C
:203080000000000000000000000000000000000C0000000000000000000000000000340CE4
:2030A000000000000000000000000000000000180000000000000000000000000000000CEC
:2030C000000000000000000000000000000000180000000000000000000000000000340C98
:2030E0000000000000000000000000000000000C000000000000332D2D1000000000001116
:203100000000000000002E2D2D100000000000000000000000002E1B0000000000000000CE
:203120000000000000002E1B00000000000000000000000000002E2D1000000000000000DB
:203140000000000000002E1B00000000000000000000000000002E1B0000000000000000DD
:203160000000000000002E1B00000000000000000000000000002E2D2D100000000000006E
:203180000000000000002E1B00000000000000000000000000002E1B00000000000000009D
:2031A0000000000000002E2D10000000000000000000000000002E1B00000000000000005B
:2031C0000000000000002E1B00000000000000000000000000002E1B00000000000000005D
:2031E0000000000000002E2D2D100000000000000000000000002E1B0000000000000000EE
:203200000000000000002E1B00000000000000000000000000002E2D1000000000000000FA
:203220000000000000002E1B00000000000000000000000000002E1B0000000000000000FC
:203240000000000000002E1B00000000000000000000000000002E2D2D100000000000008D
:203260000000000000002E1B00000000000000000000000000002E1B0000000000000000BC
:203280000000000000002E2D10000000000000000000000000002E1B00000000000000007A
:2032A0000000000000002E1B00000000000000000000000000002E1B00000000000000007C
:2032C0000000000000002E2D2D100000000000000000000000002E1B00000000000000000D
:2032E0000000000000002E1B00000000000000000000000000002E2D2D2D2D100000000093
:203300000000000000002E1B00000000000000000000000000002E1B00000000000000001B
:203320000000000000002E1B00000000000000000000000000002E2D2D2D2D2D1000000025
:203340000000000000002E1B00000000000000000000000000002E1B0000000000000000DB
:203360000000000000002E2D2D2D2D10000000000000000000002E1B000000000000000012
:203380000000000000002E1B00000000000000000000000000002E1B00000000000000009B
:2033A0000000000000002E2D2D2D2D2D100000000000000000002E1B0000000000000000A5
:2033C0000000000000002E1B00000000000000000000000000002E2D2D2D2D1000000000B2
:2033E0000000000000002E1B00000000000000000000000000002E1B00000000000000003B
:203400000000000000002E2D2D2D1000000000000000000000002E1B00000000000000009E
:203420000000000000002E1B00000000000000000000000000002E1B0000000000000000FA
:203440000000000000002E2D2D2D2D10000000000000000000002E1B000000000000000031
:203460000000000000002E1B00000000000000100000000000002E1B00000000000000109A
:203480000000000000002E1B000000000000000C0000000000002E1B000000000000000C82
:2034A0000000000000002E1B00000000000000180000000000002E2D2D2D10000000102DA9
:2034C0000000000000002E0000000000000000180000000000002E00000000000000000C6C
:2034E0000000000000002E00000000000000000C0000000000002E2D2D10000000102D2D90
:203500000000000000002E00000000000000000C0000000000002E00000000000000000C37
:203520000000000000002E2D2D2D10000000102D0000000000002E00000000000000000C4F
:203540000000000000002E00000000000000000C0000000000002E000000000000000018EB
:203560000000000000002E2D2D10000000102D2D0000000000002E00000000000000001803
:203580000000000000002E0000000000000000180000000000002E2D2D2D10000000102DE3
:2035A0000000000000002E00000000000000000C0000000000002E00000000000000000C97
:2035C0000000000000002E0000000000000000180000000000002E2D2D10000000102D2DA3
:2035E0000000000000002E0000000000000000180000000000002E0000000000000000183F
:203600000000000000002E2D2D2D10000000102D0000000000002E00000000000000000C6E
:203620000000000000002E00000000000000000C0000000000002E0000000000000000180A
:203640000000000000002E2D2D10000000102D2D0000000000002E00000000000000001822
:203660000000000000002E00000000000000000C0000000000002E00000000000000000CD6
:203680000000000000002E2D10000000102D2D2D0000000000002E00000000000000000CEE
:2036A0000000000000002E00000000000000000C0000000000002E2D2D10000000102D2DCE
:2036C0000000000000002E0000000000000000180000000000002E0000000000000000185E
:2036E0000000000000002E10000000102D2D2D2D0000000000002E00000000000000000C8E
:203700000000000000002E00000000000000000C000000000000312D10000000102D2D2D6A
:20372000000000000000000000000000000000180000000000000000000000111010101020
:20374000000000000000000000000000000000000000000000000000000000000000000069
:20376000242424242424242424242424242424242F2F2F2F2F2F2F2F2F2F2F2F2F2F2F2F19
:203780002F2F2F2F2F2F2F2F2F2F2F2F2F2F2F2F2F2F2F2F2F2F2F2F2F2F2F2F2F2F2F2F49
:2037A0002F2F2F2F2F2F2F2F2F2F2F2F2F2F2F2F2F2F2F2F2F2F2F2F2F2F2F2F2F2F2F2F29
:2037C0002F2F2F2F2F2F2F2F2F2F2F2F2F2F2F2F2F2F2F2F2F2F2F2F2F2F2F2F2F2F2F2F09
:2037E0002F2F2F2F2F2F2F2F2F2F2F2F2F2F2F2F2F2F2F2F2F2F2F2F2F2F2F2F2F2F2F2FE9
:103800002F2F2F2F2F2F2F2F2F2F2F2F2F2F2F2FC8
:020000040008F2
:200000000000000000000000000000000000000000000000000000000000000000000000E0
:200020000000000000000000000000000000000000000000000000000000000000000000C0
:200040000000000000000000000000000000000000000000000000000000000000000000A0
:20006000000000000000000000000000000000000000000000000000000000000000000080
:20008000000000000000000000000000000000000000000000000000000000000000000060
:2000A000000000000000000000000000000000000000000000000000000000000000000040
:2000C000000000000000000000000000000000000000000000000000000000000000000020
:2000E000000000000000000000000000000000000000000000000000000000000000000000
:20010000000000000000000000000000000000120000000000000000000000000000E812D3
:200120000000000000000000000000000000E91200000000000000000000000000000012B2
:2001400000000000000000000000000000000000000000000000000000000000000000009F
:2001600000000000000000000000000000000000000000000000000000000000000000007F
:2001800000000000000000000000000000000000000000000000000000000000000000005F
:2001A00000000000000000000000000000000000000000000000000000000000000000003F
:2001C00000000000000000000000000000000000000000000000000000000000000000001F
:2001E0000000000000000000000000000000000000000000000000000000000000000012ED
:200200000000000000000000000000000000E8120000000000000000000000000000E912E9
:200220000000000000000000000000000000001200000000000000000000000000000000AC
:2002400000000000000000000000000000000000000000000000000000000000000000009E
:2002600000000000000000000000000000000000000000000000000000000000000000007E
:2002800000000000000000000000000000000000000000000000000000000000000000005E
:2002A00000000000000000000000000000000000000000000000000000000000000000003E
:2002C00000000000000000000000000000000000000000000000000000000000000000001E
:2002E0000000000000000000000000000000001200000000000000000000000000000012DA
:200300000000000000000000000000000000E8120000000000000000000000000000E912E8
:20032000000000000000000000000000000000120000000000000000000000000000001299
:20034000000000000000000000000000000000100000000000000000000000000000001875
:2003600000000000000000000000000000000018000000000000000000000000000000184D
:200380000000000000000000000000000000102D0000000000000000000000000000001808
:2003A000000000000000000000000000000000180000000000000000000000000000000C19
:2003C0000000000000000000000000000034000C00000000000000000000000000000018C5
:2003E0000000000000000000000000000000000C00000000000000000000000000000018D9
:2004000000000000000000000000000000001918000000000000000000000000000019187A
:200420000000000000000000000000000000190C0000000000000000000000000000190C72
:20044000000000000000000000000000000000180000000000000000000000000000000C78
:200460000000000000000000000000000000000C0000000000000000000000000000001858
:2004800000000000000000000000000000000010000000000000000000000000000000113B
:2004A00000000000000000000000000000000011000000000000000000000000000000002B
:2004C00000000000000000000000000000000000000000000000000000000000000000001C
:2004E0000000000000000000000000000000000000000000000000000000000000000000FC
:200500000000000000000000000000000000000000000000000000000000000000000000DB
:20052000000000000000000000000000000000000000000000000000000000101B0000117F
:200540000000000000000000000000101B000011000000000000000000000000000000005F
:2005600000000000000000000000000000000000000000000000000000000000000000007B
:200580000000000000000000000000101B0000110000000000000000000000101B000011E3
:2005A00000000000000000000000000000000000000000000000000000000000000000003B
:2005C0000000000000000000000000000000003500000000000000000000000000000018CE
:2005E0000000000000000000000000000000000C0000000000000000000000000000000CE3
:200600000000000000000000000000000000331800000000000000000000000000002E1849
:2006200000000000000000000000000000002E0C00000000000000000000000000002E0C46
:2006400000000000000000000000000000112E1800000000000000000000000000002E0C09
:2006600000000000000000000000000000002E1800000000000000000000000000002E0CFA
:2006800000000000000000000000000000002E0C00000000000000000000000000002E0CE6
:2006A00000000000000000000000000000002E180000000000000000000000000000310CB7
:2006C0000000000000000000000000000000000C00000000000000000000000000000018F6
:2006E0000000000000000000000000000000000C00000000000000000000000000000018D6
:200700000000000000000000000000000000001000000000000000000000000000000000C9
:200720000000000000000000000000000000000000000000000000000000000000000000B9
:20074000000000000000000000000000001110000000000000000000000000000000000078
:20076000000000000000000000000000000000000000000000000000000000000000000079
:20078000000000000000000000000000000000110000000000000000000000000000102D0B
:2007A000000000000000000000000000000000180000000000000000000000000000000C15
:2007C000000000000000000000000000000000180000000000000000000000000034000CC1
:2007E0000000000000000000000000000000000C00000000000000000000000000000018D5
:200800000000000000000000000000000000001800000000000000000000000000000018A8
:200820000000000000000000000000000000102D000000000000000000000000000000007B
:20084000000000000000000000000000000000000000000000000000000000000000000098
:2008600000000000000000000000001C1C1C000000000000000000000000001010100000F4
:20088000000000000000000000000000000000000000000000000000000000000000000058
:2008A000000000000000000000000000000000000000000000000000000000000000001127
:2008C0000000000000000000000000000000001100000000000000000000000000000010F7
:2008E000000000000000000000000000000000180000000000000000000000000000000CD4
:200900000000000000000000000000000000000C000000000000000000000000000019189A
:200920000000000000000000000000000000000C0000000000000000000000000000001695
:20094000000000000000000000000000000000180000000000000000000000000000001867
:200960000000000000000000000000000000000C0000000000000000000000000000190C46
:20098000000000000000000000000000000000180000000000000000000000000000000C33
:2009A0000000000000000000000000000000001800000000000000000000000000102D2DB5
:2009C0000000000000000000000000000000001800000000000000000000000000001918CE
:2009E0000000000000000000000000000000001800000000000000000000000000000016C9
:200A00000000000000000000000000000000001600000000000000000000000000000011AF
:200A2000000000000000000000000000000000110000000000000000000000000000001194
:200A4000000000000000000000000000000000000000000000000000000000000000000096
:200A6000000000000000000000000000000000000000000000000000000000000000000076
:200A8000000000000000000000000000000000000000000000000000000000000000000056
:200AA000000000000000000000000000000000110000000000000000000000000000001114
:200AC000000000000000000000000000000000000000000000000000000000000000000016
:200AE0000000000000000000000000000000001100000000000000000000000000000011D4
:200B00000000000000000000000000000000000000000000000000000000000000000000D5
:200B2000000000000000000000000000000000000000000000000000000000000011100094
:200B4000000000000000000000000000000000000000000000000000000000000000000095
:200B6000000000000000000000000000000000000000000000000000000000000000001164
:200B8000000000000000000000000000000000000000000000000000000000000000000055
:200BA000000000000000000000000000000000000000000000000000000000000000001124
:200BC000000000000000000000000000000000000000000000000000000000101B000000EA
:200BE0000000000000000000000000101B0000000000000000000000000000101B0000009F
:200C00000000000000000000000000101B0000000000000000000000000000101B0000007E
:200C20000000000000000000000000101B0000000000000000000000000000101B0000005E
:200C40000000000000000000000000101B0000000000000000000000000000101B0000003E
:200C600000000000000000000000000000000000000000000000000000000000000000353F
:200C8000000000000000000000000000001F1F1F00000000000000000000000011302D2D5C
:200CA000000000000000000000000000000000180000000000000000000000000034000CDC
:200CC0000000000000000000000000000000000C00000000000000000000000000000018F0
:200CE0000000000000000000000000000000000C000000000000000000000000340000189C
:200D00000000000000000000000000000000001800000000000000000000000000000018A3
:200D2000000000000000000000000000000000180000000000000000000000000000000C8F
:200D40000000000000000000000000000034000C000000000000000000000000000000183B
:200D60000000000000000000000000000000001800000000000000000000000000252424EE
:200D800000000000000000000000000000212F2F00000000000000000000000000212F2F55
:200DA0000000000000000000000000000026222200000000000000000000000000000018B1
:200DC0000000000000000000000000000000001800000000000000000000000000000018E3
:200DE0000000000000000000000000000034000C000000000000000000000000000000189B
:200E00000000000000000000000000000000000C0000000000000000000000000000000CBA
:200E200000000000000000000000000034000018000000000000000000000000000000184E
:200E4000000000000000000000000000000000180000000000000000000000000000001862
:200E6000000000000000000000000000002524240000000000000000000000003526222266
:200E8000000000000000000000000000000000180000000000000000000000000000000C2E
:200EA0000000000000000000000000000000000C000000000000000000000000000000180E
:200EC0000000000000000000000000000000001600000000000000000000000034000016B2
:200EE000000000000000000000000000000000160000000000000000001C1C1C0000001672
:200F0000000000000000000000101010000000160000000000000000000000000000001675
:200F2000000000000000000000000000000000160000000000000000000000000000001883
:200F40000000000000000000000000000000000C0000000000000000000000000000000C79
:200F6000000000000000000000000000003400180000000000000000000000000000000C19
:200F80000000000000000000000000000000000C000000000000000000000000000000182D
:200FA0000000000000000000000000000019000C00000000000000000000000000000018F4
:200FC00000000000000000000000101B00001918000000000000000000000000000000189D
:200FE0000000000000000000000000101B000016000000000000000000000000000000169A
:201000000000000000000000000000000000001600000000000000000000000000000018A2
:20102000000000000000000000000000000000180000000000000000000000000000001880
:20104000000000000000000000000000003400180000000000000000000000000000000C38
:201060000000000000000000000000000000000C000000000000000000000000000000184C
:20108000000000000000000000000000001900180000000000000000000000000000001807
:2010A0000000000000000000000000000000191800000000000000000000000000001918CE
:2010C0000000000000000000000000000000000C00000000000000000000000000000018EC
:2010E0000000000000000000000000001900000C0000000000000000000000000000000CBF
:20110000000000000000000000000000001900180000000000000000000000000000001886
:2011200000000000000000000000000000001918000000000000000000000000000019184D
:201140000000000000000000000000000000000C0000000000000000000000000000000C77
:20116000000000000000000000000000000025240000000000000000000000000000212FD6
:201180000000000000000000000000000000262200000000000000000000000000000018EF
:2011A000000000000000000000000000000000160000000000000000000000000000001603
:2011C0000000000000000000000000000000001600000000000000000000000000000016E3
:2011E0000000000000000000000000000000001600000000000000000000000000000018C1
:201200000000000000000000000000000000000C0000000000000000000000000000000CB6
:20122000000000000000000000000000000019180000000000000000000000000000000C71
:20124000000000000000000000000000000000160000000000000000000000000000001662
:201260000000000000000000000000000000000C0000000000000000000000000000000C56
:20128000000000000000000000000000000019180000000000000000000000000000001805
:2012A000000000000000000000000000000000160000000000000000000000000000001602
:2012C0000000000000000000000000000000001800000000000000000000000000000018DE
:2012E0000000000000000000000000000000191800000000000000000000000000000018A5
:201300000000000000000000000000000000001600000000000000000000000000000016A1
:20132000000000000000000000000000000000180000000000000000000000000000000C89
:201340000000000000000000000000000000190C0000000000000000000000000000001850
:20136000000000000000000000000000000000160000000000000000000000000000001641
:2013800000000000000000000000000000000018000000000000000000000000000000181D
:2013A000000000000000000000000000003400180000000000000000000000000000000CD5
:2013C000000000000000000000000000000000180000000000000000000000000000000CE9
:2013E0000000000000000000000000003400000C0000000000000000000000000000001895
:20140000000000000000000000000000000000180606060606052D1000000000102D2D2DBD
:20142000060606060605000000000000000000000606060606050000000000000000000066
:2014400002020202020100000000000000000000060606060605000000000000000000005E
:20146000060606060605000000000000000000000606060606050000000000000000000026
:2014800002020202020100000000000000000000060606060605000000000000000000001E
:2014A0000606060606050000000000000000000006060606060500000000000000000000E6
:2014C0000202020202010000000000000000000006060606060500000000000000001000CE
:2014E0000606060606050000000000000000000006060606060500000000000000000000A6
:2015000002020202020100000000000000000000060606060605000000000000000000009D
:20152000060606060605100000000000000000000606060606050000000000000000000055
:2015400002020202020100000000000000000000060606060605000000000000000000005D
:20156000060606060605000000000000000000100606060606050000000000000000000015
:2015800002020202020100000000000000000000060606060605000000000000000000001D
:2015A0000606060606050000000000000000000006060606060500000000001000000000D5
:2015C0000202020202010000000000000000000006060606060500000000000000000000DD
:2015E0000606060606050000000000000000000006060606060500000000000000000000A5
:2016000002020202020100000000000000000000060606060605000000000000000000009C
:20162000060606060605000010000000000000000606060606050000000000000000000054
:2016400002020202020100000000000000000000060606060605000000000000000000005C
:20166000060606060605000000000000000000000606060606050000000000000000000024
:201680000202020202011000000000000010000006060606060500000000000000000000FC
:2016A0000606060606050000000000000000000006060606060500000000000000000000E4
:2016C0000202020202010000000000000000000006060606060500000000000000000010CC
:2016E000060606060605000000000000000000000606060606050000001000000000000094
:2017000002020202020100000000000000000000060606060605000000000000000000009B
:20172000060606060605000000000000000000000606060606050000000000000000000063
:2017400002020202020100000000000000000000060606060605000000000000000010004B
:20176000060606060605000000000000000000000606060606050000000000000000000023
:2017800002020202020100001000000000000000060606060605000000000000000000000B
:2017A0000606060606050000000000000000000006060606060500000000000000000000E3
:2017C0000202020202010000000000000000000006060606060500000000000000000000DB
:2017E000060606060605000000001000000000000606060606050000000000000000000093
:2018000002020202020100000000000000000000060606060605000000000000000000009A
:20182000060606060605100000000000000000000606060606050000000000000000001042
:2018400002020202020100000000000000000000060606060605000000000000000000005A
:20186000060606060605000000000000100000000606060606050000000000000000000012
:2018800002020202020100000000000000000000060606060605000000000000000000001A
:2018A0000606060606050000000000000000000006060606060500000000000000000000E2
:2018C0000202020202011000000000000000000006060606060500000000000000000000CA
:2018E0000606060606050000000000000000000006060606060500000000000000000000A2
:20190000020202020201000000000000000000100606060606050000000000000000000089
:20192000060606060605000000000000000000000606060606050000000000000000000061
:20194000020202020201000000000000000000000606060606050010000000000000000049
:20196000060606060605000000000000000000000606060606050000000000000000000021
:20198000020202020201000000000000100000000606060606050000000000000000000009
:2019A0000606060606050000000000000000000006060606060500001000000000000000D1
:2019C0000202020202010000000000000000000006060606060500000010000000000000C9
:2019E000060606060605000000000000000000000606060606050000000000000000001091
:201A0000020202020201100000000000000000000606060606050000000000000000000088
:201A2000060606060605000000000000000000000606060606050000000000000000000060
:201A4000020202020201000000000000100000000606060606050000000000000000000048
:201A6000060606060605000000000000000000000606060606050000000000000000000020
:201A8000020202020201001000000000000000000606060606050000000000000000000008
:201AA0000606060606050000000000000000000006060606060500000000000000001000D0
:201AC0000202020202010000000000000000000006060606060500000000000000000000D8
:201AE0000606060606050000000000000000000006060606060500000000000000000000A0
:201B0000020202020201000010000000000000000606060606050000000000000000000087
:201B200006060606060500000000000000000000060606060605100000000000000000103F
:201B40000202020202012F10000000000000102F0606060606052F2F1000000000102F2FFD
:201B60000606060606052F2F1000000000102F2F0606060606052F2F1000000000102F2F67
:201B80000202020202012F2F1000000000102F2F0606060606052F2F1000000000102F2F5F
:201BA0000606060606052F2F1000000000102F2F06060606060510101000000000101010A3
:201BC0000000000000000000000000000000001800000000000000000000000000002524A4
:201BE0000000000000000000000000000000212F0000000000000000000000000000212F45
:201C0000000000000000000000000000000026220000000000000000000000000000000C70
:201C20000000000000000000000000000000000C0000000000000000000000000000001880
:201C400000000000000000000000000000302D2D0000000000000000000000000000000CEE
:201C6000000000000000000000000000000000180000000000000000000000000000000C40
:201C80000000000000000000000000000034000C00000000000000000000000000000018EC
:201CA0000000000000000000000000000000000C0000000000000000000000000000000C0C
:201CC0000000000000000000000000003400000C0000000000000000000000000000000CB8
:201CE000000000000000000000000000000000180000000000000000000000000000000CC0
:201D0000000000000000000000000000000000180000000000000000000000000000252462
:201D20000000000000000000000000000000212F000000000000000000000000000026220B
:201D4000000000000000000000000000000000180000000000000000000000000000000C5F
:201D60000000000000000000000000003400000C000000000000000000000000000000180B
:201D80000000000000000000000000000000000C000000000000000000000000000000181F
:201DA0000000000000000000000000001900000C0000000000000000000000000000000CF2
:201DC000000000000000000000101B00001900180000000000000000000000000000000C9B
:201DE00000000000000000000000101B0000190C0000000000000000000000000000000C87
:201E00000000000000000000000000101B0000160000000000000000000000000000000081
:201E2000000000000000000000000000101B00000000000000000000000000000000000077
:201E4000000000000000000000000000000000000000000000000000000000000000000082
:201E6000000000000000000000000000000000110000000000000000000000000000000051
:201E8000000000000000000000000000000000000000000000000000000000000000000042
:201EA000000000000000000000000000000000110000000000000000000000000000000011
:201EC000000000000000000000000000000000000000000000000000000000000000000002
:201EE0000000000000000000000000000000000000000000000000000000000000000012D0
:201F0000000000000000000000000000000000120000000000000000000000000000341269
:201F200000000000000000000000000000000012000000000000000000000000000000127D
:201F4000000000000000000000000000000000120000000000000000000000000000302D12
:201F6000000000000000000000000000000000180000000000000000000000000000121621
:201F80000000000000000000000000000000121600000000000000000000000000341216BD
:201FA0000000000000000000000000000000121600000000000000000000000000001216D1
:201FC0000000000000000000000000000000000C00000000000000000000000000302D2D6B
:201FE0000000000000000000000000000000001800000000000000000000000000000018B1
:2020000000000000000000000000000000002524000000000000000000000000000026222F
:20202000000000000000000000000000000000180000000000000000000000000000001870
:202040000000000000000000000000000025242400000000000000000000000000212F2F94
:20206000000000000000000000000000002622220000000000000000000000000000000CEA
:202080000000000000000000000000000000000C000000000000000000000000000000181C
:2020A000000000000000003032000000302D2D2D0000000000000000000000000000000CFB
:2020C0000000000000000000000000000000000C00000000000000000000000000000018DC
:2020E0000000000000003032000000302D2D2D2D0000000000000000000000000000001882
:202100000000000000000000000000000000000C0000000000000000000000000000000CA7
:2021200000000000003032000000302D2D2D2D2D0000000000000000000000000000000C20
:202140000000000000000000000000000000000C0000000000000000000000000000000C67
:20216000000000003032000000302D2D2D2D2D2D0000000000000000000000000000000CB3
:20218000000000000000000000000000000000180000000000000000000000000000000C1B
:2021A0000000000000000000000000000000000C00000000000000000000302D2D2D2D2D02
:2021C0000000000000000000000000000000001800000000000000101B0000302D2D2D2DD8
:2021E000000000000000000000000000000000180000000000000000101B0000302D2D2DE5
:2022000000000000000000000000000000000018000000000000000000101B0000302D2DF1
:202220000000000000000000000000000000001800000000000000000000101B0000302DFE
:20224000000000000000000000000000000000180000000000000000000000101B0000300B
:2022600000000000000000000000000000000000000000000000000000000000000000005E
:2022800000000000000000000000000000000000000000000000000000000000000000003E
:2022A00000000000000000000000000000000000000000000000000000000000000000110D
:2022C0000000000000000000000000000000000000000000000000000000000000000000FE
:2022E0000000000000000000000000000000000000000000000000000000000000000000DE
:2023000000000000000000000000000000000011000000000000000000000000000000119B
:20232000000000000000000000000000000000100000000000000000000000000000001875
:2023400000000000000000000000000000000018000000000000000000000000000000184D
:20236000000000000000000000000000000019180000000000000000000000000000001814
:202380000000000000000000000000000011191800000000000000000000000000000018E3
:2023A0000000000000000000000000000019000C0000000000000000000000000000000CEC
:2023C0000000000000000000000000000000001800000000000000000000000000000018CD
:2023E0000000000000000000000000001900000C00000000000000000000000000000018A0
:202400000000000000000000000000111900000C0000000000000000000000000000000C7A
:20242000000000000000000000000019000000180000000000000000000000000000001853
:20244000000000000000000000000000000000180000000000000000000000000000000C58
:20246000000000000000000000001900000000000000000000000000000000000000000043
:202480000000000000000000001119000000000C00000000000000000000000000000018EE
:2024A000000000000000000000190000000000000000000000000000000000000000000003
:2024C000000000000000000000000000000000000000000000000000000000002524242F60
:2024E0000000000000000011100000002622222F0000000000000000000000000000000022
:2025000000000000000000000000000000000035000000000000000000000000000000186E
:20252000000000000000000000000034000000180000000000000000000000000000001837
:2025400000000000000000000000000000000018000000000000000000000000000000184B
:202560000000000000000000000000302D2D2D2D000000000000000000000000000000185F
:2025800000000000000000000000000025242424000000000000000000000000262222221E
:2025A0000000000000000000000000000000000C00000000000000000000000000000018F7
:2025C0000000000000000000000000000000000C0000000000000000000000000000000CE3
:2025E00000000000000000000000000000302D2D0000000000000000000000000000001839
:20260000000000000000000000000000000025240000000000000000000000000000262229
:2026200000000000000000000000000000000018000000000000000000000000000000186A
:202640000000000000000000000000000000001800000000000000000000000000302D2DD8
:202660000000000000000000000000000000001800000000000000000000000000002524F9
:202680000000000000000000000000000000262200000000000000000000000000000018DA
:2026A0000000000000000000000000000000000C0000000000000000000000000000000C02
:2026C0000000000000000000000000000034000C0000000000000000000000000000000CAE
:2026E000000000000000000000000000000000180000000000000000000000000000000CB6
:202700000000000000000000000000000000000C0000000000000000000000000000302D50
:2027200000000000000000000000000000000018000000000000000000000000000000255C
:2027400000000000000000000000000000000026000000000000000000000000000000183B
:202760000000000000000000000000000000000C0000000000000000000000000000000C41
:202780000000000000000000000000000000302D00000000000000000000000000000018C4
:2027A0000000000000000000000000000000002500000000000000000000000000000026CE
:2027C0000000000000000000000000000000000000000000000000000000000000000000F9
:2027E0000000000000000000000000000000000000000000000000000000000000000000D9
:202800000000000000000000000000000000000000000000000000000000000000000000B8
:20282000000000000000000000000000000000110000000000000000000000000000001176
:20284000000000000000000000000000000000300000000000000000000000000000001830
:202860000000000000000000000000000000000C0000000000000000000000000000000C40
:202880000000000000000000000000000000302D00000000000000000000000000000018C3
:2028A0000000000000000000000000000000001800000000000000000000000000000018E8
:2028C00000000000000000000000000000302D2D0000000000000000000000000000000C62
:2028E0000000000000000000000000000000000C00000000000000000000000000000018B4
:20290000000000000000000000000035302D2D2D0000000000000000000000000000000CBF
:20292000000000000000000000000000000000180000000000000000000000000000000C73
:202940000000000000000000000000000000000C0000000000000000001000000000001843
:2029600000000000000000000000000000000018000000000000101B000010000000000CF8
:202980000000000000000000000000000000000C00000000000000101B00001000000018D8
:2029A0000000000000000000000000000000000C0000000000000000101B000010000018B8
:2029C00000000000000000000000000000000018000000000000000000101B000010000C98
:2029E0000000000000000000000000000000000C00000000000000000000101B0000101878
:202A0000000000000000000000000000000000180000000000000000000000101B00001063
:202A2000000000000000000000000000000000000000000000000000000000000000000096
:202A4000000000000000000000000000000000000000000000000000000000000000000076
:202A6000000000000000000000000000000000000000000000000000000000000000000056
:202A80000000000000000000000000101B0025240000000000000000000000000000212F72
:202AA0000000000000000000000000000000212F0000000000000000000000000000212F76
:202AC000000000000000000000000000001126220000000000000000000000000000001885
:202AE0000000000000000000000000000000000C000000000000000000000000003400187E
:202B00000000000000000000000000000000000C0000000000000000000000000000000C9D
:202B2000000000000000000000000000000000180000000000000000000000000000252434
:202B4000000000000000000000000000000026220000000000000000000000000000000C21
:202B60000000000000000000000000000000000C0000000000000000000000000000001831
:202B800000000000000000000000000000252424000000000000000000000000002622225E
:202BA0000000000000000000000000000000000C0000000000000000000000000000000CFD
:202BC000000000000000000000001C1C000025240000000000000000000010100000212F04
:202BE0000000000000000000000000000000212F0000000000000000000000000000212F35
:202C00000000000000000000000000000000212F0000000000000000000000000000212F14
:202C20000000000000000000000000000011FD22000000000000000000000000000000184C
:202C400000000000000000000000000000000035000000000000000000000000000000033C
:202C60000000000000000000000000000000000C0000000000000000000000000000000C3C
:202C8000000000000000000000000000000000180000000000000000000000000000302DBF
:202CA0000000000000000000000000000000000C0000000000000000000000000000000CFC
:202CC0000000000000000000000000000000001800000000000000000000000035302D2D1D
:202CE0000000000000000000000000000000001200000000000000000000000000000012B0
:202D000000000000000000000000000000000012000000000000000000000000000000128F
:202D2000000000000000000000000000000000120000000000000000000000000000000081
:202D4000000000000000000000000000000000000000000000000000000000000000000073
:202D600000000000000000000000000000000012000000000000000000000000000000122F
:202D80000000000000000000000000000000341200000000000000000000000000000012DB
:202DA0000000000000000000000000000000001200000000000000000000000000000012EF
:202DC0000000000000000000000000000000000000000000000000000000000000000000F3
:202DE0000000000000000000000000000000000000000000000000000000000000000000D3
:202E000000000000000000000000000000000012000000000000000000000000000034125A
:202E200000000000000000000000000000000012000000000000000000000000000000126E
:202E4000000000000000000000000000000000120000000000000000000000000000000060
:202E6000000000000000000000000000000000000000000000000000000000000000000052
:202E8000000000000000000000000000000000110000000000000000000000000000000021
:202EA000000000000000000000000000000000000000000000000000000000000000000012
:202EC0000000000000000000000000000000000000000000000000000000000000000011E1
:202EE0000000000000000000000000000000000000000000000000000000000000000000D2
:202F00000000000000000000000000000000000000000000000000000000000000000011A0
:202F2000000000000000000000000000000000250000000000000000000000000000002646
:202F40000000000000000000000000000000000C0000000000000000000000000000000C59
:202F6000000000000000000000000000000000180000000000000000000000000000302DDC
:202F8000000000000000000000000000000000180000000000000000000000000000001801
:202FA0000000000000000000000000000000003000000000000000000000000000000018C9
:202FC0000000000000000000000000000000001800000000000000000000000000000018C1
:202FE0000000000000000000000000000000302D0000000000000000000000000000000074
:20300000000000000000000000000000000000000000000000000000000000101B00000085
:203020000000000000000000000000101B0000000000000000000000000000101B0000003A
:203040000000000000000000000000101B00302D00000000000000000000000000000018D0
:20306000000000000000000000000000000000180000000000000000000000000000003008
:20308000000000000000000000000000000000180000000000000000000000000000001800
:2030A00000000000000000000000101B00302D2D0000000000000000000000000000000C4F
:2030C0000000000000000000000000000000000C00000000000000000000000000000018CC
:2030E000000000000000000000000000000000300000000000000000000000000000001888
:2031000000000000000000000000000000000018000000000000000000000000000000187F
:203120000000000000000000000000000000302D000000000000000000000000000000181A
:203140000000000000000000000000000000000C0000000000000000000000000000000C57
:2031600000000000000000000000000000302D2D00000000000000000000000000000018AD
:203180000000000000000000000000000000001800000000000000000000000000000018FF
:2031A000000000000000000000000000302D2D2D0000000000000000000000000000000C4C
:2031C0000000000000000000000000000000000C00000000000000000000000000000018CB
:2031E00000000000000000101B0000252424242400000000000000101B0000212B22222212
:2032000000000000000000101B0000212300001800000000000000101B00002123000018A0
:2032200000000000000000101B0000212F2D2D2D00000000000000101B0000212300000C11
:2032400000000000000000101B0000212300000C00000000000000101B000021230000186C
:2032600000000000000000101B0000212F2D2D2D00000000000000101B0000212300000CD1
:2032800000000000000000101B0000212300000C0000000000000000000000212300001857
:2032A0000000000000000000000000212C2424240000000000000000000011262222222296
:2032C00000000000000000000000001A1A1A1A1A0000000000000000000000000000001854
:2032E000000000000000000000000000000000250000000000000000000000000000002188
:2033000000000000000000000000000000000021000000000000000000000000000000216B
:20332000000000000000000000000000000011260000000000000000000000000000001145
:2033400000000000000000000000000000000000000000000000000000000000000000006D
:2033600000000000000000000000000000000000000000000000000000000000001110002C
:2033800000000000000000000000000000000000000000000000000000000000000000002D
:2033A0000000000000000000000000000000001200000000000000000000000000000012E9
:2033C000000000000000000000000000000034120000000000000000000000000000001295
:2033E0000000000000000000000000000000001200000000000000000000000000000012A9
:20340000000000000000000000000000000000250000000000000000000000000000002166
:20342000000000000000000000000000000000210000000000000000000000000000112139
:2034400000000000000000000000000000000021000000000000000000000000000000212A
:20346000000000000000000000000000000000260000000000000000000000000000000026
:2034800000000000000000000000000000000000000000000000000000000000000000002C
:2034A000000000000000000000000000001C1C0000000000000000000000000000101000B4
:2034C0000000000000000000000000000000000000000000000000000000000000000000EC
:2034E0000000000000000000000000000000000000000000000000000000000000000000CC
:20350000000000000000000000000000000000110000000000000000000000000000001189
:2035200000000000000000000000000000000000000000000000000000000000000000008B
:2035400000000000000000000000000000000000000000000000000000000000000000115A
:20356000000000000000000000000000000000110000000000000000000000000000002515
:203580000000000000000000000000000000002100000000000000000000000000000026E4
:2035A0000000000000000000000000000000000C0000000000000000000000000000000CF3
:2035C000000000000000000000000000000000180000000000000000000000000000302D76
:2035E00000000000000000000000000000000018000000000000000000000000000000189B
:203600000000000000000000000000000000352D0000000000000000000000000000001137
:20362000000000000000000000000000000000110000000000000000000000000000001168
:20364000000000000000000000000000000000110000000000000000000000000000000059
:2036600000000000000000000000000000000000000000000000000000000000000000004A
:2036800000000000000000000000000000000000000000000000000000000000000000002A
:2036A000000000000000000000000000000000110000000000000000000000101B00302D71
:2036C0000000000000000000000000000000000C0000000000000000000000000000000CD2
:2036E000000000000000000000000000000000300000000000000000000000000000001882
:203700000000000000000000000000000000001800000000000000000000101B00302D2DDC
:2037200000000000000000000000101B00000012000000000000000000000000000000123A
:20374000000000000000000000000000000034120000000000000000000000000000001211
:20376000000000000000000000000000000000120000000000000000000000000000001225
:203780000000000000000000000000000000341200000000000000000000000000000012D1
:2037A0000000000000000000000000000000001200000000000000000000000000000012E5
:2037C0000000000000000000000000000000000000000000000000000000000000000000E9
:2037E0000000000000000000000000000000000000000000000000000000000000000000C9
:203800000000000000000000000000000000000000000000000000000000000000000000A8
:20382000000000000000000000000000000000000000000000000000000000000000001177
:20384000000000000000000000000000000000110000000000000000000000000000302DFA
:20386000000000000000000000000000000000180000000000000000000000000000001818
:20388000000000000000000000101B00302D2D2D000000000000000000000000000000182E
:2038A000000000000000000000000000000000180000000000000000000000000000302D93
:2038C0000000000000000000000000000000000C0000000000000000000000000000000CD0
:2038E000000000000000000000101B00302D2D2D00000000000000000000000000000018CE
:20390000000000000000000000000000000000180000000000000000000000000000302D32
:20392000000000000000000000000000000000180000000000000000000000000000001857
:20394000000000000000000000101B00302D2D2D000000000000000000000000000000186D
:20396000000000000000000000000000000000180000000000000000000000000000302DD2
:20398000000000000000000000000000000000180000000000000000000000000011302DA1
:2039A000000000000000000000000000000000000000000000000000000000000000000007
:2039C000242424242424242424242424242424242F2F2F2F2F2F2F2F2F2F2F2F2F2F2F2FB7
:2039E0002F2F2F2F2F2F2F2F2F2F2F2F2F2F2F2F2F2F2F2F2F2F2F2F2F2F2F2F2F2F2F2FE7
:203A00002F2F2F2F2F2F2F2F2F2F2F2F2F2F2F2F2F2F2F2F2F2F2F2F2F2F2F2F2F2F2F2FC6
:203A20002F2F2F2F2F2F2F2F2F2F2F2F2F2F2F2F2F2F2F2F2F2F2F2F2F2F2F2F2F2F2F2FA6
:203A40002F2F2F2F2F2F2F2F2F2F2F2F2F2F2F2F2F2F2F2F2F2F2F2F2F2F2F2F2F2F2F2F86
:103A60002F2F2F2F2F2F2F2F2F2F2F2F2F2F2F2F66
:020000040007F3
:20800000000000000000000000000000000000000000000000000000000000000000000060
:20802000000000000000000000000000000000000000000000000000000000000000000040
:20804000000000000000000000000000000000000000000000000000000000000000000020
:20806000000000000000000000000000000000000000000000000000000000000000000000
:208080000000000000000000000000000000000000000000000000000000000000000000E0
:2080A0000000000000000000000000000000000000000000000000000000000000000000C0
:2080C0000000000000000000000000000000000000000000000000000000000000000000A0
:2080E000000000000000000000000000000000000000000000000000000000000000000080
:2081000000000000000000000000000000000000000000000000000000000000000000114E
:2081200000000000000000000000000000000000000000000000000000000000000000003F
:2081400000000000000000000000000000000000000000000000000000000000000000001F
:208160000000000000000000000000000000000000000000000000000000000000000000FF
:208180000000000000000000000000000000000000000000000000000000000000000000DF
:2081A0000000000000000000000000000000000000000000000000000000000000000000BF
:2081C00000000000000000000000000000000000000000000000000000000000000000009F
:2081E00000000000000000000000000000000000000000000000000000000000000000007F
:2082000000000000000000000000000000000012000000000000000000000000000000113B
:2082200000000000000000000000000000000000000000000000000000000000000000003E
:2082400000000000000000000000000000000000000000000000000000000000000000001E
:208260000000000000000000000000000000000000000000000000000000000000000000FE
:208280000000000000000000000000000000000000000000000000000000000000000000DE
:2082A0000000000000000000000000000000000000000000000000000000000000000000BE
:2082C00000000000000000000000000000000000000000000000000000000000000000009E
:2082E00000000000000000000000000000000000000000000000000000000000000000007E
:2083000000000000000000000000000000000011000000000000000000000000000000113B
:20832000000000000000000000000000000000100000000000000000000000000000000C21
:208340000000000000000000000000000000000C00000000000000000000000000000018F9
:208360000000000000000000000000000000102D0000000000000000000000000000000CB4
:208380000000000000000000000000000000000C00000000000000000000000000000018B9
:2083A00000000000000000000000000000102D2D0000000000000000000000000000000053
:2083C00000000000000000000000000000000000000000000000000000000000000000009D
:2083E00000000000000000000000000000000000000000000000000000000000000000007D
:2084000000000000000000000000000000000000000000000000000000000000000000005C
:2084200000000000000000000000000000000000000000000000000000000000000000003C
:2084400000000000000000000000000000000000000000000000000000000000000000001C
:208460000000000000000000000000000000000000000000000000000000000000000000FC
:208480000000000000000000000000000000000000000000000000000000000000000000DC
:2084A0000000000000000000000000000000000000000000000000000000000000000000BC
:2084C00000000000000000000000000000000000000000000000000000000000000000009C
:2084E00000000000000000000000000000000000000000000000000000000000000000116B
:2085000000000000000000000000000000000011000000000000000000000000000000004A
:2085200000000000000000000000000000000000000000000000000000000000000000003B
:2085400000000000000000000000000000000000000000000000000000000000000000001B
:208560000000000000000000000000000000002500000000000000000000000000000021B5
:20858000000000000000000000000000000000210000000000000000000000000000002199
:2085A000000000000000000000000000000000210000000000000000000000000000002179
:2085C000000000000000000000000000000000210000000000000000000000000000002654
:2085E0000000000000000000000000000000000C0000000000000000000000000000000C63
:2086000000000000000000000000000000000018000000000000000000000000000000251D
:208620000000000000000000000000000000002100000000000000000000000000000021F8
:208640000000000000000000000000000000002100000000000000000000000000000021D8
:208660000000000000000000000000000000112100000000000000000000000000000021A7
:20868000000000000000000000000000000000210000000000000000000000000000002198
:2086A000000000000000000000000000000000210000000000000000000000000000002673
:2086C00000000000000000000000000000000018000000000000000000000000000000186A
:2086E000000000000000000000000000000000180000000000000000000000000000252419
:208700000000000000000000000000000000212F0000000000000000000000000000212FB9
:208720000000000000000000000000000000212F0000000000000000000000000000212F99
:208740000000000000000000000000000000212F0000000000000000000000000000212F79
:208760000000000000000000000000000011212F0000000000000000000000000000212F48
:208780000000000000000000000000000000212F0000000000000000000000000000212F39
:2087A0000000000000000000000000000000212F0000000000000000000000000000212F19
:2087C000000000000000000000000000000026220000000000000000000000000000001839
:2087E0000000000000000000000000000000000C0000000000000000000000000000001855
:208800000000000000000000000000000019000C0000000000000000000000000000000C27
:20882000000000000000000000000000000000180000000000000000000000000000001808
:208840000000000000000000000000001900001800000000000000000000000000000018CF
:208860000000000000000000000000000000001800000000000000000000000000000018C8
:2088800000000000000000000000001900000018000000000000000000000000000000188F
:2088A0000000000000000000000000000000000C0000000000000000000000000000000CA0
:2088C0000000000000000000000019000000000C0000000000000000000000000000000C67
:2088E0000000000000000000000000000000000C0000000000000000000000000000001854
:208900000000000000000000001900000000000C000000000000000000000000000000181A
:20892000000000000000000000000000000000180000000000000000000000000000000C13
:208940000000000000000000000033000000000C000000000000000000002E000000001892
:208960000000000000000000000021242424242400000000000000000000212F2F2F2F2F16
:2089800000000000000000000000212F2F2F2F2F00000000000000000000212F2F2F2F2FBF
:2089A00000000000000000000011212F2F2F2F2F00000000000000001911212F2F2F2F2F64
:2089C00000000000000000001911212F2F2F2F2F00000000000000000011212F2F2F2F2F44
:2089E00000000000000000000000212F2F2F2F2F00000000000000000000212F2F2F2F2F5F
:208A000000000000000000000000212F2F2F2F2F00000000000000000000212F2F2F2F2F3E
:208A200000000000000000000011212F2F2F2F2F00000000000000001911212F2F2F2F2FE3
:208A400000000000000000001911212F2F2F2F2F00000000000000000011212F2F2F2F2FC3
:208A600000000000000000000000212F2F2F2F2F00000000000000000000212F2F2F2F2FDE
:208A800000000000000000000000212F2F2F2F2F00000000000000000000262A2F2F2F2FBE
:208AA0000000000000000000000000212F2F2F2F0000000000000000000000212F2F2F2FFC
:208AC0000000000000000000000000212F2F2F2F0000000000000000111900212F2F2F2FB2
:208AE0000000000000000000111900212F2F2F2F0000000000000000111900212F2F2F2F68
:208B00000000000000000000111900212F2F2F2F0000000000000000000000212F2F2F2F71
:208B20000000000000000000000000212F2F2F2F0000000000000000000000212F2F2F2F7B
:208B40000000000000000000000025292F2F2F2F00000000000000000000212F2F2F2F2FFF
:208B600000000000000000000000212F2F2F2F2F00000000000000000000212F2F2F2F2FDD
:208B80000000000000000000001126222A2F2F2F000000000000000000000011212F2F2F06
:208BA000000000000000000000000000212F2F2F000000000000000000000000212F2F2F59
:208BC000000000000000000000000000212F2F2F000000000000000000000000212F2F2F39
:208BE000000000000000000000000000212222220000000000000000000000002E000018A8
:208C00000000000000000000000000002E0000180000000000000000000000002E000018C8
:208C20000000000000000000000000003100000C0000000000000000000000000000000CEB
:208C4000000000000000000000000000000000180000000000000000000000001900000CD7
:208C6000000000000000000000000000190000180000000000000000000000001900001892
:208C800000000000000000000000001119000018000000000000000000000000000000187A
:208CA000000000000000000000000000001900180000000000000000000000000019000C5E
:208CC0000000000000000000000000000019000C000000000000000000000000001900183E
:208CE0000000000000000000000000000019000C0000000000000000000000000019000C2A
:208D00000000000000000000000000001119001800000000000000000000000000000018F9
:208D20000000000000000000000000000000191800000000000000000000000000001918D1
:208D4000000000000000000000000000000019180000000000000000000000000000190CBD
:208D60000000000000000000000000000000191800000000000000000000000000000018AA
:208D8000000000000000000000000000000000180000000000000000000000000000000CAF
:208DA000000000000000000000000000001900180000000000000000000000000000000C76
:208DC0000000000000000000000000000000000C000000000000000000000000000000186F
:208DE00000000000000000000000000019000018000000000000000000000000000000182A
:208E00000000000000000000000000000000000C0000000000000000000000000000000C3A
:208E20000000000000000000000000190000001800000000000000000000000000000018E9
:208E40000000000000000000000000000000001800000000000000000000000000000018E2
:208E60000000000000000000000019000000000C00000000000000000000000000000018B5
:208E80000000000000000000000000000000000C0000000000000000000000000000000CBA
:208EA000000000000000000000190000000000180000000000000000000000000000001869
:208EC000000000000000000000000000330000180000000000000000000000002E00001801
:208EE0000000000000000011190000002E0000180000000000000000000000002E000018BC
:208F00000000000000000000000000002E00000C0000000000000000000000002E00000CDD
:208F20000000000000000000000000002E0000182424242424242424280000002124242416
:208F40002F2F2F2F2F2F2F2F23000000212F2F2F2F2F2F2F2F2F2F2F23000000212F2F2F7F
:208F60002F2F2F2F2F2F2F2F23000000212F2F2F2F2F2F2F2F2F2F2F23000000212F2F2F5F
:208F80002F2F2F2F2F2F2F2F2C280000212F2F2F2F2F2F2F2F2F2F2F2F230000212F2F2FDF
:208FA0002F2F2F2F2F2F2F2F2F230000212F2F2F2F2F2F2F2F2F2F2F2F230000212F2F2FC1
:208FC0002F2F2F2F2F2F2F2F2F230000212F2F2F2F2F2F2F2F2F2F2F2F230000212F2F2FA1
:208FE0002F2F2F2F2F2F2F2F2F230000212F2F2F2F2F2F2F2F2F2F2F2F230000212F2F2F81
:209000002F2F2F2F2F2F2F2F2F230000212F2F2F2F2F2F2F2F2F2F2F2F230000212F2F2F60
:209020002F2F2F2F2F2F2F2F2F230000212F2F2F2F2F2F2F2F2F2F2F2F230000212F2F2F40
:209040002F2F2F2F2F2F2F2F2F230000212F2F2F2F2F2F2F2F2F2F2F2B270000212F2F2F20
:209060002F2F2F2F2F2F2F2F23000000212F2F2F2F2F2F2F2F2F2F2F23000000212F2F2F5E
:209080002F2F2F2F2F2F2F2F23000000212F2F2F2F2F2F2F2F2F2F2F23000000212F2F2F3E
:2090A0002222222222222222270000002622222206060606060500000000000000000000CA
:2090C000020202020201000000000000000000000606060606050000000000000000000062
:2090E00006060606060500000000000000000000060606060605000000000000000000002A
:20910000020202020201000000000000000000000606060606050000000000000000000021
:209120000606060606050000000000000000000006060606060500000000000000000000E9
:209140000202020202010000000000000000000006060606060500000000000000000000E1
:209160000606060606050000000000000000000006060606060500000000000000000000A9
:209180000202020202010000000000000000000006060606060500000000000000000000A1
:2091A000060606060605000000000000000000000606060606050000000000000000000069
:2091C000020202020201000000000000000000000606060606050000000000000000000061
:2091E000060606060605000000000000000000000606060606050000000000000000000029
:20920000020202020201000000000000000000000606060606050000000000000000000020
:209220000606060606050000000000000000000006060606060500000000000000000000E8
:209240000202020202010000000000000000000006060606060500000000000000000000E0
:209260000606060606050000000000000000000006060606060500000000000000000000A8
:209280000202020202010000000000000000000006060606060500000000000000000000A0
:2092A000060606060605000000000000000000000606060606050000000000000000000068
:2092C000020202020201000000000000000000000606060606052D2D3200000000000000D4
:2092E000060606060605000000000000000000000606060606050000000000000000000028
:2093000002020202020100000000000000000000060606060605000000000000000000001F
:209320000606060606050000000000000000000006060606060500000000000000000000E7
:209340000202020202010000000000000000000006060606060500000000000000000000DF
:209360000606060606050000000000000000000006060606060500000000000000000000A7
:2093800002020202020100000000000000000000060606060605000000000000000000009F
:2093A000060606060605320000000000000000300606060606051B000000000000000011D9
:2093C0000202020202011B0000000000000000110606060606051B00000000000000001107
:2093E0000606060606051B0000000000000000110606060606051B000000000000000011CF
:209400000202020202011B0000000000000000110606060606051B000000000000000011C6
:209420000606060606051B0000000000000000110606060606051B0000000000000000118E
:209440000202020202011B0000000000000000110606060606051B00000000000000001186
:209460000606060606051B0000000000000000110606060606051B0000000000000000114E
:209480000202020202011B0000000000000000110606060606053200000000000000003010
:2094A000060606060605000000000000000000000606060606050000000000000000000066
:2094C00002020202020100000000000000000000060606060605000000000000000000005E
:2094E000060606060605000000000000000000000606060606050000000000000000000026
:2095000002020202020100000000000000000000060606060605000000000000000000001D
:209520000606060606050000000000000000000006060606060500000000000000000000E5
:209540000202020202010000000000000000000006060606060500000000000000000000DD
:209560000606060606050000000000000000302D0606060606050000000000000000001137
:2095800002020202020100000000000000000011060606060605000000000000000000117B
:2095A000060606060605000000000000000000110606060606050000000000000000000054
:2095C00002020202020100000000000000000000060606060605000000000000000000005D
:2095E000060606060605000000000000000000000606060606050000000000000000000025
:2096000002020202020100000000000000000000060606060605000000000000000000001C
:20962000060606060605000000000000000000000606060606052D32000000000000000085
:209640000202020202011B0000000000000000000606060606051B000000000000000000A6
:209660000606060606051B0000000000000000000606060606051B0000000000000000006E
:2096800002020202020100000000000000000000060606060605000000000000000000009C
:2096A000060606060605000000000000000000000606060606050000000000000000000064
:2096C00002020202020100000000000000000030060606060605000000000000000000111B
:2096E000060606060605000000000000000000110606060606050000000000000000001102
:209700000202020202010000000000000000001106060606060500000000000000000011F9
:209720000606060606050000000000000000302D0606060606050000000000000000001175
:209740000202020202010000000000000000001106060606060500000000000000000011B9
:20976000060606060605000000000000000000110606060606050000000000000000001181
:2097800002020202020100000000000000302D2D0606060606050000000000000000000011
:2097A000060606060605000000000000000000000606060606050000000000000000000063
:2097C00002020202020100000000000000000000060606060605000000000000000000005B
:2097E000060606060605000000000000000000000606060606050000000000000000000023
:209800000202020202011B0000000000000000000606060606051B000000000000000000E4
:209820000606060606051B0000000000000000000606060606051B000000000000000000AC
:209840000202020202011B0000000000000000000606060606051B000000000000000000A4
:209860000606060606051B0000000000000000000606060606052D2D2D32000000000000CE
:209880000202020202011B0000000000000000000606060606051B00000000000000000064
:2098A0000606060606051B0000000000000000000606060606051B0000000000000000002C
:2098C0000202020202011B0000000000000000000606060606051B00000000000000000024
:2098E0000606060606051B0000000000000000000606060606051B000000000000000000EC
:209900000202020202011B0000000000000000000606060606051B000000000000000000E3
:209920000606060606051B0000000000000000000606060606051B000000000000000000AB
:20994000020202020201242428000000002524240606060606052F2F2300000000212F2FFC
:209960000606060606052F2F2300000000212F2F0606060606052F2F2300000000212F2FA1
:209980000202020202012F2F2300000000212F2F0606060606052F2F2300000000212F2F99
:2099A0000606060606052F2F2300000000212F2F0606060606052F2F2300000000212F2F61
:2099C0000202020202012F2F2300000000212F2F0606060606052F2F2300000000212F2F59
:2099E0000606060606052F2F2300000000212F2F0606060606052F2F2300000000212F2F21
:209A00000202020202012F2F2300000000212F2F0606060606052F2F2300000000212F2F18
:209A200006060606060522222700000000262A2F0000000000000000000000000000212FC9
:209A40000000000000000000000000000000212F0000000000000000000000000000212F66
:209A60000000000000000000000000000000212F0000000000000000000000000000212F46
:209A80000000000000000000000000000000212F0000000000000000000000000000212F26
:209AA0000000000000000000000000000000212F0000000000000000000000000000212F06
:209AC0000000000000000000000000000000212F0000000000000000000000000000212FE6
:209AE0000000000000000000000000000000212F0000000000000000000000000000212FC6
:209B00000000000000000000000000000000262200000000000000000000000000000018E5
:209B20000000000000000000000000000000000C0000000000000000000000000000000C0D
:209B400000000000000000000000000000302D2D0000000000000000000000000000000C6F
:209B60000000000000000000000000000000000C00000000000000000000000000000018C1
:209B8000000000000000000000000000302D2D2D0000000000000000000000000000000C02
:209BA000000000000000000000000000000000180000000000000000000000000000001875
:209BC000000000000000000000000030322F2F300000000000000000000000000000000C89
:209BE0000000000000000000000000000000000C0000000000000000000000000000001841
:209C0000000000000000101B000030322F2F2524000000000000101B000000000000212F95
:209C2000000000000000101B000000000000212F0000000000000000000000000000212F59
:209C40000000000000000000000000000000212F0000000000000000000000000000212F64
:209C60000000000000000000000000000000212F000000000000000000000000000026224C
:209C8000000000000000000000000000000000180000000000000000000000000000001894
:209CA0000000000000000000000000000000000C00000000000000000000000000302D2D0E
:209CC000000000000000000000000000000000180000000000000000000000000000001854
:209CE00000000000000000000000000000000018000000000000000000000000302D2D2D95
:209D00000000000000000000000000000000000C0000000000000000000000000000000C2B
:209D20000000000000000000000000000000000C0000000000000000000000302D2D2D2D33
:209D40000000000000000000000000000000000C0000000000000000000000000000000CEB
:209D60000000000000000000000000000000001800000000000000000000302D2D2D2D2DBA
:209D80000000000000000000000000000000000C0000000000000000000000000000000CAB
:209DA00000000000000000000000000000000018000000000000000000302D2D2D2D2D2D4D
:209DC000000000000000000000000000000000180000000000000000000000000000000C5F
:209DE0000000000000000000000000000000000C0000000000000000302D2D2D2D2D2D2DEC
:209E00000000000000000000000000000000000C0000000000000000000000000000000C2A
:209E20000000000000000000000000000000001800000000000000302D2D2D2D2D2D2D2D72
:209E40000000000000000019000000000000001800000000000000000000000000000018B9
:209E6000000000000000000019000000000000180000000000000000190000000000001880
:209E80000000000000000000000000000000000C0000000000000000001900000000001885
:209EA0000000000000000000001900000000000C0000000000000000000000000000000C71
:209EC000000000000000000000001900000000180000000000000000000019000000001820
:209EE0000000000000000000000019000000000C0000000000000000000000000000000C31
:209F0000000000000000000000000000000000180000000000000000000000000000001811
:209F20000000000000000000000000190000001800000000000000000000001900000018BF
:209F4000000000000000000000000000000000180000000000000000000000032424242456
:209F60000000000000000000000000032F2F2F2F0000000000000000000000032222222297
:209F8000000000000000000000000000000000180000000000000000000000000000000C9D
:209FA0000000000000000000000000000000000C0000000000000000000000000324242426
:209FC000000000000000000000000000032F2F2F000000000000000000000000032F2F2F61
:209FE0000000000000000000000000000322222200000000000000000000000000000018E0
:20A000000000000000000000000000000019000C0000000000000000000000000000000C0F
:20A020000000000000000000000000000000191800000000000000000000000000000018D7
:20A040000000000000000000000000000000001600000000000000000000000000000000EA
:20A060000000000000000000000000000000000000000000000000000000000000000000E0
:20A080000000000000000000000000000000000000000000000000000000000000000000C0
:20A0A00000000000000000000000000000000000000000000000000000000000000000118F
:20A0C00000000000000000000000000000000011000000000000000000000000000000105F
:20A0E000000000000000000000000000000000180000000000000000000000000000000C3C
:20A100000000000000000000000000000000190C00000000000000000000000000001918E9
:20A120000000000000000000000000000000001800000000000000000000000000000010F7
:20A140000000000000000000000000000000001000000000000000000000000000000010DF
:20A160000000000000000000000000000000001800000000000000000000000000000018AF
:20A18000000000000000000000000000000019180000000000000000000000000000190C69
:20A1A000000000000000000000000000000000180000000000000000000000000000000C7B
:20A1C0000000000000000000000000000019000C0000000000000000000000000019001829
:20A1E000000000000000000000000000000000180000000000000000000000000000001037
:20A2000000000000000000000000000000000010000000000000000000000000000000101E
:20A220000000000000000000000000000000001100000000000000000000000000000011FC
:20A240000000000000000000000000000000000000000000000000000000000000000000FE
:20A260000000000000000000000000000000000000000000000000000000000000000000DE
:20A280000000000000000000000000000000000000000000000000000000000000000000BE
:20A2A00000000000000000000000101B0000001100000000000000000000101B0000001126
:20A2C00000000000000000000000000000000000000000000000000000000000000000007E
:20A2E00000000000000000000000000000000000000000000000000000000000000000005E
:20A3000000000000000000000000000000000000000000000000000000000000000000003D
:20A3200000000000000000000000101B0000001100000000000000000000101B00000011A5
:20A3400000000000000000000000101B0000001100000000000000000000000000000000C1
:20A360000000000000000000000000000000000000000000000000000000000000000000DD
:20A380000000000000000000000000000000000000000000000000000000000000000000BD
:20A3A00000000000000000000000101B000000110000000000000000000000000000000061
:20A3C00000000000000000000000000000000000000000000000000000000000000000007D
:20A3E00000000000000000000000000000000000000000000000000000000000000000005D
:20A400000000000000000000000000000000000000000000000000000000101B0000001100
:20A4200000000000000000000000000000000000000000000000000000000000000000001C
:20A440000000000000000000000000000000000000000000000000000000000000000000FC
:20A460000000000000000000000000000000000000000000000000000000000000000000DC
:20A480000000000000000000000000000000000000000000000000000000000000000000BC
:20A4A00000000000000000000000000000000011000000000000000000000000000000117A
:20A4C000000000000000000000000000000000100000000000000000000000000000001854
:20A4E0000000000000000000000000000000000C0000000000000000000000000000000C44
:20A500000000000000000000000000000000102D00000000000000000000000000000018E6
:20A520000000000000000000000000000000001800000000000000000000000000000018EB
:20A5400000000000000000000000000000102D2D0000000000000000000000000000000C85
:20A560000000000000000000000000000000000C00000000000000000000000000000018B7
:20A58000000000000000000000000000102D2D2D0000000000000000000000001900000CFF
:20A5A0000000000000000000000000000000000C0000000000000000000000000019000C6A
:20A5C0000000000000000000000000000000000C000000000000000000000000000019183E
:20A5E00000000000000000000000000000000018000000000000000000000000000000162D
:20A6000000000000000000000000000000000000000000000000000000000000000000003A
:20A6200000000000000000000000000000000000000000000000000000000000000000001A
:20A640000000000000000000000000000000000000000000000000000000000000000011E9
:20A660000000000000000000000000000000001100000000000000000000000000000000C9
:20A680000000000000000000000000000000000000000000000000000000000000000000BA
:20A6A00000000000000000000000000000000000000000000000000000000000000000009A
:20A6C0000000000000000000000000000000000000000000000000000000000000101B004F
:20A6E00000000000000000000000000000101B0000000000000000000000000000101B0004
:20A7000000000000000000000000000000101B00000000000000000000000000000000000E
:20A72000000000000000000000000000000000000000000000000000000000000000000019
:20A740000000000000000000000000000000000000000000000000000000000000000011E8
:20A760000000000000000000000000000000001000000000000000000000000000000000C9
:20A780000000000000000000000000000000000000000000000000000000000000000000B9
:20A7A000000000000000000000000000000000000000000000000000000000000000000099
:20A7C000000000000000000000000000000000000000000000000000000000000000000079
:20A7E000000000000000000000000000000000000000000000000000000000000000001643
:20A8000000000000000000000000000000000016000000000000000000000000000000160C
:20A820000000000000000000000000000000001600000000000000000000000000000018EA
:20A84000000000000000000000000000000000180000000000000000000000000000000CD4
:20A860000000000000000000000000000000190C000000000000000000000000000000189B
:20A88000000000000000000000000000000000180000000000000000000000000000001888
:20A8A00000000000000000000000000000190018000000000000000000000000000000184F
:20A8C0000000000000000000000000000000000C0000000000000000000000000000001854
:20A8E0000000000000000000000000001900000C0000000000000000000000000000000C27
:20A90000000000000000000000000000000000180000000000000000000000000000000C13
:20A920000000000000000000000000190000001800000000000000000000001900000018B5
:20A94000000000000000000000000019000000180000000000000000000000000000000CBA
:20A96000000000000000000000100000100000180000000000000000000000000000000C93
:20A980000000000000000000000010000010000C0000000000000000000000000000001873
:20A9A000000000000000000000000010000010180000000000000000000000000000001847
:20A9C000000000000000000000000012100000100000000000000000000000000000001035
:20A9E0000000000000000000000000000000000C0000000000000000000000000000000C3F
:20AA00000000000000000000000000000000191800000000000000000000000000001918D4
:20AA20000000000000000000000000000000001800000000000000000000000000111918BC
:20AA40000000000000000000000000000000000C00000000000000000000000000001918B9
:20AA60000000000000000000000000000000000C0000000000000000000000000000000CBE
:20AA800000000000000000000000000000000018000000000000000000000000001900186D
:20AAA0000000000000000000000000000019000C0000000000000000000000000019000C4C
:20AAC00000000000000000000000000000000018000000000000000000000000000019182D
:20AAE0000000000000000000000000000000000C0000000000000000000000000000001634
:20AB0000000000000000000000000000000000160000000000000000000000000000001609
:20AB20000000000000000000000000000000001100000000000000000000000000000011F3
:20AB40000000000000000000000000000000000000000000000000000000000000000000F5
:20AB60000000000000000000000000000000000000000000000000000000000000000000D5
:20AB80000000000000000000000000000000000000000000000000000000000000000000B5
:20ABA00000000000000000000000101B0000001100000000000000000000101B000000111D
:20ABC00000000000000000000000101B000000110000000000000000000000000000000039
:20ABE000000000000000000000000000000000000000000000000000000000000000000055
:20AC0000000000000000000000000000000000000000000000000000000000000000000034
:20AC2000000000000000000000000000000000000000000000000000000000000000000014
:20AC40000000000000000000000000000000000000000000000000000000000000000000F4
:20AC60000000000000000000000000000000001000000000000000000000000000000016AE
:20AC8000000000000000000000000000000000160000000000000000000000000000001886
:20ACA000000000000000000000000000000000180000000000000000000000000000001864
:20ACC000000000000000000000000000000000160000000000000000000000000000001648
:20ACE000000000000000000000000000000000180000000000000000000000000000001824
:20AD0000000000000000000000000000000000180000000000000000000000000000001605
:20AD20000000000000000000000000000000001600000000000000000000000000000010ED
:20AD40000000000000000000000000000000101000000000000000000000000000001918A2
:20AD60000000000000000000000000000000190C0000000000000000000000000000000CA2
:20AD8000000000000000000000000000000000180000000000000000000000000000001883
:20ADA00000000000000000000000000000190018000000000000000000000000000000184A
:20ADC00000000000000000000000000000001918000000000000000000000000000000182A
:20ADE000000000000000000000000000000000160000000000000000000000000000001627
:20AE0000000000000000000000000000000000160000000000000000000000000000001804
:20AE20000000000000000000000000000000001800000000000000000000000000000018E2
:20AE4000000000000000000000000000000019180000000000000000000000000000000CB5
:20AE60000000000000000000000000000011190C0000000000000000000000000000000C90
:20AE80000000000000000000000000000000190C0000000000000000000000000000190C68
:20AEA0000000000000000000000000000000190C0000000000000000000000000000190C48
:20AEC0000000000000000000000000000000000C0000000000000000000000000000000C5A
:20AEE0000000000000000000000000000011190C0000000000000000000000000000000C10
:20AF00000000000000000000000000000000191800000000000000000000000000000018E8
:20AF20000000000000000000000000000000001800000000000000000000000000000018E1
:20AF40000000000000000000000000000019000C000000000000000000000000001900189B
:20AF60000000000000000000000000001119000C0000000000000000000000000000000C8F
:20AF8000000000000000000000000000000019180000000000000000000000000000190C5B
:20AFA0000000000000000000000000000000190C0000000000000000000000000000001854
:20AFC000242424242428101010000000001010102F2F2F2F2F230000000000000000000027
:20AFE0002F2F2F2F2F23000000000000000000002F2F2F2F2F230000000000000000000035
:20B000002F2F2F2F2F23000000000000000000002F2F2F2F2F230000000000000000000014
:20B020002F2F2F2F2F23000000000000000000002F2F2F2F2F2300000000000000000000F4
:20B040002F2F2F2F2F23000000000000000000002F2F2F2F2F2300000000000000000000D4
:20B060002F2F2F2F2F23000000000000000000002F2F2F2F2F2300000000000000000000B4
:20B080002F2F2F2F2F23000000000000000000002F2F2F2F2F231000000000000000001074
:20B0A0002F2F2F2F2F232F10000000000000102F2F2F2F2F2F232F2F1000000000102F2F1A
:20B0C0002F2F2F2F2F232F2F1000000000102F2F2F2F2F2F2F232F2F1000000000102F2F9C
:20B0E0002F2F2F2F2F232F2F1000000000102F2F2F2F2F2F2F232F2F1000000000102F2F7C
:20B100002F2F2F2F2F232F2F1000000000102F2F2F2F2F2F2F232F10000000000000102FB9
:20B120002F2F2F2F2F23100000000000000000102F2F2F2F2F2317000000000000000018A4
:20B140002F2F2F2F2F23170000000000000000182F2F2F2F2F231700000000000000000C81
:20B160002F2F2F2F2F23170000000000000000182F2F2F2F2F231700000000000000000C61
:20B180002F2F2F2F2F231700000000000000000C2F2F2F2F2F230000000000000000001858
:20B1A0002F2F2F2F2F23000000000000000000182F2B222222272F00000000000000001043
:20B1C0002F232F2F2F2F2F10000000000000102F2F232F2F2F2F2F2F1000000000102F2FF9
:20B1E0002F232F2F2F2F2F2F1000000000102F2F2F232F2F2F2F2F2F1000000000102F2F7B
:20B200002F232F2F2F2F2F2F1000000000102F2F2F232F2F2F2F2F2F1000000000102F2F5A
:20B220002F232F2F2F2F2F2F1000000000102F2F2F232F2F2F2F2F10000000000000102F98
:20B240002F2300000025100000000000000000102F230000002E17000000000000000018A8
:20B260002F230000002E1700000000000000000C2F230000112E0D00000000000000001875
:20B280002F230000112E1700000000000000000C2F230000002E0D00000000000000000C61
:20B2A0002F230000002E0D00000000000000000C2F230000002E0D00000000000000001850
:20B2C0002F2C281B002E170000000000101010102F2B271B002E170000000000102F2F2FCD
:20B2E0002F231E00002E170000000000101010102F231E00002E170000000000000000188C
:20B300002F230000002E0D0000000000000000182F230000112E17000000000000000018C8
:20B320002F230000112E0D0000000000000000182F230000112E0D000000000000000018A1
:20B340002F230000112E170000000000000000182F230000112E170000000000000000186D
:20B360002F230000002E170000000000000000182F230000002E1700000000000000000C7B
:20B380002F231E00002E1700000000000000000C2F231E00002E170000000000000000181F
:20B3A0002F231E00002E170000000000000000182F230000122E10101010000000000018D6
:20B3C0002F23000012212F2F2F100000000000182F230000122E1010101000000000001849
:20B3E0002F230000122E170000000000000000182F230000122E1700000000000000000CD7
:20B400002F230000122E1700000000000000000C2F23000030230D000000000000000018AD
:20B420002F230000122E0D00000000000000000C2F230000002E17000000000000000018B2
:20B440002F230000002E170000000000000000182F2F3200002E1700000000000000001850
:20B460002F231E00002E1700000000000000000C2F231E00002E170000000000000000183E
:20B480002F230000002E1700000000000000000C2F230000122E1700000000000000000C54
:20B4A0002F23000025231700000000000000000C2F2300002123170000000000000000180A
:20B4C0002F231E002123101B00000000000011102F231E002123101B00000000000011106C
:20B4E0002F2300002123101B00000000000011102F2300002123101B000000000000111088
:20B500002F2300002123101B00000000000011102F2300252923101B00000000000011103A
:20B520002F2300212F23170000000000000000182F2300212F230D00000000000000000C39
:20B540002F2300212F230D00000000000000000C2F2300212F230D00000000000000001823
:20B560002F2300212F23170000000000000000182F2300212F2C10101B000000001110109D
:20B580002F2300212F2F2F101B0000000011102F2F2300212F2F2F101B0000000011102FB5
:20B5A0002F2300212F2F2F101B0000000011102F2F230026222A2F101B0000000011102FA2
:20B5C0002F230000112E10101B000000001110102F230000112E17000000000000000018AE
:20B5E0002F230000002E170000000000000000182F230000002E1700000000000000000CF9
:20B600002F231B00002E0D00000000000000000C2F2C2428002E0D0000000000000000187C
:20B620002F2B2227002E170000000000000000182F231B00002E101010000000001010100F
:20B640002F23000000212F2F1000000000102F2F2F23000000212F2F1000000000102F2F4C
:20B660002F23000011212F2F1000000000102F2F2F23002524292F2F1000000000102F2FCA
:20B680002F230026222A2F2F1000000000102F2F2F23000000212F2F1000000000102F2FBB
:20B6A0002F23000000212F2F1000000000102F2F2F23000000212F2F1000000000102F2FEC
:20B6C0002F23000000212F2F1000000000102F2F2F23000000212F2F1000000000102F2FCC
:20B6E000222700000010101010000000001010100000000000000000000000000000000091
:20B70000000000000000000000000000000000000000000000000000000000000000000029
:20B72000000000000000000000000000000000000000000000000000000000000000000009
:20B74000242424242424242424242424242424242F2F2F2F2F2F2F2F2F2F2F2F2F2F2F2FB9
:20B760002F2F2F2F2F2F2F2F2F2F2F2F2F2F2F2F2F2F2F2F2F2F2F2F2F2F2F2F2F2F2F2FE9
:20B780002F2F2F2F2F2F2F2F2F2F2F2F2F2F2F2F2F2F2F2F2F2F2F2F2F2F2F2F2F2F2F2FC9
:20B7A0002F2F2F2F2F2F2F2F2F2F2F2F2F2F2F2F2F2F2F2F2F2F2F2F2F2F2F2F2F2F2F2FA9
:20B7C0002F2F2F2F2F2F2F2F2F2F2F2F2F2F2F2F2F2F2F2F2F2F2F2F2F2F2F2F2F2F2F2F89
:020000040009F1
:204000000000000000000000000000000000000000000000000000000000000000000000A0
:20402000000000000000000000000000000000000000000000000000000000000000000080
:20404000000000000000000000000000000000000000000000000000000000000000000060
:20406000000000000000000000000000000000000000000000000000000000000000000040
:20408000000000000000000000000000000000000000000000000000000000000000000020
:2040A000000000000000000000000000000000000000000000000000000000000000000000
:2040C0000000000000000000000000000000000000000000000000000000000000000000E0
:2040E0000000000000000000000000000000000000000000000000000000000000000000C0
:2041000000000000000000000000000000000000000000000000000000000000000000009F
:2041200000000000000000000000000000000000000000000000000000000000000000007F
:20414000000000000000000000000000000000110000000000000000000000000000301509
:2041600000000000000000000000000000000011000000000000000000000000000000002E
:204180000000000000000000000000001C1C000000000000000000000000000010100000C7
:2041A0000000000000000000000000000000000000000000000000000000000000000011EE
:2041C0000000000000000000000000000000001100000000000000000000000000000011BD
:2041E00000000000000000000000000000000010000000000000000000000000000011108E
:2042000000000000000000000000000000001110000000000000000000000000000000007D
:2042200000000000000000000000000000000000000000000000000000000000000000007E
:20424000000000000000000000000000000000F4000000000000000000000000000000F674
:20426000000000000000000000000000000000F50000000000000000000000000000000049
:204280000000000000000000000000000011100000000000000000000000000000000000FD
:2042A0000000000000000000000000000000000000000000000000000000000000000011ED
:2042C000000000000000000000002528000000250000000000000000000021230000002107
:2042E0000000000000000000000021230000002100000000000000000000212300000021F4
:204300000000000000000000000021230000002100000000000000000000212300001121C2
:20432000000000000000000000002123000011210000000000000000000021230000112191
:20434000000000000000000000002123000000210000000000000000000021231B00002178
:204360000000000000000000000021231B0000210000000000000000000021231B0000213D
:20438000000000000000000000002123000000210000000000000000000021230000112142
:2043A000000000000000000000002123000011210000000000000000000021230000112111
:2043C000000000000000000000002123000000210000000000000000000021231B000021F8
:2043E0000000000000000000000021231B0000210000000000000000000021231B000021BD
:204400000000000000000000000021230000002100000000000000000000212300001121C1
:20442000000000000000000000002123000011210000000000000000000021230000112190
:20444000000000000000000000002123000000210000000000000000000021230000002192
:20446000000000000000000000002123000000210000000000000000000021230000002172
:20448000000000000000000000002627033200210000000000000000000000000000002158
:2044A0000000000000000000000000030000002100000000000000000000000300000021B4
:2044C000000000000000000000000003000000210000000000000000000000000000002692
:2044E0000000000000000000000000101B0000110000000000000000000000000000000080
:2045000000000000000000000000000000000000000000000000000000000000000000009B
:2045200000000000000000000000000000000000000000000000000000000000000000007B
:20454000000000000000000000000000000000110000000000000000000000000000001139
:2045600000000000000000000000000000000011000000000000000000000000000000101A
:2045800000000000000000000000101B0000111000000000000000000000101B0000000C98
:2045A00000000000000000000000101B000000180000000000000000000000000000190C93
:2045C000000000000000000000000000000000180000000000000000000000101B00001682
:2045E0000000000000000000000000101B0000160000000000000000000000101B00001639
:2046000000000000000000000000000000000016000000000000000000000000000011165D
:204620000000000000000000000000000000000C0000000000000000000000000000001856
:20464000000000000000000000000000000034180000000000000000000000000000000C02
:204660000000000000000000000000000000000C000000000000000000000000000000121C
:20468000000000000000000000000C100000001200000000000000000000182E0000001294
:2046A000000000000000000000000C2E00000012000000000000000000000C2E0000001262
:2046C000000000000000000000000C2E00001225000000000000000000000C2E00122529CF
:2046E00000000000000000000000182E0012262A00000000000000000000182E0000122694
:20470000000000000000000000000C2E00000012000000000000000000000C2E1B000012E6
:20472000000000000000000000000C10000000250000000000000000000000000000002117
:20474000000000000000000000000000000000210000000000000000000000000000112601
:20476000000000000000000000000000000000110000000000000000000000000000000028
:20478000000000000000000000000000000000000000000000000000000000000000000019
:2047A0000000000000000000000000000000000000000000000000000000000000000000F9
:2047C000000000000000000000000000000000110000000000000000000000101B00301558
:2047E0000000000000000000000000000000001100000000000000000000000000000000A8
:20480000000000000000000000000000000000000000000000000000000000000000000098
:20482000000000000000000000000000000000110000000000000000000000101B003015F7
:20484000000000000000000000000000000000110000000000000000000000000000000047
:20486000000000000000000000000000000000000000000000000000000000000000000038
:20488000000000000000000000000000000000000000000000000000000000000000000018
:2048A0000000000000000000000000000000000000000000000000000000000000000011E7
:2048C0000000000000000000000000000000102D0000000000000000000000000000000C8F
:2048E0000000000000000000000000000000000C0000000000000000000000000000001894
:2049000000000000000000000000000000102D2D0000000000000000000000000000000C21
:204920000000000000000000000000000000000C0000000000000000000000000000001853
:20494000000000000000000000000000102D2D2D0000000000000000000000000000000CB4
:204960000000000000000000000000000000000C000000000000000000000000252D2D2D7F
:204980000000000000000000000000002E2F2F2F0000000000000000000000002E2F2F2FA1
:2049A000000000000000000000000000212D2D2D0000000000000000000000002E2F2F2F94
:2049C0000000000000000000000000002E2F2F2F000000000000000000000000212D2D2D74
:2049E0000000000000000000000000112E2F2F2F0000000000000000000000112E2F2F2F1F
:204A0000000000000000000000000011212D2D2D0000000000000000000000002E2F2F2F22
:204A20000000000000000000000000002E2F2F2F000000000000000000000000212D2D2D13
:204A40000000000000000000000000002E2F2F2F0000000000000000000000002E2F2F2FE0
:204A6000000000000000000000000011212D2D2D0000000000000000000000112E2F2F2FB1
:204A80000000000000000000000000112E2F2F2F000000000000000000000000212D2D2DA2
:204AA0000000000000000000000000002E2F2F2F0000000000000000000000002E2F2F2F80
:204AC000000000000000000000000011212D2D2D00000000000000000000252D272F2F2F17
:204AE000000000000000000000002E2F2F2F2F2F00000000000000000011262D2D2D2D2D85
:204B0000000000000000000000001D1D1D1D1D0C0000000000000000000000000000000CEC
:204B2000000000000000000000000000331F1F0C000000000000000000000000212D2D2D50
:204B40000000000000000000000000002E2F2F2F0000000000000000000000002E2F2F2FDF
:204B6000000000000000000000000000212D2D2D0000000000000000000000112E2F2F2FC1
:204B80000000000000000000000000112E2F2F2F000000000000000000000000212D2D2DA1
:204BA0000000000000000000000000002E2F2F2F000000000000000000101B002E2F2F2F54
:204BC000000000000000000000101B00262D2D28000000000000000000101B001D1DC42EAB
:204BE0000000000000000000000000000000122E0000000000000000000000003400132E00
:204C00000000000000000000000000000000132E0000000000000000000000000011102E04
:204C20000000000000000000000000000000132E00000000000000000000000000E8122E0B
:204C400000000000000000000000000000E9132E0000000000000000000000000000132EE9
:204C60000000000000000000000000000011102E000000000000000000000000E800132EBC
:204C8000000000000000000000000000E900122E0000000000000000000000000000132EAA
:204CA0000000000000000000000000000011102E0000000000000000000000000000122E65
:204CC0000000000000000000000000000034132E0000000000000000000000000000122E1F
:204CE0000000000000000000000000001F1FC32E0000000000000000101B0000252D2D27B4
:204D00000000000000000000101B00002E2F2F2F0000000000000000101B00002E2F2F2FC7
:204D2000000000000000000000000000212D2D2D0000000000000000000000112E2F2F2FFF
:204D40000000000000000000000000112E2F2F2F00000000000000101B00302D2F2D2D2D49
:204D600000000000000000101B0000112E2F2F2F00000000000000101B00003022282F2F39
:204D800000000000000000000000000011212D2D0000000000000000101B000025272F2FB2
:204DA0000000000000000000000000002E2F2F2F000000000000000000000011262D2D2D7A
:204DC000000000000000000000000000001D1D0C0000000000000000000000000000000C81
:204DE000000000000000000000000000001F1F0C00000000000000000000000000252D2DEA
:204E0000000000000000000000000000F42E2F2F000000000000000000000000F62E2F2F90
:204E2000000000000000000000000000F5212D2D000000000000000000000000002E2F2F76
:204E4000000000000000000000000000002E2F2F00000000000000000000000011212D2D3A
:204E6000000000000000000000000000112E2F2F00000000000000000000000030232F2FE4
:204E8000000000000000000000101B0000212D2D000000000000000000101B00002E2F2FB5
:204EA000000000000000000000101B00002E2F2F00000000000000000000000000212D2DC0
:204EC000000000000000000000000000112E2F2F0000000000000000101B00252D232F2F37
:204EE0000000000000000000101B002E0C212D2D0000000000000000101B002E0C2E2F2FE1
:204F00000000000000000000101B00262D232F2F00000000000000000000000011212D2D06
:204F2000000000000000000000000000122E2F2F000000000000000000000000002E2F2F47
:204F40000000000000000000000000003526242D00000000000000000000000000112E2F37
:204F600000000000000000000000000011102E2F0000000000000000000000111010212D34
:204F800000000000000000000000000011102E2F00000000000000000000000000112E2F25
:204FA0000000000000000000000000000025222D00000000000000000000101B002E2F2FC6
:204FC000000000000000000000000000002E2F2F00000000000000000000000011262D28B9
:204FE0000000000000000000000000000000132E0000000000000000000000000000122E30
:205000000000000000000000000000000000132E0000000000000000000000000034132EDA
:205020000000000000000000000000000000122E0000000000000000000000000000132EEF
:205040000000000000000000000000000000132E00000000000000000000000000252D2796
:20506000000000000000000000000000002E2F2F000000000000000000000000112E2F2F07
:2050800000000000000000000000000011212D2D00000000000000000000000030232F2FD3
:2050A000000000000000000000000000132E2F2F00000000000000000000000012212D2DC4
:2050C000000000000000000000000000132E2F2F000000000000000000003530152E2F2F2B
:2050E00000000000000000000000000013212D2D000000000000000000000000122E2F2F84
:20510000000000000000000000000000132E2F2F00000000000000000000000013212D2D62
:20512000000000000000000000000000122E2F2F00000000000000000000000025232F2F2B
:205140000000000000000000000000002622242D00000000000000000000000000132E2F46
:2051600000000000000000000000000000132E2F00000000000000000000000000302F2D33
:2051800000000000000000000000000000132E2F00000000000000000000000000122E2F30
:2051A0000000000000000000000000000013212D00000000000000000000000034132E2FEA
:2051C00000000000000000000000000000132E2F0000000000000000000000000012212DFF
:2051E00000000000000000000000000000132E2F00000000000000000000000030152E2F9D
:205200000000000000000000000000000013212D00000000000000000000000000132E2FBD
:2052200000000000000000000000000000122E2F000000000000000000000000252D222D5E
:205240000000000000000000000000002E2F2F2F0000000000000000000000002E2F2F2FD8
:205260000000000000000000101B0000212D2D2D0000000000000000000000002E2F2F2FA0
:205280000000000000000000000000002E2F2F2F0000000000000000101B0000212D2D2D80
:2052A0000000000000000000000000002E2F2F2F0000000000000000000000002E2F2F2F78
:2052C0000000000000000000101B0000212D2D2D0000000000000000000000002E2F2F2F40
:2052E0000000000000000000000000002E2F2F2F0000000000000000101B000026242D2D24
:20530000000000000000000000000000002E2F2F000000000000000000000000002E2F2F75
:20532000000000000000000000101B000026242D00000000000000000000000000002E2F6E
:2053400000000000000000000000000000002E2F0000000000000000000000000000262D9D
:205360000000000000000000000000000000000C0000000000000000000000000000000C15
:205380000000000000000000000000000000000C0000000000000000000000000030190CAC
:2053A0000000000000000000000000000000000C0000000000000000000000000000000CD5
:2053C0000000000000000000033200301900000C0000000000000000000000000000000C37
:2053E0000000000000000000000000000000000C0000000000000000000000003019000C4C
:205400000000000000000000000000000000000C0000000000000000000000000000000C74
:205420000000000000000000000000000000000C0000000000000000000000301900000C0B
:205440000000000000000000000000000000000C0000000000000000000011100000000C13
:205460000000000000000000000000000000000C0000000000000000000000000000000C14
:205480000000000000000000000000003019000C0000000000000000000000000000000CAB
:2054A0000000000000000000000000000000000C0000000000000000000000000030190C8B
:2054C0000000000000000000000000000000000C00000000000000101B0000001110000C68
:2054E0000000000000000000000000000000000C0000000000000000000000003400000C60
:205500000000000000000000000000000000000C000000000000101B000000111000000C27
:205520000000000000000000000000000000000C0000000000000000000000340000000C1F
:205540000000000000000000000000000000000C0000000000101B00000011100000000CE7
:205560000000000000000000000000000000000C0000000000000000000034000000000CDF
:205580000000000000000000000000000000000C00000000101B0000001110000000000CA7
:2055A0000000000000000000000000000000000C0000000000000000000000000000000CD3
:2055C0000000000000000000000000000019000C0000000000000000000000003530190C1C
:2055E0000000000000000000000000000000000C0000000000000000000000000000001887
:2056000000000000000000000000000000000018000000000000000000000000000000185A
:2056200006060606060532000000000000302D2D0606060606050D00000000000000000C4F
:20564000020202020201170000000000000000180606060606050D00000000000000000CD4
:205660000606060606050D00000000000000000C0606060606050D00000000000000000CB2
:205680000202020202010D00000000000000000C0606060606051700000000000000001894
:2056A0000606060606050D00000000000000000C0606060606050D00000000000000000C72
:2056C0000202020202010D00000000000000000C0606060606051700000000000000001854
:2056E0000606060606050D0000001C001C00000C0606060606050D000012252F281E000C4E
:205700000202020202010D000012212F231E000C0606060606050D000012262F271E000CDA
:205720000606060606050D0000001A001A00000C0606060606050D00000000000000000CBD
:205740000202020202010D0000000000000000180606060606051700000000000000000CD3
:205760000606060606050D00000000000000000C0606060606050D00000000000000000CB1
:205780000202020202010D00000000000000000C0606060606050D00000000000000000CA9
:2057A0000606060606051C1C0000000000001C1C06060606060524281B0000000011252472
:2057C0000202020202012F231B0000000011212F06060606060522271B0000000011262210
:2057E0000606060606051A1A0000000000001A1A06060606060517000000000000000018CC
:205800000202020202010D00000000000000000C0606060606050D00000000000000000C28
:205820000606060606051C1C1C000000000000180606060606052D2D281B00000000000C0D
:205840000202020202012F2F2E1B00000000000C0606060606052F2F2E1B000000001C1C88
:20586000060606060605242D271B00000011252D060606060605231B0000000000112E2F40
:20588000020202020201231B0000000000112E2F060606060605231B0000000000112E2F82
:2058A000060606060605231B00000011252D272F060606060605231B000000112E2F2F2FA1
:2058C000020202020201231B0000001126282F2F060606060605231B00000000112E2F2FC4
:2058E000060606060605231B00000000112E2F2F06060606060522281B000000112E2F2F85
:205900000202020202012F2E1B000000112E2F2F0606060606052F2E1B000000112E2F2F2F
:205920000606060606052D271B00000011262D2D0606060606050D000000000000000018FC
:205940000202020202011700000000000000000C0606060606050D00000000000000000CDD
:205960000606060606050D00000000000000000C0606060606051700000000000000001899
:205980000202020202010D00000000000000000C0606060606051700000000000000000C9D
:2059A0000606060606050D0000000000000000180606060606050D252D281B0000001125A4
:2059C0000202020202010D2E002E1B00000011210606060606050D2124231B000000112121
:2059E0000606060606050D212F231B000000112106060606060524292F231B0000001121A8
:205A00000202020202012F2F2F231B00000011210606060606052F2F2F231B00000011215E
:205A20000606060606052F2F2B271B00000011210606060606052F2B270000000000112170
:205A40000202020202012F231B000000000011210606060606052F231B00000000002529BE
:205A60000606060606052F231B0000001125292F0606060606052F231B00000011212F2FE8
:205A80000202020202012F231B00000011212F2F0606060606052F231B00000011212F2FDE
:205AA00006060606060522271B000000112622220606060606050D00000000000000000CA8
:205AC000020202020201170000000000000000180606060606050D00000000000000000C50
:205AE0000606060606050D00000000000000000C0606060606051700330000000033000CBE
:205B00000202020202010D002E000000002E000C0606060606050D002E000000002E001861
:205B20000606060606050D002E000000002E00180606060606052D2D2300000000262D2DA1
:205B4000000000000000000026321B000000000C00000000000000000000000000000018AE
:205B60000000000000000000000000000000340C0000000000000000000000000000000CD9
:205B8000000000000000000000000000001110180000000000000000000000000000000CC0
:205BA0000000000000000000000000000034000C0000000000000000000000000000000C99
:205BC0000000000000000000000000001110000C0000000000000000000000000000000C8C
:205BE0000000000000000000000000003400000C0000000000000000000000000000000C59
:205C00000000000000000000000000111000000C0000000000000000000000000000000C4B
:205C200000000000000000101B0000301900000C00000000000000101B0000000000000CAD
:205C400000000000000000101B0000000000000C0000000000000000000000003019000CB8
:205C60000000000000000000000000000000000C0000000000000000000000000000000C0C
:205C80000000000000000003320030190000000C0000000000000000000000000000000C6E
:205CA0000000000000000000000000000000000C0000000000000000000000301900000C83
:205CC0000000000000000000000000000000000C0000000000000000000000000000000CAC
:205CE0000000000000000000353019000000000C0000000000000000000000000000000C0E
:205D00000000000000000000000000000000000C0000000000000000000000000000000C6B
:205D20000000000000000000000000000000000C0000000000000000000000000000000C4B
:205D40000000000000000000000000330000000C0000000000000000000000212D2D2D2D2F
:205D60000000000000000000101B002E2F2F2F2F00000000000000000000002E2F2F2F2F24
:205D80000000000000000000000011212D2D2D2D000000000000101B0000112E2F2F2F2FF7
:205DA000000000000000101B0000112E2F2F2F2F000000000000101B000000212D2D2D2DBD
:205DC000000000000000101B0000002E2F2F2F2F000000000000101B0000352E2F2F2F2F64
:205DE000000000000000101B000000212D2D2D2D000000000000101B0000002E2F2F2F2F8E
:205E000000000000000000000000352E2F2F2F2F0000000000000000000035212D2D2D2D59
:205E200000000000000000000000122E2F2F2F2F000000000000000011302D232F2F2F2F19
:205E40000000000000000000000011212D2D2D2D00000000000000000000002E2F2F2F2F72
:205E600000000000000000000000002E2F2F2F2F0000000000000000000000262D2D2D2D5E
:205E80000000000000000000000000000000001800000000000000000000000000000018D2
:205EA0000000000000000332003019000000000C0000000000000000000000000000000C4C
:205EC0000000000000000000000030190000000C0000000000000000000000000000001855
:205EE0000000000000000000000000000000000C0000000000033200301900000000000C0C
:205F00000000000000000000000000000000000C0000000000000000353019000000000CEB
:205F2000000000000000000000000000000000180000000000000000000000000000000C3D
:205F40000000000000000000000000000000000C0000000000000000000000000000000C29
:205F60000000000000000000000000000000000C0000000000000030190000000000000CC0
:205F80000000000000000000000000000000000C00000000000000000000000000000018DD
:205FA0000000000000000000000000000000000C0000000000003412190000000000000C6A
:205FC0000000000000000012190000000000000C0000000000001110190000000000000C44
:205FE0000000000000000012190000000000000C000000000000E812190000000000000C4B
:20600000000000000000E912190000000000000C0000000000000012190000000000000C29
:20602000000000000000111019000000000000180000000000000012190000000000000CD7
:206040000000000000003412190000000000000C0000000000000000000000000000000CC9
:206060000000000000000000000000000000000C0000000000000000000000000000000C08
:206080000000000000000000000000000000000C0000000000000000000000000000000CE8
:2060A0000000000000000000000000000000000C0000000000000000000035331900000C47
:2060C0000000000000000000000035311900000C0000000000000000000000000000000C29
:2060E0000000101B00000000111010000000000C0000000000000000000000000000000C2C
:20610000000000000000000000000000000000180000000000000000000000353019000CDD
:206120000000000000000000000000000000000C0000000000000000000000000000000C47
:20614000000000101B000000001110100000000C00000000000000000000000000000018BF
:206160000000000000000000000000000000000C0000000000000000000034000000000CD3
:206180000000000000000000000000000000000C0000000000000000000000000000000CE7
:2061A0000000000000000000000000111000000C000000000000000000000000000000189A
:2061C000000000000000000000000000252D2D2D0000000000000000000000002E2F2F2F58
:2061E0000000000000000000000000002E2F2F2F000000000000000000000011212D2D2D2B
:206200000000000000000000000000112E2F2F2F0000000000000000000000002E2F2F2FF7
:20622000000000000000000000000000212D2D2D000000000000000000101B002E00000C51
:20624000000000000000000000101B002E000018000000000000000000101B002E00000C68
:206260000000000000000000000000002E00000C0000000000000000000000352E00000C75
:206280000000000000000000000000122E00001800000000000000000000111010101B0C3E
:2062A00000000000000000000000001A1A1A000C0000000000000000000000000000000C78
:2062C0000000000000000000000000000000000C000000000000000000000000000000189A
:2062E000000000000000000000000000000030160000000000000000000000000000000C4C
:206300000000000000000000000000000000000C0000000000000000000000000000000C65
:206320000000000000000000000000000030190C00000000000000000000000000000018F0
:206340000000000000000000000000000000000C0000000000000000000000000000001819
:206360000000000000000000000000003019000C0000000000000000000000000000000CBC
:206380000000000000000000000000000000000C000000000000000000000000252D2D2D45
:2063A0000000000000000000000000002E2F2F2F0000000000000000000000002E2F2F2F67
:2063C000000000000000000000000000212D2D2D0000000000000000000000002E2F2F2F5A
:2063E0000000000000000000000000002E2F2F2F000000000000000000000000212D2D2D3A
:206400000000000000000000000000002E2F2F2F0000000000000000000000002E2F2F2F06
:20642000000000000000000000000000212D2D2D0000000000000000000000112E2F2F2FE8
:206440000000000000000000000000112E2F2F2F0000000000000000000000302F2D2D2D8A
:206460000000000000000000000000112E2F2F2F0000000000000000000000112E2F2F2F84
:20648000000000000000000000000011212D2D2D000000000000000000002524232F2F2F4A
:2064A000000000000000000000002622232F2F2F000000000000000000000011212D2D2D2B
:2064C0000000000000001C1C1C0000002E2F2F2F0000000000001010100000002E2F2F2FC2
:2064E000000000000000000000000000212D2D2D0000000000000000000000002E2F2F2F39
:206500000000000000000000000000002E2F2F2F000000000000000000000000212D2D2D18
:206520000000000000000000000000002E0000180000000000000000000000113100000CC7
:206540000000000000000000000000000000000C0000000000000000000000000000000C23
:206560000000000000000000000000000033190C0000000000000000000000000031190C6D
:206580000000000000000000000000000000000C0000000000000000000000000000000CE3
:2065A000000000000000000000000000000000180000000000000000000000003019000C6E
:2065C0000000000000000000000000000000000C0000000000000000000000000000001897
:2065E0000000000000000000001C1C1C0000000C00000000000000000010101000000030DB
:206600000000000000000000000000000000000C0000000000000000000000000000000C62
:20662000000000000000000000000000000000180000000000000000000000000000000C36
:20664000000000000000000000000000000000300000000000000000000000000000000CFE
:206660000000000000000000000000000000000C00000000000000000000000000000018F6
:2066800000000000000000000000000000003016000000000000000000000000000000189C
:2066A0000000000000000000000000000000000C0000000000000000000000000000000CC2
:2066C0000000000000000000000000000033190C0000000000000000000000000031190C0C
:2066E0000000000000000000000000000000000C0000000000000000000000000000001876
:20670000000000000000000000000000003530160000000000000000000000000000000CF2
:206720000000000000000000000000000000000C0000000000000000000000000000001835
:206740000000000000000000000000000000000C00000000000000000000003019000018CC
:206760000000000000000000000000000000000C0000000000000000000000000000000C01
:20678000000000000000001C1C1C00000000000C0000000000000010101000000000301623
:2067A0000000000000000000000000000000000C0000000000000000000000000000000CC1
:2067C000000000000000000000000000000000180000000000000000000000000000000C95
:2067E0000000000000000000000000000000000C0000000000000000000000000000000C81
:206800000000252D2D2D2D28000000000000001800002E2F2F2F2F2E000000000000000C3B
:2068200000002E2F2F2F2F2E000000000000000C0000212D2D2D2D23000000000000000C30
:2068400000002E2F2F2F2F2E000000000000001800002E2F2F2F2F2E000000000000000CE4
:206860000000212D2D2D2D23000000000000001800002E2F2F2F2F2E000000000000000CE4
:2068800000002E2F2F2F2F2E1B0000000000000C0000212D2D2D2D271B0000000000000C96
:2068A00000002E0D00000000000000000000001800002E0D000003320000000000000018FD
:2068C00000002E1700000000000000000000001800002E0D000000101B00000000000018DD
:2068E00000002E0D00000000000000000000001800002E0D000000033200000000000018BD
:2069000000002E0D00000000000000000000000C00002E17000000101B00000000000018A8
:2069200000002E0D00000000000000000000000C00002E0D00000000000000000000000CC9
:2069400000002E0D00000332000000000000000C00002E1700000000001110000000000C49
:2069600000002E0D00000000000000000000001800002E1700033236000000000000000C08
:2069800000002E0D00000000000000000000000C00002E0D0000101B000000000000000C3E
:2069A00000002E0D00000000000000000000001800002E1700000000000000000000000C33
:2069C00000002E0D00000003320000000000000C00002E17000000000000000000000018DE
:2069E00000002E0D00000000101B00000000000C00002E0D000000000000000000000018D2
:206A000000002E0D00000000000000000000111000002E0D00000003323600000011101043
:206A200000002E1700000000000000000000111000002E0D000000000000000000000011A4
:206A400000002E0D0000000000000000000000112D2D270000000000000003320000001222
:206A60000000000000000000000000000000001200000000000000000000000000000012F2
:206A80000000000000000000000000000000001200000000000000000000000000000012D2
:206AA0000000000000000000000000000000001200000000000000000000000000000000C4
:206AC0000000000000000000000000000000000000000000000000000000000000000000B6
:206AE000000000000000000000000000000000000000000000000000000000000000000096
:206B0000000000000000000000000000000000000000000000340000000000000000000041
:206B2000000000000000000000000000000000000000000000000000000000000000000055
:206B40000000000000000000000000000000001100000000000000340000000000000011DF
:206B60000000000000000000000000000000001000000000000000000000000000000011F4
:206B80000000000000000000000000000000001100000000000000000000000000000011D3
:206BA0000000000000000000000000000000000000000000000000000000000000000000D5
:206BC00000000000000000000000000000101B0000000000000000000000000000101B005F
:206BE000000000000000000000000000000000000000000000000000000000000000000095
:206C0000000000000000000000000000000000110000000000000000000000000000001152
:206C200000000000000000000000000000000000000000000000000000000000000000351F
:206C4000000000000000000000000000000000110000000000000000000000000000001112
:206C60000000000000000000000000000000001100000000000000000000000000000011F2
:206C8000000000000000000000000000000025240000000000000000000000000000212F5B
:206CA0000000000000000000000000000000212F0000000000000000000000000000212F34
:206CC0000000000000000000000000000000212F0000000000000000000000000000212F14
:206CE0000000000000000000000000000011212F0000000000000000000000000011212FD2
:206D00000000000000000000000000000010212F0000000000000000000000000011212FB2
:206D20000000000000000000000000000011212F0000000000000000000000000011212F91
:206D4000000000000000000000000000102D222200000000000000000000000000000011A1
:206D6000000000000000000000000000000000110000000000000000000000000000000002
:206D80000000000000000000000000000000000000000000000000000000000011100000D2
:206DA0000000000000000000000000000000000000000000000000000000000000000000D3
:206DC0000000000000000000000000000000000000000000000000000000000000000000B3
:206DE000000000000000000000000000000000000000000000000000000000000000001182
:206E0000000000000000000000000000000000110000000000000000000000000000001150
:206E200000000000000000000000000000000000000000000000000000000000101B000027
:206E4000000000000000000000000000101B0000000000000000000000000000101B0000DC
:206E6000000000000000000000000000000000000000000000000000000000000000001101
:206E80000000000000000000000000000000001100000000000000000000000000000011D0
:206EA0000000000000000000000000000000000000000000000000000000000000000000D2
:206EC0000000000000000000000000000000000000000000000000000000000000000000B2
:206EE000000000000000000000000000000000000000000000000000000000000000000092
:206F0000000000000000000000000000000000000000000000000000000000000000001160
:206F200000000000000000000000000000000011000000000000000000000000000000112F
:206F4000000000000000000000000000000000100000000000000000000000000000000C15
:206F60000000000000000000000000000000000C00000000000000000000000000000018ED
:206F80000000000000000000000000000000102D0000000000000000000000000000000CA8
:206FA0000000000000000000000000000000000C00000000000000000000000000000018AD
:206FC00000000000000000000000000000102D2D0000000000000000000000000000001136
:206FE000000000000000000000000000000000110000000000000000001C1C1C000000002C
:207000000000000000000000001010100000003500000000000000000000000000000011FA
:207020000000000000000000000000000000001100000000000000000000000011302D2DA4
:2070400000000000000000000000000000000011000000000000000000000000000000001F
:207060000000000000000000000000000000000000000000000000000000000000000011FF
:207080000000000000000000000000000000001100000000000000000000000000000011CE
:2070A000000000000000000000000000000000EA000000000000000000000000000000EBFB
:2070C00000000000000000000000000000000011000000000000000000000000000000118E
:2070E000000000000000000000000000000000110000000000000000000000000000252436
:207100000000000000000000000000000000212F0000000000000000000000000000212FCF
:207120000000000000000000000000000000212F0000000000000000000000000000212FAF
:207140000000000000000000000000000011212F0000000000000000000000000011212F6D
:207160000000000000000000000000000025292F00000000000000000000000000262A2F13
:207180000000000000000000000000000000212F00000000000000000000101B0000212F24
:2071A0000000000000000000000000000000212F0000000000000000000000000000262A2F
:2071C0000000000000000000000000101B0000210000000000000000000000000000002142
:2071E00000000000000000000000000000000021000000000000000000000000101B002122
:20720000000000000000000000000000101B0021000000000000000000000000101B0021D6
:20722000000000000000000000000000101B002100000000000000000000000000000021E1
:207240000000000000000000000000000000112100000000000000000000000000001126C5
:207260000000000000000000000000000000000C00000000000000000000000000000016EC
:207280000000000000000000000000000000000C0000000000000000000000000000000CD6
:2072A000000000000000000000000000000011100000000000000000000000000000000CA1
:2072C000000000000000000000000000000000160000000000000000000000000000001880
:2072E000000000000000000000000000000011100000000000000000000000000000000C61
:207300000000000000000000000000000000000C000000000000000000000000000000164B
:207320000000000000000000000000000000000C0000000000000000000000000000000C35
:207340000000000000000000000000000000302D00000000000000000000000000000011BF
:20736000000000000000000000001C1C1C0000000000000000000000000010101000000089
:2073800000000000000000000000000010101B0000000000000000000000000000101B0087
:2073A00000000000000000000000000000101B0000000000000000000000000000101B0077
:2073C0000000000000000000000000000000000000000000000000000000000000000000AD
:2073E00000000000000000000000000000000011000000000000000000000000000000116B
:20740000000000000000000000000000000000110000000000000000000000000000001645
:207420000000000000000000000000000000000C000000000000000000000000000011101F
:207440000000000000000000000000000000000C00000000000000000000000000001918EF
:207460000000000000000000000000101B00190C0000000000000000000000101B00190C6C
:207480000000000000000000000000101B00190C0000000000000000000000101B00191840
:2074A0000000000000000000000000000000190C0000000000000000000000000000000C9B
:2074C000000000000000000000000000001110100000000000000000000000000000000C6F
:2074E000000000000000000000000000351900180000000000000000000000000000000C1A
:207500000000000000000000000000000000000C0000000000330000000000000000000C20
:2075200000000000002E0000000000000000000C00000000002E0000000000000000000CD7
:2075400000000000002E0000000000000000001800000000002E000000000000000000189F
:2075600000000000002E0000000000000000000C00000000002E0000000000000000000C97
:2075800000000000002E0000000000000000000C00000000002E1B00000000000000001850
:2075A00000000000002E1B00000000000000000C00000000002E0000000000000000000C3C
:2075C00000000000002E0000000000000000000C00000000002E0000000000000000000C37
:2075E00000000000002E1B0000000000000000180000000000212D32000000000000001892
:2076000000000000002E1B00001C1C000000000C00000000002E1B00001010000000000C68
:207620000000000000213200000000000000000C00000000002E1B00000000000000000C96
:2076400000000000002E1B00000000000000001800000000002E1B00000000000000001868
:207660000000000000212D32000000000000000C00000000002E1B00001C1C000000000CF1
:2076800000000000002E1B00001010000000000C000000000021320000000000000000180A
:2076A00000000000002E1B00000000000000000C00000000002E1B00000011100000000CFF
:2076C0000000000000212D2D320011100000000C00000000002E1B00000011100000000C5A
:2076E00000000000002E0000000000000000001800000000002E0000000000000000000C0A
:207700000000252D2D27360000000000000000180000210D00000000000000000000000C3B
:207720000000210D00000000000000000000000C0000210D00000000000000000000000CD5
:207740000000210D00000000000000000000000C0000210D00000003323600000000000C4A
:207760000000210D00000000000000000000000C0000210D00000000000000000000000C95
:207780000000210D00000000000000000000000C0000210D00000000000000000000000C75
:2077A0000000210D00000000033300000000000C0000210D00000000033100000000000CEB
:2077C0000000210D00000000000000000000000C0000210D00000000000000000000000C35
:2077E0000000210D00000003330000000000000C0000210D000000032E1B00000000000C93
:207800000000210D000000032E1B00000000000C0000210D000000032E1B00000000000C5C
:207820000000210D00000003310000000000000C0000210D00000000000000000000000CA0
:207840000000210D00000000000000000000000C0000210D00000333000000000000000C7E
:207860000000210D0000032E1B0000000000000C0000210D0000032E1B0000000000000CFC
:207880000000210D0000032E1B0000000000000C0000210D00000331000000000000000CF4
:2078A0000000210D00000000000000000000000C0000210D00000000000000000000000C54
:2078C0000000210D00033200000000000000000C0000210D00000000000000000000000CFF
:2078E0000000210D00000000000000000000000C0000210D00000003320011100000000CBE
:207900000000210D00000000000000000000000C0000210D00000000000000000000000CF3
:207920000000210D00000333001110000000000C0000210D0000032E000000000000000C4B
:207940000000210D000003311B0000000000000C0000210D00000000000000000000000C64
:207960000000210D00000000000000000000000C0000210D00000000000000000000000C93
:207980000000210D00000000000000000000000C0000210D00000000000000000000000C73
:2079A0000000210D00000000000000000000000C0000210D00000000000000000000000C53
:2079C0000000210D00000000000000000000000C0000210D00000000000000000000000C33
:2079E000060606060605280000000000000000250606060606052F28000000000000252F49
:207A00000202020202012F2F3200000000302F2F0606060606052F27000000000000262F6F
:207A2000060606060605230000000000000000260606060606052300000000000000000C88
:207A40000202020202012F2800000000000000180606060606052F2F280000000000000CF7
:207A60000606060606052F2F2F2800000000000C0606060606052F2F2F2F28000000000C0F
:207A80000202020202012F2F2F2F2F32000000300606060606052F2F2F2F27000000001870
:207AA0000606060606052F2F2F2700000000000C0606060606052F2F270000000000000C2F
:207AC0000202020202012F27000000000000000C0606060606052300000000000000000CE7
:207AE000060606060605230000000000000000180606060606052F28000000000000002589
:207B00000202020202012F2F280000000000252F0606060606052F2F2F32000000302F2F10
:207B20000606060606052F2F270000000000262F0606060606052F270000000000000026A9
:207B4000020202020201230000000000000000180606060606052F28000000000000002540
:207B60000606060606052F2F280000000000252F0606060606052F2F2F32000000302F2F98
:207B80000202020202012F2F270000000000262F0606060606052F27000000000000002661
:207BA0000606060606052300000000000000000C0606060606052F280000000000000018E1
:207BC0000202020202012F2F280000000000000C0606060606052F2F2F2800000000000C24
:207BE0000606060606052F2F2F2F28000000000C0606060606052F2F2F2F2F320000003002
:207C00000202020202012F2F2F2F27000000000C0606060606052F2F2F2700000000000C87
:207C20000606060606052F2F27000000000000180606060606052F270000000000000025E6
:207C40000202020202012700000000000000252F0606060606050D000000000000252F2FEB
:207C60000606060606050D0000000000252F2F2F0606060606051700000000252F2F2F2F07
:207C800002020202020132000000302F2F2F2F2F0606060606050D00000000262F2F2F2F7A
:207CA0000606060606050D0000000000262F2F2F06060606060517000000000000262F2F23
:207CC0000202020202010D00000000000000262F06060606060517000000000000000026D7
:207CE0000606060606050D00000000000000000C0606060606050D00000000000000000C0C
:207D0000020202020201280000000000000000250606060606052F28000000000000252F3D
:207D20000606060606052F2F2800000000252F2F0606060606052F2F2300000000212F2FF4
:207D40000202020202012F2F2300000000212F2F0606060606052F2F2300000000212F2FF5
:207D60000606060606052F2F2300000000212F2F06060606060522222700000000262222E8
:207D80000202020202010000000000000000000006060606060500000000000000000000B5
:207DA000060606060605242424242424242424240606060606052F2F2F2F2F2F2F2F2F2F3F
:207DC0000202020202012F2F2F2F2F2F2F2F2F2F0606060606052F2F2F2F2F2F2F2F2F2FC9
:207DE0000606060606052F2F2F2F2F2F2F2F2F2F0606060606052F2F2F2F2F2F2F2F2F2F91
:207E00000202020202012F2F2F2F2F2F2F2F2F2F0606060606052F2F2F2F2F2F2F2F2F2F88
:207E20000606060606052F2F2F2F2F2F2F2F2F2F0606060606052F2F2F2F2F2F2F2F2F2F50
:107E40000202020202012F2F2F2F2F2F2F2F2F2F51
:02000004000AF0
:200000000000000000000000000000000000000000000000000000000000000000000000E0
:200020000000000000000000000000000000000000000000000000000000000000000000C0
:200040000000000000000000000000000000000000000000000000000000000000000000A0
:20006000000000000000000000000000000000000000000000000000000000000000000080
:20008000000000000000000000000000000000000000000000000000000000000000000060
:2000A000000000000000000000000000000000000000000000000000000000000000000040
:2000C000000000000000000000000000000000000000000000000000000000000000000020
:2000E000000000000000000000000000000000000000000000000000000000000000000000
:200100000000000000000000000000000000000000000000000000000000000000000000DF
:200120000000000000000000000000000000000000000000000000000000000000000000BF
:2001400000000000000000000000000000000000000000000000000000000000000000009F
:2001600000000000000000000000000000000011000000000000000000000000000000006E
:2001800000000000000000000000000000000000000000000000000000000000000000005F
:2001A00000000000000000000000000000000000000000000000000000000000000000003F
:2001C00000000000000000000000000000000000000000000000000000000000000000001F
:2001E0000000000000000000000000000000000000000000000000000000000000000011EE
:200200000000000000000000000000000000001200000000000000000000000000000000CC
:200220000000000000000000000000000000000000000000000000000000000000000000BE
:2002400000000000000000000000000000000000000000000000000000000000000000009E
:2002600000000000000000000000000000000000000000000000000000000000000000007E
:2002800000000000000000000000000000000010000000000000000000000000000000113D
:2002A00000000000000000000000000000000011000000000000000000000000000000111C
:2002C00000000000000000000000000000000000000000000000000000000000000000001E
:2002E0000000000000000000000000000000000000000000000000000000000000000000FE
:200300000000000000000000000000000000000000000000000000000000000000000000DD
:20032000000000000000000000000000000000120000000000000000000000000000002586
:2003400000000000000000000000000000000021000000000000000000000000000000215B
:200360000000000000000000000000000000002124242424242424242428000000002529A2
:200380002F2F2F2F2F2F2F2F2F2300000000212F2F2F2F2F2F2F2F2F2F2300000000212F29
:2003A0002F2F2F2F2F2F2F2F2F2300000000212F2F2F2F2F2F2F2F2F2F2300000000212F09
:2003C0002F2F2F2F2F2F2F2F2F2300000000212F2222222222222222222700000000262262
:2003E0000000000000000000000000000000001100000000000000000000000000000011DB
:20040000000000000000000000000000000000112424242424242424242800000000252416
:200420002F2F2F2F2F2F2F2F2F2300000000212F2F2F2F2F2F2F2F2F2F2300000000212F88
:200440002F2F2F2F2F2F2F2F2F2300000000212F2F2F2F2F2F2F2F2F2F2300000000212F68
:20046000222222222222222222270000000026220000000000000000000000000000000CCF
:200480000000000000000000000000000000000C0000000000000000000000000000000C44
:2004A0000000000000000000000000000019000C0000000000000000000000000000000C0B
:2004C0000000000000000000000000000000000C0000000000000000000000000000190CEB
:2004E0000000000000000000000000000000000C0000000000000000000000000000000CE4
:200500000000000000000000000000001900000C0000000000000000000000000000000CAA
:200520000000000000000000000000000000000C0000000000000000000000000019000C8A
:200540000000000000000000000000000000000C0000000000000000000000000000000C83
:200560000000000000000000000000000000000C0000000000000000000000000000000C63
:200580000000000000000000000000000000190C0000000000000000000000000000000C2A
:2005A0000000000000000000000000000000000C0000000000000000000000000000000C23
:2005C0000000000000000000000000000019000C0000000000000000000000000000000CEA
:2005E0000000000000000000000000000000000C0000000000000000000000000000000CE3
:200600000000000000000000000000001900000C0000000000000000000000000000000CA9
:200620000000000000000000000000000000000C0000000000000000000000000000000CA2
:20064000000000000000000000000025242424240000000000000000000000212F2F2F2F08
:200660000000000000000000000000212F2F2F2F0000000000000000000011212F2F2F2FAF
:200680000000000000000000000011212F2F2F2F0000000000000000000000212F2F2F2F8F
:2006A0000000000000000000000035212F2F2F2F0000000000000000000000212F2F2F2F4B
:2006C0000000000000000000000011212F2F2F2F0000000000000000000011212F2F2F2F3E
:2006E0000000000000000000190011212F2F2F2F0000000000000000190011212F2F2F2FEC
:200700000000000000000000000000212F2F2F2F0000000000000000000000212F2F2F2F1F
:200720000000000000000000000000212F2F2F2F0000000000000000000000212F2F2F2FFF
:20074000000000000000000000000026222A2F2F00000000000000000000000011212F2F39
:2007600000000000000000000000000011212F2F00000000000000000000000011212F2F59
:2007800000000000000000000000000000262A2F0000000000000000000000000000212F8A
:2007A0000000000000000000000000000000212F0000000000000000000000000000212F99
:2007C0000000000000000000000000000000212F0000000000000000000000000000212F79
:2007E0000000000000000000000000000000212F0000000000000000000000000000212F59
:200800000000000000000000000000000000212F0000000000000000000000000000262240
:20082000000000000000000000000000000000110000000000000000000000000000001196
:2008400000000000000000000000000000000011000000000000000000000000002524241A
:2008600000000000000000000000000000212F2F000000000000000000000000002622228F
:20088000000000000000000000000000000000110000000000000000000000000000001136
:2008A0000000000000000000000000000000001100000000000000000000000000252424BA
:2008C00000000000000000000000000000212F2F000000000000000000000000002622222F
:2008E0000000000000000000000000000000001100000000000000000000000000000011D6
:20090000000000000000000000000000000000110000000000000000000000000025242459
:2009200000000000000000000000000000212F2F00000000000000000000000000212F2FB9
:20094000000000000000000000000000002622220000000000000000000000000000000C21
:200960000000000000000000000000000000000C0000000000000000000000000000000C5F
:200980000000000000000000000000000019000C0000000000000000000000000019000C0D
:2009A0000000000000000000000000000019000C0000000000000000000000000000000C06
:2009C0000000000000000000000000000000000C0000000000000000000000000000190CE6
:2009E0000000000000000000000000000000190C0000000000000000000000000000190CAD
:200A00000000000000000000000000000000000C0000000000000000000000000000000CBE
:200A20000000000000000000000000000000000C0000000000000000000000000019000C85
:200A40000000000000000000000000000019000C0000000000000000000000000019000C4C
:200A60000000000000000000000000000000000C0000000000000000000000000000000C5E
:200A80000000000000000000000000000000000C0000000000000000000000001900000C25
:200AA0000000000000000000000000001900000C0000000000000000000000001900000CEC
:200AC0000000000000000000000000000000000C0000000000000000000000000000000CFE
:200AE0000000000000000000000000000019000C0000000000000000000000000019000CAC
:200B00000000000000000000000000000019000C0000000000000000000000000000000CA4
:200B20000000000000000000000000000000000C0000000000000000000000190000000C84
:200B40000000000000000000000000190000000C0000000000000000000000190000000C4B
:200B60000000000000000000000000000000000C0000000000000000000000000000000C5D
:200B80000000000000000000000000111900000C000000000000000000EEEF111900000C0C
:200BA0000000000000000000000000111900000C0000000000000000000000000000000CF3
:200BC0000000000000000000000000000000000C0000000000000000000000190000000CE4
:200BE0000000000000000000000000190000000C0000000000000000000000190000000CAB
:200C00000000000000000000000000000000000C0000000000000000000000000000000CBC
:200C20000000000000000000000000000019000C0000000000000000000000000019000C6A
:200C40000000000000000000000000000019000C0000000000000000000000000000000C63
:200C60000000000000000000000000000000000C00000000000000000000000025242424D7
:200C8000000000000000000000000000212F2F2F000000000000000000000000212F2F2FF8
:200CA000000000000000000000000035212F2F2F000000000000000000000011212F2F2F92
:200CC000000000000000000000000011262222220000000000000000000000000000000C6B
:200CE0000000000000000000000000000000000C0000000000000000000000000000000CDC
:200D00000000000000000000000000000000001600000000000000000000000000000016A7
:200D20000000000000000000000000000000000C0000000000000000000000000000000C9B
:200D40000000000000000000000000000000000C0000000000000000000000000000001671
:200D6000000000000000000000000000000000160000000000000000000000000000000C51
:200D80000000000000000000000000000000000C0000000000000000000000000000000C3B
:200DA0000000000000000000000000000000190C0000000000000000000000000000190CE9
:200DC0000000000000000000000000000000000C0000000000000000000000000000000CFB
:200DE0000000000000000000000010001000000C0000000000000000000000000000000CBB
:200E00000000000000000000000000000000000C0000000000000000000000000019000CA1
:200E20000000000000000000000000000019000C0000000000000000000000000000000C81
:200E40000000000000000000000000000000000C0000000000000000000000000000190C61
:200E60000000000000000000000000000000190C0000000000000000000000000000000C41
:200E80000000000000000000000000000000000C0000000000000000000010001000000C1A
:200EA0000000000000000000000000000000000C0000000000000000000000000000000C1A
:200EC0000000000000000000000000000019000C0000000000000000000000000019000CC8
:200EE0000000000000000000000000000000000C0000000000000000000000000000000CDA
:200F00000000000000000000000000000000000C000000000000000000000000302D2D2D0E
:200F20000000000000000000000000000000000C0000000000000000000000000000000C99
:200F400000000000000000000000000000302D2D0000000000000000000000000000000CFB
:200F60000000000000000000000000000000000C0000000000000000000000000000000C59
:200F8000000000000000000000000000302D2D2D0000000000000000000000000000000C8E
:200FA0000000000000000000000000000000000C00000000000000000000340011302D2D56
:200FC0000000000000000000000000000000000C0000000000000000000000000000000CF9
:200FE0000000000000000000000000000000000C000000000000000000000000252D2D2D39
:201000000000000000000000000000002E00000C000000000000000000000000262D2D2DE9
:201020000000000000000000000000000000000C0000000000000000000000000000000C98
:201040000000000000000000000000000000000C0000000000000000000000302D2D2D2DA0
:201060000000000000000000000000000000000C0000000000000000000000000000000C58
:20108000000000000000000000000000302D2D2D0000000000000000000000000000000C8D
:2010A0000000000000000000000000000000000C0000000000000000000000000000000C18
:2010C0000000000000000000000000302D2D2D2D0000000000000000000000000000000C20
:2010E0000000000000000000000000000000000C000000000000000000000000302D2D2D2D
:201100000000000000000000000000000000000C0000000000000000000000000000000CB7
:201120000000000000000000000000000000000C0000000000000000000000000000000C97
:2011400000000000000000000000000000302D2D0000000000000000000000000000000CF9
:201160000000000000000000000000000000000C00000000000000000000000000252424F6
:2011800000000000000000000000000000212F2F00000000000000000000000000262A2F51
:2011A0000000000000000000000000000000212F0000000000000000000000000000212F8F
:2011C0000000000000000000000000000000212F0000000000000000000000111900212F45
:2011E0000000000000000000000000111900212F0000000000000000000000111900212FFB
:201200000000000000000000000000000000212F0000000000000000000000000000212F2E
:201220000000000000000000000000000000212F0000000000000000000000000000212F0E
:201240000000000000000000000000000025292F00000000000000000000000000212F2F92
:20126000000000000000000000000000002622220000000000000000000000000000000CF8
:201280000000000000000000000000000000000C0000000000000000000000000000000C36
:2012A0000000000000000000000000000019000C0000000000000000000000000000000CFD
:2012C0000000000000000000000000000000000C0000000000000000001000100000000CD6
:2012E0000000000000000000000000000000000C0000000000000000000000000000000CD6
:201300000000000000000000000000000000000C0000000000000000000000000019000C9C
:201320000000000000000000000000000000000C0000000000000000000000000000000C95
:201340000000000000000000001000100000000C0000000000000000000000000000000C55
:201360000000000000000000000000000000000C0000000000000000000000001900000C3C
:201380000000000000000000000000000000000C0000000000000000000000000000000C35
:2013A0000000000000000000000000000019000C00000000000000000000000000000011F7
:2013C0000000000000000000000000000000001100000000000000000000000000000011EB
:2013E0000000000000000000000000000000000000000000000000000000000000000000ED
:20140000000000000000000000000000000000350000000000000000000000000000001186
:2014200000000000000000000000000000000011000000000000000000000000000000118A
:2014400000000000000000000000000000000011000000000000000000000000000000007B
:2014600000000000000000000000000000000000000000000000000000000000000000006C
:20148000000000000000000000000000000000120000000000000000000000000000001129
:2014A00000000000000000000000000000000010000000000000000000000000000000110B
:2014C0000000000000000000000000000000001100000000000000000000000000000012E9
:2014E0000000000000000000000000000000000000000000000000000000000000000000EC
:201500000000000000000000000000000000000000000000000000000000000000000000CB
:201520000000000000000000000000000000000000000000000000000000000000000000AB
:20154000000000000000000000000000000000120000000000000000000000000034001134
:20156000000000000000000000000000000000110000000000000000000000000000001149
:201580000000000000000000000000000000001100000000000000000000000000340011F5
:2015A000000000000000000000000000000000110000000000000000000000000000001109
:2015C0000000000000000000000000000000001200000000000000000000000000000000F9
:2015E0000000000000000000000000000000000000000000000000000000000000000000EB
:201600000000000000000000000000000000000000000000000000000000000000000000CA
:201620000000000000000000000000000000000000000000000000000000000000000000AA
:2016400000000000000000000000000000000000000000000000000000000000000000008A
:2016600000000000000000000000000000000000000000000000000000000000000000006A
:2016800000000000000000000000000000000000000000000000000000000000000000004A
:2016A00000000000000000000000000000000000000000000000000000000000000000002A
:2016C00000000000000000000000000000000000000000000000000000000000000000000A
:2016E0000000000000000000000000000000000000000000000000000000000000000000EA
:201700000000000000000000000000000000000000000000000000000000000000000000C9
:201720000000000000000000000000000000000000000000000000000000000000000000A9
:20174000000000000000000000000000000000000000000000000000000000000000000089
:20176000000000000000000000000000000000000000000000000000000000000000000069
:20178000000000000000000000000000000000000000000000000000000000000000001930
:2017A0000000000000000000000000000000000C0000000000000000000000000000000C11
:2017C0000000000000000000000000000019000C0000000000000000000000000000000CD8
:2017E0000000000000000000000000000000000C0000000000000000000000190000000CB8
:201800000000000000000000000000000000000C0000000000000000000000000000000CB0
:201820000000000000000000001900000000000C0000000000000000000000000000000C77
:201840000000000000000000111900000000000C0000000000000000000000000000000C46
:201860000000000000000000001900000000000C0000000000000000000000000000000C37
:201880000000000000000000000000000000000C0000000000000000000019000000000C17
:2018A0000000000000000000000000000000000C0000000000000000000000000000000C10
:2018C0000000000000000000000000000000000C0000000000000000001900000000000CD7
:2018E0000000000000000000000000000000000C0000000000000000000000000000000CD0
:201900000000000000000000000000000000000C0000000000000000000000000000000CAF
:201920000000000000000000000019000000000C0000000000000000000019000000000C5D
:201940000000000000000000000000000000000C0000000000001000100000000000000C4F
:201960000000000000000000000000000000000C0000000000000000000000000000000C4F
:201980000000000000000000000019000000000C0000000000000000000000000000000C16
:2019A0000000000000000000000000000000000C0000000000001000100000000000000CEF
:2019C0000000000000000000000000000000000C0000000000000000000000000000000CEF
:2019E0000000000000000000000019000000000C0000000000000000000000000000000CB6
:201A00000000000000000000000000000000000C0000000000000000000000190000000C95
:201A20000000000000000000000000000000000C0000000000000000000000000000000C8E
:201A40000000000000000000000000000000000C0000000000000000000019000000000C55
:201A60000000000000000000000000000000000C0000000000000000000000000000000C4E
:201A80000000000000000000000000190000000C0000000000000000000000000000000C15
:201AA0000000000000000000000000000000000C0000000000000000000000000000000C0E
:201AC0000000000000000000000019000000000C0000000000000000000000000000000CD5
:201AE0000000000000000000000000000000000C0000000000000000000000000000000CCE
:201B00000000000000000000001900000000000C0000000000000000000000000000000C94
:201B20000000000000000000000000000000000C0000000000000019000000000000000C74
:201B40000000000000000000000000000000000C0000000000000000000000000000000C6D
:201B60000000000000190000000000000000000C0000000000000000000000000000000C34
:201B80000000000000000000000000000000000C0000000000001900000000000000000C14
:201BA0000000000000000000000000000000000C0000000000000000000000000000000C0D
:201BC0000000100010000000000000000000000C0000000000000000000000000000000CCD
:201BE0000000000000000000000000000000000C0000000000000019000000000000000CB4
:201C00000000000000000000000000000000000C0000000000000000000000000000000CAC
:201C20000000000000000000190000000000000C0000000000000000000000000000000C73
:201C40000000000000000000000000000000000C0000000000000000001900000000000C53
:201C60000000000000000000000000000000000C0000000000000000000000000000000C4C
:201C80000000000000100019000000000000000C0000000000000019000000000000000CEA
:201CA0000000000000000019000000000000000C0000000000001119000000000000000CC9
:201CC0000000000000000000000000000000000C0000001000190000000000000000000CC3
:201CE0000000000000190000000000000000000C0000000000190000000000000000000C9A
:201D00000000000011190000000000000000000C0000000000000000000000000000000C81
:201D20000000000000000000000000000000000C0000000000001900000000000000000C72
:201D40000000000000000000000000000000000C0000000000000000000000000000000C6B
:201D60000000000000000019000000000000000C0000000000000000000000000000000C32
:201D80000000000000000000000000000000000C0000000000000000000000000000000C2B
:201DA0000000000000001900000000000000000C0000000000000000000000000000000CF2
:201DC0000000000000000000000000000000000C0000000000000019000000000000000CD2
:201DE0000000000000000000000000000000000C0000000000000000000000000000000CCB
:201E00000000000000000000000000000000000C0000000000001900000000000000000C91
:201E20000000000000000000000000000000000C0000000000000000000000000000000C8A
:201E40000000000000000019000000000000000C0000000000000000000000000000000C51
:201E60000000000000000000000000000000000C0000000000000000190000000000000C31
:201E80000000000000000000000000000000000C0000000000000000000000000000000C2A
:201EA0000000000000000000001900000000000C0000000000000000000000000000000CF1
:201EC0000000000000000000000000000000000C0000000000000000000000000000000CEA
:201EE00000000000101B0000001900000000000C00000000101B0000001900000000000C42
:201F000000000000101B0000351900000000000C00000000101B0000000000000000000C05
:201F200000000000101B0000000000000000000C00000000101B0000001900000000000C1A
:201F400000000000101B0000001900000000000C00000000101B0000351900000000000CAC
:201F600000000000101B0000000000000000000C00000000101B0000000000000000000CF3
:201F800000000000101B0000001900000000000C00000000101B0000001900000000000CA1
:201FA00000000000101B0000351900000000000C0000000000000000000000000000000C90
:201FC0000000000000000000000000000000000C0000000000000000000019000000000CD0
:201FE0000000000000000000000019000000000C0000000000000000000019000000000C97
:202000000000000000000000000000000000000C0000000000000000000000000000000CA8
:202020000000000000000000000000000000000C0000000000000000000000190000000C6F
:202040000000000000000000000000190000000C0000000000000000000000190000000C36
:202060000000000000000000000000000000000C0000000000000000000000000000000C48
:202080000000000000000000000000000000000C0000000000000000000000001900000C0F
:2020A0000000000000000000000000001900000C0000000000000000001010001900000CB6
:2020C0000000000000000000000000000000000C0000000000000000000000000000000CE8
:2020E0000000000000000000000000000019000C00000000000000000000000000000011AA
:2021000000000000000000000000000000000011000000000000000000000000000000119D
:2021200000000000000000000000000000000011000000000000000000000000000000008E
:2021400000000000000000000000000000000000000000000000000000000000000000007F
:2021600000000000000000000000000000000000000000000000000000000000000000005F
:2021800000000000000000000000000000000000000000000000000000000000000000003F
:2021A00000000000000000000000000000000000000000000000000000000000000000001F
:2021C0000000000000000000000000000000000000000000000000000000000000000000FF
:2021E0000000000000000000000000000000000000000000000000000000001C1C1C1C1C53
:2022000000000000000000000000001010101010000000000000000000000000000000006E
:2022200000000000000000000000000000000000000000000000000000000000000000009E
:2022400000000000000000000000000000000000000000000000000000000000000000007E
:20226000000000000000000000000000000000001C1C1C1C1C1C1C1C1C1C00000000000046
:2022800010101010101010101010000000000000000000000000000000000000000000009E
:2022A00000000000000000000000000000000000000000000000000000000000000000001E
:2022C0000000000000000000000000000000000000000000000000000000000000000000FE
:2022E000000000000000000000000000000000001C1C1C1C1C1C1C1C1C1C1C1C1C00000072
:202300001010101010101010101010101000000000000000000000000000000000000000ED
:2023200000000000000000000000000000000000000000000000000000000000000000009D
:2023400000000000000000000000000000000000000000000000000000000000000000007D
:2023600000000000000000000000000000000000000000000000000000000000000000005D
:2023800000000000000000000000000000000000000000000000000000000000000000003D
:2023A0000000000000000000000000001C1C1C1C000000000000000000000000101010106D
:2023C0000000000000000000000000000000000000000000000000000000000000000000FD
:2023E000000000000000000000001C1C1C1C1C1C00000000000000000000101010101010D5
:202400000000000000000000000000000000000000000000000000000000000000000000BC
:2024200000000000000000000000000000000000000000000000000000000000000000009C
:2024400000000000000000000000000000000000000000000000000000000000000000007C
:2024600000000000000000000000000000000000000000000000000000000000000000005C
:2024800000000000000000000000000000000000000000000000000000000000000000003C
:2024A0001C1C1C1C1C1C1C1C1C1C1C1C00000000101010101010101010101010000000000C
:2024C0000000000000000000000000000000000000000000000000000000000000000000FC
:2024E0000000000000000000000000000000000000000000000000000000000000000000DC
:202500000000000000000000000000000000000000000000000000000000000000000000BB
:2025200000000000000000000000000000000000000000000000000000000000000000009B
:20254000000000000000000000000000000000001C1C1C1C1C1C1C1C1C1C0000001C1C1C0F
:2025600010101010101010101010000000101010000000000000000000000000000000008B
:2025800000000000000000000000000000000000000000000000000000000000000000003B
:2025A00000000000000000000000000000000000000000000000000000000000000000001B
:2025C0000000000000000000000000000000000000000000000000000000000000000000FB
:2025E0000000000000000000000000000000000000000000000000000000000000000000DB
:20260000000000000000000000000000000000190000000000000000000000000000001889
:2026200000000000000000000000000000000018000000000000000000000000000000186A
:20264000000000000000000000000000000019180000000000000000000000000000001831
:2026600000000000000000000000000000000018000000000000000000000000000000182A
:202680000000000000000000000000000019001800000000000000000000000000000018F1
:2026A0000000000000000000000000000000001800000000000000000000000000001918D1
:2026C0000000000000000000000000000000001800000000000000000000000000000018CA
:2026E00000000000000000001000000000000018000000000000000010000000000000188A
:20270000000000000000000010000000000000180000000000000000100000000000001869
:20272000000000000000000010000000000000180000000000000000101B0000000000182E
:20274000000000000000000010000000000000180000000000000000100000000000001829
:20276000000000000000000010000000000000180000000000000000100000000000001809
:20278000000000000000000010000000000000180000000000000000101B000000000018CE
:2027A0000000000000000000101B00000000001800000000000000001000000000000018AE
:2027C0000000000000000000100000000000001100000000000000001000000000000000C8
:2027E0000000000000000000100000000000000000000000000000001000000000000000B9
:202800000000000000000000101C1C1C1C00000000000000000000001010101010000000E8
:20282000000000000000000000000000000000110000000000000000252D2D2D3200302D4C
:2028400000000000000000002E0000000000001100000000000000002E000000000000000B
:2028600000000000000000002E0000000000000000000000000000002E00000000000000FC
:2028800000000000000000002E0000000000000000000000000000002E00000000000000DC
:2028A00000000000000000002E000000000000110000000000000000262D2D2D3200302D9D
:2028C0000000000000000000000010000000001100000000000000000000100000000000C7
:2028E0000000000000000000000010000000000000000000000000000000100000000000B8
:20290000000000000000000000001000000000180000000000000000000010000000001867
:20292000000000000000000000001000000000180000000000000000000010000000001847
:20294000000000000000000000001000000000180000000000000000000010170000001810
:202960000000000000000000000010100000001800000000000000000000101000000018E7
:202980000000000000000000000010100000001800000000000000000000101000000018C7
:2029A0000000000000000000000010100000001800000000000000000000101000000018A7
:2029C0000000000000000000000000000000000000000000000000000000000000000000F7
:2029E0000000000000000000000000000000000000000000000000000000000000000000D7
:202A00000000000000000000000000000000000000000000000000000000000000000000B6
:102A200000000000000000000000000000000000A6
:020000040009F1
:20C00000000000000000000000000000000000000000000000000000000000000000000020
:20C02000000000000000000000000000000000000000000000000000000000000000000000
:20C040000000000000000000000000000000000000000000000000000000000000000000E0
:20C060000000000000000000000000000000000000000000000000000000000000000000C0
:20C080000000000000000000000000000000000000000000000000000000000000000000A0
:20C0A000000000000000000000000000000000000000000000000000000000000000000080
:20C0C000000000000000000000000000000000000000000000000000000000000000000060
:20C0E000000000000000000000000000000000000000000000000000000000000000000040
:20C1000000000000000000000000000000000000000000000000000000000000000000110E
:20C12000000000000000000000000000000000110000000000000000000000000000003CB2
:20C140000000000000000000000000000000003D0000000000000000000000000000353D30
:20C160000000000000000000000000000000113E000000000000000000000000000000125E
:20C180000000000000000000001C1C1C00000000000000000000000000101010000000001B
:20C1A000000000000000000000000000000000350000000000000000000000000000001139
:20C1C000000000000000000000000000000000110000000000000000000000000000800CC2
:20C1E00000000000000000000000000000190084000000000000000000000000000000861C
:20C200000000000000000000000000001110800C00000000000000000000000000000084ED
:20C220000000000000000000000000000000800C00000000000000000300000000000086E9
:20C240000000000000000000030000780000800C0000000000000000030000000000008450
:20C260000000000000000000000000000000800C0000000000000000101B00000000008483
:20C28000000000000000000000000000000000860000000000000000000300007800800C11
:20C2A00000000000000000000000000000000084000000000000000000101B000000005C73
:20C2C000000000000000000000000000000000860000000000000000000003000078800CD1
:20C2E0000000000000000000000000000000008400000000000000000000101B000000117E
:20C3000000000000000000000000000000000000000000000000000000000000000000001D
:20C320000000000000000000000000000000000000000000000000000000000000000000FD
:20C3400000000000000000000000101B0000001100000000000000000000101B0000001165
:20C360000000000000000000000000000000000000000000000000000000000000000000BD
:20C380000000000000000000000000000000000000000000000000000000101B0000001161
:20C3A00000000000000000000000101B000000110000000000000000000000000000000041
:20C3C0000000000000000000000000000000000000000000000000000000000000101B0032
:20C3E00000000000000000000000000000101B000000000000000000000000000000000012
:20C400000000000000000000000000000000000000000000000000000000101B00000011E0
:20C4200000000000000000000000101B0000001100000000000000000000000000000000C0
:20C440000000000000000000000000000000000000000000000000000000000000000000DC
:20C4600000000000000000000000101B000012100000000000000000000000000000005C13
:20C480000000000000000000000000000000340C00000000000000000000000000000084D8
:20C4A0000000000000000000000000000000800C00000000000000000000000000000012DE
:20C4C000000000000000000000101B00000000000000000000000000000000000000000031
:20C4E00006060606060606052424321E0078000006060606060606052F271E00000000005A
:20C500000202020202020201231E0078000000000606060606060605231E000000000000E3
:20C520000606060606060605231E00000000001F0606060606060605231E000000001225C5
:20C540000202020202020201231E0000000012260606060606060605231E00000000001DC6
:20C560000606060606060605231E0000005400860606060606060605231E00000056800C1F
:20C5800002020202020202012F281E000000008406060606060606052222321E0000545C20
:20C5A00006060606060606051D1D1D00000055860606060606060605870000000000560C02
:20C5C00002020202020202010D810000001F1F1F06060606060606058500000012302D2D11
:20C5E000060606060606060587000000001D1D1D06060606060606050D8100000000800CE5
:20C600000202020202020201850000000034008406060606060606055D00000000000086BC
:20C620000606060606060605870000000000800C06060606060606050D8100340000008443
:20C640000202020202020201850000000000008606060606060606055D0000001F1F1F1FB8
:20C6600006060606060606050D340012302D2D2D0606060606060605850000001D1D1D1D59
:20C680000202020202020201870000000000800C06060606060606050D81000000355484AE
:20C6A0000606060606060605850000000035565C0606060606060605870000000000800C9D
:20C6C00002020202020202010D810000001F1F1F06060606060606058500003412302D2DDC
:20C6E00006060606060606055D000000001D1D1D060606060606060587000000000000861B
:20C7000002020202020202010D8100000000800C0606060606060605850000540000008464
:20C7200006060606060606050D810055000000860606060606060605850000560000800CCB
:20C740000202020202020201870000000000008406060606060606050D8100000000800C76
:20C760000606060606060605850000EEEF0000840606060606060605870000001F1F1F1F72
:20C7800002020202020202010D810012302D2D2D0606060606060605850000001D1D1D1D0B
:20C7A0000606060606060605870000000000800C06060606060606051F1F1F000000008427
:20C7C00002020202020202012D2D321E0000800C06060606060606051D1D1D00000000840A
:20C7E0000606060606060605870000000000800C06060606060606050D81000000001F1FFC
:20C800000202020202020201850000000012302D06060606060606055D00000000001D1D4F
:20C8200006060606060606050D8100000000800C0606060606060605850000000000548423
:20C8400002020202020202010D815E0000005584060606060606060585184F170000555C21
:20C8600006060606060606050D815F00000056860606060606060605855800000000800C28
:20C88000020202020202020187590000005E008406060606060606050D590000184F17862E
:20C8A0000606060606060605855A0000005F800C06060606060606050D81000000005484EA
:20C8C000020202020202020185005E000000555C060606060606060587184F170000560C1F
:20C8E00006060606060606050D815F0000000084060606060606060585581E000000003C32
:20C90000020202020202020187591E000000003D06060606060606050D5A1E000000003EDB
:20C9200006060606060606058500000000005E5C06060606060606050D81000000184F82E3
:20C9400002020202020202018500000000005F84060606060606060587000000302D242405
:20C9600006060606060606050D8100000078262A06060606060606058500000000007826E0
:20C9800002020202020202011F1F0000000000860606060606052424242878000000800C09
:20C9A0000606060606052F2F2F2C2800000000840606060606052F2F2F2F23000000800C61
:20C9C0000202020202012F2F2F2B2700000000840606060606052F2F2B2778000000800C12
:20C9E0000606060606052F2B27780000000000840606060606052B2778000000000078250D
:20CA0000020202020201277800000000007825290606060606058700000000007825292F07
:20CA20000606060606050D810000000011212F2F06060606060585005E00000078212F2FB8
:20CA40000202020202015D184F17000011212F2F06060606060587005F00000078212F2F60
:20CA60000606060606050D810000000011212F2F06060606060585000000000078262A2FD6
:20CA80000202020202012878000000000078262A0606060606052C28780000000000782696
:20CAA0000606060606052F2C28780000000000780606060606052F2F2C287800000000860D
:20CAC0000202020202012F2F2F231B000000800C0606060606052F2F2F2378005E000084C7
:20CAE0000606060606052F2F2F231B184F17800C0606060606052F2F2F2378005F00008410
:20CB00000202020202012F2F2F231B000000800C0606060606052F2F2F23780000000084E4
:20CB20000606060606052F2F2F231B00000000860606060606052F2F2F23780000005E0CCC
:20CB40000202020202012F2F2F231B0000184F820606060606052F2F2F23780000005F0C60
:20CB60000606060606052F2F2F231B000000800C0606060606052F2F2B277800000000846C
:20CB80000202020202012F2B27780000000078250606060606052B27780000000078252941
:20CBA000060606060605231B000000007825292F06060606060523780000007825292F2F3D
:20CBC000020202020201231B00000011212F2F2F060606060605237800000078212F2F2F69
:20CBE000060606060605231B00000011212F2F2F060606060605237800000078212F2F2F31
:20CC0000020202020201231B00000011212F2F2F060606060605237800000078262A2F2F28
:20CC2000060606060605231B0000000078262A2F0606060606052C28780000000078262AE5
:20CC40000202020202012F2C28780000000078260606060606052F2F2C287800000000865D
:20CC60000606060606052F2F2F231B000000800C0606060606052F2F2F23785E000000840D
:20CC80000202020202012F2F2F231B4F1700005C0606060606052F2F2F23785F0000800CC6
:20CCA0000606060606052F2F2F231B00000000840606060606052F2F2F2378000000005E59
:20CCC0000202020202012F2F2F231B000000184F0606060606052F2F2F2378000000005F6D
:20CCE0000606060606052F2F2F231B00000000860606060606052F2F2F2378000000800CE9
:20CD00000202020202012F2F2F231B5E000000840606060606052F2F2F23784F1700005C4E
:20CD20000606060606052F2F2F231B5F0000800C0606060606052F2F2B277800000000844B
:20CD40000202020202012F2F23780000000000250606060606052F2F231E0000000025299A
:20CD60000606060606052F2F237800007825292F0606060606052F2F231E000012212F2F4F
:20CD80000202020202012F2F2378000078212F2F0606060606052F2F231E000012212F2F45
:20CDA0000606060606052F2F2378000078212F2F0606060606052F2F231E000012212F2F0D
:20CDC0000202020202012F2F2378000078212F2F0606060606052F2F231E000012212F2F05
:20CDE0000606060606052F2F2378000078212F2F0606060606052F2F231E000012212F2FCD
:20CE00000202020202012F2F2378000078212F2F0606060606052F2F231E000012212F2FC4
:20CE20000606060606052F2F2378000078212F2F0606060606052F2F231E000012212F2F8C
:20CE4000020202020201222227000000002622220000000000000000000000000000005C96
:20CE6000000000000000000000000000000010240000000000000000000000000000102F3F
:20CE80000000000000000000000000000000102F0000000000000000101B000000111022E5
:20CEA0000000000000000000000000000000800C0000000000000000000000000000008462
:20CEC000000000000000000000000000000035100000000000000000000000000000008687
:20CEE0002424242424242424100000000000800C22222222222222221000000000000084D2
:20CF00000000000000000000000000000000005C0000000000000000101B00000000008604
:20CF20002D2D2D2D2D2D2D2D2D2D10000000800C000000000000000000000000000000840F
:20CF400000000000000000000000101B000000112D2D2D2D2D2D2D2D2D2D2D2D1000001158
:20CF600000000000000000000000000000000011000000000000101B0000000000000086EF
:20CF8000000000000000101B000000000000800C000000000000101B00000000000000842B
:20CFA000000000000000101B0000000000001024000000000000101B000000000000102FA8
:20CFC000000000000000101B0000000000001022000000000000101B000000000000800C3D
:20CFE000000000000000101B000000000000008400000000000000000000000000102D2D18
:20D000000000000000000000000000000000005C00000000000000000000101B0000102455
:20D02000000000000000000000000000000010220000000000000000000000000000800C32
:20D040000000000000000000000000000000008400000000000000000000000000102D2DE2
:20D060000000000000000000000000000000800C00000000000000000000101B00001024C5
:20D080000000000000000000000000000000102F000000000000000000000000001110220E
:20D0A0000000000000000000000000000000800C000000000000000000000035102D2D2D18
:20D0C000000000000000000000000000000000860000000000000000000000000000800C3E
:20D0E000000000000000000000000000000000840000000000000000000000111000800CFF
:20D10000000000000000000000340011100000840000000000000000000000111000800C89
:20D12000000000000000000000000011100000840000000000000000000000000000005CEE
:20D14000000000000000000034000000000000860000000000000000000000000000800C89
:20D160000000000000000000000000000000008400000000001C1C1C000000000000005C7B
:20D1800000000000001010101B0000000000800C00000000000000101B00340000000084D5
:20D1A00000000000000000101B0000000000008600000000000000101B0000000000800C07
:20D1C00000000000000000101B000000000000840000000000000000000000000000005C44
:20D1E000000000000000000000000000000000860000000000000000000000000000800C1D
:20D20000000000000000000000000000000000840000000000000000000000000000005C2E
:20D22000000000000000000000000000000035100000000000000000000000000000005C4D
:20D24000000000000000000000000000000000860000000000000000000000000000800CBC
:20D26000000000000000000000000000351000840000000000000000001036000000785CCB
:20D280000000000000000000780000003510800C0000000000000000001036000000788403
:20D2A000000000000000000078000000351000860000000000000000001036000000780C61
:20D2C000000000000000000078000000351000840000000000000000001036000000780C43
:20D2E000000000000000000078000000351000840000000000000000001036000000780C23
:20D30000020202020201000000000000351000840606060606050000000000000000008690
:20D320000606060606058700000000000000800C0606060606050D81000000000000008482
:20D34000020202020201850000000000000000860606060606055D00000000000000800CAB
:20D36000060606060605870000000000000000840606060606050D81000000000000800C42
:20D38000020202020201850000000000000000840606060606055D00000000000000800C6D
:20D3A0000606060606050D8100001C1C000000840606060606058500001130321B00005C6E
:20D3C0000202020202010D8100001A1A0000800C06060606060585000000000000000084C8
:20D3E0000606060606050D8100000000000000860606060606058500000000000000800CC2
:20D400000202020202010D8100000000001C1C840606060606058500000000001130321B81
:20D420000606060606055D0000000000001A1A0C06060606060587000000000000000084FE
:20D440000202020202010D81000000000000005C06060606060585001C1C00000000800C6B
:20D460000606060606050D1130321B000000008406060606060585001A1A00000000800C02
:20D480000202020202010D8100000000000000840606060606058500000000000000008641
:20D4A000060606060605870000000000001C1C0C0606060606050D81000000001130321B3F
:20D4C000020202020201850000000000001A1A860606060606050D811C0000000000800CA9
:20D4E0000606060606058511201B0000000000840606060606050D811A0000000000800C5D
:20D500000202020202018500000000000000008406060606060587000000000000000086C7
:20D520000606060606050D810000001C1C00800C060606060605850000001130321B0084BC
:20D5400002020202020187000000001A1A00005C0606060606050D81000000000000008672
:20D560000606060606058500000000000000800C0606060606058700000000000000008449
:20D580000202020202012D321B0000000011302D0606060606058700000000000000800C62
:20D5A0000606060606050D81000000000000008406060606060585000000000000351086C3
:20D5C0000202020202015D10360000000000800C0606060606050D810000000000000084DC
:20D5E0000606060606058500000000000035105C0606060606058700000000000000005CDC
:20D600000202020202010D8100000000000000860606060606058500103600000000800C71
:20D620000606060606050D8100000000351000840606060606058500000000000000005C6C
:20D640000202020202010D00000000000000800C06060606060585103600000000000084B4
:20D660000606060606058700000000000035100C0606060606050D8100000000000000847A
:20D680000202020202018500103600000000005C0606060606055D00000000000000800C4C
:20D6A0000606060606050D810000000000351084060606060605850010360000000000867C
:20D6C0000202020202018700000000000000800C0606060606050D810000000000000084F7
:20D6E0000606060606058500000000003510005C0606060606050D810000000000000086AA
:20D700000202020202018510360000000000800C0606060606050D81000000000000008472
:20D720000606060606058500000000000035105C0606060606050D81000000000000008669
:20D740000202020202018500103600000000800C0606060606055D00000000000000008463
:20D760000606060606058700000000000035100C0606060606050D103600000000000084B4
:20D780000202020202018500000000000000800C0606060606050D810000000035100084F3
:20D7A0000606060606058500000000000000800C0606060606050D1036000000000000843B
:20D7C0000202020202018500000000000035100C0606060606055D00000000000000008464
:20D7E0000606060606052D321B0000000011302D06060606060587000000000000000086EE
:20D800000202020202010D81000000000000800C060606060605851036000000003510842C
:20D820000606060606055D00000000000000800C0606060606050D810000000000000084A7
:20D8400002020202020185001C000000000000860606060606050D11201B00000000800C8E
:20D8600006060606060585001A000000003510840606060606055D00000000000000008617
:20D880000202020202018700000000000000800C0606060606050D10360000000000008470
:20D8A000060606060605850000000000000000860606060606050D81000000003510800CB8
:20D8C00002020202020185000000000000000084060606060605870000000000001C00006E
:20D8E0000606060606050D810000000011201B0C060606060605851036000000001A008493
:20D900000202020202015D00000000000000800C06060606060587000000000035100084A0
:20D920000606060606050D8100000000000000860606060606058500000000000000800C7C
:20D94000020202020201871036000000000000840606060606050D811C0000000035100C4D
:20D960000606060606058511201B00000000008406060606060587001A00000000000086E5
:20D980000202020202010D81000000000000800C06060606060585001036000000000084F0
:20D9A0000606060606050D81000000003510800C06060606060585000000000000000084B9
:20D9C0000202020202010D81000000001C00800C060606060605850000000011201B00848E
:20D9E0000606060606055D00000000001A0000860606060606050D81000000000000800CCA
:20DA0000020202020201850000000000003510840606060606058700103600000000008637
:20DA20000606060606050D81000000000000800C060606060605850000000000000000847D
:20DA400002020202020124281B000000001125240606060606052F23000000000000212F35
:20DA60000606060606052B27360000000035212F0606060606052300000000000000212FE0
:20DA8000020202020201231B000000001125292F06060606060523000000000000212F2FEA
:20DAA00006060606060523360000000035212F2F06060606060523000000000000212F2F71
:20DAC000020202020201231B0000000011262A2F0606060606052300000000000000212FD7
:20DAE0000606060606052C28360000000035262A0606060606052F2300000000000000215E
:20DB00000202020202012F2C281B0000000011210606060606052F2F230000000000002165
:20DB20000606060606052F2F23360000000035210606060606052F2F2300000000000021F0
:20DB40000202020202012F2B271B0000000011210606060606052F23000000000000002156
:20DB60000606060606052B2736000000003525290606060606052300000000000000213BD5
:20DB8000020202020201231B000000001130293B0606060606052300000000000000213BF5
:20DBA0000606060606052C32360000000035213B0606060606052300000000000000213B7B
:20DBC000020202020201231B00000000002F2F3B060606060605230000000000002F2F3B84
:20DBE000060606060605273600000000352F2F3B06060606060587000000000000212F3BA2
:20DC00000202020202010D810000001130292F3B06060606060585000000000000212F3B64
:20DC200006060606060517000000003530292F3B06060606060587000000000000212F3B7D
:20DC40000202020202010D810000001130292F3B06060606060585000000000000212F3B24
:20DC6000060606060605283600000000352F2F3B060606060605230000000000002F2F3B76
:20DC8000020202020201231B00000000002F2F3B0606060606052300000000000000213B00
:20DCA0000606060606052C281B0000000000213B0606060606052223000000000025293B85
:20DCC0000000000000000045480000000045444400000000000000414300000000414F4F87
:20DCE00000000000000000414300000000464A4F0000000000000041431B00000000464A92
:20DD000000000000000000464C481B00000000410000000000000000464C481B0000004197
:20DD200000000000000000000041431E0000AE4100000000000000000041431E000011415E
:20DD400000000000000000000046471E000011410000000000000000101B000000355042D4
:20DD6000000000000000000000FE0000000000860000000000000000005300000000800C40
:20DD80000000000000000000004E0000000000840000000000000000005136000011100CFD
:20DDA000000000000000000000000000001110840000000000000000530000000011100C3E
:20DDC00000000000000000004E0000000011108400000000000000004E0000000000800C76
:20DDE000000000000000000051360000000000840000000000000000000000000000504D7B
:20DE000000000000000000101B0000000000005C00000000000000101B00000000000086CA
:20DE200000000000000000101B0000000000800C00000000000000000000000000000084A7
:20DE40000000000000000000000000000000504D000000000000000000000000000000869F
:20DE60000000000000000000000000000000800C0000000000000000000000000000008492
:20DE800000000000000000000000000035504D4D000000000000000053000000000000868A
:20DEA00000000000000000004E0000000000800C00000000000000004E00000000000084B6
:20DEC00000000000000000004E0011100000008600000000000000004E0011100000800C52
:20DEE00000000000000000004E0000000000008400000000000000004E000000000000867C
:20DF000000000000000000004EBF00000000800C00000000000000004E1B0000000000847B
:20DF20000000000000000000465236000000005C0000000000000000000000000000004572
:20DF400000000000000000000000000000000041000000000000000000000000101B004114
:20DF60000034000000000000000000000000004100000000000000000000000000003541B6
:20DF80000000000000000000000000000000114100000000000000000000000000001141DD
:20DFA00000000000000000000000000000001146000000000000000000000000E800005CC6
:20DFC000000000000000000000000000E90000860000000000000000000000000000800C46
:20DFE00000000000000000101B007800111000840000000000000000000000000000008653
:20E000000000000000000000000034000000800C00000000000000000000000000000084BC
:20E02000000000000000001C1C1C00000000005C0000000000000010101000000000800C74
:20E04000000000000000000000000000000000840000000000000000000034000000800C7C
:20E06000000000000000101B0000000000000084000000000000101B000000000000008640
:20E08000000000000000101B000000000000800C000000000000101B0000340000000084E6
:20E0A000000000000000101B000000000000005C000000000000101B000000000000800C22
:20E0C000000000000000101B0000000000000084000000000000000000000000000000860B
:20E0E0000000000000000000403600000000800C0000000000000000000000354000008425
:20E10000000000000000000000000000000000860000000000000000000000000000800CED
:20E120000000000000000000000000000000008400000000000000003400000000000086A1
:20E140000000000000000000000000000000800C00000000000000000000000000000084AF
:20E16000000000000000000000000000000000860000000000000000000000000000800C8D
:20E18000000000000000000000000000000000840000000000000000000000004000005C5F
:20E1A0000000000000000000000000000000800C000000000000000000000000000000844F
:20E1C0000000000000000000000000000000800C00000000000000000000004000000084EF
:20E1E000000000000000001C1C0000000000800C00000000000000101000000000000084B7
:20E200000000000000000000000000003400800C00000000000000000000000000000084BA
:20E2200000000000000000101B0000000000800C00000000000000101B0040000000008438
:20E2400000000000000000101B000000000000860000000000000000000000000000800C81
:20E26000000000000000000000000000000000840000000000000000000000000040800C4E
:20E28000000000000000000000000000000000840000000000000000000000000000008674
:20E2A0000000000000000000000000000000800C000000000000000000000000000000844E
:20E2C0000000000000000000000000000035400C0000000000000000000000000000008439
:20E2E000000000000000000000000000000000860000000000000000000000000000800C0C
:20E30000000000000000000000003400000000840000000000000000000000000000800CB9
:20E320000000000000000000000000000000008400000000000000000000000000000086D3
:20E340000000000000000000000000000000800C00000000000000000000000000000084AD
:20E360000000000000000000000000000000800C40404040404040000000000000000084CD
:20E380002F2F2F2F2F2F400000000011404040402F2F2F2F2F2F400000000011402F2F2FDA
:20E3A0002F2F2F2F2F2F403600000011402F2F2F2F2F2F2F2F2F400000000011402F2F2FB7
:20E3C0002F2F2F2F2F2F400000000011402F2F2F2F2F2F2F2F2F40EC00000000402F2F2FF2
:20E3E0002F2F2F2F2F2F40ED00000000402F2F2F2F2F2F2F2F2F401B00000000402F2F2FC7
:20E400002F2F2F2F2F2F401B00000000402F2F2F2F2F2F2F2F2F401B00000011402F2F2F67
:20E420002F2F2F2F2F2F401B00000011402F2F2F2F2F2F2F2F2F401B000000004F2F2F2F38
:20E440002F2F2F2F2F2F401B000000004F2F2F2F2F2F2F2F2F2F401B000000004F2F2F2F1A
:20E460002F2F2F2F2F2F401B000000004F2F2F2F2F2F2F2F2F2F401B00000000402F2F2F09
:20E480002F2F2F2F2F2F401B00000000402F2F2F2F2F2F2F2F2F401B00000035402F2F2FC3
:20E4A0002F2F2F2F2F2F401B00000000402F2F112F2F2F2F2F2F401B00000000402F2F1114
:20E4C0002F2F2F2F2F2F401B00000035402F2F2F2F2F2F2F2F2F401B00000040402F2F2F43
:20E4E0002F2F2F2F2F2F4000000000402F2F2F2F2F2F2F2F2F2F4000000011402F2F2F3559
:20E500002F2F2F2F2F2F4000000000402F2F2F2F2F2F2F2F2F2F4000000000402F2F2F2F4F
:20E520002F2F2F2F2F2F4000000000402F2F2F352F2F2F2F2F2F4000000011401B2F2F1249
:20E540002F2F2F2F2F2F4000000011401B2F2F122F2F2F2F2F2F40000000004F2F2F2F123D
:20E560002F2F2F2F2F2F40000000004F2F2F2F122F2F2F2F2F2F40000000004F2F2F2F120B
:20E580002F2F2F2F2F2F40000000004F2F2F2F2F2F2F2F2F2F2F4000000011402F2F2F2FAF
:20E5A0002F2F2F2F2F2F4000000011402F2F2F2F2F2F2F2F2F2F4000000011402F2F2F2F8D
:20E5C0002F2F2F2F2F2F4000000000402F2F2F2F2F2F2F2F2F2F40F9000000402F2F2F2F96
:20E5E0002F2F2F2F2F2F40FB000000402F2F2F2F2F2F2F2F2F2F40FB000000402F2F2F2F79
:20E600002F2F2F2F2F2F40FA000000402F2F2F2F2F2F2F2F2F2F4000000000402F2F2F2F54
:20E620002F2F2F2F2F2F4000000011402F2F2F2F2F2F2F2F2F2F4000000011402F2F2F2F0C
:20E640002F2F2F2F2F2F4000000000402F2F2F2F2F2F2F2F2F2F4000000000402F2F2F2F0E
:20E660004040404040404000000000404040404006060606058700000000003886890606A3
:20E6800002020202010D8100000000390C880202060606060585000000000039848906061E
:20E6A0000606060605870000000000398689060606060606050D81000000003A0C890606DC
:20E6C0000202020201853800000000008488020206060606050D3A000000000086890606E5
:20E6E0000606060605850000000000800C8906060606060605870000000000388489060662
:20E7000002020202010D8100000000390C880202060606060585000000000039848906069D
:20E720000606060605870000000011390C89060606060606050D810000000039848906064D
:20E740000202020201850000000000398688020206060606050D38000000003A0C890606A3
:20E760000606060605853900000000008489060606060606050D3A00000000008689060626
:20E780000202020201850000000038800C880202060606060587000000003A0084890606A4
:20E7A00006060606050D8100000000800C89060606060606058500000000000084890606D2
:20E7C0000202020201870000000000348688020206060606050D810000000000868906069D
:20E7E0000606060605850000000000800C8906060606060605870000000038008489060661
:20E8000002020202010D81000000390086880202060606060585000000003A800C89060619
:20E820000606060605870000000000008489060606060606050D81000000000038890606A3
:20E840000202020201850000000000003988020206060606058700000000000039890606F3
:20E8600006060606050D81000038000039890606060606060585000000390011398906062D
:20E880000202020201870000003900003988020206060606050D8100003900003989060638
:20E8A0000606060605850000003900003989060606060606050D8100003A1B0039890606E1
:20E8C000020202020185380000000000398802020606060605873900000000003989060602
:20E8E00006060606050D3900000000003A89060606060606058539000000000086890606F0
:20E900000202020201873900000000800C88020206060606050D3900000038008489060662
:20E92000060606060585390000003900868906060606060605873A1B000039800C89060655
:20E9400002020202010D810000003A00848802020606060605850000000000008689060619
:20E960000606060605870000000000800C89060606060606050D81000000003884890606D6
:20E980000202020201850000000000390C88020206060606058700000000003A8489060621
:20E9A00006060606050D8100000000800C890606060606060585003400000000848906069C
:20E9C00002020202010D8100000000800C8802020606060605850000000034008489060699
:20E9E00006060606050D810000000000868906060606060605850000000000800C8906068E
:20EA00000202020201870034000000008488020206060606050D810000000000868906065C
:20EA20000606060605850000000034000C890606060606060587380000000000848906066A
:20EA400002020202010D390000000000868802020606060605853A00000000800C89060658
:20EA60000606060605870000000000008489060606060606050D8100000000008689060613
:20EA80000202020201850000000000800C8802020606060605870000000000008489060613
:20EAA00006060606050D810000000000868906060606060605850000000000800C890606CD
:20EAC0000202020201870034000000008488020206060606050D8100000000005C890606C6
:20EAE0000606060605850000000000008689060606060606050D8100000000800C8906068D
:20EB00000202020201873800000000008488020206060606050D3900000000800C89060699
:20EB20000606060605853900000000800C89060606060606058739000000000084890606E3
:20EB400002020202010D3A0000000038868802020606060605870000000000390C8906069D
:20EB600006060606050D81000000003A848906060606060605850000000000800C890606D4
:20EB8000020202020138000000000000848802020606060605390000000000800C890606AD
:20EBA00006060606053900000000000084890606060606060539000038000000868906063D
:20EBC0000202020201390000390000800C8802020606060605391B003900000084890606DF
:20EBE000060606060539000039000000868906060606060605390000390000800C890606BB
:20EC000002020202013900123A0000008488020206060606053A00000000000086890606E4
:20EC200006060606055D0000000000800C8906060606060605870000000000388489060644
:20EC400002020202010D8100000000390C88020206060606058500000000003A8489060657
:20EC600006060606050D8138000000800C890606060606060585003900000000848906069C
:20EC800002020202010D813A000000800C8802020606060605850000000000388489060698
:20ECA0000606060605870000000000398689060606060606050D81000000003A0C890606D6
:20ECC0000202020201850000000000008488020206060606058700340000000086890606A3
:20ECE00006060606050D8100000000800C8906060606060605850000000000388489060655
:20ED00000202020201870000000000398688020206060606050D81000000003A0C89060692
:20ED20000606060605853800000000008489060606060606058739000000000086890606E8
:20ED400002020202010D3A00000000800C8802020606060605850000000000008489060690
:20ED60000606060605870000000000008689060606060606050D8100000000800C89060608
:20ED80000202020201853800000000008488020206060606050D3900000000800C89060619
:20EDA0000606060605853A00000000008489060606060606050D8100000000800C89060692
:20EDC0000202020201850000000034008488020206060606058700000000000086890606A2
:20EDE00006060606050D8100000000800C890606060606060585000000000000848906068C
:20EE000002020202010D810000000000868802020606060605850000000034800C89060652
:20EE200006060606050D810000000000848906060606060605850000000000800C8906064B
:20EE400002020202010D810000000000848802020606060605850000000000800C89060648
:20EE60000606060605870000000034008489060606060606050D81000000000086890606DB
:20EE80000202020201850000000000800C880202060606060587000000000000848906060F
:20EEA00006060606050D8100000000380C89060606060606058500000000003984890606DA
:20EEC00002020202018700000000003A0C88020206060606050D81003800000084890606D4
:20EEE0000606060605850000390000008689060606060606058700003A0000800C8906061D
:20EF000002020202010D8100000012388488020206060606058500000000123A86890606F7
:20EF200006060606050D3800000000800C890606060606060585390000000000848906065A
:20EF400002020202010D3900000000800C8802020606060605853900000000008489060656
:20EF600006060606050D3A0000003800868906060606060605850000000039800C890606DE
:20EF80000202020201870000000039008488020206060606050D8100000039008689060699
:20EFA000060606060585000000003A800C890606060606060587003800000000848906065F
:20EFC00002020202010D8139000000800C880202060606060585003A000000008489060654
:20EFE00006060606055D0000000000005C890606060606058700000000000000005C89061D
:20F00000020202010D8100000000000000868802060606058700000000000000800C890692
:20F02000060606050D8100000000000000848906060606058500000000000000800C890661
:20F0400002020201870000000000000000848802060606050D81000000000000008689065A
:20F06000060606058500000000000000800C890606060605870000005E5E0000008489066C
:20F08000020202010D8100184F4F17000086880206060605870000184F4F1700800C890678
:20F0A000060606050D8100184F4F17000084890606060605850000005F5F0000005C890686
:20F0C000020202018700000000000000800C8802060606050D8100000000000000848906D4
:20F0E000060606058500000000000000800C8906060606055D5E5E00000000005E848906B8
:20F1000002020201834F4F17000000184F82880206060605875F5F00000000184F82890669
:20F12000060606050D810000000000005F868906060606058700000000000000800C8906FD
:20F14000020202010D8100000000000000848802060606058500000000000000008689065B
:20F1600006060605870000005E5E5E00800C8906060606050D8100184F4F4F1700848906E8
:20F1800002020201850000184F4F4F17800C880206060605870000184F4F4F1700848906E4
:20F1A000060606050D8100005F5F5F00800C890606060605850000000000000000848906C3
:20F1C000020202018700000000000000800C8802060606050D8100000000000000848906D3
:20F1E00006060605870000000000000000868906060606050D81000000000000800C89069C
:20F200000202020185000000005E5E5E5E5E88020606060587000000184F4F4F4F4F890632
:20F22000060606050D810000184F4F4F4F4F89060606060585000000184F4F4F4F4F890629
:20F240000202020187000000005F5F5F5F5F8802060606050D81000000000000800C8906FB
:20F2600006060605870000000000000000848906060606050D810000000000000086890623
:20F28000020202018500000000000000800C8802060606050D810000000000000084890614
:20F2A000060606058500000000000000005C8906060606055E5E5E5E5E5E0000800C890661
:20F2C000020202014F4F4F4F4F4F170000848802060606054F4F4F4F4F4F1700008689060B
:20F2E000060606054F4F4F4F4F4F1700800C8906060606055F5F5F5F5F5F00000084890687
:20F3000002020201870000000000000000868802060606050D81000000000000800C89068F
:20F3200006060605850000000000000000848906060606058700000000000000800C890665
:20F34000020202010D8100000000005E5E84880206060605870000000000184F4F828906E9
:20F36000060606050D8100000000184F4F82890606060605855E5E000000184F4F82890602
:20F3800002020201834F4F170000184F4F82880206060605834F4F170000005F5F0C8906C4
:20F3A00006060605834F4F17000000000084890606060605834F4F1700000000000C890601
:20F3C00002020201875F5F000000000000848802060606050D81000000000000005C890643
:20F3E000060606055E5E5E000000005E5E5E8906060606054F4F4F170000184F4F4F890684
:20F40000020202015F5F5F000000005F5F5F8802060606050000000000000000000089067B
:20F4200006060605242424242424242424248906060606052F2F2F2F2F2F2F2F2F2F890642
:20F44000020202012F2F2F2F2F2F2F2F2F2F8802060606052F2F2F2F2F2F2F2F2F2F8906C9
:20F46000060606052F2F2F2F2F2F2F2F2F2F8906060606052F2F2F2F2F2F2F2F2F2F890694
:20F48000020202012F2F2F2F2F2F2F2F2F2F8802060606052F2F2F2F2F2F2F2F2F2F890689
:20F4A000060606052F2F2F2F2F2F2F2F2F2F8906060606052F2F2F2F2F2F2F2F2F2F890654
:020000040032C8
:204000001A1F30005A00001F2C045A00005A00005A00005A00005A00005A00005A00005ABE
:2040200000005A00005A00005A00005A00005A00001B2C045A00005A00005A00005A00000B
:204040005A00005A00005A00005A00005A00005A00005A00005A00005A00005A00005A0082
:20406000001D2C045A00005A00005A00005A00005A00005A00005A00005A00005A00005A6F
:2040800000005A00005A00005A00005A00005A0000222C045A00005A00005A00005A0000A4
:2040A0005A00005A00005A00005A00005A00005A00005A00005A00005A00005A00005A0022
:2040C00000131C185A0000071C185A0000131C185A0000071C185A0000131C185A000007CC
:2040E0001C185A0000131C185A0000071C185A00000F1C185A0000031C185A00000F1C188B
:204100005A0000031C185A00000F1C185A0000031C185A00000F1C185A0000031C185A0058
:2041200000111C185A0000051C185A0000111C185A0000051C185A0000111C185A00000577
:204140001C185A0000111C185A0000051C185A0000161C185A00000A1C185A0000161C1819
:204160005A00000A1C185A0000161C185A00000A1C185A0000161C185A00000A1C185A00D5
:20418000003280005A00005A00005A00002E80005A00005A00005A00005A00005A00005A95
:2041A00000005A00003780005A00005A00005A00003580005A00005A00005A00003380006A
:2041C0005A00005A00005A00002E80005A00005A00005A00003080005A00003280005A00FF
:2041E000003280005A00005A00005A00002E80005A00005A00005A00005A00005A00005A35
:2042000000005A00003380005A00005A00005A00003080005A00005A00005A00002E800017
:204220005A00003080005A00003580005A00005A00005A00003380005A00003280005A003E
:2042400000371C475A0000371C465A0000371C455A0000371C435A0000371C425A0000376F
:204260001C415A00005A00005A00005A00005A00005A00005A00005A00005A00005A00005D
:204280005A00005A00005A00005A00005A00005A00005A00005A00005A00005A00005A0040
:2042A000005A00005A00005A00005A00005A00005A00005A00005A00005A00005A00005A20
:2042C00000005A00005A00005A00005A00005A00005A00005A00005A00005A00005A00005A
:2042E0005A00005A00005A00005A00005A00005A00005A00005A00005A00005A00005A00E0
:20430000001F2C045A00005A00005A00005A00005A00005A00005A00005A00005A00005ACA
:2043200000005A00005A00005A00005A00005A00001B2C045A00005A00005A00005A000008
:204340005A00005A00005A00005A00005A00005A00005A00005A00005A00005A00005A007F
:20436000001D2C045A00005A00005A00005A00005A00005A00005A00005A00005A00005A6C
:2043800000005A00005A00005A00005A00005A0000222C045A00005A00005A00005A0000A1
:2043A0005A00005A00005A00005A00005A00005A00005A00005A00005A00005A00005A001F
:2043C000005A00005A00005A00005A00005A00005A00005A00005A00005A00005A00005AFF
:2043E00000005A00005A00005A00005A00005A00005A00005A00005A00005A00005A000039
:204400005A00005A00005A00005A00005A00005A00005A00005A00005A00005A00005A00BE
:20442000005A00005A00005A00005A00005A00005A00005A00005A00005A00005A00005A9E
:2044400000005A00005A00005A00005A00005A0000262C01272C02282C03292C042A2C05E7
:204460002B2C062C2C072D2C072E2C072F2C07302C07312C07322C07332C07342C07352C03
:2044800007371C475A00005A00005A00003030005A00003040005A00003040005A000030EF
:2044A00040005A00003030005A00003040005A00003040005A00003040005A0000303000EA
:2044C0005A00003040005A00003040005A00003040005A00003030005A00003040005A00A0
:2044E000003040005A00003040005A00003030005A00003040005A00003040005A000030AA
:2045000040005A00003030005A00003040005A00003040005A00003040005A000030300089
:204520005A00003040005A00003040005A00003040005A00003030005A00003040005A003F
:20454000003270005A00005A00005A00002E70005A00005A00005A00005A00005A0000301B
:2045600070005A00003770005A00005A00005A00003570005A00005A00005A000033700066
:204580005A00005A00005A00002E70005A00005A00005A00003070005A00003270005A006B
:2045A000003270005A00005A00005A00002E70005A00005A00005A00005A00005A000033B8
:2045C00070005A00003270005A00005A00005A00003070005A00005A00005A00002E700015
:2045E0005A00003070005A00003570005A00005A00005A00003370005A00003270005A00BB
:2046000000131C1C5A0000071C1C5A0000131C1C5A0000071C1C5A0000131C1C5A00000772
:204620001C1C5A0000131C1C5A0000071C1C5A00000F1C1C5A0000031C1C5A00000F1C1C2D
:204640005A0000031C1C5A00000F1C1C5A0000031C1C5A00000F1C1C5A0000031C1C5A00FF
:2046600000111C1C5A0000051C1C5A0000111C1C5A0000051C1C5A0000111C1C5A0000051E
:204680001C1C5A0000111C1C5A0000051C1C5A0000161C1C5A00000A1C1C5A0000161C1CBC
:2046A0005A00000A1C1C5A0000161C1C5A00000A1C1C5A0000161C1C5A00000A1C1C5A007C
:2046C000003040005A00003040005A00003030005A00003040005A00003040005A000030C8
:2046E00040005A00003030005A00003040005A00003040005A00003040005A0000303000A8
:204700005A00003040005A00003040005A00003040005A00003030005A00003040005A005D
:20472000003040005A00003040005A00003030005A00003040005A00003040005A00003067
:2047400040005A00003030005A00003040005A0000262C01272C02282C03292C042A2C0588
:204760002B2C062C2C072D2C072E2C072F2C07302C07312C07322C07332C07342C07352C00
:20478000071F30001F2C045A00005A00001F30001F2C045A00005A00001F30001F2C045A76
:2047A00000005A00001F30001F2C045A00005A00001B30001B2C045A00005A00001B3000B8
:2047C0001B2C045A00005A00001B30001B2C045A00005A00001B30001B2C045A00005A0046
:2047E000001D30001D2C045A00005A00001D30001D2C045A00005A00001D30001D2C045A29
:2048000000005A00001D30001D2C045A00005A0000223000222C045A00005A000022300046
:20482000222C045A00005A0000223000222C045A00005A0000223000222C045A00005A00C2
:20484000005A0C005A00005A00005A00005A00005A00005A00005A00005A00005A00005A6E
:2048600000005A00005A00005A00005A00005A00001B30001B2C045A00005A00001B3000E1
:204880001B2C045A00005A00001B30001B2C045A00005A00001B30001B2C045A00005A0085
:2048A000001D30001D2C045A00005A00001D30001D2C045A00005A00001D30001D2C045A68
:2048C00000005A00001D30001D2C045A00005A0000223000222C045A00005A000022300086
:2048E000222C045A00005A0000223000222C045A00005A0000223000222C045A00005A0002
:20490000005A0C0C5A00005A00005A00005A00005A00005A00005A00005A00005A00005AA1
:2049200000005A00005A00005A00005A00005A00005A00005A00000340005A00005A00000A
:204940005A00000340005A00005A00005A00000340005A00005A00005A00000340005A00BE
:20496000005A00005A00000540005A00005A00005A00000540005A00005A00005A000005D8
:2049800040005A00005A00005A00000540005A00005A00005A00000A40005A00005A000078
:2049A0005A00000A40005A00005A00005A00000A40005A00005A00005A00000A40005A0049
:2049C000003260005A00005A00005A00002E60005A00005A00005A00005A000025FC002EF2
:2049E00060002E60003760005A00003560005A00005A00005A00005A00005A0000336000EE
:204A00005A00003260005A00002E60005A00005A00005A00003060005A00003260005A00DE
:204A2000003260005A00005A00005A00002E60005A00005A00005A00005A000025FC00338C
:204A400060003360003260005A00003060005A00005A00005A00005A00005A00002E600097
:204A60005A00003060005A00003560005A00005A00005A00003360005A00003260005A0076
:204A8000003050005A00005A00005A00003050005A00005A00005A00003050005A000030F0
:204AA00050003050003050005A00003050005A00003050005A00003040005A00003050004E
:204AC0005A00003040005A00003050005A00003040005A00003050005A00003040005A006A
:204AE000003050005A00003040005A00003050005A00003040005A00003050005A00003064
:204B000040005A00003050005A00003040005A00003050005A00003040005A000030500033
:204B20005A00003040005A00003050005A00003040005A00003050005A00003040005A0009
:204B4000003050005A00003040005A00003030005A00003040005A00003050005A00003023
:204B600040005A00003030005A00003040005A00003050005A00003040005A000030300013
:204B80005A00003040005A00003050005A00003040005A00003030005A00003040005A00C9
:204BA000003050005A00003040005A00003030005A00003040005A00003050005A000030C3
:204BC00040005A00003030005A00003040005A00003050005A00003040005A0000303000B3
:204BE0005A00003040005A00003050005A00003040005A00003030005A00003040005A0069
:204C0000005A00005A00000740005A00005A00005A00000740005A00005A00005A0000072F
:204C200040005A00005A00005A00000740005A00005A00005A00000340005A00005A0000DA
:204C40005A00000340005A00005A00005A00000340005A00005A00005A00000340005A00BB
:204C6000005A00005A00000540005A00005A00005A00000540005A00005A00005A000005D5
:204C800040005A00005A00005A00000540005A00005A00005A00000A40005A00005A000075
:204CA0005A00000A40005A00005A00005A00000A40005A00005A00005A00000A40005A0046
:204CC000003050005A00003040005A00003050005A00003040005A00003050005A00003082
:204CE00040005A00003050005A00003040005A00003050005A00003040005A000030500052
:204D00005A00003040005A00003050005A00003040005A00003050005A00003040005A0027
:204D2000003050005A00003040005A00003050005A00003040005A00003050005A00003021
:204D400040005A00003050005A00003040005A00003050005A00003040005A0000305000F1
:204D60005A00003040005A00003050005A00003040005A00003050005A00003040005A00C7
:204D8000003280005A00005A00005A00002E80005A00005A00005A00003080005A0000325B
:204DA00080005A00002E80005A00003280005A00003080005A00005A00005A00002E800099
:204DC0005A00005A00005A00003080005A00002E80005A00003080005A00003580005A009A
:204DE000003280005A00005A00005A00002E80005A00005A00005A00003080005A00002EFF
:204E000080005A00003080005A00003580005A00003080005A00005A00005A00002E800033
:204E20005A00003080005A00003580005A00005A00005A00003380005A00003280005A0032
:204E4000003260005A00005A00005A00002E60005A00005A00005A00003070005A000032EA
:204E600070005A00002E70005A00003270005A00003060005A00005A00005A00002E600048
:204E80005A00005A00005A00003070005A00002E70005A00003070005A00003570005A0019
:204EA000003260005A00005A00005A00002E60005A00005A00005A00003070005A00002E8E
:204EC00070005A00003070005A00003570005A00003070005A00005A00005A00002E7000C3
:204EE0005A00003070005A00003570005A00005A00005A00003370005A00003270005A00B2
:204F0000001A30005A00001A2C045A00005A0C035A00005A00005A0C025A00005A00005AB6
:204F20000C015A00005A0C005A00005A00005A00005A00005A00005A00005A00005A0000D4
:204F40005A00005A00005A00005A00005A00005A00005A00005A00005A00005A00005A0073
:204F6000005A00005A00005A00005A00005A00005A00005A00005A00005A00005A00005A53
:204F800000005A00005A00005A00005A00005A00005A00005A00005A00005A00005A00008D
:204FA0005A00005A00005A00005A00005A00005A00005A00005A00005A00005A00005A0013
:204FC000000E1C085A00005A00005A00005A00005A00005A00005A00005A00005A00005A1B
:204FE00000005A00005A00005A00005A00005A00005A00005A00005A00005A00005A00002D
:205000005A00005A00005A00005A00005A00005A00005A00005A00005A00005A00005A00B2
:20502000005A00005A00005A00005A00005A00005A00005A00005A00005A00005A00005A92
:2050400000005A00005A00005A00005A00005A00005A00005A00005A00005A00005A0000CC
:205060005A00005A00005A00005A00005A00005A00005A00005A00005A00005A00005A0052
:20508000003260005A00005A00005A00005A000024FC005A00005A00005A00005A00005A34
:2050A00000005A00005A00005A00005A00005A00005A00005A00005A00005A00005A00006C
:2050C0005A00005A00005A00005A00005A00005A00005A00005A00005A00005A00005A00F2
:2050E000005A00005A00005A00005A00005A00005A00005A00005A00005A00005A00005AD2
:2051000000005A00005A00005A00005A00005A00005A00005A00005A00005A00005A00000B
:205120005A00005A00005A00005A00005A00005A00005A00005A00005A00005A00005A0091
:2051400000371C475A00005A00005A00005A00005A00005A00005A00005A00005A00005A31
:2051600000005A00005A00005A00005A00005A00005A00005A00005A00005A00005A0000AB
:205180005A00005A00005A00005A00005A00005A00005A00005A00005A00005A00005A0031
:2051A000005A00005A00005A00005A00005A00005A00005A00005A00005A00005A00005A11
:2051C00000005A00005A00005A00005A00005A00005A00005A00005A00005A00005A00004B
:2051E0005A00005A00005A00005A00005A00005A00005A00005A00005A00005A00005A00D1
:20520000002009C01909002409405A09805A00005A00005A00005A00005A00005A00005ABD
:2052200000005A00005A00005A00005A00005A00005A00005A00005A00005A00005A0000EA
:205240005A00005A00005A00005A00005A00005A00005A00005A00005A00005A00005A1060
:20526000002409403009002409402409403009002409002409403009002409402409403098
:205280000900240900240940300900240940240940300900240900240940300900240940DF
:2052A00024094030090024090024094030090024094024094030090024090024094030197F
:2052C000005A0C075A09805A0C095A0C0B5A00005A00005A00005A00005A00005A00005A28
:2052E00000005A00005A00005A00005A00005A00005A00005A00005A00005A00005A00002A
:205300005A00005A00005A00005A00005A00005A00005A00005A00005A00005A00005A109F
:20532000005A0C005A0C0F5A00005A00005A00005A00005A00005A00005A00005A00005A68
:2053400000005A00005A00005A00005A00005A00005A0C095A00005A00005A00005A0000B4
:205360005A00005A00005A00005A0C045A00005A00005A00005A00005A00005A00005A1C23
:20538000005A00005A00005A00005A00005A00005A00005A00005A00005A00005A00005A2F
:2053A00000005A00005A00005A00005A00005A00005A0C095A00005A00005A00005A000054
:2053C0005A00005A00005A00005A0C045A00005A00005A00005A00005A00005A00005A1CC3
:2053E000005A00005A00005A00005A00005A00005A00005A00005A00005A00005A00005ACF
:2054000000005A00005A00005A00005A00005A00005A0C095A00005A00005A00005A0000F3
:205420005A00005A00005A00005A0C045A00005A00005A00005A00005A00005A00005A1C62
:20544000002000000000002400005A00005A00005A00005A00005A00005A00005A00005A38
:2054600000005A00005A00005A00005A00005A00005A00005A00005A00005A00005A0000A8
:205480005A00005A00005A00005A00005A00005A00005A00005A00005A00005A00005A101E
:2054A000002500004700002700005A00005A00005A00005A00005A00005A00005A00005A89
:2054C00000005A00005A00005A00005A00005A00005A00005A00005A00005A00005A000048
:2054E0005A00005A00005A00005A00005A00005A00005A00005A00005A00005A00005A10BE
:20550000002B00003009803309405A00005A00005A00005A00005A00005A00005A00005A5B
:2055200000005A00005A00005A00005A00005A00005A00005A00005A00005A00005A0000E7
:205540005A00005A00005A00005A00005A00005A00005A00005A00005A00005A00005A105D
:20556000002E00002A00002700002500002400005A00005A00005A00005A00005A00005A47
:2055800000005A00005A00005A00005A00005A00005A00005A00005A00005A00005A000087
:2055A0005A00005A00005A00005A00005A00005A00005A00005A00005A00005A00005A10FD
:2055C00000014001430140014381478147414881478147814741488147014FC140C14001AC
:2055E000460146014601460149014C014601460149014CC14F81418141414541454145416D
:2056000045C149C149C149C149814D414E81504142C1438144C1468144C146814AC14C41B7
:205620004B414B814A414B415108C0F20152800840F06152802A80F10000800800F3C15289
:205640008000200000008000200100008000200200008000200300008000200400008000A0
:205660002005215380002006815380002007E1538000200800008000200900008000200A41
:2056800000008000200B00008000200C00008000200D00008000200E000080B24154000091
:2056A00000F00000000000C1A154000000710155F200009161550000000000FFFFFFFFFF49
:2056C000FFFFFFFFFFFFFFFFFF00000000FFFFFFFFFFFFFFFFFFFFFFFF00000000000000DF
:2056E00000FFFFFFFFFFFFFFFF000000000000000000000000FFFFFFFF00011223344556B1
:205700006778899AABBCCDDEEF1568ACDCA8DDDC43223DEE63332A86307ACDDB75211368E7
:20572000BDDC974101479CDDB81568ACDCA8532224679CDEEEEDBA8630FEFCFAF8F6F4F245
:20574000F0F2F4F6F8FAFCFEFFFEDDCCBBAA9988778ABDF124578ABDEE841161ED57475A2B
:20576000ADCEA31779DD200347901E5746507863166A8DA501029561E7586A502DD4CB6EE0
:2057800009EE198CA5539232299526306C23E2734E869C040A3D60A3D14E2138A76A0B95D2
:1E57A000CA41E766569B79799E060040C155DB55F5550F56295641569B560000B956C1
:020000040033C7
:200000001A021C045A00000E1C045A0000021C045A00000E1C045A0000021C055A00000E33
:200020001C055A0000021C065A00000E1C065A0000091C065A0000151C065A0000091C06FC
:200040005A0000151C065A0000091C075A0000151C075A0000091C075A0000151C075A0085
:2000600000091C075A0000151C075A0000091C085A0000151C085A0000091C085A000015B2
:200080001C085A0000091C085A0000151C085A0000071C095A0000131C095A0000071C0984
:2000A0005A0000131C095A0000071C095A0000131C095A0000071C0B5A0000131C0B5A0020
:2000C000000C28FF5A00005A00001A98FE5A00001A9C015A00001A93305A00001893305AB2
:2000E00000001A93301A93301D93305A00001C93305A00001F93305A00002193305A000059
:200100002193302193302193305A00001F93305A00002193305A00002493305A0000239368
:20012000305A00001F93305A00002193305A0000219C015A00002193305A00001F93305A29
:2001400000002193302193302393305A00002493305A00002393305A00001F93305A0000DA
:200160002193302193302193305A00001F93305A00002193300C28FF5A00005A00005A0810
:20018000FE2610005A0000261C045A00002610005A00002410005A0000261E03261E03295C
:2001A00010005A00002810005A00002B10005A00002D10005A00002D1E032D1E032D1E032D
:2001C0005A00002B10005A00002D10005A00003010005A00002F10005A00002B10005A00D1
:2001E000002D10005A00002D1C045A00002D10005A00002B10005A00002D1E032D1E032FCA
:2002000010005A00003010005A00002F10005A00002B10005A00002D1E032D1E032D1E03C2
:200220005A00002B10005A00002D1E032D1E032B10005A00002D10005A00002F10005A006E
:20024000003910005A00005A00005A00005A00005A00005A00005A00005A00005A00005AD1
:2002600000005A00005A00005A00005A00005A00005A00005A00005A00005A00005A0000FA
:200280005A00005A00005A00005A00005A00005A00005A00005A00005A00005A00005A0080
:2002A000005A00005A00005A00005A00005A00005A00005A00005A00005A00005A00005A60
:2002C00000005A00005A00005A00005A00005A00005A00005A00005A00005A00005A00009A
:2002E0005A00005A00005A00003920005A00005A00005A00002D30005A00005A00005A001E
:2003000000021C085A00000E1C0A5A0000021C085A00000E1C0A5A0000021C085A00000E33
:200320001C0A5A0000021C085A00000E1C0A5A0000091C085A0000151C0A5A0000091C08E6
:200340005A0000151C0A5A0000091C085A0000151C0A5A0000091C085A0000151C0A5A0076
:2003600000091C085A0000151C0A5A0000091C085A0000151C0A5A0000091C085A000015A9
:200380001C0A5A0000091C085A0000151C0A5A0000071C085A0000131C0A5A0000071C087E
:2003A0005A0000131C0A5A0000071C085A0000131C0A5A0000071C085A0000131C0A5A0020
:2003C000000C28FF5A00005A00001A98FE5A00001A9C015A00001A93305A00001893305AAF
:2003E00000001A93301A93301D93305A00001C93305A00001F93305A00002193305A000056
:200400002193302193302193305A00001F93305A00002193305A00002493305A0000239365
:20042000305A00001FA3305A000021A3305A000021AC015A000021A3305A00001FA3305AD6
:20044000000021A33021A33023A3305A000024A3305A000023A3305A00001FA3305A000077
:2004600021A33021A33021A3305A00001FA3305A000021A3305A00005A00005A00005A009E
:20048000003910005A00005A00005A00005A00005A00005A00005A00005A00005A00005A8F
:2004A00000005A00005A00005A00005A00005A00005A00005A00005A00005A00005A0000B8
:2004C0005A00005A00005A00005A00005A00005A00005A00005A00005A00005A00005A003E
:2004E000005A00005A00005A00005A00005A00005A00005A00005A00005A00005A00005A1E
:2005000000005A00005A00005A00005A00005A00005A00005A00005A00005A00005A000057
:200520005A00005A00005A00003920005A00005A00005A00005A00005A00005A00005A00DE
:20054000000C28FF5A00005A00005A00005A00005A00005A00005A00005A00005A00005AE4
:2005600000005A00005A00005A00005A00005A00005A00005A00005A00005A00005A0000F7
:200580005A00005A00005A00005A00005A00005A00005A00005A00005A00005A00005A007D
:2005A000000C20005A00005A00005A00005A00005A00005A00005A00000C20005A00005AB9
:2005C00000005A00000C20005A00005A00005A00000C20005A00005A00005A00005A0000F3
:2005E0005A00005A00005A00005A00005A00005A00005A00005A00005A00000C20005A004B
:2006000000262C0F5A0000262C045A00002620005A00002420005A000026A00026A000297C
:2006200020005A00002820005A00002B20005A00002D20005A00002DA0002DA0002DA000EB
:200640005A00002B20005A00002D20005A00003020005A00002F20005A00002B20005A00FC
:20066000002D20005A00002D2C045A00002D20005A00002B20005A00002DA0002DA0002F07
:2006800020005A00003020005A00002F20005A00002B20005A00002DA0002DA0002DA00081
:2006A0005A00002B20005A00002DA0002DA0002B20005A00002D20005A00002F20005A00AC
:2006C000003910005A00005A00005A00002B40005A00005A00005A00002B40005A00005A2B
:2006E00000005A00002B40005A00005A00005A00002B40005A00005A00005A00002B400043
:200700005A00002B40005A00002BB0002BB0002BB0002BB0002B40005A00002B40005A00C4
:20072000002930005A00005A00005A00002B40005A00005A00005A00002930005A00005ACC
:2007400000005A00002930005A00002B40005A00002930005A00005A00005A00002B4000F5
:200760005A00005A00005A00002B40005A00005A00005A00002B40005A00002930002B4069
:20078000000C20005A00005A00005A00005A00005A00005A00005A00005A00005A00005AA9
:2007A00000005A00005A00005A00000C20005A00000C20005A00005A00005A00005A000011
:2007C0005A00005A00005A00005A00005A00005A00005A00005A00005A00005A00005A003B
:2007E000000C20005A00005A00005A00005A00005A00005A00005A00000C20005A00005A77
:2008000000005A00000C20005A00000C20005A00000C20005A00005A00005A00000C20000C
:200820005A00005A00005A00000C20005A00000C20005A00000C20000C20000C20000C20EE
:20084000003910005A00005A00005A00002B40005A00005A00005A00002B40005A00005AA9
:2008600000005A00002B40005A00002930005A00002930005A00005A00005A00002B4000D4
:200880005A00002B40005A00002BB0002BB0002BB0002BB0002B40005A00002B40005A0043
:2008A000002930005A00005A00005A00002B40005A00005A00005A00002930005A00005A4B
:2008C00000005A00002930005A00002930005A00002930005A00005A00005A000029300098
:2008E0005A00005A00005A00002930005A00002930005A00002950002950002950002950A0
:20090000005A0E005A00005A00005A00005A00005A00005A00005A00005A00005A00005AEB
:2009200000005A00005A00005A00005A00005A00005A00005A00005A00005A00005A000033
:200940005A00005A00005A00005A00005A00005A00005A00005A00005A00005A00005A0DAC
:20096000015A00005A00005A00005A00005A00005A00005A00005A00005A00005A00005A98
:2009800000005A00005A00005A00005A00005A00005A00005A00005A00005A00005A0000D3
:2009A0005A00005A00005A00005A00005A00005A00005A00005A00005A00005A00005A0059
:2009C000000C20000C20000C20000C20000C20000C20000C20000C20000C20000C20000C53
:2009E00020000C20000C20000C20000C20000C20000C20005A00005A00005A00005A000067
:200A00005A00005A00005A00005A00005A00005A00005A00005A00005A00005A00005A00F8
:200A2000005A00005A00005A00005A00005A00005A00005A00005A00005A00005A00005AD8
:200A400000005A00005A00005A00005A00005A00005A00005A00005A00005A00005A000012
:200A60005A00005A00005A00005A00005A00005A00005A00005A00005A00005A00005A0098
:200A8000002F20005A00005A00005A00005A00005A00005A00005A00005A00005A00005A83
:200AA00000005A00005A00005A00005A00005A00005A02595A02595A0C005A00005A0000F0
:200AC0005A00005A00005A00005A00005A00005A00005A00005A00005A00005A00005A0038
:200AE000005A00005A00005A00005A00005A00005A00005A00005A00005A00005A00005A18
:200B000000005A00005A00005A00005A00005A00005A00005A00005A00005A00005A000051
:200B20005A00005A00005A00005A00005A00005A00005A00005A00005A00005A00005A00D7
:200B40000029500029500029500029500029500029500029500029500029500029500029B2
:200B600050002950002950002950002950002950002930005A00005A00005A00005A000007
:200B80005A0000372C01372C02372C03372C04372C05372C06372C07372C07372C07372CF3
:200BA000075A00005A00005A00005A00005A00005A00005A00005A00005A00005A00005A50
:200BC00000005A00005A00005A00005A00005A00005A00005A00005A00005A00005A000091
:200BE0005A00005A00005A00005A00005A00005A00005A00005A00005A00005A00005A0017
:200C0000001840005A00000E30005A00001840005A00000E30005A00001840005A00000E80
:200C200030005A00001840005A00000E30005A00001840005A00001530005A000018400037
:200C40005A00001530005A00001840005A00001530005A00001840005A00001530005A00F9
:200C6000001840005A00001530005A00001840005A00001530005A00001840005A0000150B
:200C800030005A00001840005A00001530005A00001840005A00001330005A0000184000D2
:200CA0005A00001330005A00001840005A00001330005A00001840005A00001330005A009F
:200CC000003560005A00003360005A00003670005A00003360005A00003560005A00003329
:200CE00060005A00003670005A00003360005A00003560005A00003360005A0000367000CB
:200D00005A00003360005A00003560005A00003360005A00003670005A00003360005A00C3
:200D2000003560005A00003360005A00003670005A00003360005A00003560005A000033C8
:200D400060005A00003670005A00003360005A00003560005A00003360005A00003670006A
:200D60005A00003360005A00003560005A00003360005A00003670005A00003360005A0063
:200D800000262C0F5A0000262C0426A00026A0005A00002420005A00002620005A000029F5
:200DA00020005A00002820005A00002B20005A000030A00030A00030A00030A0002F2000E3
:200DC0005A00002B20005A000030A0005A000030A00030A0002F20005A00002B20005A00FC
:200DE000002D20005A00002D2C045A00002D20005A00002B20005A00002D20005A00002F73
:200E0000A0002FA0003020005A00002F20005A00002B20005A00002DA0002DA0002DA00004
:200E20005A00002B20005A00002DA0002BA0002DA0002BA0002DA0002BA0002F20005A0042
:200E400000262C0F5A0000262C045A000026A00026A0002420005A00002620005A00002934
:200E600020005A00002820005A00002B20005A00002D20005A00002DA0002DA0002DA000A3
:200E80005A00002B20005A00002D20005A00003020005A00002F20005A00002B20005A00B4
:200EA000002D20005A00002D2C045A00002D20005A00002B20005A00002DA0002DA0002FBF
:200EC00020005A00003020005A00002F20005A00002B20005A00002DA0002DA0002DA00039
:200EE0005A00002B20005A00002DA0002DA0002B20005A00002D20005A00002F20005A0064
:200F0000003560005A00003360005A00002E90005A00003360005A00003560005A000033CE
:200F200060005A00002E90005A00003360005A00003560005A00003360005A00002E900058
:200F40005A00003360005A00003560005A00003360005A00002E90005A00003360005A0069
:200F6000003560005A00003360005A00002E90005A00003360005A00003560005A0000336E
:200F800060005A00002E90005A00003360005A00003560005A00003360005A00002E9000F8
:200FA0005A00003360005A0000336000336000336000336000336000336000336000336052
:200FC00000262C0F5A0000262C045A00002620005A00002420005A000026A00026A00029B3
:200FE00020005A00002820005A00002B20005A00002D20005A00002DA0002DA0002DA00022
:201000005A00002B20005A00002D20005A00003020005A00002F20005A00002B20005A0032
:20102000002D20005A00002D2C045A00002D20005A00002B20005A00002D20005A00002F30
:20104000A0002FA0003020005A00002F20005A00002B20005A00002DA0002DA0002DA000C2
:201060005A00002B20005A00002DA0002BA0002DA0002BA0002D20005A00002F20005A00F1
:201080000035A0005A00003360005A00002E90005A00003360005A00003560005A0000330D
:2010A00060005A00002E90005A00003360005A00003560005A00003360005A00002E9000D7
:2010C0005A00003360005A00003560005A00003360005A00002E90005A00003360005A00E8
:2010E000003560005A00003360005A00002E90005A00003360005A00003560005A000033ED
:2011000060005A00002E90005A00003360005A00003560005A00003360005A00002E900076
:201120005A00003360005A00003560005A00003360005A00002E90005A00003360005A0087
:20114000001840005A00000E30005A00001840005A00000E30005A00001840005A00000E3B
:2011600030005A00001840005A00000E30005A00001840005A00001530005A0000184000F2
:201180005A00001530005A00001840005A00001530005A00001840005A00001530005A00B4
:2011A000001840005A00001530005A00001840005A00001530005A00001840005A000015C6
:2011C00030005A00001840005A00001530005A00001840005A00001330005A00001840008D
:2011E0005A00001330005A0000184000184000184000184000184000184000184000184038
:2012000000263C0F5A0000263C045A0000263E03263E032430005A00002630005A000029EE
:2012200030005A00002830005A00002B30005A00002D30005A00002D3E032D3E032D3E03BC
:201240005A00002B30005A00002D30005A00003030005A00002F30005A00002B30005A00A0
:20126000002D30005A00002D3C045A00002D30005A00002B30005A00002D3E032D3E032F79
:2012800030005A00003030005A00002F30005A00002B30005A00002D3E032D3E032D3E0352
:2012A0005A00002B30005A00002D3E032D3E032B30005A00002D30005A00002F30005A001E
:2012C00000263C0F5A0000263C04263E03263E035A00002430005A00002630005A0000292E
:2012E00030005A00002830005A00002B30005A0000303E03303E03303E03303E032F3000DA
:201300005A00002B30005A0000303E035A0000303E03303E032F30005A00002B30005A00A3
:20132000002D30005A00002D3C045A00002D30005A00002B30005A00002D30005A00002FDD
:201340003E032F3E033030005A00002F30005A00002B30005A00002D3E032D3E032D3E036A
:201360005A00002B30005A00002D3E032B3E032D3E032B3E032D3E032B3E032F30005A0017
:20138000001A70005A00005A00005A0C181A70005A0C181A70005A00005A00005A0C181AB3
:2013A00070005A0C181A70005A0C181F70005A0C182170005A00005A00005A0C18217000D6
:2013C0005A0C182170005A00005A00005A0C181F70005A0C182470005A0C182370005A0CB4
:2013E000182170005A00005A00005A00005A00005A00005A0C185A00005A00005A000021D5
:2014000070005A0C182170005A00002470005A00001F70005A00005A00005A00005A00000E
:201420005A00005A0C185A00005A00005A00001F70005A00002370005A00005A00005A003C
:20144000000280005A00005A00005A00005A00005A00005A00005A00005A00005A00005A86
:2014600000005A00005A00005A00005A00005A00000980005A00005A00005A00005A0000B9
:201480005A00005A00005A00005A00005A00005A00005A00005A00005A00005A00005A006E
:2014A000005A00005A00005A00005A00005A00005A00005A00005A00005A00005A00005A4E
:2014C00000005A00005A00005A00005A00005A00000780005A00005A00005A00005A00005B
:2014E0005A00005A00005A00005A00005A00005A00005A00005A00005A00005A00005A000E
:20150000001A7C045A00001A7C085A00001A7C045A00001A7C085A00001A7C045A00001AE5
:201520007C085A00001A7C045A00001A7C085A0000217C045A0000217C085A0000217C0446
:201540005A0000217C085A0000217C045A0000217C085A0000217C045A0000217C085A003E
:2015600000217C045A0000217C085A0000217C045A0000217C085A0000217C045A0000215B
:201580007C085A0000217C045A0000217C085A00001F7C045A00001F7C085A00001F7C04DE
:2015A0005A00001F7C085A00001F7C045A00001F7C085A00001F7C045A00001F7C085A00E8
:2015C000001A70005A00005A00005A0C181A70005A0C181A70005A00005A00005A0C181A71
:2015E00070005A0C181A70005A0C181F70005A0C182170005A00005A00005A0C1821700094
:201600005A0C182170005A00005A00005A0C181F70005A0C182470005A0C182370005A0C71
:20162000182170005A00005A00005A00005A00005A00005A0C185A00005A00005A00002192
:2016400070005A0C182170005A00002470005A00001F70005A00005A00005A00005A0000CC
:201660005A00005A0C185A00005A00005A00005A00005A00005A00005A00005A00005A0068
:20168000000280005A00005A00005A00005A00005A00005A00005A00005A00005A00005A44
:2016A00000005A00005A00005A00005A00005A00000980005A00005A00005A00005A000077
:2016C0005A00005A00005A00005A00005A00005A00005A00005A00005A00005A00005A002C
:2016E000005A00005A00005A00005A00005A00005A00005A00005A00005A00005A00005A0C
:2017000000005A00005A00005A00005A00005A00000C20000780005A00005A00005A000046
:201720005A00005A00005A00005A0C385A00005A00005A00005A00005A00005A00005A0087
:20174000001A7C045A00001A7C085A00001A7C045A00001A7C085A00001A7C045A00001AA3
:201760007C085A00001A7C045A00001A7C085A0000217C045A0000217C085A0000217C0404
:201780005A0000217C085A0000217C045A0000217C085A0000217C045A0000217C085A00FC
:2017A00000217C045A0000217C085A0000217C045A0000217C085A0000217C045A00002119
:2017C0007C085A0000217C045A0000217C085A0000137C085A00005A00005A00005A000032
:2017E0005A00005A00005A00005A0C005A00005A00005A00005A00005A00005A00005A00FF
:20180000003910005A00005A00005A00002B40005A00005A00005A00002B40005A00005AD9
:2018200000005A00002B40005A00005A00005A00002B40005A00005A00005A00002B4000F1
:201840005A00002B40005A00002BB0002BB0002BB0002BB0002B40005A00002B40005A0073
:20186000002930005A00005A00005A00002B40005A00005A00005A00002930005A00005A7B
:2018800000005A00002930005A00002B40005A00003910005A00005A00005A00005A0000C5
:2018A0005A00005A00005A00005A00005A00005A00005A00005A00005A00005A00005A004A
:2018C00000265C0F5A0000265C045A00002650005A00002450005A0000265E03265E032968
:2018E00050005A00002850005A00002B50005A00002D50005A00002D5E032D5E032D5E0316
:201900005A00002B50005A00002D50005A00003050005A00002F50005A00002B50005A0039
:20192000002D50005A00002D5C045A00002D50005A00002B50005A00002D5E032D5E032FF2
:2019400050005A00003050005A00002F50005A00002B50005A00002D5E032D5E032D5E03AB
:201960005A00002B50005A00002D5E032D5E032B50005A00002D50005A00002F50005A0097
:20198000005A09805A09805A09405A09005A09005A00005A00005A00005A00005A00005AFC
:2019A00000005A00005A00005A00005A00005A00005A00005A00005A00005A00005A0000A3
:2019C0005A00005A00005A00005A00005A00005A00005A00005A00005A00005A00005A1019
:2019E000003000002D00002A00002700002400002100001E00001B00001800005A00005AEF
:201A000000005A00005A00005A00005A00005A00005A00005A00005A00005A00005A000042
:201A20005A00005A00005A00005A00005A00005A00005A00005A00005A00005A00005A10B8
:201A4000001808EF5A00005A08FF5A00005A08FE5A00005A08FF5A00005A00005A00005ADF
:201A600000005A00005A00005A00005A00005A00005A00005A00005A00005A00005A0000E2
:201A80005A00005A00005A00005A00005A00005A00005A00005A00005A00005A00005A1058
:201AA000005A09801809805A09405A09001809005A09405A09001809005A09405A09001836
:201AC00009005A09405A09001809005A09405A09001809005A09405A09001809005A0940E5
:201AE0005A09001809005A09405A09001809005A09405A09001809005A09405A09001819DD
:201B0000005A00005A00005A00005A00005A00005A00005A00005A00005A00005A00005AE7
:201B200000005A00005A00005A00005A00005A0000DA00005A00005A00005A00005A0000A1
:201B40005A00005A00005A00005A00005A00005A00005A00005A00005A00005A00005A1097
:201B6000005A00005A00005A00005A00005A00005A00005A00005A00005A00005A00005A87
:201B800000005A00005A00005A00005A00005A0000DA00005A00005A00005A00005A000041
:201BA0005A00005A00005A00005A00005A00005A00005A00005A00005A00005A00005A1037
:201BC000005A0C0F5A00005A00005A0C085A0C045A00005A00005A00005A00005A00005AE8
:201BE00000005A00005A00005A00005A00005A00005A00005A00005A00005A00005A000061
:201C00005A00005A00005A00005A00005A00005A00005A00005A00005A00005A00005A10D6
:201C2000001800001800002400005A30005A00005A00005A00005A00005A00005A00005A50
:201C400000005A00005A00005A00005A00005A00005A00005A00005A00005A00005A000000
:201C60005A00005A00005A00005A00005A00005A00005A00005A00005A00005A00005A1076
:201C8000002700005A00005A00005A00005A00005A00005A00005A00005A00005A00005A99
:201CA00000005A00005A00005A00005A00005A00005A00005A00005A00005A00005A0000A0
:201CC0005A00005A00005A00005A00005A00005A00005A00005A00005A00005A00005A1016
:201CE000003009403029005A00005A00005A00005A00005A00005A00005A00005A00005AE8
:201D000000005A00005A00005A00005A00005A00005A00005A00005A00005A00005A00003F
:201D20005A00005A00005A00005A00005A00005A00005A00005A00005A00005A00005A10B5
:201D4000002A00002A000029000029000028000028000027000026000025000024000024D3
:201D60000000240000240000240000240000240000240000240000240000240000240000FB
:201D80002400002440005A00005A00005A00005A00005A00005A00005A00005A00005A1081
:201DA000003009403029005A00005A00005A00005A00005A00005A00005A00005A00005A27
:201DC00000005A00005A00005A00005A00005A00005A00005A00005A00005A00005A00007F
:201DE0005A00005A00005A00005A00005A00005A00005A00005A00005A00005A00005A10F5
:201E0000005A00005A09005A00005A00005A00005A00005A00005A00005A00005A00005ADB
:201E200000005A00005A00005A00005A00005A00005A00005A00005A00005A00005A00001E
:201E40005A00005A00005A00005A00005A00005A00005A00005A00005A00005A00005A1094
:201E6000002E00002A00002700002500002400005A00005A00005A00005A00005A00005A7E
:201E800000005A00005A00005A00005A00005A00005A00005A00005A00005A00005A0000BE
:201EA0005A00005A00005A00005A00005A00005A00005A00005A00005A00005A00005A1034
:201EC000002000005A00002500005A00005A00005A00005A00005A00005A00005A00005A93
:201EE00000005A00005A00005A00005A00005A00005A00005A00005A00005A00005A00005E
:201F00005A00005A00005A00005A00005A00005A00005A00005A00005A00005A00005A10D3
:201F2000002000000000002400005A00005A00005A00005A00005A00005A00005A00005A8D
:201F400000005A00005A00005A00005A00005A00005A00005A00005A00005A00005A0000FD
:201F60005A00005A00005A00005A00005A00005A00005A00005A00005A00005A00005A1073
:201F8000002A00002900002700002A00002A00002900002900002800002800002700002684
:201FA0000000250000240000240000240000240000240000240000240000240000240000B8
:201FC0002400002400005A00005A00005A00005A00005A00005A00005A00005A00005A107F
:201FE00000C140C14341458147C149014C014C014C4151014C41518153C1550140014301BC
:202000004301430149014301430143014301430143415481568141C15801460146814A4176
:202020004E814D414EC14F0152C1520155415741428144C1464148414BC14CC14C81500141
:202040004F8150014FC146015808BFF08159800880F2E159C0083F9B415A802BBFD1000073
:2020600080083FF0000080083FF0000080083FF0A15A80083FB0000080087F20000080081A
:202080003F200000803F200F015B803F200E615B803F200B0000803F20000000803F200145
:2020A0000000803F20000000803F20070000803F20000000803F20000000803F200EC15B94
:2020C00080F2215C0200001C815C3F0000E2E15C020000A1415D670000F1A15D3F00008161
:2020E000015EF100008200004C000091615E000000D1C15E000000B2215F000000A1815FCF
:20210000290000022C1224457ABCCDEFF234578ACEFFFF0000112223334446778ABCCDEE9D
:20212000EEDEFC04532554D9ABCDEFCB79BAED77833110034689BCEEFFEC9853210001131A
:20214000468CFFFFFFFFFFFFFFFFFF0000000000000000FFFFFFFF000000000000000000BA
:20216000000000FFFF0000000000000000000000000000001111166644445586778311163F
:20218000BBCFCF8876321100012345789BEFFFECBA7777468ABDEEFFFFFFFF0123456789D7
:2021A000ABCDEFFFEEDB99888777667766554311111100000000000006CFFF0111356788B9
:2021C00078BDEF035BFFFEB7410FFFFCECFFFD84AFF60F9999999999999999999999999999
:2021E000999999FEDDDCABB887779876543322111111101ACEFFFEDCCBA9887665543321C2
:18220000100000060040E15FFB5F15602F6049608560C16000000361BF
:20400000202820005A00005A00005A00002820005A00005A00005A00002B20005A00005AD5
:2040200000005A00002B20005A00005A00005A00002B20005A00002620005A00005A00002E
:204040005A00002620005A00005A00005A00002420005A00002120005A00002420005A00DB
:20406000002420005A00005A00005A00002420005A00005A00005A00002820005A00005AA0
:2040800000005A00002820005A00002820005A00002120005A00002620005A00005A0000ED
:2040A0005A00002620005A00005A00005A00002420005A00002B20005A00002A20005A006B
:2040C000001C10005A00005A0C085A00001C10005A00005A0C085A00001F10005A00005A61
:2040E0000C085A00001F10005A00005A0C085A00001F10005A00001A10005A00005A0C0886
:204100005A00001A10005A00005A0C085A00001810005A00001510005A00001810005A0076
:20412000001810005A00005A0C085A00001810005A00005A0C085A00001C10005A00005A0B
:204140000C085A00001C10005A00001C10005A00001510005A00001A10005A00005A0C0874
:204160005A00001A10005A00005A0C085A00001810005A00001F10005A00001E10005A0006
:204180000010C0005A00005A00005A00005A00005A00005A00005A00005A00005A00005ACB
:2041A00000005A000013C0005A00005A00005A00000EC0005A00005A00005A00005A00008E
:2041C0005A00005A00005A00005A00005A00005A00005A000015C0005A00005A00005A0086
:2041E000000CC0005A00005A00005A00005A00005A00005A00005A00005A00005A00005A6F
:2042000000005A00005A00005A00005A00005A00000EC0005A00005A00005A00005A0000A6
:204220005A00005A00005A00005A00005A00005A00005A000013C0005A00005A00005A0027
:20424000005A00005A00005A00005A00005A00005A00005A00005A00005A00005A00005A80
:2042600000005A00005A00005A00005A00005A00005A00005A00005A00005A00005A0000BA
:204280005A00005A00005A00005A00005A00005A00005A00005A00005A00005A00005A0040
:2042A000005A00005A00005A00005A00005A00005A00005A00005A00005A00005A00005A20
:2042C00000005A00005A00005A00005A00005A00005A00005A00005A00005A00005A00005A
:2042E0005A00005A00005A00005A00005A00005A00005A00005A00005A00005A00005A00E0
:20430000002820005A00005A00005A00002820005A00005A00005A00002B20005A00005AF2
:2043200000005A00002B20005A00002B20005A00002B20005A00002620005A00005A00003A
:204340005A00002620005A00005A00005A00002420005A00002120005A00002420005A00D8
:20436000002420005A00005A00005A00002420005A00002620005A00002820005A00005AB1
:2043800000005A00002820005A00002820005A00002120005A00002620005A00005A0000EA
:2043A0005A00002620005A00005A00005A00002D20005A00002B20005A00002A20005A005F
:2043C000001C10005A00005A0C085A00001C10005A00005A0C085A00001F10005A00005A5E
:2043E0000C085A00001F10005A00005A0C085A00001F10005A00001A10005A00005A0C0883
:204400005A00001A10005A00005A0C085A00001810005A00001510005A00001810005A0073
:20442000001810005A00005A0C085A00001810005A00001A10005A00001C10005A00005A4C
:204440000C085A00001C10005A00001C10005A00001510005A00001A10005A00005A0C0871
:204460005A00001A10005A00005A0C075A00002110005A00001F10005A00001E10005A00FB
:20448000001F20005A00001D10005A00001F70005A00001D10005A00001F20005A00001DD6
:2044A00010005A00001F70005A00001D10005A00001F20005A00001D10005A00001F700073
:2044C0005A00001D10005A00001F20005A00001D10005A00001F70005A00001D10005A006B
:2044E000001F20005A00001D10005A00001F70005A00001D10005A00001F20005A00001D76
:2045000010005A00001F70005A00001D10005A00001F20005A00001D10005A00001F700012
:204520005A00001D10005A00001F20005A00001D10005A00001F70005A00001D10005A000A
:204540000010C0005A00001090005A000010C0005A00001090005A000010C0005A000010D9
:2045600090005A000013C0005A00001390005A00000EC0005A00000E90005A00000EC00039
:204580005A00000E90005A00000EC0005A00000E90005A00000EC0005A00000E90005A0089
:2045A000000CC0005A00000C90005A00000CC0005A00000C90005A00000CC0005A00000C91
:2045C00090005A00000CC0005A00000C90005A00000EC0005A00000E90005A00000EC000E7
:2045E0005A00000E90005A00000EC0005A00000E90005A000013C0005A00001390005A001F
:20460000002820005A00005A00005A00005A00005A00005A00005A00005A00005A00005ACE
:2046200000005A00005A00005A00005A00005A00005A00005A00005A00005A00005A0000F6
:204640005A00005A00005A00005A00005A00005A00005A00005A00005A00005A00005A007C
:20466000005A00005A00005A00005A00005A00005A00005A00005A00005A00005A00005A5C
:2046800000005A00005A00005A00005A00005A00005A00005A00005A00005A00005A000096
:2046A0005A00005A00005A00005A00005A00005A00005A00005A00005A00005A00005A001C
:2046C000001C10005A00005A0C085A00005A00005A00001C1C085A00005A00005A00005A30
:2046E00000005A00005A00005A00005A00005A00005A00005A00005A00005A00005A000036
:204700005A00005A00005A00005A00005A00005A00005A00005A00005A00005A00005A00BB
:20472000005A00005A00005A00005A00005A00005A00005A00005A00005A00005A00005A9B
:2047400000005A00005A00005A00005A00005A00005A00005A00005A00005A00005A0000D5
:204760005A00005A00005A00005A00005A00005A00005A00005A00005A00005A00005A005B
:20478000005A0C005A00005A00005A00005A00005A00005A00005A00005A00005A00005A2F
:2047A00000005A00005A00005A00005A00005A00005A00005A00005A00005A00005A000075
:2047C0005A00005A00005A00005A00005A00005A00005A00005A00005A00005A00005A00FB
:2047E000005A00005A00005A00005A00005A00005A00005A00005A00005A00005A00005ADB
:2048000000005A00005A00005A00005A00005A00005A00005A00005A00005A00005A000014
:204820005A00005A00005A00005A00005A00005A00005A00005A00005A00005A00005A009A
:20484000001F50005A00005A00005A00001F70005A00001D10005A00001D10005A00001FC5
:2048600020005A00001F70001F70001F70001F7D015A00005A00005A00005A00005A0000B2
:204880005A00005A00005A00005A00005A00005A00005A00005A00005A00005A00005A003A
:2048A000005A00005A00005A00005A00005A00005A00005A00005A00005A00005A00005A1A
:2048C00000005A00005A00005A00005A00005A00005A00005A00005A00005A00005A000054
:2048E0005A00005A00005A00005A00005A00005A00005A00005A00005A00005A00005A00DA
:20490000001022C05A0C005A00005A00005A00005A00005A00005A00001022C05A0C005A71
:2049200000005A00005A00005A00005A00005A00001022C05A0C005A00005A00005A00004F
:204940005A00005A00005A00000E22C05A0C005A00005A00005A00005A00005A00005A00D7
:20496000000C22C05A0C005A00005A00005A00005A00005A00005A00000C22C05A0C005A19
:2049800000005A00005A00005A00005A00005A00000E22C05A0C005A00005A00005A0000F1
:2049A0005A00005A00005A00001022C05A0C005A00005A00005A00005A00005A00005A0075
:2049C000000480005A00005A00005A00000480005A00005A00005A00000480005A00005A7B
:2049E00000005A00000780005A00005A00005A00000280005A00005A00005A00005A0C06CC
:204A00005A00000280005A00005A00005A00005A0C065A00000980005A00005A00005A0C43
:204A2000060080005A00005A00005A00000080005A00005A00005A00000080005A00005A20
:204A400000005A00000080005A00005A00005A00000280005A00005A00005A00005A0C0672
:204A60005A00000280005A00005A00005A00005A0C065A00000780005A00005A00005A00F1
:204A80000010D0005A00005A00005A0C0910D0005A00005A00005A0C0910D0005A00005A7C
:204AA00000005A0C0913D0005A00005A00005A0C090ED0005A00005A00005A0C095A000026
:204AC0005A00000ED0005A00005A00005A0C095A00005A000015D0005A00005A00005A0CC8
:204AE000090CD0005A00005A00005A0C090CD0005A00005A00005A0C090CD0005A00005A1F
:204B000000005A0C090CD0005A00005A00005A0C090ED0005A00005A00005A0C095A0000CC
:204B20005A00000ED0005A00005A00005A0C095A00005A000013D0005A00005A00005A0C69
:204B4000090480005A00005A00005A00000480005A00005A00005A00000480005A00005AF0
:204B600000005A00000780005A00005A00005A00000280005A00005A00005A00005A0C064A
:204B80005A00000280005A00005A00005A00005A0C065A00000980005A00005A00005A0CC2
:204BA000060080005A00005A00005A00000080005A00005A00005A00000080005A00005A9F
:204BC00000005A00000080005A00005A00005A00000280005A00005A00005A0C065A0000F1
:204BE0005A00000E80005A00005A00005A00005A0C065A00000780005A00005A00005A0064
:204C00000010D0005A00005A00005A0C0910D0005A00005A00005A0C0910D0005A00005AFA
:204C200000005A0C0913D0005A00005A00005A0C090ED0005A00005A00005A0C095A0000A4
:204C40005A00000ED0005A00005A00005A0C095A00005A000015D0005A00005A00005A0C46
:204C6000090CD0005A00005A00005A0C090CD0005A00005A00005A0C090CD0005A00005A9D
:204C800000005A0C090CD0005A00005A00005A0C090ED0005A00005A00005A0C095A00004B
:204CA0005A00001AD0005A00005A00005A0C095A00005A000013D0005A00005A00005A0CDC
:204CC000092830005A00005A0C085A00002830005A00005A0C085A00002B30005A00005AC8
:204CE0000C085A00002B30005A00005A0C085A00002B30005A00002630005A00005A0C08F6
:204D00005A00002630005A00005A0C085A00002430005A00002130005A00002430005A00BA
:204D2000002430005A00005A0C085A00002430005A00005A0C085A00002830005A00005A7B
:204D40000C085A00002830005A00002830005A00002130005A00002630005A00005A0C08B8
:204D60005A00002630005A00005A0C085A00002430005A00002B30005A00002A30005A004A
:204D8000002830005A00005A0C085A00002830005A00005A0C085A00002B30005A00005A10
:204DA0000C085A00002B30005A00005A0C085A00002B30005A00002630005A00005A0C0835
:204DC0005A00002630005A00005A0C085A00002430005A00002130005A00002430005A00FA
:204DE000002430005A00005A0C085A00002430005A00002630005A00002830005A00005AD3
:204E00000C085A00002830005A00002830005A00002130005A00002630005A00005A0C08F7
:204E20005A00002630005A00005A0C075A00002D30005A00002B30005A00002A30005A0081
:204E4000002890002820005A00005A00005A00005A00005A00005A00005A00005A00005A28
:204E600000005A00005A00005A00005A00005A00005A00005A00005A00005A00005A0000AE
:204E80005A00005A00005A00005A00005A00005A00005A00005A00005A00005A00005A0034
:204EA000005A00005A00005A00005A00005A00005A00005A00005A00005A00005A00005A14
:204EC00000005A00005A00005A00005A00005A00005A00005A00005A00005A00005A00004E
:204EE0005A00005A00005A00005A00005A00005A00005A00005A00005A00005A00005A00D4
:204F0000001C10005A00005A00005A00005A00005A00005A00005A00005A00005A00005AE1
:204F200000005A00005A00005A00005A00005A00005A00005A00005A00005A000010200017
:204F40005A00005A00005A00005A00005A00005A00005A00005A00005A00005A00005A0073
:204F6000005A00005A00005A00005A00005A00005A00005A00005A00005A00005A00005A53
:204F800000005A00005A00005A00005A00005A00005A00005A00005A00005A00005A00008D
:204FA0005A00005A00005A00005A00005A00005A00005A00005A00005A00005A00005A0013
:204FC0000010C0005A00005A00005A00005A00005A00005A00005A00005A00005A00005A7D
:204FE00000005A00005A0C095A00005A00005A00005A0C015A00005A00005A00005A0C00FF
:205000005A00005A00005A00005A00005A00005A00005A00005A00005A00005A00005A00B2
:20502000005A00005A00005A00005A00005A00005A00005A00005A00005A00005A00005A92
:2050400000005A00005A00005A00005A00005A00005A00005A00005A00005A00005A0000CC
:205060005A00005A00005A00005A00005A00005A00005A00005A00005A00005A00005A0052
:20508000005A00005A00005A00005A00005A00005A00005A00005A00005A00005A00005A32
:2050A00000005A00005A00005A00005A00005A00005A00005A00005A00005A00005A00006C
:2050C0005A00005A00005A00005A00005A00005A00005A00005A00005A00005A00005A00F2
:2050E000005A0D015A00005A00005A00005A00005A00005A00005A00005A00005A00005AC4
:2051000000005A00005A00005A00005A00005A00005A00005A00005A00005A00005A00000B
:205120005A00005A00005A00005A00005A00005A00005A00005A00005A00005A00005A0091
:20514000001092C00480005A00005A00000480005A00005A00005A00001092C00480005AE3
:2051600000005A00000780005A00005A00005A00001092C00280005A00005A00005A0C063C
:205180005A00000280005A00001092C00280005A0C065A00000980005A00005A00005A0C8C
:2051A000061092C00080005A00005A00000080005A00005A00005A00001092C00080005A89
:2051C00000005A00000080005A00005A00005A00001092C00280005A00005A00005A0C06E3
:2051E0005A00000280005A00001092C00280005A0C065A00000780005A00005A00005A003A
:20520000004400004420005A00005A00005A00005A00005A00005A00005A00005A00005ABC
:2052200000005A00005A00005A00005A00005A00005A00005A00005A00005A00005A0000EA
:205240005A00005A00005A00005A00005A00005A00005A00005A00005A00005A00005A1060
:20526000004300004320005A00005A00005A00005A00005A00005A00005A00005A00005A5E
:2052800000005A00005A00005A00005A00005A00005A00005A00005A00005A00005A00008A
:2052A0005A00005A00005A00005A00005A00005A00005A00005A00005A00005A00005A1000
:2052C000004200004100004000004040005A00005A00005A00005A00005A00005A00005A15
:2052E00000005A00005A00005A00005A00005A00005A00005A00005A00005A00005A00002A
:205300005A00005A00005A00005A00005A00005A00005A00005A00005A00005A00005A109F
:20532000004400004420005A00005A00005A00005A00005A00005A00005A00005A00005A9B
:2053400000005A00005A00005A00005A00005A00005A00005A00005A00005A00005A0000C9
:205360005A00005A00005A00005A00005A00005A00005A00005A00005A00005A00005A103F
:20538000003C00003C20005A00005A00005A00005A00005A00005A00005A00005A00005A4B
:2053A00000005A00005A00005A00005A00005A00005A00005A00005A00005A00005A000069
:2053C0005A00005A00005A00005A00005A00005A00005A00005A00005A00005A00005A10DF
:2053E000003400003420005A00005A00005A00005A00005A00005A00005A00005A00005AFB
:2054000000005A00005A00005A00005A00005A00005A00005A00005A00005A00005A000008
:205420005A00005A00005A00005A00005A00005A00005A00005A00005A00005A00005A107E
:20544000003C00003C20005A00005A00005A00005A00005A00005A00005A00005A00005A8A
:2054600000005A00005A00005A00005A00005A00005A00005A00005A00005A00005A0000A8
:205480005A00005A00005A00005A00005A00005A00005A00005A00005A00005A00005A101E
:2054A00000014001430140014301460149014901490149C14C814DC14C814D0140014341F7
:2054C0004EC140C143C140C143C146C149C149C149414B4151415141514151C140C1430175
:2054E0004F81418141414541458147814A814A814A014C814A814A814A814A81418141C1E6
:205500004F4142414281448144414881448144814481448144814481448144414241428174
:20552000500040B10000800080B10000800080F10000800030B80000C00070B80000C00078
:20554000B0B80000C00000B80000800040B80000800080B80000808020010000C0802002B8
:205560000000C08020030000C08020040000C08020050000C08020060000C00020070000B2
:205580008000200800008000200900008000200A00008000200B00008000200C0000800039
:2055A000200D00008091015270000091615260000091C15200000092215300000094815334
:2055C00000000094E153000000B1415400000088888888888888888888888888888888FF3E
:2055E000FF0000000000000000000000000000FFFFFFFF000000000000000000000000FFB1
:20560000FFFFFFFF0000000000000000000000FFFFFFFFFFFF00000000000000000000FF95
:20562000FFFFFFFFFFFF000000000000000000FFFFFFFFFFFFFFFF0000000000000000CCAC
:20564000CCCCCCCCCCCCCC3333333333333333AAAAAAAAAAAAAAAA55555555555555558E98
:20566000FFFEEFFFEEFFFFE100011000110001FFFFCCCCFFFFCCCC0000333300003333FE59
:20568000DCBA98765432100123456789ABCDEFFFFFBA98A987321034564567BCDECDEF8F33
:2056A00082887DEEED86CDD8DDD5D34556F531060040A154C154E154015521555755A55520
:0456C0000000CF55C2
:020000040034C6
:200000001E1F10005A00005A00005A00001F10005A00001710005A00005A00005A000017B0
:2000200010005A00005A00005A00001710005A00001A10005A00005A00005A00001A1000BF
:200040005A00001A10005A00005A00005A00001F10005A00005A00005A00001E10005A0049
:20006000001C10005A00005A00005A00001C10005A00001A10005A00005A00005A00001A6E
:2000800010005A00005A00005A00001710005A00001810005A00005A00005A000018100063
:2000A0005A00001E10005A00005A00005A00001E10005A00005A00005A00001E10005A00E6
:2000C000005A00005A00005A00005A00005A00005A00005A00005A00005A00005A00005A42
:2000E00000005A00005A00005A00005A00005A00005A00005A00005A00005A00005A00007C
:200100005A00005A00005A00005A00005A00005A00005A00005A00005A00005A00005A0001
:20012000005A00005A00005A00005A00005A00005A00005A00005A00005A00005A00005AE1
:2001400000005A00005A00005A00005A00005A00005A00005A00005A00005A00005A00001B
:200160005A00005A00005A00005A00005A00005A00005A00005A00005A00005A00005A00A1
:200180000005A18C1010005A00005A00005A00005A00005A00005A00005A00005A00005AE3
:2001A00000005A00005A00005A00005A00005A000000A1BD0B10005A00005A00005A0000F6
:2001C0005A00005A00005A00005A00005A00005A00005A00005A00005A00005A00005A0041
:2001E0000001A1B20C10005A00005A00005A00005A00005A00005A00005A00005A00005A65
:2002000000005A00005A00005A00005A00005A000001A1B20C10005A00005A00005A00009E
:200220005A00005A00005A000003A19F0E10005A00005A00005A00005A00005A00005A0033
:20024000001F20005A00005A00005A00001F20005A00001720005A00005A00005A0000175C
:2002600020005A00005A00005A00001720005A00001A20005A00005A00005A00001A20003D
:200280005A00001A20005A00005A00005A00001F20005A00005A00005A00001E20005A00D7
:2002A000001C20005A00005A00005A00001C20005A00001A20005A00005A00005A00001AFC
:2002C00020005A00005A00005A00001720005A00001820005A00005A00005A0000182000E1
:2002E0005A00001E20005A00005A00005A00001E20005A00005A00005A00001E20005A0074
:20030000005A00005A00005A00005A00005A00005A00005A00005A00005A00005A00005AFF
:2003200000005A00005A00005A00005A00005A00005A00005A00005A00005A00005A000039
:200340005A00005A00005A00005A00005A00005A00005A00005A00005A00005A00005A00BF
:20036000005A00005A00005A00005A00005A00005A00005A00005A00005A00005A00005A9F
:2003800000005A00005A00005A00005A00005A00003710005A00005A00005A00005A0000EC
:2003A0005A00005A00005A00005A00005A00005A00005A00005A00005A00005A00005A005F
:2003C000001F30005A00005A00005A00001F30005A00001730005A00005A00005A000017AB
:2003E00030005A00005A00005A00001730005A00001A30005A00005A00005A00001A30007C
:200400005A00001A30005A00005A00005A00001F30005A00005A00005A00001E30005A0025
:20042000001C30005A00005A00005A00001C30005A00001A30005A00005A00005A00001A4A
:2004400030005A00005A00005A00001730005A00001830005A00005A00005A00001830001F
:200460005A00001E30005A00005A00005A00001E30005A00005A00005A00001E30005A00C2
:20048000003B20005A00005A00005A00005A00005A00005A00005A00005A00005A00005A7D
:2004A00000005A00005A00005A00005A00005A00005A00005A00005A00005A00005A0000B8
:2004C0005A00005A00005A00005A00005A00005A00005A00005A00005A00005A00005A003E
:2004E000005A00005A00005A00005A00005A00005A00005A00005A00005A00005A00005A1E
:2005000000005A00005A00005A00005A00005A00005A00005A00005A00005A00005A000057
:200520005A00005A00005A00005A00005A00005A00005A00005A00005A00005A00005A00DD
:2005400000378C00378C00378C00378C00378C00378C01378C01378C01378C01378C0137C1
:200560008C01378C01378C01378C02378C02378C02378C02378C02378C02378C02378C023E
:20058000378C03378C03378C03378C03378C03378C03378C03378C03378C04378C04378CDA
:2005A00004378C04378C04378C04378C04378C04378C05378C05378C05378C05378C053735
:2005C0008C05378C05378C05378C06378C06378C06378C06378C06378C06378C06378C06B2
:2005E000378C07378C07378C07378C07378C07378C07378C07378C08378C08378C08378C51
:20060000081E30005A00005A00005A00005A00005A00005A00005A00005A00005A00005A00
:2006200000005A00005A00005A00005A00005A00005A00005A00005A00005A00005A000036
:200640005A00005A00005A00005A00005A00005A00005A00005A00005A00005A00005A00BC
:20066000005A00005A00005A00005A00005A00005A00005A00005A00005A00005A00005A9C
:2006800000005A00005A00005A00005A00005A00005A00005A00005A00005A00005A0000D6
:2006A0005A00005A00005A00005A00005A00005A00005A00005A00005A00005A00005A005C
:2006C000005A00005A00005A00005A00005A00005A00005A00005A00005A00005A00005A3C
:2006E00000005A00005A00005A00005A00005A0D015A00005A00005A00005A00005A000068
:200700005A00005A00005A00005A00005A00005A00005A00005A00005A00005A00005A00FB
:20072000005A00005A00005A00005A00005A00005A00005A00005A00005A00005A00005ADB
:2007400000005A00005A00005A00005A00005A00005A00005A00005A00005A00005A000015
:200760005A00005A00005A00005A00005A00005A00005A00005A00005A00005A00005A009B
:20078000003730005A00003730005A00003730005A00003730005A00003730005A0000375D
:2007A00030003730005A00003730003730005A00005A00005A00005A00005A00005A00005E
:2007C0005A00005A00005A00005A00005A00005A00005A00005A00005A00005A00005A003B
:2007E000005A00005A00005A00005A00005A00005A00005A00005A00005A00005A00005A1B
:2008000000005A00005A00005A00005A00005A00005A00005A00005A00005A00005A000054
:200820005A00005A00005A00005A00005A00005A00005A00005A00005A00005A00005A00DA
:20084000003022695A00001010005A00003022695A00001010005A00003022695A00001055
:2008600010005A00003022695A00001010005A00003022695A00000B10005A00003022693A
:200880005A00000B10005A00003022695A00000B10005A00003022695A00000B10005A0075
:2008A000003022695A00000C10005A00003022695A00000C10005A00003022695A00000C01
:2008C00010005A00003022695A00000C10005A00003022695A00000C10005A0000302269DD
:2008E0005A00000C10005A00003022695A00000E10005A00003022695A00000E10005A000E
:20090000003720005A00005A00005A00001340005A00005A00005A00001340005A00005A0A
:2009200000005A00001340005A00005A00005A00001340005A00005A00005A000013400048
:200940005A00005A00005A00001340005A00005A00005A00001340005A00005A00005A00C7
:20096000001340005A00005A00005A00001340005A00005A00005A00001340005A00005AAE
:2009800000005A00001340005A00005A00005A00001340005A00005A00005A0000134000E8
:2009A0005A00005A00005A00001340005A00005A00005A00001340005A00005A00005A0067
:2009C000001340005A00005A00005A00001340005A00005A00005A00001340005A00005A4E
:2009E00000005A00001340005A00005A00005A00001340005A00005A00005A000013400088
:200A00005A00005A00005A00001340005A00005A00005A00001340005A00005A00005A0006
:200A2000001340005A00005A00005A00001340005A00005A00005A00001340005A00005AED
:200A400000005A00001340005A00005A00005A00001340005A00005A00005A000013400027
:200A60005A00005A00005A00001340005A00005A00005A00001340005A00005A00005A00A6
:200A8000005A00005A00005A00005A00002810005A00005A00005A00005A00005A00005A9A
:200AA00000005A00002810005A00005A00005A00005A00005A00005A00005A0000231000FB
:200AC0005A00005A00005A00005A00005A00005A00005A00002310005A00005A00005A005F
:200AE000005A00005A00005A00005A00002410005A00005A00005A00005A00005A00005A3E
:200B000000005A00002410005A00005A00005A00005A00005A00005A00005A00002410009D
:200B20005A00005A00005A00005A00005A00005A00005A00002610005A00005A00005A00FB
:200B4000003720005A00005A00005A00002B30005A00005A00005A00001340005A00005AC0
:200B600000005A00002B30005A00005A00005A00001340005A00005A00005A00002B3000F6
:200B80005A00005A00005A00001340005A00005A00005A00002B30005A00005A00005A007D
:200BA000001340005A00005A00005A00002B30005A00005A00005A00001340005A00005A64
:200BC00000005A00002B30005A00005A00005A00001340005A00005A00005A00002B300096
:200BE0005A00005A00005A00001340005A00005A00005A00002B30005A00005A00005A001D
:200C0000001340005A00005A00005A00002B30005A00005A00005A00001340005A00005A03
:200C200000005A00002B30005A00005A00005A00001340005A00005A00005A00002B300035
:200C40005A00005A00005A00001340005A00005A00005A00002B30005A00005A00005A00BC
:200C6000001340005A00005A00005A00002B30005A00005A00005A00001340005A00005AA3
:200C800000005A00002B30005A00005A00005A00001340005A00005A00005A00002B3000D5
:200CA0005A00005A00005A00001340005A00005A00005A00002B30005A00005A00005A005C
:200CC000001C30005A00005A00005A00001A30005A00001730005A00001C30005A00005A75
:200CE00000005A00001A30005A00001730005A00005A00005A00005A00005A0000133000AA
:200D00005A00001030005A00001730005A00005A00005A00001330005A00001030005A0053
:200D2000001C30005A00005A00005A00001A30005A00001730005A00001330005A00001760
:200D400030005A00001A30005A00001330005A00001A30005A00001A30001A30005A000036
:200D60001A30001A30005A00001C30005A00005A00005A00001A30005A00005A00005A00D3
:200D8000005A00005A00005A00005A00005A00005A0C095A00005A00005A0C045A00005A50
:200DA00000005A0C005A00005A00005A00005A00005A00005A00005A00005A00005A0000A3
:200DC0005A00005A00005A00005A00005A00005A00005A00005A00005A00005A00005A0035
:200DE000005A00005A00005A00005A00005A00005A00005A00005A00005A00005A00005A15
:200E000000005A00005A00005A00005A00005A00005A00005A00005A00005A00005A00004E
:200E20005A00005A00005A00005A00005A00005A00005A00005A00005A00005A00005A00D4
:200E4000005A09805A09805A09405A09405A09005A09005A60005A00005A00005A00005A9E
:200E600000005A00005A00005A00005A00005A00005A00005A00005A00005A00005A0000EE
:200E80005A00005A00005A00005A00005A00005A00005A00005A00005A00005A00005A1064
:200EA000005A01005A01005A01005A01005A01005A01005A01005A02F05A02F05A02085A5F
:200EC00002085A02045A00005A00005A00005A0000DA00005A00005A00005A00005A0000FE
:200EE0005A00005A00005A00005A00005A00005A00005A00005A00005A00005A00005A1004
:200F0000005A01005A01005A02005A01005A01035A01005A01005A01005A01005A01005AE5
:200F200001005A01005A01005A01005A01005A0100DA00005A00005A00005A00005A0000A7
:200F40005A00005A00005A00005A00005A00005A00005A00005A00005A00005A00005A10A3
:200F6000004400004420005A00005A00005A00005A00005A00005A00005A00005A00005A9F
:200F800000005A00005A00005A00005A00005A00005A00005A00005A00005A00005A0000CD
:200FA0005A00005A00005A00005A00005A00005A00005A00005A00005A00005A00005A1043
:200FC0000001404142C143C1430146C143C143C143C1430146C14CC14CC14CC14CC140C1B1
:200FE00040C140C140C140C140C140C140814A814AC140814A814A814AC140C1408141816E
:201000004181418141C1464148414841484148C1464148414841488141814DC140014381E8
:2010200044414581470149C149414B014C8147414B014C014CC140C1400882F200008008FD
:2010400082F2414E800842F20000803F20000000803F4002A14E803F2003014F800020042C
:201060000000803F40050000803F20060000803F200A0000803F20000000803F20000000E0
:20108000803F20000000800F00003F0000B400003F0000D1000035000091614F6000009871
:2010A00000003F0000F800003F0000F800003F0000F700007300008DFEA621000001358A07
:2010C000CEFFFFFED951028DFEA621000001358ACEFFFFFED951028CEFFEEFFFEEFFEC735F
:1C10E00010011000110013060040C14FDF4FFD4F1B5039504B5087500000B75072
:020000040032C8
:20C000001C111C2F1110001D10001D10001B10001B10001810001810005A00005A000014BF
:20C0200010001410001310001310000F10000F10001110001110005A00001B10001B100056
:20C040005A00001810001810005A00005A00000C10000C10000F10000F10001310001310C6
:20C06000001110001110001B10001B10001D10001D10001810001810005A00005A000013B7
:20C0800010001310001410001410001610001610001B10001B10005A00001D10001D1000CF
:20C0A0005A00001810001810005A00005A00001D10001D100014100014100013100013103A
:20C0C00000112C005A00005A00005A0000114C005A00005A00005A0000113C015A00005AA8
:20C0E00000005A0000115C015A00005A00005A00000F2C015A00005A00005A00000F4C01C4
:20C100005A00005A00005A00000F3C025A00005A00005A00000F5C025A00005A00005A003B
:20C12000000C2C035A00005A00005A00000C4C035A00005A00005A00000C3C045A00005A4D
:20C1400000005A00000C5C045A00005A00005A00000F2C065A00005A00005A00000F4C065B
:20C160005A00005A00005A00000F3C075A00005A00005A00000F5C085A00005A00005A00D0
:20C1800000111C0F5A00005A00005A00005A00005A00005A00005A00005A00005A00005ADF
:20C1A00000005A00005A00005A00005A00005A00000F10005A00005A00005A00005A000036
:20C1C0005A00005A00005A00005A00005A00005A00005A00005A00005A00005A00005A0081
:20C1E000000C10005A00005A00005A00005A00005A00005A00005A00005A00005A00005A9F
:20C2000000005A00005A00005A00005A00005A00000F10005A00005A00005A00005A0000D5
:20C220005A00005A00005A00005A00005A00005A00005A00005A00005A00005A00005A0020
:20C24000002615775A08FF5A00005A0000232C015A00005A00005A00005A00005A00005AAB
:20C2600000005A00005A00005A00005A00005A00005A00005A00005A00005A00005A00003A
:20C280005A00005A00005A00005A00005A00005A00005A00005A00005A00005A00005A00C0
:20C2A000005A00005A00005A00005A00005A00005A00005A00005A00005A00005A00005AA0
:20C2C00000005A00005A00005A00005A00005A00005A00005A00005A00005A00005A0000DA
:20C2E0005A00005A00005A00005A00005A00005A00005A00005A00005A00005A00005A0060
:20C3000000112C095A00005A00005A0000114C095A00005A00005A0000113C095A00005A4B
:20C3200000005A0000115C095A00005A00005A00000F2C095A00005A00005A00000F4C0969
:20C340005A00005A00005A00000F3C095A00005A00005A00000F5C095A00005A00005A00EB
:20C36000000C2C095A00005A00005A00000C4C095A00005A00005A00000C3C095A00005AFA
:20C3800000005A00000C5C095A00005A00005A00000F2C095A00005A00005A00000F4C090E
:20C3A0005A00005A00005A00000F3C095A00005A00005A00000F5C095A00005A00005A008B
:20C3C000005A00005A00005A00005A00005A00005A00005A00005A00005A00005A00005A7F
:20C3E00000005A00005A00005A00005A00005A000029CC045A00002ACC045A00002BCC04D9
:20C400005A00002CCC045A00002DCC055A00002ECC055A00002FCC055A000030CC055A0006
:20C420000031CC065A000032CC065A000033CC065A000034CC065A000035CC775A0000367A
:20C44000CC075A000038CC075A00003ACC075A00005A00005A00005A00005A00005A000021
:20C460005A00005A00005A00005A00005A00005A00005A00005A00005A00005A00005A00DE
:20C4800000112C0F5A00005A00005A00001120005A00005A00005A00001120005A00005A1E
:20C4A00000005A00001120005A00005A00005A00000F20005A00005A00005A00000F200077
:20C4C0005A00005A00005A00000F20005A00005A00005A00000F20005A00005A00005A00D4
:20C4E000000C20005A00005A00005A00000C20005A00005A00005A00000C20005A00005AE8
:20C5000000005A00000C20005A00005A00005A00000F20005A00005A00005A00000F20001B
:20C520005A00005A00005A00000F20005A00005A00005A00000F20005A00005A00005A0073
:20C54000002B1C2F5A00002B40002B40001350005A00002B40005A00001350005A00002BCB
:20C5600040002B40001350005A00002B40005A00001350005A00002B40002B400013500098
:20C580005A00002B40005A00001350005A00002B40002B40001350005A00002B40005A0067
:20C5A000001350005A00002B40002B40001350005A00002B40005A00001350005A00002B7E
:20C5C00040002B40001350005A00002B40005A00001350005A00002B40002B400013500038
:20C5E0005A00002B40005A00001350005A00002B40002B40001350005A00002B40005A0007
:20C6000000112C0F5A00001120005A00001120005A00001120005A00001120005A00001137
:20C6200020005A00001120005A00001120005A00000F20005A00000F20005A00000F200029
:20C640005A00000F20005A00000F20005A00000F20005A00000F20005A00000F20005A00D3
:20C66000000C20005A00000C20005A00000C20005A00000C20005A00000C20005A00000C10
:20C6800020005A00000C20005A00000C20005A00000F20005A00000F20005A00000F2000D3
:20C6A0005A00000F20005A00000F20000F20000F20000F20000F20000F20000F20000F201F
:20C6C000002610005A00001350005A00001350005A00001350005A00001350005A000013C3
:20C6E00050005A00001350005A00001350005A00001350005A00001350005A000013500039
:20C700005A00001350005A00001350005A00001350005A00001350005A00001350005A000E
:20C72000002610005A00001350005A00001350005A00001350005A00001350005A00001362
:20C7400050005A00001350005A00001350005A00001350005A00001350005A0000135000D8
:20C760005A00001350005A000013500013500013500013500013500013500013500013508A
:20C7800000157C08056C085A00005A00005A00005A00005A00005A0000056C485A00005AFE
:20C7A00000005A00005A00005A00005A00005A00005A00005A00005A00005A00005A0000F5
:20C7C0005A00005A00005A00005A00005A00005A00005A00005A00005A00005A00005A007B
:20C7E000005A00005A00005A00005A00005A00005A00005A00005A00005A00005A00005A5B
:20C8000000005A00005A00005A00005A00005A00005A00005A00005A00005A00005A000094
:20C820005A00005A00005A00005A00005A00005A00005A00005A00005A00005A00005A001A
:20C8400000112C095A00005A00005A0000114C075A00005A00005A0000113C055A00005A0C
:20C8600000005A0000115C035A00005A00005A00005A00005A00005A00005A00005A00001E
:20C880005A00005A00005A00005A00005A00005A00005A00005A00005A00005A00005A00BA
:20C8A000005A00005A00005A00005A00005A00005A00005A00005A00005A00005A00005A9A
:20C8C00000005A00005A00005A00005A00005A00005A00005A00005A00005A00005A0000D4
:20C8E0005A00005A00005A00005A00005A00005A00005A00005A00005A00005A00005A005A
:20C90000002930005A00005A00005A0000293C085A0000181C005A0000293C025A0C021874
:20C920001C005A0000293C02181C005A00005A00005A00005A00005A00005A00005A000070
:20C940005A00005A00005A00005A00005A00005A00005A00005A00005A00005A00005A00F9
:20C96000005A00005A00005A00005A00005A00005A00005A00005A00005A00005A00005AD9
:20C9800000005A00005A00005A00005A00005A00005A00005A00005A00005A00005A000013
:20C9A0005A00005A00005A00005A00005A00005A00005A00005A00005A00005A00005A0099
:20C9C000002A10005A00005A00005A00005A00005A00005A00005A00005A00005A00005A99
:20C9E00000005A00005A00005A00005A00005A0D015A00005A00005A00005A00005A0000A5
:20CA00005A00005A00005A00005A00005A00005A00005A00005A00005A00005A00005A0038
:20CA2000005A00005A00005A00005A00005A00005A00005A00005A00005A00005A00005A18
:20CA400000005A00005A00005A00005A00005A00005A00005A00005A00005A00005A000052
:20CA60005A00005A00005A00005A00005A00005A00005A00005A00005A00005A00005A00D8
:20CA800000057C0D056C0A5A00005A000005CC0A056C0A5A00005A0000057C0D056C4A5A2C
:20CAA00000005A00005A00005A00005A00005A0000037C0D036C0A5A00005A000003CC0A22
:20CAC000036C0A5A00005A0000037C0D036C4A5A00005A0000037C07036C345A00005A0053
:20CAE00000007C0D006C0A5A00005A000000CC0A006C0A5A00005A0000007C0D006C4A5AEA
:20CB000000005A00005A00005A00005A00005A0000037C0D036C0A5A00005A000003CC0AC1
:20CB2000036C0A5A00005A0000037C0D036C4A5A00005A0000037C07036C345A00005A00F2
:20CB4000001140001170001150005A00001140001170001150005A000011400011700011D8
:20CB600061255A01265A00001D3C091D40005A00000F40000F70000F50005A00000F400065
:20CB80000F70000F50005A00000F40000F70000F612A5A012B5A00001B3C091B40005A0000
:20CBA000000C40000C70000C50005A00000C40000C70000C50005A00000C40000C70000CA5
:20CBC00061315A01325A0000183C091840005A00000F40000F70000F50005A00000F4000F7
:20CBE0000F70000F50005A00001440005A00005A0C065A00001340005A00000F40005A0033
:20CC0000002A10005A00005A00005A00005A00005A00002B4C095A00003160005A00005AF9
:20CC200000005A00005A00005A00002B4C095A000029A0005A00002B4C092B4C095A00008F
:20CC40002B4C093160005A00005A00005A00005A00005A000029A0005A00002B4C095A0004
:20CC6000001350005A00002B4C092B4C095A00005A00002B4C095A00003160005A00005A24
:20CC800000005A00005A00005A00002B4C095A000029A0005A00002B4C092B4C095A00002F
:20CCA0002B4C093160005A00005A00005A00005A00005A000029A0005A00002B4C095A00A4
:20CCC00000118C095A00005A00005A00005A00005A00005A00005A0000118C695A00005A7E
:20CCE00000005A00005A0CF35A00005A00005A00000F8C095A00005A00005A00005A000067
:20CD00005A00005A00005A00000F8C695A00005A00005A00005A0CF35A00005A00005A008C
:20CD2000000C8C095A00005A00005A00005A00005A00005A00005A00000C8C695A00005A27
:20CD400000005A00005A0CF35A00005A00005A00000F8C095A00005A00005A00005A000006
:20CD60005A00005A00005A00000F8C695A00005A00005A00005A0CF35A00005A00005A002C
:20CD8000001355775A00002B4C092B4C095A00005A00002B4C095A00003160005A00005A87
:20CDA00000005A00005A00005A00002B4C095A000029A0005A00002B4C092B4C095A00000E
:20CDC0002B4C093160005A00005A00005A00005A00005A000029A0005A00002B4C095A0083
:20CDE000001350005A00002B4C092B4C095A00005A00002B4C095A00003160005A00005AA3
:20CE000000005A00005A00005A00002B4C095A000029A0005A00002B4C092B4C095A0000AD
:20CE20002B4C093160005A00005A00005A00005A00005A000029A0005A00002B4C095A0022
:20CE400000119C2F1190001D90001D90001B90001B9000189000189000118C695A00005A9B
:20CE600000005A00005A0CF35A00005A00005A00001190001190005A00001B90001B9000FF
:20CE80005A00001890001890000F8C695A00005A00005A00005A0CF35A00005A00005A006F
:20CEA000001190001190001B90001B90001D90001D90001890001890000C8C695A00005A7B
:20CEC00000005A00005A0CF35A00005A00005A00001B90001B90005A00001D90001D900087
:20CEE0005A00001890001890000F6C695A00005A00005A00005A0CF35A00005A00005A002F
:20CF0000001D80005A00005A00005A00005A00005A00005A00005A00002783305A000020AA
:20CF200083305A00001F83305A00001B83305A00001D83305A00005A00005A00005A000058
:20CF40005A00002483305A00005A00005A00001883685A00001B83305A00001F83305A00E1
:20CF6000001D83305A00005A00005A00005A00005A00001883305A00001B83305A00001FB3
:20CF800083305A00002083305A00002283305A00001D83305A00005A00005A00005A0000F0
:20CFA0005A00002483305A00002983305A00005A00005A00002083305A00001F83305A00A3
:20CFC00000116C075A00005A00005A00005A00005A00005A00005A0000116C675A00005ABF
:20CFE00000005A00005A0CF15A00005A00005A00000F6C075A00005A00005A00005A000088
:20D000005A00005A00005A00000F6C675A00005A00005A00005A0CF15A00005A00005A00AD
:20D02000000C6C075A00005A00005A00005A00005A00005A00005A00000C6C675A00005A68
:20D0400000005A00005A0CF15A00005A00005A00000F6C075A00005A00005A00005A000027
:20D060005A00005A00005A00000F6C675A00005A00005A00005A0CF15A00005A00005A004D
:20D08000002990005A00005A00005A0000194C005A00005A00005A00003390005A00002C0D
:20D0A00090005A00002B90005A00002790005A00002990005A00005A00005A0000194C0034
:20D0C0005A00003090005A00005A00005A00002490005A00002790005A00002B90005A00F4
:20D0E000002990005A00005A00005A0000194C005A00002490005A00002790005A00002B60
:20D1000090005A00002C90005A00002E90005A00002990005A00005A00005A0000194C00CB
:20D120005A00003090005A00003590005A00005A00005A00002C90005A00002B90005A007D
:20D14000002990005A00005A00005A0000194C005A00005A00005A00005A00005A00005A87
:20D1600000005A00005A00005A00005A00005A00005A00005A00005A00005A00005A00002B
:20D180005A00005A00005A00005A00005A00005A00005A00005A00005A00005A00005A00B1
:20D1A000005A00005A00005A00005A00005A00005A00005A00005A00005A00005A00005A91
:20D1C00000005A00005A00005A00005A00005A00005A00005A00005A00005A00005A0000CB
:20D1E0005A00005A00005A00005A00005A00005A00005A00005A00005A00005A00005A0051
:20D20000000D4C005A00005A00005A00005A00005A00005A00005A00005A00005A00005A31
:20D2200000005A00005A00005A00005A00005A00005A00005A00005A00005A00005A00006A
:20D240005A00005A00005A00005A00005A00005A00005A00005A00005A00005A00005A00F0
:20D26000005A00005A00005A00005A00005A00005A00005A00005A00005A00005A00005AD0
:20D2800000005A00005A00005A00005A00005A00005A00005A00005A00005A00005A00000A
:20D2A0005A00005A00005A00005A00005A00005A00005A00005A00005A00005A00005A0090
:20D2C00000111C2F1110001D10001D10001B10001B1000181000181000118C665A00005A1A
:20D2E00000005A00005A0CF15A00005A00005A00001110001110005A00001B10001B10007D
:20D300005A00001810001810000F8C665A00005A00005A00005A0CF15A00005A00005A00EF
:20D32000001110001110001B10001B10001D10001D10001810001810000C8C665A00005AF9
:20D3400000005A00005A0CF05A00005A00005A00001B10001B10005A00001D10001D100005
:20D360005A00001810001810000F6C665A00005A00005A00005A0CF15A00005A00005A00AF
:20D38000003009C02409802409403000002400002409003009402400002409003009402492
:20D3A000000024090030090024094024000030090024090024094030000024090024090019
:20D3C00030094024090024094030090024090024090030094024090024090030090024195E
:20D3E0000030094024090024000030000024000024000030000024094024090030000024CD
:20D400000000240940300900240940240900300000240940240940300900240940240940AF
:20D420003009402409002409403009002409402409403009402409402409403009402419BD
:20D440004030000024000024000030000024000024000030000024000024000030000024D0
:20D46000000024000030000024000024000030000024000024000030000024000024000020
:20D480003000002400002400003000002400002400003000002400002400003000002410C0
:20D4A0000030000024000024000030000024000024000030000024000024000030000024B0
:20D4C0000000240000300000240000240000300000240000240000300000240000240000C0
:20D4E000300000240000240000300000240000240000300000240000240000300000241060
:20D50000003500003100002C00002800002300001F00002400002400002400005A00005AEF
:20D5200000005A00005A00005A00005A00005A00005A00005A00005A00005A00005A000067
:20D540005A00005A00005A00005A00005A00005A00005A00005A00005A00005A00005A10DD
:20D56000000E09402400005A09005A09405A00005A09005A09405A00005A09005A09405A10
:20D5800000005A09005A09405A00005A09005A09405A00005A09005A09405A00005A090008
:20D5A0005A09405A00005A09005A09405A00005A09005A09405A00005A09005A09405A103E
:20D5C000005A00005A09405A00005A00005A0C005A00005A00005A00005A00005A00005A18
:20D5E00000005A00005A00005A00005A00005A00005A00005A00005A00005A00005A0000A7
:20D600005A00005A00005A00005A00005A00005A00005A00005A00005A00005A00005A101C
:20D62000003000002A00002400005A00005A00005A00005A00005A00005A00005A00005A9C
:20D6400000005A00005A00005A00005A00005A00005A00005A00005A00005A00005A000046
:20D660005A00005A00005A00005A00005A00005A00005A00005A00005A00005A00005A10BC
:20D68000003500003100002C00002800002300001F00002400002400002400005A90005ADE
:20D6A00000005A00005A00005A00005A00005A00005A00005A00005A00005A00005A0000E6
:20D6C0005A00005A00005A00005A00005A00005A00005A00005A00005A00005A00005A105C
:20D6E000005A00005A00005A00005A00005A0C095A00005A00005A00005A0C065A00005A25
:20D7000000005A00005A0C035A00005A00005A00005A0C005A00005A00005A00005A00006A
:20D720005A00005A00005A00005A00005A00005A00005A00005A00005A00005A00005A10FB
:20D74000005A08BF2408FF5A00005A00005A00005A00005A00005A00005A00005A00005A53
:20D7600000005A00005A00005A00005A00005A00005A00005A00005A00005A00005A000025
:20D780005A00005A00005A00005A00005A00005A00005A00005A00005A00005A00005A109B
:20D7A000005A08FB5A08FF5A00005A00005A00005A00005A0C095A00005A0C035A0C095A48
:20D7C0000C0F5A00005A00005A00005A00005A00005A00005A00005A00005A00005A0000AA
:20D7E0005A00005A00005A00005A00005A00005A00005A00005A00005A00005A00005A103B
:20D80000005A0C0F5A00005A00005A00005A00005A00005A00005A00005A00005A00005A0F
:20D8200000005A00005A00005A00005A0C095A0C035A00005A00005A00005A00005A000040
:20D840005A00005A00005A00005A00005A00005A00005A00005A00005A00005A00005A10DA
:20D86000005A00005A00005A00005A00005A00005A00005A00005A00005A00005A00005ACA
:20D8800000005A00005A00005A00005A00005A00005A00005A00005A00005A00005A000004
:20D8A0005A00005A00005A00005A00005A00005A00005A00005A00005A00005A00005A107A
:20D8C000005A05775A00005A00005A05765A00005A00005A05755A00005A00005A05745A80
:20D8E00000005A00005A05755A00005A05765A00005A05775A00005A00005A05675A0000C7
:20D900005A00005A05575A00005A00005A05475A00005A05575A00005A05675A00005A10A9
:20D9200000180C0F2408BF5A08FF5A00005A00005A00005A00005A00005A0C095A00005A83
:20D9400000005A00005A00005A00005A00005A00005A0C035A00005A00005A00005A000034
:20D960005A00005A00005A00005A00005A00005A00005A00005A00005A00005A00005A10B9
:20D98000002B09402F09002F00002F00005A00005A00005A00005A00005A00005A00005A07
:20D9A00000005A00005A00005A00005A00005A00005A00005A00005A00005A00005A0000E3
:20D9C0005A00005A00005A00005A00005A00005A00005A00005A00005A00005A00005A1059
:20D9E000002D00002200002700002400002400002400002400002400002400002400002491
:20DA00000000240000240000240000240000240000DA00005A00005A00005A00005A000010
:20DA20005A00005A00005A00005A00005A00005A00005A00005A00005A00005A00005A10F8
:20DA40000018094030090025000024000024000024000024000024000024000024000024E7
:20DA60000000240000240000240000240000240000DA00005A00005A00005A00005A0000B0
:20DA80005A00005A00005A00005A00005A00005A00005A00005A00005A00005A00005A1098
:20DAA000003009402D29005A00005A00005A00005A00005A00005A00005A00005A00005A6D
:20DAC00000005A00005A00005A00005A00005A00005A00005A00005A00005A00005A0000C2
:20DAE0005A00005A00005A00005A00005A00005A00005A00005A00005A00005A00005A1038
:20DB0000004300003B00003600005A00005A00005A00005A00005A00005A00005A00005A81
:20DB200000005A00005A00005A00005A00005A00005A00005A00005A00005A00005A000061
:20DB40005A00005A00005A00005A00005A00005A00005A00005A00005A00005A00005A10D7
:20DB6000001D087F1908FF2400005A00005A00005A00005A00005A00005A00005A00005AED
:20DB800000005A00005A00005A00005A00005A00005A00005A00005A00005A00005A000001
:20DBA0005A00005A00005A00005A00005A00005A00005A00005A00005A00005A00005A1077
:20DBC000002D00002400002900005A00005A00004400002F00005A00005A00005A00005A3C
:20DBE00000005A00005A00005A00005A00005A00005A00005A00005A00005A00005A0000A1
:20DC00005A00005A00005A00005A00005A00005A00005A00005A00005A00005A00005A1016
:20DC20000001400140014001408147814A814A814A814A814A814A814A814A0152C140016B
:20DC400043014301434148C14CC14C414E414EC14FC14FC152C15201528141814181440155
:20DC6000460149414B414B414B414B014F014F8150815041514142C1434145C146C14901F1
:20DC80004C814D814D814D014C814D814D814D015208B0F00000C008FFF0815380083FF0DA
:20DCA000E15380083FF0415480087FF0A1548008BFF00000800CBFF3015580083FF06155C0
:20DCC0008008AEF1C155C0083FF0000080083FF000008008BFF02156803F20000000803F0D
:20DCE00020008156803F2001E156803F20024157803F2003A157803F20020158803F2004A6
:20DD0000615880002005C158803F2006215980D281593F000030E1593F000022415A3F001D
:20DD200000C1A15A760000C1015B630000C1615B3F0000F800003F0000F800003F0000F80F
:20DD400000003F000091C15B660000F800003F0000F800003F00009BDEEFFFFFFDCBA965C7
:20DD600032110000013578FFF8AAA98FF444699FFFFF444777EE8CFE10114E22AAA12EE235
:20DD8000333369ACDD8800EBA889997987643208873369ACDD8800FCB888ABB943A12EE288
:20DDA000333369ACDD88008BBEF556EF55FD5555415400000451441568ACDCA85322246729
:1CDDC0009CDEEEEDBA8630060040215C3D5C595C755C915CD95C0F5D0000575D5E
:020000040033C7
:20800000202910005A00005A00002910005A00002910002510005A00002C10002510005A2D
:2080200000003110002A10005A00002C10002910005A00002C10005A00005A000029100073
:208040002C10005A00002510002910005A00005A00002910005A00002910002510005A000D
:20806000002C10003110005A00002C10002A10005A00002910002710005A00005A00002510
:2080800010005A00005A00005A00005A00002510005A00005A00005A00005A00005A000071
:2080A0005A00005A00005A00005A00005A00005A00005A00005A00005A00005A00005A00E2
:2080C000001CB0005A00005A00005A00005A00005A00005A00005A00005A00005A00005A50
:2080E00000005A00005A00005A00005A00005A00005A00005A00005A00005A00005A0000FC
:208100005A00005A00005A00005A00005A00005A00005A00005A00005A00005A00005A0081
:20812000005A00005A00005A00005A00005A00005A00005A00005A00005A00005A00005A61
:2081400000005A00005A00005A00005A00005A00005A00005A00005A00005A00005A00009B
:208160005A00005A00005A00005A00005A00005A00005A00005A00005A00005A00005A0021
:20818000000DA00014A00019A0000DA00014A00019A0000DA00014A00019A0000DA00014D0
:2081A000A00019A00011A00014A0001DA00011A00014A0001DA00011A00014A0001DA00000
:2081C00011A00014A0001DA00012A00016A0001EA00012A00016A0001EA00012A00016A0C9
:2081E000001EA00012A00016A0001EA00014A00018A00020A00014A00018A00020A000142F
:20820000A00018A00020A00014A00018A00020A0005A00005A00005A00005A00005A000058
:208220005A00005A00005A00005A00005A00005A00005A00005A00005A00005A00005A0060
:20824000001E50005A00005A00005A00005A00005A00005A00005A00005A00005A00005A2C
:2082600000005A00005A00005A00005A00005A00005A00005A00005A00005A00005A00007A
:208280005A00005A00005A00005A00005A00005A00005A00005A00005A00005A00005A0000
:2082A000005A00005A00005A00005A00005A00005A00005A00005A00005A00005A00005AE0
:2082C00000005A00005A00005A00005A00005A0D015A00005A00005A00005A00005A00000C
:2082E0005A00005A00005A00005A00005A00005A00005A00005A00005A00005A00005A00A0
:20830000002920005A00005A00002920005A00002920002520005A00002C20002520005AEA
:2083200000003120002A20005A00002C20002920005A00002C20005A00005A000029200010
:208340002C20005A00002520002920005A00005A00002920005A00002920002520005A00AA
:20836000002C20003120005A00003320003520005A00003620003520005A0000312000337B
:2083800020005A00003120003320005A00003520005A00005A00005A00005A00005A00004E
:2083A0005A00005A00005A00005A00005A00005A00005A00005A00005A00005A00005A00DF
:2083C000005A00005A00005A00005A00005A00005A00005A00005A00005A00005A00005ABF
:2083E00000005A00005A00005A00005A00005A00005A00005A00005A00005A00005A0000F9
:208400005A00005A00005A00005A00005A00005A00005A00005A00005A00005A00005A007E
:20842000005A00005A00005A00005A00005A00005A00005A00005A00005A00005A00005A5E
:2084400000005A00005A00005A00005A00005A00005A00005A00005A00005A00005A000098
:208460005A00005A00005A00005A00005A00005A00005A00005A00005A00005A00005A001E
:20848000005A00005A00005A00005A00005A00005A00005A00005A00005A00005A00005AFE
:2084A00000005A00005A00005A00005A00005A00005A00005A00005A00005A00005A000038
:2084C0005A00005A00005A00005A00005A00005A00005A00005A00005A00005A00005A00BE
:2084E000005A00005A00005A00005A00005A00005A00005A00005A00005A00005A00005A9E
:2085000000005A00005A00005A00005A00005A0D015A00005A00005A00005A00005A0000C9
:208520005A00005A00005A00005A00005A00005A00005A00005A00005A00005A00005A005D
:20854000003190005A00005A00003560005A00003560003660005A00003660003560005AAD
:2085600000003560003160005A00003160003560005A00003560003660005A0000366000E0
:208580003860005A00003860003160005A00003160003560005A00003560003660005A0061
:2085A000003660003560005A00003560003160005A00003160003560005A0000356000366B
:2085C00060005A00003660002F60005A00003060005A00005A00005A00005A00005A000010
:2085E0005A00005A00005A00005A00005A00005A00005A00005A00005A00005A00005A009D
:20860000001E50005A00005A00001D10005A00001D10001D10005A00001D10001D10005A49
:2086200000001D10001D40005A00005A00001D10005A00001D10001D10005A00001D100094
:208640001D10005A00001D10001D40005A00005A00001D10005A00001D10001D10005A001A
:20866000001D10001D10005A00001D10001D40005A00005A00001D10005A00001D10001D37
:2086800010005A00001D10001D10005A00001D1D015A00005A00005A00005A00005A0000BF
:2086A0005A00005A00005A00005A00005A00005A00005A00005A00005A00005A00005A00DC
:2086C000003160005A00003160003560005A00003560003660005A00003660003560005A25
:2086E00000003560003160005A00003160003560005A00003560003660005A00003660005F
:208700003860005A00003860003160005A00003160003560005A00003560003660005A00DF
:20872000003660003560005A00003560003160005A00003160003560005A000035600036E9
:2087400060005A00003660002F60005A00003060005A00005A00005A00005A00005A00008E
:208760005A00005A00005A00005A00005A00005A00005A00005A00005A00005A00005A001B
:20878000001D40005A00001D10001D10005A00001D10001D10005A00001D10001D10005A06
:2087A00000001D10001D40005A00005A00001D10005A00001D10001D10005A00001D100013
:2087C0001D10005A00001D10001D40005A00005A00001D10005A00001D10001D10005A0099
:2087E000001D10001D10005A00001D10001D40005A00005A00001D10005A00001D10001DB6
:2088000010005A00001D10001A70005A00001D1D015A00005A00005A00005A00005A0000E0
:208820005A00005A00005A00005A00005A00005A00005A00005A00005A00005A00005A005A
:20884000003190005A00005A00003560005A00003560003660005A00003660003560005AAA
:2088600000003560003160005A00003160003560005A00003560003660005A0000366000DD
:208880003860005A00003860003160005A00003160003560005A00003560003660005A005E
:2088A000003660003560005A00003560003160005A00003160003560005A00003560003668
:2088C00060005A00003660003860005A00003860005A00005A00005A00005A00005A0000FC
:2088E0005A00005A00005A00005A00005A00005A00005A00005A00005A00005A00005A009A
:20890000001CB0005A00005A00005A00005A00001CB0005A00005A00001CB0005A00005A23
:2089200000005A00001CB0005A00005A00005A00005A00001CB0005A00005A00001CB0005D
:208940005A00005A00005A00001CB0005A00005A00005A00005A00001CB0005A00005A0055
:20896000001CB0005A00005A00005A00001CB0005A00005A00005A00005A00001CB0005AC3
:2089800000005A00001CB0005A00005A00005A00005A00005A00005A00005A00005A0000E1
:2089A0005A00005A00005A00005A00005A00005A00005A00005A00005A00005A00005A00D9
:2089C000001D40005A00005A00001F70005A00001510001510005A00001510001F70005AEB
:2089E00000001510001D40005A00005A00001F70005A00001510001510005A00001510008F
:208A00001F70005A00001510001D40005A00005A00001F70005A00001510001510005A00AA
:208A2000001510001F70005A00001510001D40005A00005A00001F70005A000015100015CF
:208A400010005A00001510001F70005A0000151D015A00005A00005A00005A00005A0000A9
:208A60005A00005A00005A00005A00005A00005A00005A00005A00005A00005A00005A0018
:208A8000005A00005A00005A00005A00005A00005A00005A00005A00005A00005A00005AF8
:208AA00000005A00005A00005A00005A00005A00005A00005A00005A00005A00005A000032
:208AC0005A00005A00005A00005A00005A00005A00005A00005A00005A00005A00005A00B8
:208AE000005A00005A00005A00005A00005A00005A00005A00005A00005A00001CB0001C64
:208B0000B0005A00005A00005A00005A00005A00005A00005A00005A00005A00005A000021
:208B20005A00005A00005A00005A00005A00005A00005A00005A00005A00005A00005A0057
:208B4000003D60005A00003D60003B60005A00003B60003A60005A00003A60003860005A71
:208B600000003860003660005A00003560003660005A00003560003660005A0000356000CE
:208B80003360005A00002C60003160005A00003160003560005A00003560003660005A006C
:208BA000003660003860005A00003860003660005A00003560003660005A00003560003655
:208BC00060005A00003560003360005A00003160005A00005A00005A00005A00005A000006
:208BE0005A00005A00005A00005A00005A00005A00005A00005A00005A00005A00005A0097
:208C0000005A00005A00002910002A10005A00002910002A10005A00002C10005A00005A16
:208C200000003110002C10005A00002A10002910005A00005A00002A10005A000029100069
:208C40002510005A00002910002510005A00002910002A10005A00002910002A10005A0023
:208C6000002C10005A00005A00003110002C10005A00002A10002910005A00002C10002AFA
:208C800010005A00002910002A10005A00002C10005A00005A00005A00005A00005A00009F
:208CA0005A00005A00005A00005A00005A00005A00005A00005A00005A00005A00005A00D6
:208CC000002510005A00002910002A10005A00002910002A10005A00002C10005A00005A7B
:208CE00000003110002C10005A00002A10002910005A00005A00002A10005A0000291000A9
:208D00002510005A00002910002510005A00002910002A10005A00002910002A10005A0062
:208D2000002C10005A00005A00003110002C10005A00002A10002910005A00005A00002A1B
:208D400010005A00002910002A10005A00002C10005A00005A00005A00005A00005A0000DE
:208D60005A00005A00005A00005A00005A00005A00005A00005A00005A00005A00005A0015
:208D8000002510005A00002910002A10005A00002910002A10005A00002C10005A00005ABA
:208DA00000003110002C10005A00002A10002910005A00005A00002A10005A0000291000E8
:208DC0002510005A00002910002510005A00002910002A10005A00002910002A10005A00A2
:208DE000002C10005A00005A00003110003510005A00003610003510005A0000311000334A
:208E000010005A00003110003310005A00003510005A00005A00005A00005A00005A000003
:208E20005A00005A00005A00005A00005A00005A00005A00005A00005A00005A00005A0054
:208E4000003110005A000019A0005A0C005A00005A000019A0005A0C0019A0005A0C005A0C
:208E6000000019A0001DA0005A0C005A00001DA0005A0C001EA0001DA0005A0C001DA000FB
:208E80005A0C005A00001DA0001EA0005A0C005A00001EA0005A0C0020A0005A0C005A0033
:208EA000001EA0005A0C005A00001EA00020A0005A0C005A000020A0005A0C0025A00024E7
:208EC000A0005A0C0020A0005A0C005A000020A0005A0C005A00005A00005A00005A00007E
:208EE0005A00005A00005A00005A00005A00005A00005A00005A00005A00005A00005A0094
:208F0000000D10005A000019A0005A0C005A00005A000019A0005A0C0019A0005A0C005A6F
:208F2000000019A0001DA0005A0C005A00001DA0005A0C001EA0001DA0005A0C001DA0003A
:208F40005A0C005A00001DA0001EA0005A0C005A00001EA0005A0C0020A0005A0C005A0072
:208F6000001EA0005A0C005A00001EA00020A0005A0C005A000020A0005A0C0024A0005AF1
:208F80000C005A000020A0005A0C005A000020A0005A0C005A00005A00005A00005A00005D
:208FA0005A00005A00005A00005A00005A00005A00005A00005A00005A00005A00005A00D3
:208FC000003110005A00005A00005A00005A00002A10005A00005A00002C10005A00005A0A
:208FE00000005A00003110005A00005A00003610005A00005A00003510005A00002A10004F
:209000003310005A00005A00003110005A00005A00005A00005A00002A10005A00005A00C2
:20902000002C10005A00005A00005A00003110005A00005A00003610005A00005A000035C2
:2090400010005A00003610003810005A00005A00005A00005A00005A00005A00005A0000A2
:209060005A00005A00005A00005A00005A00005A00005A00005A00005A00005A00005A0012
:20908000002529002577025A00002A29002A77025A00002929002977025A00002729002775
:2090A00077025A00002529002577025A00002A29002A77025A00002929002977025A0000F9
:2090C0002729002777025A00002529002577025A00002A29002A77025A00002929002977BE
:2090E000025A00002729002777025A00002C29002C77025A00002A29002A77025A000029FD
:2091000029002977025A00002429002477025A00002529005A00005A00005A00005A000030
:209120005A00005A00005A00005A00005A00005A00005A00005A00005A00005A00005A0051
:20914000001022C05A0C005A00005A00005A00001022C05A0C005A00001022C05A0C005A45
:2091600000005A00001022C05A0C005A00005A00005A00001022C05A0C005A00001022C08B
:209180005A0C005A00005A000025A0005A00005A0C082AA0005A00005A0C0829A0005A0073
:2091A000005A0C0827A0005A00005A0C082CA0005A00005A0C082AA0005A00005A0C082963
:2091C000A0005A00005A0C0824A0005A00005A0C0825A0005A00005A00005A0C085A00005A
:2091E0005A0C055A00005A0C035A00005A0C015A0C005A00005A00005A00005A00005A0058
:20920000000DA00014A00019A0000DA00014A00019A0000DA00014A00019A0000DA000143F
:20922000A00019A00011A00014A0001DA00011A00014A0001DA00011A00014A0001DA0006F
:2092400011A00014A0001DA0001EA0005A00005A0C005A00005A00005A00005A00005A00AC
:20926000005A00005A00005A00001EA00020A0005A00005A0C005A00005A00005A00005A3A
:2092800000005A00005A00005A00005A00005A000019A0005A00005A00005A0C005A0000DF
:2092A0005A00005A00005A00005A00005A00005A00005A00005A00005A00005A00005A00D0
:2092C000001D40005A00005A00001F70005A00001510001510005A00001510001F70005AE2
:2092E00000001510001D40005A00005A00001F70005A00001510001510005A000015100086
:209300001F70005A00001510001D10005A00001D10001D10005A00001D10001D10005A0050
:20932000001D10001D10005A00001D10001D10005A00001D10001D10005A00001D10001DC7
:2093400010005A00001D10001A70005A00005A00001D70005A00005A00005A00005A000043
:209360005A00005A00005A00005A00005A00005A00005A00005A00005A00005A00005A000F
:20938000002400003000002400003000002400003000002400003000002400003000002405
:2093A000000030000024000030000024000030000024000030000024000030000024000009
:2093C0003000002400003000002400003000002400003000002400003000002400003010A9
:2093E000005A00005A0C085A00005A0C045A00005A00005A00005A00005A00005A00005A6B
:2094000000005A00005A00005A00005A00005A00005A00005A00005A00005A00005A0000C8
:209420005A00005A00005A00005A00005A00005A00005A00005A00005A00005A00005A103E
:20944000004400004420005A00005A00005A00005A00005A00005A00005A00005A00005A3A
:2094600000005A00005A00005A00005A00005A00005A00005A00005A00005A00005A000068
:209480005A00005A00005A00005A00005A00005A00005A00005A00005A00005A00005A10DE
:2094A000004300004320005A00005A00005A00005A00005A00005A00005A00005A00005ADC
:2094C00000005A00005A00005A00005A00005A00005A00005A00005A00005A00005A000008
:2094E0005A00005A00005A00005A00005A00005A00005A00005A00005A00005A00005A107E
:20950000004200004100004000004040005A00005A00005A00005A00005A00005A00005A92
:2095200000005A00005A00005A00005A00005A00005A00005A00005A00005A00005A0000A7
:209540005A00005A00005A00005A00005A00005A00005A00005A00005A00005A00005A101D
:20956000004400004420005A00005A00005A00005A00005A00005A00005A00005A00005A19
:2095800000005A00005A00005A00005A00005A00005A00005A00005A00005A00005A000047
:2095A0005A00005A00005A00005A00005A00005A00005A00005A00005A00005A00005A10BD
:2095C000003C00003C20005A00005A00005A00005A00005A00005A00005A00005A00005AC9
:2095E00000005A00005A00005A00005A00005A00005A00005A00005A00005A00005A0000E7
:209600005A00005A00005A00005A00005A00005A00005A00005A00005A00005A00005A105C
:20962000003400003420005A00005A00005A00005A00005A00005A00005A00005A00005A78
:2096400000005A00005A00005A00005A00005A00005A00005A00005A00005A00005A000086
:209660005A00005A00005A00005A00005A00005A00005A00005A00005A00005A00005A10FC
:20968000003C00003C20005A00005A00005A00005A00005A00005A00005A00005A00005A08
:2096A00000005A00005A00005A00005A00005A00005A00005A00005A00005A00005A000026
:2096C0005A00005A00005A00005A00005A00005A00005A00005A00005A00005A00005A109C
:2096E00000C140C143C140814A01490149014901490149014901490149014901490149412A
:2097000051014001434145C1464148414B014CC14CC14C814D414E014FC14FC14F8150814B
:2097200050814181418141814181418141814181418141814181418141814181418141017A
:20974000524142814401468147C149C149C149C149C149C149C149C149C149C149C149C131
:20976000520040B20000800080B20000800000090000C00030B80000C00070B80000C0001A
:20978000A5B80000C00000B80000800040B80000800096B80000800080B88153801C80B254
:2097A0000000C03F20010000C08020020000C08020030000C08020040000C08020050000FB
:2097C000C08020060000C000200700008000200800008000200900008000200AE1538091FC
:2097E000415470000091A15460000091015500000092615500000094C1550000009421569A
:20980000000000B1815600000088888888888888888888888888888888FFFF000000000042
:20982000000000000000000000FFFFFFFF000000000000000000000000FFFFFFFFFF000031
:20984000000000000000000000FFFFFFFFFFFF00000000000000000000FFFFFFFFFFFFFF15
:20986000000000000000000000FFFFFFFFFFFFFFFF0000000000000000CCCCCCCCCCCCCC5C
:20988000CC3333333333333333AAAAAAAAAAAAAAAA555555555555555588888888888888B4
:2098A00088777777777777777755BBA88DDDDDD5333444333333333333040040E1560157E4
:0E98C000215741576157A357DF570000095841
:020000040032C8
:20800000221ADC015A00005A00005A00005A0C025A00005A0C035A00005A0C045A0C055A85
:208020000C065A0C075A0C085A0C0A5A0C0C5A0C0F5A00005A00005A00005A00005A00003A
:208040005A00005A00005A00005A00005A00005A00005A00005A00005A00005A00005A0042
:20806000005A00005A00005A00005A00005A00005A00005A00005A00005A00005A00005A22
:2080800000005A00005A00005A00005A00005A00005A00005A00005A00005A00005A00005C
:2080A0005A00005A00005A00005A00005A00005A00005A00005A00005A00005A00005A00E2
:2080C000000E7C015A00005A00005A00005A0C025A00005A0C035A00005A0C045A0C055A53
:2080E0000C065A0C075A0C085A0C0A5A0C0C5A0C0F5A00005A00005A00005A00005A00007A
:208100005A00005A00005A00005A00005A00005A00005A00005A00005A00005A00005A0081
:20812000005A00005A00005A00005A00005A00005A00005A00005A00005A00005A00005A61
:2081400000005A00005A00005A00005A00005A00005A00005A00005A00005A00005A00009B
:208160005A00005A00005A00005A00005A00005A00005A00005A00005A00005A00005A0021
:20818000005A0C005A00005A00005A00005A00005A00005A00005A00005A00005A00005AF5
:2081A00000005A00005A00005A00005A00005A0D015A00005A00005A00005A00005A00002D
:2081C0005A00005A00005A00005A00005A00005A00005A00005A00005A00005A00005A00C1
:2081E000005A00005A00005A00005A00005A00005A00005A00005A00005A00005A00005AA1
:2082000000005A00005A00005A00005A00005A00005A00005A00005A00005A00005A0000DA
:208220005A00005A00005A00005A00005A00005A00005A00005A00005A00005A00005A0060
:20824000005A0C005A00005A00005A00005A00005A00005A00005A00005A00005A00005A34
:2082600000005A00005A00005A00005A00005A00005A00005A00005A00005A00005A00007A
:208280005A00005A00005A00005A00005A00005A00005A00005A00005A00005A00005A0000
:2082A000005A00005A00005A00005A00005A00005A00005A00005A00005A00005A00005AE0
:2082C00000005A00005A00005A00005A00005A00005A00005A00005A00005A00005A00001A
:2082E0005A00005A00005A00005A00005A00005A00005A00005A00005A00005A00005A00A0
:20830000001CB2345A00005A00005A00005A00005A00005A00005A00005A00005A00005AD7
:2083200000005A00005A0000249C010622690EF000062269269C015A0C020622690EF000EE
:208340005A00000622690EF0005A00005A00005A00005A00005A00001F9C010622690EF027
:20836000000622690EF0005A00005A00005A00005A00005A00005A00005A00005A00005A44
:2083800000005A00005A0000249C010622690EF000062269269C015A0C020622690EF0008E
:2083A000299C010622690EF0005A00005A00005A00005A00005A00005A00005A00005A0098
:2083C000002130005A00005A00005A00005A00005A00005A00005A0000249C055A0C065A4B
:2083E00000005A0000269C055A0C065A00005A00005A00005A0C045A00005A00005A00006A
:208400005A00002430005A00001F9C055A0C065A00005A0000219C055A0C065A00005A0092
:20842000002130005A00005A00005A00005A00005A00005A00005A0000249C055A0C065AEA
:2084400000005A0000269C055A0C065A00005A00005A00005A0C045A00005A00005A000009
:20846000299C015A00005A0C025A00005A0C035A00005A0C045A0C055A0C065A00005A0062
:20848000000270005A00000270005A00000270005A00000270005A00000270005A000002DE
:2084A00070005A00000270005A00000270005A00000970005A00000970005A00000970003B
:2084C0005A00000970005A00000970005A00000970005A00000970005A00000970005A0023
:2084E000000270005A00000270005A00000270005A00000270005A00000270005A0000027E
:2085000070005A00000270005A00000270005A00000770005A00000770005A0000077000E0
:208520005A00000770005A00000570005A00000570005A00000570005A00000570005A00D4
:20854000001E50005A00005A00005A00002020005A00002220005A00002020005A000022AD
:2085600020005A00002020005A00002220005A00001F30005A00002220005A0000202000C6
:208580005A00002220005A00002020005A00002220005A00002020005A00002220005A0079
:2085A000001F30005A00002220005A00002020005A00002220005A00002020005A00002284
:2085C00020005A00002020005A00002220005A00001F30005A00002220005A000020200066
:2085E0005A00002220005A00002020005A00002220005A0000202C015A0C045A0C075A0CC5
:20860000091CB2345A00001A9C070EF000159C070EF0000E9C070EF000189C070EF0000E0E
:208620009C070EF000189C07309C010622690EF000062269329C015A0C020622690EF0002B
:208640005A00000622690EF0005A00005A00005A00005A00005A00002B9C010622690EF018
:20866000000622690EF0005A00005A00005A00005A00005A00005A00005A00005A00005A41
:2086800000005A00005A0000309C010622690EF000062269329C015A0C02062269352C0709
:2086A000299C010622690EF0005A00005A00005A00005A00005A00005A00005A00005A0095
:2086C000002130005A00005A00005A00005A00005A00005A00005A0000309C055A0C065A3C
:2086E00000005A0000329C055A0C065A00005A00005A00005A0C045A00005A00005A00005B
:208700005A00002430005A00002B9C055A0C065A00005A00002D9C055A0C065A00005A0077
:20872000002130005A00005A00005A00005A00005A00005A00005A0000309C055A0C065ADB
:2087400000005A0000329C055A0C06392C075A0000372C075A0000352C075A00005A0000DA
:20876000299C015A00005A0C025A00005A0C035A00005A0C042B9C055A0C065A00005A00FE
:20878000000270005A00000270005A00000270005A00000270005A00000270005A000002DB
:2087A00070005A00000270005A00000270005A00000970005A00000970005A000009700038
:2087C0005A00000970005A00000970005A00000970005A00000970005A00000970005A0020
:2087E000000270005A00000270005A00000270005A00000270005A00000270005A0000027B
:2088000070005A00000270005A00000270005A00000770005A00000770005A0000077000DD
:208820005A00000770005A00000770005A00000770005A00000770005A00000770005A00C9
:20884000002D9C055A0C065A00005A00005A00005A0C045A00005A00005A00005A00005AA4
:2088600000005A0000262C095A0000152C09262C045A0000152C04152C095A0000152C04C1
:208880005A00001D2C0A5A00001F20001D2C045A00001F2C042120005A00002B9C05212CE8
:2088A000041A20002B9C045A00001A2C041A20005A00002120001A2C04242000212C045AFD
:2088C0000000242C052620005A00001F2000262C055A00001F2C051F20005A00001F2C0778
:2088E0005A00002620005A0000292000262C075A0000292C072B90005A00005A0000242073
:20890000002130005A00005A00005A00005A00005A00005A00005A0000309C055A0C065AF9
:2089200000005A0000329C055A0C065A00005A00005A00005A0C045A00005A00005A000018
:208940005A00005A00005A00002B9C055A0C065A00005A00002D9C055A0C065A00005A002F
:20896000005A00005A0C045A00005A00005A00005A00005A00005A0000309C055A0C065A80
:2089800000005A0000329C055A0C065A00005A00005A00005A0C045A00005A00005A0000B8
:2089A000299C015A00005A00005A0C025A00005A0C035A00005A0C045A0C055A0C065A001D
:2089C000000270005A00000270005A00000270005A00000270005A00000270005A00000299
:2089E00070005A00000270005A00000270005A00000970005A00000970005A0000097000F6
:208A00005A00000970005A00000970005A00000970005A00000970005A00000970005A00DD
:208A2000000270005A00000270005A00000270005A00000270005A00000270005A00000238
:208A400070005A00000270005A00000270005A00000270005A00005A0C095A00005A0C01B8
:208A60005A00005A0C005A00005A00005A00005A00005A00005A00005A00005A00005A000C
:208A8000001A90005A00005A00005A0C021A90005A00002190005A000024A0005A00005A89
:208AA00000005A0C042690005A00001590005A00005A00005A0C021590005A00005A000022
:208AC00015AC021CA0005A00001FA0005A00005A00005A0C0221A0005A00002DA20C21A229
:208AE000071A90005A00005A00005A0C021AA0005A000021A0005A000024A0005A00005A02
:208B000000005A0C0426A0005A00001FA0005A00005A00005A0C021F90005A00005A00008D
:208B20005A0C022690005A000029A0005A00005A00005A00002BA0005A00005A000024A0A3
:208B4000000280005A00005A00005A00005A0C005A00000980005A00000C80005A00005AA2
:208B600000005A00000E80005A00000980005A00005A00005A0C000980005A00005A0000D3
:208B80005A0C000480005A00000780005A00005A00005A00000980005A00005A00005A0065
:208BA000000280005A00005A00005A00005A0C005A00000980005A00000C80005A00005A42
:208BC00000005A00000E80005A00000780005A00005A00005A0C000780005A00005A000077
:208BE0005A0C000E80005A00001180005A00005A00005A00001380005A00005A00005A00E7
:208C00000002F0005A00005A00005A000002E0005A0C000970005A00000C70005A00000C57
:208C2000F0005A00000EE0005A00000970005A000000F0005A0C000970005A000009E000BD
:208C40005A0C0004F0005A00000770005A000007F0005A000009E0005A00005A00005A0047
:208C60000002F0005A00005A00005A000002E0005A0C000970005A00000C70005A00000CF7
:208C8000F0005A00000EE0005A00000770005A000000F0005A0C000770005A000007E00063
:208CA0005A0C000EF0005A00001170005A000011F0005A000013E0005A00005A00005A00BF
:208CC000001E50005A00005A0C055A0C021F30005A00001E10005A00002020005A00001F0F
:208CE00020005A00001F30005A00001E10001E10001F20005A00001E10005A00001F300085
:208D00005A00001F20005A00001E10005A00001F20005A00001F30005A00001E10001E103A
:208D2000001F20005A00001E10005A00001F30005A00001E10005A00001E10005A00001F3A
:208D400020005A00001F30005A00001E10002020001E10005A00001F20005A00001F300012
:208D60005A00001F20005A00001E10005A00001F20001F20001F30005A00001E10002020E3
:208D8000001A90005A00005A00005A0C021A90005A00002190005A000024A0005A00005A86
:208DA00000005A0C042690005A00001590005A00005A00005A0C021590005A00005A00001F
:208DC00015AC021CA0005A00001FA0005A00005A00005A0C0221A0005A00002DA20C21A226
:208DE000071AA0005A0E051AA0005A0E055A00005A00001DA0005A0E051DA0005A0E055ABC
:208E000000005A00001FA0005A0E051FA0005A0E055A00005A000021A0005A0E0521A000FD
:208E20005A0E055A00005A000024A0005A00005A00005A000025A0005A00005A00005A006C
:208E4000000280005A00005A00005A00005A0C005A00000980005A00000C80005A00005A9F
:208E600000005A00000E80005A00000980005A00005A00005A0C000980005A00005A0000D0
:208E80005A0C000480005A00000780005A00005A00005A00000980005A00005A00005A0062
:208EA000000280005A00000280005A00005A0C005A00000580005A00000580005A00005A22
:208EC00000005A00000780005A00000780005A00005A0C005A00000980005A00000980004A
:208EE0005A00005A00005A00000C80005A00005A00005A00000D80005A00005A0C005A0023
:208F00000002F0005A00005A00005A000002E0005A0C000970005A00000C70005A00000C54
:208F2000F0005A00000EE0005A00000970005A000000F0005A0C000970005A000009E000BA
:208F40005A0C0004F0005A00000770005A000007F0005A000009E0005A00005A00005A0044
:208F60000002E0005A000002F0005A00005A000002E00005E0005A000005F0005A00005A45
:208F8000000005E00007E0005A000007F0005A00005A000007E00009E0005A000009F000DD
:208FA0005A00005A00005A00000CE0005A00000CF0005A00000DE0000DE0000DE0000DE053
:208FC000001E50005A00005A0C055A0C021F30005A00001E10005A00002020005A00001F0C
:208FE00020005A00001F30005A00001E10001E10001F20005A00001E10005A00001F300082
:209000005A00001F20005A00001E10005A00001F20005A00001F30005A00001E10001E1037
:20902000001F30005A00001F20005A00005A00001F30001F30005A00001F20005A00005AA9
:2090400000001F30001F30005A00001F20005A00005A00001F30001F30005A00001F2000EE
:209060005A00005A00005A00001F30005A00001F20005A00001F30001F30001F30001F3064
:20908000002690005A00005A00005A00005A0A075A020C5A020C5A020C5A020C5A0C003E5D
:2090A0001C0F5A00003910005A00005A00005A00003710005A00005A00005A000039100036
:2090C0005A00005A00005A00003410005A00005A00005A00003210005A00005A00005A00E0
:2090E000002D10005A00002D1C055A00005A00005A00003010005A00005A00005A000032FD
:2091000010005A00005A00005A00003910005A00002B10005A00003210005A00005A000003
:209120005A00002B10005A00003210005A00005A00005A00003510005A00005A00005A009D
:20914000000622690EF0005A00005A00005A00005A00005A00005A00005A00005A00005A56
:2091600000005A00005A00005A00000622690EF0000622690EF0005A00000622690EF000DA
:209180005A00000622690EF0005A00005A00005A00005A00005A00005A00000622690EF03B
:2091A000000622690EF0005A00005A00005A00005A00005A00005A00005A00005A00005AF6
:2091C00000005A00005A00005A00000622690EF0000622690EF0005A00000622690EF0007A
:2091E0005A00000622690EF0005A00005A00005A00005A00005A00005A00005A00005A00B6
:20920000000E70005A00005A00005A00005A00005A00001570005A00005A0C005A00005A15
:2092200000005A00005A00005A00000970005A00005A00005A00005A00005A00005A00008B
:209240005A00001070005A00005A0C005A00005A00005A00005A00005A00005A00005A00FE
:20926000000E70005A00005A00005A00005A00005A00001570005A00005A0C005A00005AB5
:2092800000005A00005A00005A00001370005A00005A00005A00005A00005A00005A000021
:2092A0005A00001A70005A00005A0C005A00005A00005A00005A00005A00005A00005A0094
:2092C000001D50005A00005A00005A00001E20005A00002020005A00001E20005A00002029
:2092E00020005A00001E20005A00002020005A00001F30005A00002020005A00001E200041
:209300005A00002020005A00001E20005A00002020005A00001E20005A00001F30005A00E6
:20932000001F30005A00002020005A00001E20005A00002020005A00001E20005A00002000
:2093400020005A00001E20005A00002020005A00001F30005A00002020005A00001E2000E0
:209360005A00002020005A00001E20005A00002020005A0000202C015A0C045A0C075A0C3D
:20938000093210005A00005A00005A00005A00005A00003910005A00005A00005A00003C2D
:2093A00010005A00003910005A00005A00005A00003710005A00005A00005A00003910004E
:2093C0005A00005A00005A00003C10005A00005A00005A00003E10005A00005A00005A00C9
:2093E000004510005A00005A00005A00005A00005A00003C10005A00005A00005A00003EBE
:2094000010005A00005A00005A00004510005A000002123A5A00005A00005A00005A0000C9
:209420005A00005A00005A00003CC0003CC0003CC0003CC0003CC0005A00005A00005A0024
:20944000000E70005A00005A00005A00005A00005A00001570005A00005A0C005A00005AD3
:2094600000005A00005A00005A00000970005A00005A00005A00005A00005A00005A000049
:209480005A00001070005A00005A0C005A00005A00005A00005A00005A00005A00005A00BC
:2094A000000E70005A00005A00005A00005A00005A00001570005A00005A0C005A00005A73
:2094C00000005A00005A00005A00001370005A00005A00005A00005A00005A00005A0000DF
:2094E0005A00000E70005A00005A0C005A00001870005A00001A70005A00001870005A00D2
:20950000000622690EF0005A00005A00005A00005A00005A00005A00005A00005A00005A92
:2095200000005A00005A00005A00000622690EF0000622690EF0005A00000622690EF00016
:209540005A00000622690EF0005A00005A00005A00005A00005A00005A00000622690EF077
:20956000000622690EF0005A00005A00005A00005A00005A00005A00005A00005A00005A32
:2095800000005A00005A00005A00000622690EF0000622690EF0005A00000622690EF000B6
:2095A0005A00000622690EF0003E10003910003510003210003010005A00005A00005A0056
:2095C000002610005A00005A00005A000026D0005A00005A00005A0C0326D0005A000024C0
:2095E000D0005A00005A00005A0C0324D0005A00005A00005A0C0324D0005A00005A0000C5
:209600005A0C0324D0005A00005A00005A0C0323D0005A00005A00005A0C0323D0005A0073
:20962000005A00005A00005A00005A00005A0C065A00005A00005A00005A00005A00005A3A
:2096400000005A00005A0C055A00005A00005A00005A0C045A00005A00005A00005A0C0356
:209660005A00005A00005A00005A0C015A00005A00005A00005A0C005A00005A00005A00F3
:20968000005A00005A00005A00005A00002680005A00005A0C075A00002680005A00002477
:2096A00080005A00005A0C075A00002480005A00005A0C075A00002480005A00005A0C07D9
:2096C0005A00002480005A00005A0C075A00002380005A00005A0C075A00002380005A00AA
:2096E000005A0C075A00003710005A00003710005A00003210005A00003210005A00002BFE
:2097000010005A00002B10005A00002910005A00002910005A00002B10005A00002B100054
:209720005A00002B1C075A00002B1C035A00002B1C015A00005A00005A00005A00005A0079
:20974000000E70005A00005A00005A00001570005A00005A0C015A00005A00005A00000E1B
:2097600070005A00001870005A00005A0C015A00000E70005A00000E70005A000018700044
:209780005A00005A0C015A00005A00005A00000E70005A00001770005A00005A0C015A0080
:2097A000001370005A00001370005A00001770005A00005A0C015A00005A00005A00001386
:2097C00070005A00001A70005A00005A0C015A00000E70005A00000E70005A0000137000E7
:2097E0005A00005A0C015A00005A00005A00000E70005A00001770005A00005A0C015A0020
:20980000000280005A00005A00005A000026D0005A00005A00005A0C0326D0005A00002431
:20982000D0005A00005A00005A000024D0005A00005A00005A0C0324D0005A00005A000091
:209840005A000024D0005A00005A00005A0C0329D0005A00005A00005A00002BD0005A0041
:20986000005A00005A00005A00005A00005A0C045A00005A00005A00005A00005A00005AFA
:2098800000005A00005A0C025A00005A00005A00002660005A00003260005A0000266000A6
:2098A0005A00003260005A00002660005A00003260005A00002660005A00003260005A00CA
:2098C000005A00005A00005A00005A00002680005A00005A0C075A00002680005A00002435
:2098E00080005A00005A0C075A00002480005A00005A0C075A00002480005A00005A0C0797
:209900005A00002480005A00005A0C075A00002380005A00005A0C075A00002380005A0067
:20992000005A0C075A00003710005A00003710005A00003210005A00003210005A00002BBB
:2099400010005A00002B10005A00003510005A00003510005A00003710005A0000371000E2
:209960005A0000371C075A0000371C035A0000371C015A00005A00005A00005A00005A0013
:20998000000E70005A00005A00005A00001570005A00005A0C015A00005A00005A00000ED9
:2099A00070005A00001870005A00005A0C015A00000E70005A00000E70005A000018700002
:2099C0005A00005A0C015A00005A00005A00000E70005A00001770005A00005A0C015A003E
:2099E000001370005A00001370005A00001770005A00005A0C015A00005A00005A00001344
:209A000070005A00001A70005A00005A0C015A00001A70005A00001A70005A00001370008C
:209A20005A00005A0C015A00005A00005A00001170005A00001370005A00005A0C015A00DE
:209A4000005A00005A00005A00005A000026D0005A00005A00005A0C0326D0005A00005AE1
:209A600000005A0C031A90005A00005A0C005A00005A00005A00005A00005A00005A0000F7
:209A80005A00005A00005A00005A00005A00005A00005A00005A00005A00005A00005A00E8
:209AA000005A00005A00003720005A000037200032CC0732200032CC0332200032CC072B10
:209AC000200032CC033020005A00003120005A00003220005A00002B20005A00002B200074
:209AE0005A00002B2C075A00002B2C035A00002B2C015A00005A00005A00005A00005A0086
:209B0000002660005A00003260005A00002660005A00003260005A00002660005A0000329B
:209B200060005A00002660005A00003260005A00002660005A00003060005A000024600051
:209B40005A00003060005A00002160005A00003060005A00001A60005A00003060005A003E
:209B6000002360005A00002F60005A00002360005A00002F60005A00002360005A00002F4D
:209B800060005A00002460005A00002560005A00002660005A00003260005A0000266000FC
:209BA0005A00003260005A00002660005A00003260005A00002660005A00003260005A00C7
:209BC000000E70005A00005A00005A00001570005A00005A0C015A00005A00005A00000E97
:209BE00070005A00001870005A00005A0C015A00000E70005A00000E70005A0000187000C0
:209C00005A00005A0C015A00005A00005A00000E70005A00001770005A00005A0C015A00FB
:209C2000001370005A00001370005A00001770005A00005A0C015A00005A00005A00001301
:209C400070005A00001770005A00001970005A00001A70005A00001A70005A00001370002B
:209C60005A00005A0C015A00005A00005A00005A00005A00005A00005A00005A00005A00F9
:209C8000002660005A00003260005A00002660005A00003260005A00002660005A0000321A
:209CA00060005A00002660005A00003260005A00002660005A00003060005A0000246000D0
:209CC0005A00003060005A00002160005A00003060005A00001A60005A00003060005A00BD
:209CE000005A00005A00003720005A00003720005A00003220005A00003220005A00002BCB
:209D000020005A00002B20005A00003520005A00003520005A00003720005A0000372000BE
:209D20005A00003520005A00003520005A00003720005A00003720005A00005A00005A0055
:209D4000001A20005A00005A00005A00005A00005A00002120005A00002420005A00005A74
:209D600000005A00002620005A00001520005A00005A00005A00001520005A00005A0000BD
:209D80005A00001C20005A00001F20005A00005A00005A00002120005A00005A00005A0037
:209DA000001A20005A00005A00005A00001A20005A00002120005A00002420005A00005A34
:209DC00000005A00002620005A00001F20005A00005A00005A00001F20005A00005A000049
:209DE0005A00002620005A00002920005A00005A00005A00002B20005A00005A00005A00B9
:209E0000000622690EF0005A00005A00005A00001A9C025A00005A00005A00005A00005A2B
:209E20000000219C025A0000249C020622690EF000062269269C025A00000622690EF0007A
:209E40005A0000062269159C025A00005A00005A00001C9C025A00001F9C020622690EF0F6
:209E600000062269219C025A00005A00005A00001A9C025A00005A00005A00001A9C025AAC
:209E80000000219C025A0000249C020622690EF000062269269C025A00000622690EF0001A
:209EA0005A00000622691F9C025A00005A00005A0000269C025A0000299C025A00005A0053
:209EC000001D50005A00005A00005A00001E20005A00002020005A00001E20005A0000201D
:209EE00020005A00001E20005A00002020005A00001F30005A00002020005A00001E200035
:209F00005A00002020005A00001E20005A00002020005A00001E20005A00001F30005A00DA
:209F2000001F30005A00002020005A00001F30005A00002020005A00001F30005A000020D2
:209F400020005A00001D30005A00002020005A00001C30005A00005A00005A00005A000092
:209F60005A00005A00005A00005A00005A00005A00005A0000202C015A0C045A0C075A0CE1
:209F80000926D0005A00005A00005A00005A0A075A020C5A020C5A020C5A020C5A0C005AE9
:209FA00000005A00005A00005A00005A00005A00005A00005A00005A00005A00005A00001D
:209FC0005A00005A00005A00005A00005A00005A00005A00005A00005A00005A00005A00A3
:209FE000005A00005A00005A00005A00005A00005A00005A00005A00005A00005A00005A83
:20A0000000005A00005A00005A00005A00005A00005A00005A00005A00005A00005A0000BC
:20A020005A00005A00005A00005A00005A00005A00005A00005A00005A00005A00005A0042
:20A04000000622690EF0005A00005A00005A00005A00005A00005A00005A00005A00005A47
:20A0600000005A00005A00005A00005A00005A00005A00005A00005A00005A00005A00005C
:20A080005A00005A00005A00005A00005A00005A00005A00005A00005A00005A00005A00E2
:20A0A000005A00005A00005A00005A00005A00005A00005A00005A00005A00005A00005AC2
:20A0C00000005A00005A00005A00005A00005A00005A00005A00005A00005A00005A0000FC
:20A0E0005A00005A00005A00005A00005A00005A00005A00005A00005A00005A00005A0082
:20A10000000E70005A00005A00005A00005A0C005A00005A00005A00005A00005A00005A31
:20A1200000005A00005A00005A00005A00005A00005A00005A00005A00005A00005A00009B
:20A140005A00005A00005A00005A00005A00005A00005A00005A00005A00005A00005A0021
:20A16000005A00005A00005A00005A00005A00005A00005A00005A00005A00005A00005A01
:20A1800000005A00005A00005A00005A00005A00005A00005A00005A00005A00005A00003B
:20A1A0005A00005A00005A00005A00005A00005A00005A00005A00005A00005A00005A00C1
:20A1C000001D50005A00005A00005A00005A00005A00005A00005A00005A00005A00005A8E
:20A1E00000005A00005A00005A00005A00005A00005A0D015A00005A00005A00005A0000CD
:20A200005A00005A00005A00005A00005A00005A00005A00005A00005A00005A00005A0060
:20A22000005A00005A00005A00005A00005A00005A00005A00005A00005A00005A00005A40
:20A2400000005A00005A00005A00005A00005A00005A00005A00005A00005A00005A00007A
:20A260005A00005A00005A00005A00005A00005A00005A00005A00005A00005A00005A0000
:20A28000001AD0005A00005A00005A0C021AD0005A000021D0005A000024D0005A00005A81
:20A2A00000005A0C0426D0005A000015D0005A00005A00005A0C0215D0005A00005A00004A
:20A2C00015DC021CD0005A00001FD0005A00005A00005A0C0221D0005A00002DD20C21D2F1
:20A2E000071AD0005A00005A00005A0C021AD0005A000021D0005A000024D0005A00005A1A
:20A3000000005A0C0426D0005A00001FD0005A00005A00005A0C021FD0005A00005A0000D5
:20A320005A0C0226D0005A000029D0005A00005A00005A00002BD0005A00005A000024D0BB
:20A34000001AD0005A00005A00005A0C021AD0005A000021D0005A000024D0005A00005AC0
:20A3600000005A0C0426D0005A000015D0005A00005A00005A0C0215D0005A00005A000089
:20A3800015DC021CD0005A00001FD0005A00005A00005A0C0221D0005A00002DD20C21D230
:20A3A000071AD0005A0E051AD0005A0E055A00005A00001DD0005A0E051DD0005A0E055A26
:20A3C00000005A00001FD0005A0E051FD0005A0E055A00005A000021D0005A0E0521D00068
:20A3E0005A0E055A00005A000024D0005A00005A00005A000025D0005A00005A00005A0037
:20A40000005A09C05A09405A09405A09805A0C075A00005A00005A00005A00005A00005A67
:20A4200000005A00005A00005A00005A00005A00005A00005A00005A00005A00005A000098
:20A440005A00005A00005A00005A00005A00005A00005A00005A00005A00005A00005A100E
:20A46000005A01015A01015A01015A01015A02015A02015A02015A12015A00005A00005ADA
:20A4800000005A00005A00005A00005A00005A00005A00005A00005A00005A00005A000038
:20A4A0005A00005A00005A00005A00005A00005A00005A00005A00005A00005A00005A10AE
:20A4C000005A09805A09405A09005A09405A09805A09405A09005A09405A09805A09405A84
:20A4E00009005A09405A09805A09405A09005A09405A09805A09405A09005A09405A0980B5
:20A500005A09405A09005A09405A09805A09405A09005A09405A09805A09405A09005A19AA
:20A52000403700003300002E00002900002400005A00005A00005A00005A00005A00005ADA
:20A5400000005A00005A00005A00005A00005A00005A00005A00005A00005A00005A000077
:20A560005A00005A00005A00005A00005A00005A00005A00005A00005A00005A00005A10ED
:20A58000002E00002700002400005A00005A00005A00005A00005A00005A00005A00005A72
:20A5A00000005A00005A00005A00005A00005A00005A00005A00005A00005A00005A000017
:20A5C0005A00005A00005A00005A00005A00005A00005A00005A00005A00005A00005A108D
:20A5E000004400004420005A00005A00005A00005A00005A00005A00005A00005A00005A89
:20A6000000005A00005A00005A00005A00005A00005A00005A00005A00005A00005A0000B6
:20A620005A00005A00005A00005A00005A00005A00005A00005A00005A00005A00005A102C
:20A64000004100004320005A00005A00005A00005A00005A00005A00005A00005A00005A2C
:20A6600000005A00005A00005A00005A00005A00005A00005A00005A00005A00005A000056
:20A680005A00005A00005A00005A00005A00005A00005A00005A00005A00005A00005A10CC
:20A6A000003100003C00005A00005A00005A00005A00005A00005A00005A00005A00005A03
:20A6C00000005A00005A00005A00005A00005A00005A00005A00005A00005A00005A0000F6
:20A6E0005A00005A00005A00005A00005A00005A00005A00005A00005A00005A00005A106C
:20A70000004400004420005A00005A00005A00005A00005A00005A00005A00005A00005A67
:20A7200000005A00005A00005A00005A00005A00005A00005A00005A00005A00005A000095
:20A740005A00005A00005A00005A00005A00005A00005A00005A00005A00005A00005A100B
:20A76000003C00003C20005A00005A00005A00005A00005A00005A00005A00005A00005A17
:20A7800000005A00005A00005A00005A00005A00005A00005A00005A00005A00005A000035
:20A7A0005A00005A00005A00005A00005A00005A00005A00005A00005A00005A00005A10AB
:20A7C000000140014301464148814A814D81508153C1550158415A0158415D415D81624123
:20A7E00063815FC140C143C1460149414B414E415101558156C158015B815C015E015E4195
:20A800004B414E4160814181448147C149014C014F0152415441578159C15B81598147C1EE
:20A8200049014C014F0161414241454145C15EC14CC14FC152C152C14CC14CC14CC14C416A
:20A8400045C15EC14CC14FC1610040B2000080089AB20000800000F40000800030B80000B3
:20A86000C00070B80000C000B0B80000C00000B800008000C0A80164800080B800008000CB
:20A8800080B86164801C80B20000C01F80B30000800780B0C164801560B70000C00080080B
:20A8A0000000808020010000C08020020000C03F20030000C08020040000C080200500002A
:20A8C000C08020060000C000200700008000200800008000200900008000200A00008000B0
:20A8E000200B00008000200C00008000200D00008000200721658000200781658091E165C3
:20A90000700000914166600000A1A166000000920167000000946167000000888888888889
:20A920008888888888888888888888FFFF0000000000000000000000000000FFFFFFFF0045
:20A940000000000000000000000000FFFFFFFFFF0000000000000000000000FFFFFFFFFF01
:20A96000FF00000000000000000000FFFFFFFFFFFFFF000000000000000000FFFFFFFFFFE4
:20A98000FFFFFF00000000000000008BBBABEECDFEDEED7642432110232379060040C167EC
:10A9A000E367056827684968A368FD6800001B69BC
:20000000201810005A00001F10005A00001810005A00001F10005A00001810005A00001F09
:2000200010005A00001810005A00001F10005A00001310005A00001A10005A000013100027
:200040005A00001A10005A00001310005A00001A10005A00001310005A00001A10005A00C0
:20006000001510005A00001C10005A00001510005A00001C10005A00001510005A00001CDB
:2000800010005A00001510005A00001C10005A00001110005A00001810005A0000111000D3
:2000A0005A00001810005A00001110005A00001810005A00001110005A00001810005A006A
:2000C000005A00001850005A00001F50005A00001850005A00001F50005A00001850005AEE
:2000E00000001F50005A00001850005A00001F50005A00001350005A00001A50005A00002B
:200100001350005A00001A50005A00001350005A00001A50005A00001350005A00001A50B6
:20012000005A00001550005A00001C50005A00001550005A00001C50005A00001550005A9C
:2001400000001C50005A00001550005A00001C50005A00001150005A00001850005A0000D7
:200160001150005A00001850005A00001150005A00001850005A00001150005A0000185062
:20018000005A0E005A00005A00005A00005A00005A00005A00005A00005A00005A00005A73
:2001A00000005A00005A00005A00005A00005A00005A00005A00005A00005A00005A0000BB
:2001C0005A00005A00005A00005A00005A00005A00005A00005A00005A00005A00005A0041
:2001E000005A00005A00005A00005A00005A00005A00005A00005A00005A00005A00005A21
:2002000000005A00005A00005A00005A00005A00005A00005A00005A00005A00005A00005A
:200220005A00005A00005A00005A00005A00005A00005A00005A00005A00005A00005A00E0
:20024000005A00005A00005A00005A00005A00005A00005A00005A00005A00005A00005AC0
:2002600000005A00005A00005A00005A00005A00005A00005A00005A00005A00005A0000FA
:200280005A00005A00005A00005A00005A00005A00005A00005A00005A00005A00005A0080
:2002A000005A00005A00005A00005A00005A00005A00005A00005A00005A00005A00005A60
:2002C00000005A00005A00005A00005A00005A00005A00005A00005A00005A00005A00009A
:2002E0005A00005A00005A00005A00005A00005A00005A00005A00005A00005A00005A0020
:20030000005A00005A00005A00005A00005A00005A00005A00005A00005A00005A00005AFF
:2003200000005A00005A00005A00005A00005A00005A00005A00005A00005A00005A000039
:200340005A00005A00005A00005A00005A00005A00005A00005A00005A00005A00005A00BF
:20036000005A00005A00005A00005A00005A00005A00005A00005A00005A00005A00005A9F
:2003800000005A00005A00005A00005A00005A00005A00005A00005A00005A00005A0000D9
:2003A0005A00005A00005A00003710005A00005A00005A00005A00005A00005A00005A0072
:2003C0000013305C5A005C5A005C5A005C5A005C5A005C5A005C5A005C5A005C5A005C5ABE
:2003E000005C5A005C5A005C5A005C5A005C5A005C0E305C5A005C5A005C5A005C5A005CA1
:200400005A005C5A005C5A005C5A005C5A005C5A005C5A005C5A005C5A005C5A005C5A0066
:200420005C10305C5A005C5A005C5A005C5A005C5A005C5A005C5A005C5A005C5A005C5A04
:20044000005C5A005C5A005C5A005C5A005C5A005C0C305C5A005C5A005C5A005C5A005C42
:200460005A005C5A005C5A005C5A005C5A005C5A005C5A005C5A005C5A005C5A005C5A0006
:200480005C3720005A00003720005A00001C30005A00003720003720003720003720003765
:2004A00020005A00001C30005A00003720005A00003720005A00003720005A00001C3000BD
:2004C0005A00003720005A00003720005A00003720003720001C30005A00003720005A005B
:2004E000003720005A00003720005A00001C30005A00003720003720003720003720003761
:2005000020005A00001C30005A00003720005A00003720005A00003720005A00001C30005C
:200520005A00003720005A00003720005A00003720003720001C30005A00003720005A00FA
:20054000005A005C5A0C075A0C055A0C045A0C035A0C025A0C015A0E005A00005A00005AF5
:2005600000005A00005A00005A00005A00005A00005A00005A00005A00005A00005A0000F7
:200580005A00005A00005A00005A00005A00005A00005A00005A00005A00005A00005A007D
:2005A000005A00005A00005A00005A00005A00005A00005A00005A00005A00005A00005A5D
:2005C00000005A00005A00005A00005A00005A00005A00005A00005A00005A00005A000097
:2005E0005A00005A00005A00005A00005A00005A00005A00005A00005A00005A00005A001D
:20060000005A00005A00005A00005A00005A00005A00005A00005A00003710005A00005A0F
:2006200000005A00005A00005A00005A00005A0D015A00005A00005A00005A00005A000028
:200640005A00005A00005A00005A00005A00005A00005A00005A00005A00005A00005A00BC
:20066000005A00005A00005A00005A00005A00005A00005A00005A00005A00005A00005A9C
:2006800000005A00005A00005A00005A00005A00005A00005A00005A00005A00005A0000D6
:2006A0005A00005A00005A00005A00005A00005A00005A00005A00005A00005A00005A005C
:2006C00000244C1F5A00002440005A00002440005A00002440002440005A0000244000240B
:2006E00040005A00002440002440005A00002440002440005A00002340005A00005A000005
:20070000234C17234C135A0000234C1F234000234C15234C1F234000234C17234C19234C94
:2007200015244C1F5A00002440005A00002440005A00002440002440005A00002440002495
:2007400040005A00002440002440005A00002440002440005A00002640005A00005A0000A1
:20076000264C112640005A0000264C1F264000264C15264C1F264000264C15264C17264C3F
:20078000135A0E005A00000C10005A00005A0E005A00000C10005A00005A0E005A00000C08
:2007A00010005A00005A0E005A00000C10005A00005A0E005A00000710005A00005A0E00FC
:2007C0005A00000710005A00005A0E005A00000710005A00005A0E005A00000710005A00E8
:2007E000005A0E005A00000910005A00005A0E005A00000910005A00005A0E005A000009C4
:2008000010005A00005A0E005A00000910005A00005A0E005A00000510005A00005A0E00A0
:200820005A00000510005A00005A0E005A00000510005A00005A0E005A00000510005A008D
:20084000003220005A00003720005A00001C30005A00003720003720003720003720003207
:2008600020005A00001C30005A00003220005A00003220005A00003220005A00001C300008
:200880005A00003220005A00003720005A00003220003720001C30005A00003220005A00A6
:2008A000003220005A00003720005A00001C30005A000037200037200037200037200032A7
:2008C00020005A00001C30005A00003220005A00003220005A00003720005A00001C3000A3
:2008E0005A00003220005A00003720005A00003220003720001C30005A00003220005A0046
:2009000000244C1F5A00002440005A00002440005A00002440002440005A000024400024C8
:2009200040005A00002440002440005A00002440002440005A00002340005A00005A0000C2
:20094000234C17234C135A0000234C1F234000234C15234C1F234000234C17234C19234C52
:2009600015244C1F5A00002440005A00002440005A00002440002440005A00002440002453
:2009800040005A00002440002440005A00002440002440005A00002640005A00005A00005F
:2009A000264C112640005A0000264C1F264000264C15284C1F284000284C15284C17284CF3
:2009C00013302C115A00005A0000302C115A00005A0000302C115A00005A0000302C145AD7
:2009E00000005A0000302C145A00005A0000302C145A00005A00005A0C075A00005A000034
:200A00005A0C075A00005A00002F2C095A00005A00002F2C095A00005A00002F2C0A5A00C6
:200A200000302C0A5A00005A0000302C1B5A00005A0000302C1B5A00005A0000302C0C5A84
:200A400000005A0000302C0C5A00005A0000302C0C5A00005A0000322C1E5A00005A0000D4
:200A6000322C1E5A00005A0000322C1F5A00005A0000322C1F5A00005A0000322C1F5A000D
:200A8000003020005A00005A00003020005A00005A00003020005A00005A00003020005AA0
:200AA00000005A00003020005A00005A00003020005A00005A00002F20005A00005A0000D1
:200AC0002F20005A00005A00002F20005A00005A00002F20005A00005A00002F20005A0064
:200AE000003020005A00005A00003020005A00005A00003020005A00005A00003020005A40
:200B000000005A00003020005A00005A00003020005A00005A00003220005A00005A00006D
:200B20003220005A00005A00003220005A00005A00003420005A00005A00003420005A00F3
:200B4000003020005A00005A00003020005A00005A00003020005A00005A00003020005ADF
:200B600000005A00003020005A00005A00003020005A00005A00002F20005A00005A000010
:200B80002F20005A00005A00002F20005A00005A00002F20005A00005A00002F20005A00A3
:200BA000003020005A00005A00003020005A00005A00003020005A00005A00003020005A7F
:200BC00000005A00003020005A00005A00003020005A00005A00003220005A00005A0000AD
:200BE0003220005A00005A00003220005A00005A00003220005A00005A00003220005A0037
:200C0000005A00005A00005A00005A00005A00005A00005A00005A00005A00005A00005AF6
:200C200000005A00005A00005A00005A00005A00005A00005A00005A00005A00005A000030
:200C40005A00005A00005A00005A00005A00005A00005A00005A00005A00005A00005A10A6
:200C6000005A09405A09405A09805A09805A09C05A09C05A09805A09805A09405A09405ABC
:200C800009805A09805A09C05A09C05A09805A09805A09405A09405A09805A09805A09C0AD
:200CA0005A09C05A09805A09805A09405A09405A09805A09805A09C05A09C05A09805A19A3
:200CC000805A09805A09405A09005A30005A00005A00005A00005A00005A00005A00005AAB
:200CE00000005A00005A00005A00005A00005A00005A00005A00005A00005A00005A000070
:200D00005A00005A00005A00005A00005A00005A00005A00005A00005A00005A00005A10E5
:200D2000000600002400002300002400003400002400002400002400002400002400002436
:200D40000000240000240000240000240000240000DA00005A00005A00005A00005A00009D
:200D60005A00005A00005A00005A00005A00005A00005A00005A00005A00005A00005A1085
:200D8000003C00003C20005A00005A00005A00005A00005A00005A00005A00005A00005A91
:200DA00000005A00005A00005A00005A00005A00005A00005A00005A00005A00005A0000AF
:200DC0005A00005A00005A00005A00005A00005A00005A00005A00005A00005A00005A1025
:200DE0000001400140014001404142014001400140014041424142C149814A414B814A81B5
:200E000041C140C140C143C1434145C1460149C1460149C1460149C1460149C143C1434174
:200E200045814181418141814181418147814781478147814781478147814781418141419E
:200E4000424142014381448144014641484148414841484148414841484148414241424129
:200E6000420802F20000800827C1014C80087F58614C8008BFF1C14C80087F420000803F1E
:200E800020000000800B214D3F0000F800007C0000B1814D0000002222222222222222DD1A
:1C0EA000DDDDDDDDDDDDDD060040E14D014E214E414E614E7F4E854E0000974E36
:020000040033C7
:20C00000205A00005A00005A00005A00005A00005A00005A00005A00005A00005A00005A22
:20C0200000005A00005A00005A00005A00005A00005A00005A00005A00005A00005A00007C
:20C040005A00005A00005A00005A00005A00005A00005A00005A00005A00005A00005A0002
:20C06000005A00005A00005A00005A00005A00005A00005A00005A00005A00005A00005AE2
:20C0800000005A00005A00005A00005A00005A00005A00005A00005A00005A00005A00001C
:20C0A0005A00005A00005A00005A00005A00005A00005A00005A00005A00005A00005A00A2
:20C0C000003C4F013A00003800003600003400003200003000002E00002C00002A00005AB8
:20C0E00000002900005A00002800005A00002700005A00005A00002800002900002A0000E5
:20C100002C00002E00003000003200003400003600003800003A00003C00003D00005A0FA5
:20C12000023E0B025A00005A00005A00005A00005A00005A00005A00005A00005A00005A2E
:20C1400000005A00005A00005A00005A00005A00005A00005A00005A00005A00005A00005B
:20C160005A00005A00005A00005A00005A00005A00005A00005A00005A00005A00005A00E1
:20C18000005A00005A00005A00005A00005A00005A00005A00005A00005A00005A00005AC1
:20C1A00000005A00005A00005A00005A00005A00000C60005A00005A00005A00005A0000E9
:20C1C0005A00000CE0000CE0000E60005A00000CE0000E60005A00005A00000E60005A008F
:20C1E000000760005A00005A00005A00005A00005A00005A00005A00005A00005A00005A54
:20C2000000005A00005A00005A00005A00005A00000C60005A00005A00005A00005A000088
:20C220005A00000CE0000CE0000E60005A00000E60005A00000E60005A00000E60005A00AC
:20C24000001F90001FA0005A00005A00005A0C385A00005A00005A000026900026A0005A3A
:20C2600000005A00005A0C385A00005A00005A000021900021A0001FAC045A00001D900070
:20C280001DA00021AC045A000029900029A0005A00005A00005A0C385A00005A00005A00D4
:20C2A000001F90001FA0005A00005A00005A0C385A00005A00005A000026900026A0005ADA
:20C2C00000005A00005A0C385A00005A00005A000021900021A0001FAC045A00001D900010
:20C2E0001DA00021AC045A000024900024A0005A00005A00005A0C385A00005A00005A007E
:20C30000000740005A00005A00000740005A00005A00000740005A00000A40005A00005A88
:20C3200000000A40005A00005A00000A40005A00000C40005A00005A00000C40005A0000B5
:20C340005A00000C40000C40000E40005A00000C40000E40005A00005A00000E40005A004D
:20C36000000740005A00005A00000740005A00005A00000740005A00000A40005A00005A28
:20C3800000000A40005A00005A00000A40005A00000C40005A00005A00000C40005A000055
:20C3A0005A00000C40000C40000E40005A00000E40005A00000E40005A00000E40005A00EB
:20C3C000003E10005A00003E10003E10003220003E10003E10003E10003E10005A00003EF7
:20C3E00010003E10003220003E10003E10003E10003E10005A00003E10003E10003220000D
:20C400003E10003E10003E10003E10005A00003E10003E10003220003E10003E10003E10B2
:20C42000003E10005A00003E10003E10003220003E10003E10003E10003E10005A00003E96
:20C4400010003E10003220003E10003E10003E10003E10005A00003E10003E1000322000AC
:20C460003E10003E10003E10003E10005A00003E10003E10003220003E10003E10003E1052
:20C48000000760005A00005A00005A00005A00005A00005A00005A00005A00005A00005AB1
:20C4A00000005A00005A00005A00005A00005A00000C60005A00005A00005A00005A0000E6
:20C4C0005A00000CE0000CE0000E60005A00000CE0000E60005A00005A000011E00013E070
:20C4E000000C60005A00005A00000C60005A00005A00000C60005A00000A60005A00000C66
:20C50000E0000A60005A00005A00000A60005A00000760005A00005A00000760005A00007D
:20C520005A00000760005A00000760005A00005A00005A00003540005A00005A00005A00E8
:20C54000001F90001FA0005A00005A00005A0C385A00005A00005A000026900026A0005A37
:20C5600000005A00005A0C385A00005A00005A00002B90002BA0005A000029900029A00053
:20C580005A000028900028A00026900026A0005A00005A00005A0C385A00005A00005A00E5
:20C5A000001F90001FA0005A00005A00005A0C385A00005A00005A000026900026A0005AD7
:20C5C00000005A00005A0C385A00005A00005A000021900021A0005A00005A00001D900082
:20C5E0001DA0005A00005A00001F90001FA0005A00005A00005A0C385A00005A00005A00FC
:20C60000000740005A00005A00000740005A00005A00000740005A00000A40005A00005A85
:20C6200000000A40005A00005A00000A40005A00000C40005A00005A00000C40005A0000B2
:20C640005A00000C40000C40000E40005A00000C40000E40005A00005A000011400013404E
:20C66000000C40005A00005A00000C40005A00005A00000C40000C40000A40005A00000C72
:20C6800040000A40005A00005A00000A40005A00000740005A00005A00000740005A00001C
:20C6A0005A00000740005A00000740005A00005A00000740005A00005A00000740005A00E8
:20C6C000000780005A00005A00005A00005A00005A00000780005A00005A00005A00000775
:20C6E00080005A00005A00005A00005A00005A00000C60005A00005A00005A00005A000024
:20C700005A00000CE0000C80000E60005A00000C80000E60005A00005A00000E60005A0009
:20C72000000760005A00001FC0005A00001DC0005A00000780005A00001FC0005A000007A7
:20C7400080005A00001DC0005A00001FC0005A00000C60005A00001FC0005A00001DC000B3
:20C760005A00000CE0000C80000E60005A00000E60005A00000E60005A00000E60005A00C7
:20C78000002310005A00003E10003E10003220003E10002310003E10003E10005A00002384
:20C7A00010003E10003220003E10003E10003E10002310005A00003E10003E100032200064
:20C7C0003E10003E10002310003E10005A00002310003E10003220003E10003E1000322021
:20C7E000002310005A00003E10003E10003220003E10002310003E10003E10005A00002324
:20C8000010003E10003220003E10003E10003E10002310005A00003E10003E100032200003
:20C820003E10003E10002310003E10005A00002310003E10003220003E10003E10003220C0
:20C84000000780005A00005A00005A000029C0005A000007800029CC122BC0005A00000726
:20C8600080002BCC125A00005A00002BCC125A00000C60005A00005A00005A00005A000044
:20C880005A00000CE0000C80000E60005A00000C80000E60005A00005A000011E00013E06C
:20C8A000000C60005A00005A00000C60005A00005A00000C60005A00000A60005A00000CA2
:20C8C00080000A60005A00005A00000A60005A00000960005A00005A00000960005A000016
:20C8E0005A00000960005A00000760005A00005A00005A00001FC00022C00026C00029C016
:20C90000002310005A00003E10003E10003220003E10002310003E10003E10005A00002302
:20C9200010003E10003220003E10003E10003E10002310005A00003E10003E1000322000E2
:20C940003E10003E10002310003E10005A00002310003E10003220003E10003E100032209F
:20C96000002310005A00003E10003E10003220003E10002310003E10003E10005A000023A2
:20C9800010003E10003220003E10003E10003E10003230005A00005A00005A00005A000033
:20C9A0005A00003E10005A00003220003E10005A00003220003E10003220003220003220E5
:20C9C000002BC0005A00005A00005A00005A000013D0001FD0005A00000780005A000013E4
:20C9E000D00013D0005A000013D0001FD0005A00000780005A000013D00013D0005A0000FD
:20CA000013D0001FD0005A00000E800022D0001FD0001DD0001AD00013D0001AD0001DD0EA
:20CA2000000780005A000013D00013D0005A000013D0001FD0005A00000780005A000013D5
:20CA4000D00013D0005A000013D0001FD0005A00000780005A000013D00013D0005A00009C
:20CA600013D0001FD0005A00000C800026D00022D0001FD0001DD0001FD00022D0005A00FF
:20CA8000000780005A000013D00013D0005A000013D0001FD0005A00000780005A00001375
:20CAA000D00013D0005A000013D0001FD0005A00000780005A000013D00013D0005A00003C
:20CAC00013D0001FD0005A00000C800022D0001FD0001DD0001AD00013D0001AD0001DD02C
:20CAE000000C800024DC055A00005A000022D00022DC055A00005A00000C800024D0005A6E
:20CB0000000022D00026D00026D0001AD0001AD00021C0005A00005A00005A00001DC00097
:20CB20005A00005A00000780001FC0002ED00007800029D0005A000029D0002BD00029D016
:20CB4000002310003E10003E40003E10003220003E10003E40003E10002310003E10003E5D
:20CB600040003E10003220003E10003E40003E10002310003E10003E40003E10003220001C
:20CB80003E10003E40003E10002310003E10003E40003E10003220003E10003E40003220BE
:20CBA000002310003E10003E40003E10003220003E10003E40003E10002310003E10003EFD
:20CBC00040003E10003220003E10003E40003E10002310003E10003E40003E1000322000BC
:20CBE0003E10003E40003E10002310003E10003E40003E10003220003E10003E400032205E
:20CC0000000740005A00005A00000740005A00005A00000740005A00000A40005A00005A7F
:20CC200000000A40005A00005A00000A40005A00000C40005A00005A00000C40005A0000AC
:20CC40005A00000C40000C40000E40005A00000C40000E40005A00005A0000114000134048
:20CC6000000C40005A00005A00000C40005A00005A00000C40000C40000A40005A00000C6C
:20CC800040000A40005A00005A00000A40005A00000940005A00005A00000940005A000012
:20CCA0005A00000940005A00000740005A00005A00000740005A00005A00000740005A00E0
:20CCC000002310003E10003E40003E10003220003E10003E40003E10002310003E10003EDC
:20CCE00040003E10003220003E10003E40003E10002310003E10003E40003E10003220009B
:20CD00003E10003E40003E10002310003E10003E40003E10003220003E10003E400032203C
:20CD2000002310003E10003E40003E10003220003E10003E40003E10002310003E10003E7B
:20CD400040003E10003220003E10003E40003E10002310005A00005A00005A00005A00003E
:20CD60005A00005A00002310005A00005A00002310005A00003220005A00003B4C445A00BA
:20CD8000000780005A000013D00013D0005A000013D0001FD0005A00000780005A00001372
:20CDA000D00013D0005A000013D0001FD0005A00000780005A000013D00013D0005A000039
:20CDC00013D0001FD0005A00000E800022D0001FD0001DD0001AD00013D0001AD0001DD027
:20CDE000000780005A000013D00013D0001DC0005A00005A00005A00001FC0005A00005A0E
:20CE000000005A00001DC0005A00001DC1295A00005A00005A00001FC0005A00001DC00056
:20CE20005A00005A00005A000022C0005A00001FC0005A00001DD0001FD0005A00005A00DF
:20CE4000000780005A000013D00013D0001DC0005A00005A00005A00001FC0005A00005AAD
:20CE600000005A00001DC0005A00001DC1295A00005A00005A00001FC0005A00001DC000F6
:20CE80005A00005A00005A000022C0005A00001FC0005A00001DD0001FD0005A00005A007F
:20CEA000000C800024DC055A00005A000022D00022DC055A00005A00000C800024D0005AAA
:20CEC000000022D00026D00026D0001AD0001AD00021C0005A00005A00005A00001DC000D4
:20CEE0005A00005A00000780001FC0002ED00007800029D0005A000029D0002BD00029D053
:20CF0000001FD0005A000013D00013D0005A000013D0001FD0005A00001FD0005A00001320
:20CF2000D00013D0005A000013D0001FD0005A00001FD0005A000013D00013D0005A00004F
:20CF400013D0001FD0005A000026D00022D0001FD0001DD0001AD00013D0001AD0001DD03D
:20CF6000001FD0005A000013D00013D0005A000013D0001FD0005A00001FD0005A000013C0
:20CF8000D00013D0005A000013D0001FD0005A00001FD0005A000013D00013D0005A0000EF
:20CFA00013D0001FD0005A000024D00026D00022D0001FD0001DD0001FD00022D0005A0052
:20CFC000001F90001FAC285A00005A000022900022AC285A00005A000024900024AC285A99
:20CFE00000005A000026900026AC285A00005A00002B90002BAC285A00005A00002990004C
:20D0000029AC285A00005A000028900028AC285A00005A000026900026AC285A00005A0093
:20D02000001F90001FAC285A00005A000022900022AC285A00005A000024900024AC285A38
:20D0400000005A000026900026AC285A00005A00001F90001FAC285A00005A00001D90000F
:20D060001DAC285A00005A00001F90001FAC285A00005A00003540005A00005A00005A0032
:20D08000005A0C005A0E005A00005A00005A00005A00005A00005A00005A00005A00005A98
:20D0A00000005A00005A00005A00005A00005A00005A00005A00005A00005A00005A0000EC
:20D0C0005A00005A00005A00005A00005A00005A00005A00002B6C0F2E6C0F326C0F356C3D
:20D0E0000F376C0F5A0C045A0E005A00005A00005A00005A00005A00005A00005A00005ACD
:20D1000000005A00005A00005A00005A00005A00005A00005A00005A00005A00005A00008B
:20D120005A00005A00005A00005A00005A00005A00005A00005A00005A00005A00005A0011
:20D14000001FD0005A000013D00013D0005A000013D0001FD0005A00001FD0005A000013DE
:20D16000D00013D0005A000013D0001FD0005A00001FD0005A000013D00013D0005A00000D
:20D1800013D0001FD0005A000026D00022D0001FD0001DD0001AD00013D0001AD0001DD0FB
:20D1A000001FC1025A00005A00005A000022C1025A00005A00005A000024C1025A00005AF1
:20D1C00000005A000026C1025A00005A00005A00001FC1025A00005A00005A00001DC1022E
:20D1E0005A00005A00005A00000780005A00005A00005A00000780005A00005A00005A00F7
:20D20000001F90001FAC285A00005A000022900022AC285A00005A000024900024AC285A56
:20D2200000005A000026900026AC285A00005A00002B90002BAC285A00005A000029900009
:20D2400029AC285A00005A000028900028AC285A00005A000026900026AC285A00005A0051
:20D26000001F90001FCC345A00005A000022900022CC345A00005A000024900024CC345A72
:20D2800000005A000026900026CC345A00005A00001F90001FCC345A00005A00001D900075
:20D2A0001DCC345A00005A00001F90001FCC265A00005A00005A00005A00005A00005A00C1
:20D2C000005A00005A00005A00005A00005A00005A00005A00005A00005A00005A00005A70
:20D2E00000005A00005A00005A00005A00005A00005A00005A00005A00005A00005A0000AA
:20D300005A00005A00005A00005A00005A00005A00005A00002B6C0F2E6C0F326C0F356CFA
:20D320000F376C0F5A0C045A0E005A00005A00005A00005A00005A00005A00005A00005A8A
:20D3400000005A00005A00005A00005A00005A00001362405A02405A02405A02405A0240E6
:20D360005A02405A02405A02405A02405A02405A02405A00005A00005A00005A00005A0043
:20D38000003E10005A00003E10003E10003220003E10003E10003E10003E10005A00003E27
:20D3A00010003E10003220003E10003E10003E10003E10005A00003E10003E10003220003D
:20D3C0003E10003E10003E10003E10005A00003E10003E10003220003E10003E10003E10E3
:20D3E000003E10005A00003E10003E10003220003E10003E10003E10003E10005A00003EC7
:20D4000010003E10003220003E10003E10003E10003230005A00005A00005A00005A0000A8
:20D420005A00005A00005A00002310005A00003220003220002310005A000032200032207C
:20D44000001FD0005A000013D00013D0005A000013D0001FD0005A00001FD0005A000013DB
:20D46000D00013D0005A000013D0001FD0005A00001FD0005A000013D00013D0005A00000A
:20D4800013D0001FD0005A000026D00022D0001FD0001DD0001AD00013D0001AD0001DD0F8
:20D4A000001FC0005A00005A00005A00001DC0005A00005A00005A00001FC0005A00005A01
:20D4C00000005A00001DC0005A00001DC1295A00005A00005A00001FC0005A00001DC00090
:20D4E0005A00005A00005A000022C0005A00001FC0005A00001DD0001FD0005A00005A0019
:20D50000001F90001FAC285A00005A000022900022AC285A00005A000024900024AC285A53
:20D5200000005A000026900026AC285A00005A00002B90002BAC285A00005A000029900006
:20D5400029AC285A00005A000028900028AC285A00005A000026900026AC285A00005A004E
:20D56000001F90001FAC285A00005A000022900022AC285A00005A000024900024AC285AF3
:20D5800000005A000026900026AC285A00005A00001F90001FAC285A00005A00001D9000CA
:20D5A0001DAC285A00005A00001F90001FAC285A00005A00001FC00022C00026C00029C0E0
:20D5C000005A00005A00000740005A00005A00005A00000740005A00005A00005A000007E6
:20D5E00040005A00005A00005A00000740005A00005A00005A00000740005A00005A00008D
:20D600005A00000740005A00005A00005A00000740005A00005A00005A00000740005A0065
:20D62000005A00005A00000740005A00005A00005A00000740005A00005A00005A00000785
:20D6400040005A00005A00005A00000740005A00005A00005A00000740005A00005A00002C
:20D660005A00000740005A00005A00005A00000740005A00005A00005A00000740005A0005
:20D68000002310005A00003E10003E10003220005A00003E10003E10002310005A00003E4E
:20D6A00010003E10003220005A00003E10003E10002310005A00003E10003E100032200049
:20D6C0005A00003E10003E10002310005A00003E10003E10003220005A00003E10003E10E3
:20D6E000002310005A00003E10003E10003220005A00003E10003E10002310005A00003EEE
:20D7000010003E10003220005A00003E10003E10002310005A00003E10003E1000322000E8
:20D720005A00003E10003E10002310005A00003E10003E10003220005A00003E10003E1082
:20D74000001FC0005A00005A00005A00001DC0005A00005A00005A00001FC0005A00005A5E
:20D7600000005A00001DC0005A00001DC1295A00005A00005A00001FC0005A00001DC000ED
:20D780005A00005A00005A000022C0005A00001FC0005A00001DD0001FD0005A00005A0076
:20D7A000001FD0005A000013D00013D0005A000013D0001FD0005A00001FD0005A00001378
:20D7C000D00013D0005A000013D0001FD0005A00005A00005A00005A00005A0000042C1860
:20D7E0005A0000042C18032C18022C185A0000022C185A0000022C185A00005A00005A00AC
:20D80000005A00005A00000740005A00005A00005A00000740005A00005A00005A000007A3
:20D8200040005A00005A00005A00000740005A00005A00005A00000740005A00005A00004A
:20D840005A00000740005A00005A00005A00000740005A00005A00005A00000740005A0023
:20D86000005A00005A00000740005A00005A00005A00000740005A00005A00005A00000743
:20D8800040005A00005A00005A00000740005A00005A00005A00005A00005A00005A0000D7
:20D8A0005A00005A00005A00005A00005A00005A00005A00005A00005A00005A00005A008A
:20D8C000002310005A00003E10003E10003220005A00003E10003E10002310005A00003E0C
:20D8E00010003E10003220005A00003E10003E10002310005A00003E10003E100032200007
:20D900005A00003E10003E10002310005A00003E10003E10003220005A00003E10003E10A0
:20D92000002310005A00003E10003E10003220005A00003E10003E10002310005A00003EAB
:20D9400010003E10003220005A00003E10003E1000204C052200002400002600002800001C
:20D960002A00002C00002E00003000003200003400003600003800003A00003C00003E006B
:20D98000002BC0005A000026C0005A00001FC0005A00002BC0005A000029C0005A0000261B
:20D9A000C0005A000022C0005A000029C0005A000028C0005A000024C0005A00001FC0006F
:20D9C0005A000029C0005A000028C0005A000024C0005A000026C0005A000022C0005A00AE
:20D9E000002BC0005A000026C0005A00001FC0005A00002BC0005A000029C0005A000026BB
:20DA0000C0005A000022C0005A000029C0005A000028C0005A000024C0005A00001FC0000E
:20DA20005A000028C0005A000026C0005A000024C0005A000028C0005A000029C0005A0047
:20DA4000000740005A00005A00001340000740005A00001340005A00000A40005A00005A2C
:20DA600000001640000A40005A00001640005A00000C40005A00005A00001840000C400058
:20DA80005A00001840005A00000E40005A00005A00001A40000E40005A00001A40005A00C2
:20DAA000000740005A00005A00001340000740005A00001340005A00000A40005A00005ACC
:20DAC00000001640000A40005A00001640005A00000C40005A00005A00001840000C4000F8
:20DAE0005A00001840005A00000E40005A00005A00001A40000E40005A00001A40005A0062
:20DB0000001FC1025A00001AC1025A000013C1025A00001FC1025A00001DC1025A00001AD2
:20DB2000C1025A000016C1025A00001DC1025A00001CC1025A000018C1025A000013C10217
:20DB40005A00001DC1025A00001CC1025A000018C1025A00001AC1025A000016C1025A0059
:20DB6000001FC1025A00001AC1025A000013C1025A00001FC1025A00001DC1025A00001A72
:20DB8000C1025A000016C1025A00001DC1025A00001CC1025A000018C1025A000013C102B7
:20DBA0005A00001CC1025A00001AC1025A000018C1025A00001CC1025A00001DC1025A00F3
:20DBC000001FC1025A00001AC1025A000013C1025A00001FC1025A00001DC1025A00001A12
:20DBE000C1025A000016C1025A00001DC1025A00001CC1025A000018C1025A00001FC1024B
:20DC00005A00001DC1025A000022C1025A000024C1025A00001FC1025A00005A00005A0000
:20DC2000001FC1025A00001AC1025A000013C1025A00001FC1025A00001DC1025A00001AB1
:20DC4000C1025A000016C1025A00001DC1025A00001CC1025A000018C1025A00001CC102ED
:20DC60005A00001DC1025A00001FC1025A00005A00005A00001F9000229000269000299050
:20DC8000002BC0005A000026C0005A00001FC0005A00002BC0005A000029C0005A00002618
:20DCA000C0005A000022C0005A000029C0005A000028C0005A000024C0005A00001FC0006C
:20DCC0005A000029C0005A00002EC0005A000030C0005A00002BC0005A00005A00005A001C
:20DCE000002BC0005A000026C0005A00001FC0005A00002BC0005A000029C0005A000026B8
:20DD0000C0005A000022C0005A000029C0005A000028C0005A000024C0005A000028C00002
:20DD20005A000029C0005A00002BC0005A00005A00005A00001FD00022D00026D00029D07D
:20DD4000000740005A00005A00001340000740005A00001340005A00000A40005A00005A29
:20DD600000001640000A40005A00001640005A00000C40005A00005A00001840000C400055
:20DD80005A00001840005A00000E40005A00005A00001A40000E40005A00001A40005A00BF
:20DDA000000C40005A00005A00001840000C40005A00001840005A00000A40005A00005AB5
:20DDC00000001640000A40005A00001640005A00000940005A00005A0000154000094000FE
:20DDE0005A00001540005A00000740005A00005A00001340000740005A00001340005A007E
:20DE0000002310005A00003E10003E10003220005A00003E10003E10002310005A00003EC6
:20DE200010003E10003220005A00003E10003E10002310005A00003E10003E1000322000C1
:20DE40005A00003E10003E10002310005A00003E10003E10003220005A00003E10003E105B
:20DE6000003E10005A00003E10003E10003220005A00003E10003E10003E10003E10005A20
:20DE800000003E10003220005A00003E10003E10002310005A00003E10003E100032200071
:20DEA0005A00003E10003E10002310005A00003E10003E1000294C042D4C04314C05354C4A
:20DEC000052BC0005A00005A00005A00005A00005A00005A00005A00005A00005A00005ACE
:20DEE00000005A00005A00005A00005A00005A00005A00005A00005A00005A00005A00009E
:20DF00005A00005A00005A00005A00005A00005A00005A00005A00005A00005A00005A0023
:20DF2000005A00005A00005A00005A00005A00005A00005A00005A00005A00005A00005A03
:20DF400000005A00005A00005A00005A00005A00005A00005A00005A00005A00005A00003D
:20DF60005A00005A00005A00005A00005A00005A00005A00005A00005A00005A00005A00C3
:20DF8000002BA0005A00005A00005A0C385A00005A00005A00005A00005A00005A00005AEE
:20DFA00000005A00005A00005A00005A00005A00005A00005A00005A00005A00005A0000DD
:20DFC0005A00005A00005A00005A00005A00005A00005A00005A00005A00005A00005A0063
:20DFE000005A00005A00005A00005A00005A00005A00005A00005A00005A00005A00005A43
:20E0000000005A00005A00005A00005A00005A00005A00005A00005A00005A00005A00007C
:20E020005A00005A00005A00005A00005A00005A00005A00005A00005A00005A00005A0002
:20E04000000740005A00005A00005A0C045A0E005A00005A00005A00005A00005A00005AD7
:20E0600000005A00005A00005A00005A00005A00005A00005A00005A00005A00005A00001C
:20E080005A00005A00005A00005A00005A00005A00005A00005A00005A00005A00005A00A2
:20E0A000005A00005A00005A00005A00005A00005A00005A00005A00005A00005A00005A82
:20E0C00000005A00005A00005A00005A00005A00005A00005A00005A00005A00005A0000BC
:20E0E0005A00005A00005A00005A00005A00005A00005A00005A00005A00005A00005A0042
:20E10000003130005A00005A00005A00005A00005A00005A00005A00005A00005A00005A1A
:20E1200000005A00005A00005A00005A00005A00005A00005A00005A00005A00005A00005B
:20E140005A00005A00005A00005A00005A00005A00005A00005A00005A00005A00005A00E1
:20E16000005A00005A00005A00005A00005A00005A00005A00005A00005A00005A00005AC1
:20E1800000005A00005A00005A00005A00005A00005A00005A00005A00005A00005A0000FB
:20E1A0005A00005A00005A00005A00005A00005A00005A00005A00005A00005A00005A0081
:20E1C000005A1C065A10005A00005A00005A00005A00005A00005A00005A00005A00005A2F
:20E1E00000005A00005A00005A00005A00005A00005A00005A00005A00005A00005A00009B
:20E200005A00005A00005A00005A00005A00005A00005A00005A00005A00005A00005A1010
:20E22000005A00005A0C1B5A30005A00005A00005A00005A00005A00005A00005A00005AA9
:20E2400000005A00005A00005A00005A00005A00005A00005A00005A00005A00005A00003A
:20E260005A00005A00005A00005A00005A00005A00005A00005A00005A00005A00005A10B0
:20E28000005A00005A00005A0C775A00005A00005A00005A00005A00005A00005A00005A1D
:20E2A00000005A00005A00005A00005A00005A00005A00005A00005A00005A00005A0000DA
:20E2C0005A00005A00005A00005A00005A00005A00005A00005A00005A00005A00005A1050
:20E2E000005A00005A00005A00005A00005A00005A00005A00005A00005A00005A00005A40
:20E3000000005A00005A00005A00005A00005A00005A00005A00005A00005A00005A000079
:20E320005A00005A00005A00005A00005A00005A00005A00005A00005A00005A00005A10EF
:20E34000005A09005A19405A00005A00005A00005A00005A00005A00005A00005A00005A7D
:20E3600000005A00005A00005A00005A00005A00005A00005A00005A00005A00005A000019
:20E380005A00005A00005A00005A00005A00005A00005A00005A00005A00005A00005A108F
:20E3A000005A00005A0C155A30005A00005A00005A00005A00005A00005A00005A00005A2E
:20E3C00000005A00005A00005A00005A00005A00005A00005A00005A00005A00005A0000B9
:20E3E0005A00005A00005A00005A00005A00005A00005A00005A00005A00005A00005A102F
:20E40000005A0C0F5A0C0B5A0C085A00005A00005A0C045A00005A00005A00005A00005AC8
:20E4200000005A00005AB0005A00005A00005A00005A00005A00005A00005A00005A0000A8
:20E440005A00005A00005A00005A00005A00005A00005A00005A00005A00005A00005A10CE
:20E46000005A0C185A20005A00005A00005A00005A00005A00005A00005A00005A00005A7A
:20E4800000005A00005A00005A00005A00005A00005A00005A00005A00005A00005A0000F8
:20E4A0005A00005A00005A00005A00005A00005A00005A00005A00005A00005A00005A106E
:20E4C000002400002800002C00003000005A00005A00005A00005A00005A00005A00005A1E
:20E4E00000005A00005A00005A00005A00005A00005A00005A00005A00005A00005A000098
:20E500005A00005A00005A00005A00005A00005A00005A00005A00005A00005A00005A100D
:20E52000002400002C00005A00005A40005A00005A00005A00005A00005A00005A00005A21
:20E5400000005A00005A00005A00005A00005A00005A00005A00005A00005A00005A000037
:20E560005A00005A00005A00005A00005A00005A00005A00005A00005A00005A00005A10AD
:20E5800000014081418144C1464148C149814A814D414E014F415141544157015BC15BC1A9
:20E5A0005E014041424145414241454142414541424145C14F0152015501528159815C8154
:20E5C0005F0140014301460143014C014301460143014C8150C152C1550158415A415D4196
:20E5E00060C140C143C14381470149414B414B414BC14CC14381538156C1588156015E01F0
:20E60000610800F00000800840F00000800880F0000080080061C161800800F100008008E5
:20E6200040B32162800880F1000080796B910000C00840198162800840800000801B40B39C
:20E64000E162800800664163800823720000C00840A2A163800020000000800020010000D9
:20E660008000200200008000200B01648000200400008000200500008008616400000091C1
:20E68000C1640000008521650000007000000000000000FFFFFFFFFFFFFFFFFFFFFFFFFFE7
:20E6A000FF00000000FFFFFFFFFFFFFFFFFFFFFFFF0000000000000000FFFFFFFFFFFFFF6E
:20E6C000FF000000000000000000000000FFFFFFFF000112233445566778899AABBCCDDE26
:20E6E000EFFEDCBA98765432100123456789ABCDEF7ACDDB75211368BDDC974101479CDDCE
:20E70000B80F0F0F0F0F0F0F0F0F0F0F0F0F0F0F0FFEFCFAF8F6F4F2F0F2F4F6F8FAFCFED1
:20E72000FFFEDDCCBBAA9988778ABDF124578ABDEEDB976679BCDDCA97678E6E6E6EE66E70
:20E74000E6888B89ABCDFC6BCDFCA964202345678F0200408165A165C165E1650166556648
:06E76000796600009166DD
:020000040034C6
:208000001C04200004200004200010200004200004200010200004200004200004200004C0
:2080200020001020000420000420001020000420000620000620000620001220000620008A
:2080400006200012200006200006200006200006200012200006200006200012200006205A
:20806000000820000820000820001420000820000820001420000820000820000820000850
:2080800020001420000820000820001420000820000820000820000820001420000820000C
:2080A0000820001420000820000820000820000820001420000820000820001420000820E4
:2080C000001B2C0A1E2C0A202C0A232C095A00005A0000232C095A0000222C09222C092217
:2080E0002C08222C085A00005A0000222C085A00001B2C081E2C07202C07232C075A0000EF
:208100005A0000222C075A0000222C075A00005A0000222C07222C075A0000282C06282C9B
:2081200005145C0520500014500020500014500020500014500020500014500020500014F1
:208140005000205000145000205000145000205000145000205000145000205000145000AB
:2081600020500014500020500014500020500014500020500014500020500014500020506B
:20818000005A0F065A00001B10001E10002010002310005A0C005A00002310005A0C0022DF
:2081A00010002210002210002210005A0C005A00002210005A0C001B10001E100020100038
:2081C0002310005A0C005A00002210005A0C002210005A0C005A00002210002210005A0C58
:2081E000002810002810002810005A0C005A00002710005A0C005A0C002710005A0C002750
:2082000010005A0C005A00002010005A0C005A00002010005A0C001E10005A0C005A00001A
:208220001E10005A0C005A00002010005A0C002210005A0C002310005A00002210005A0CFD
:20824000002B2C145A00005A00005A00002B2C145A00005A00005A00002B2C145A00005A0D
:2082600000005A00002B2C245A00005A00005A00002B2C255A00005A00005A00002B2C2515
:208280005A00005A00005A00002B2C255A00005A00005A00002B2C255A00005A00005A00BC
:2082A000002B2C265A00005A00005A00002B2C265A00005A00005A00002B2C265A00005A77
:2082C00000005A00002B2C265A00005A00005A00002B2C275A00005A00005A00002B2C27AF
:2082E0005A00005A00005A00002B2C275A00005A00005A00002B2C275A00002B2C275A0034
:20830000005A00005A00005A00005A00005A00005A00005A00005A00005A00005A00005A7F
:2083200000005A00005A00005A00005A00005A00005A00005A00005A00005A00005A0000B9
:208340005A00005A00005A00005A00005A00005A00005A00005A00005A00005A00005A003F
:20836000005A00005A00005A00005A00005A00005A00005A00005A00005A00005A00005A1F
:2083800000005A00005A00005A00005A00005A00005A00005A00005A00005A00005A000059
:2083A0005A00005A00005A00005A00005A00005A00005A00005A00005A00005A00005A00DF
:2083C000000F1000121000141000171000141C03171C031710005A0C0016100016100016B9
:2083E0001000161000161C03161C031610005A0C000F1000121000141000171000141C0392
:20840000171C031610005A0C001610005A0C00161C03161000161000161C031C10001C1000
:20842000001C10001C1C031C1C031B10005A0C001B1C031B10005A0C001B10005A0C001B92
:208440001C031410005A0C00141C031410005A0C001210005A0C00121C031210005A0C0075
:20846000121C031410005A0C001610005A0C001710005A00001610005A0C001710005A0027
:2084800000314E005A00005A00005A00005A00005A00005A00005A00005A00005A00005AD9
:2084A00000005A00005A00005A00005A00005A00005A00005A00005A00005A00005A000038
:2084C0005A00005A00005A00005A00005A00005A00005A00005A00005A00005A00005A00BE
:2084E000005A00005A00005A00005A00005A00005A00005A00005A00005A00005A00005A9E
:2085000000005A00005A00005A00005A00005A00001211015A0C005A00001211015A0C002B
:208520005A00001411015A0C001610005A0C001711015A00001611015A0C001711015A0035
:20854000005A0E005A00005A00005A00005A00005A00005A00005A00005A00005A00005A2F
:2085600000005A00005A00005A00005A00005A00005A00005A00005A00005A00005A000077
:208580005A00005A00005A00005A00005A00005A00005A0000221C025A00005A00005A0017
:2085A000005A00005A00003E1C01221C025A00005A00005A00005A00005A00005A00003E12
:2085C0001C01221C025A00005A00005A00005A00005A00005A00003E1C01221C025A00002D
:2085E0005A00005A00005A00005A00005A00003E1C01221C025A00005A00005A00005A00B6
:20860000000F10001210001410001710005A0C005A00001710005A0C00161000161000161F
:2086200010001610005A0C005A00001610005A0C000F10001210001410001710005A0C00C6
:208640005A00001610005A0C001610005A0C005A00001610001610005A0C001C10001C1044
:20866000001C10005A0C005A00001B10005A0C005A0C001B10005A0C001B10005A0C005A9B
:2086800000001410005A0C005A00001410005A0C00121C055A0C005A0000121C055A0C00E0
:2086A0005A0000141C055A0C00161C055A0C00171C055A0000161C055A0C00171C055A0067
:2086C000002B2C275A00002B2C275A00002B2C275A00002B2C275A00002B2C275A00002B37
:2086E0002C275A00002B2C275A00002B2C275A00002B2C275A00002B2C275A00002B2C27EF
:208700005A00002B2C275A00002B2C275A00002B2C275A00002B2C275A00002B2C182B2CD9
:20872000181A3C282B2C282B2C281A3C282B2C282B2C281A3C282B2C281A3C282B2C282B04
:208740002C281A3C282B2C282B2C281A3C282B2C281A3C291A3C291A3C291A3C291A3C29D1
:208760001A3C291A3C291A3C291A3C291A3C291A3C291A3C291A3C291A3C291A3C291A3CAD
:2087800029314E005A00005A00005A00005A00005A00005A00005A00005A00005A00005AAD
:2087A00000005A00005A00005A00005A00005A00005A00005A00005A00005A00005A000035
:2087C0005A00005A00005A00005A00005A00005A00005A00005A00005A00005A00005A00BB
:2087E000005A00005A00005A00005A00005A00005A00005A00005A00005A00005A00005A9B
:2088000000005A00005A00005A00005A00005A00005A00005A00005A00005A00005A0000D4
:208820005A00005A00005A00005A00005A00005A00005A00005A00005A00005A00005A005A
:20884000001A90005A00005A00005A00005A00005A00001A90005A00005A00005A00005A9A
:2088600000005A00001A90005A00005A00005A00001A90005A00005A00005A00005A0000D4
:208880005A00001A90005A00001890005A00005A00005A00001890005A00001890005A00C0
:2088A000005A00005A00005A00005A00005A00005A00005A00005A00005A00005A00005ADA
:2088C00000005A00005A00005A00005A00005A00005A00005A00005A00005A00005A000014
:2088E0005A00005A00005A00005A00005A00005A00005A00005A00005A00005A00005A009A
:20890000003C5F033A5C053800003600003400003200003000002E00002C00002A00005A3C
:2089200000002900005A00002800005A00002700005A00005A00002800002900002A0000DC
:208940002C00002E00003000003200003400003600003800003A00003C00003D00005A0BA1
:20896000003E00005A00005A00005A00005A00005A00005A00005A00005A00005A00005A35
:2089800000005A00005A00005A00005A00005A00005A00005A00005A00005A00005A000053
:2089A0005A00005A00005A00005A00005A00005A00005A00005A00005A00005A00005A00D9
:2089C000000E9000088C075A00005A0000029C05088C075A00005A00000E9000088C075A25
:2089E00000005A0000029C05088C075A00005A00000E9000088C075A00005A0000029C059B
:208A0000088C070E9000088C070E9000088C075A00005A0000029C05088C075A00005A00A3
:208A2000000E9000048C075A00005A0000029C05048C075A00005A00000E9000048C075AD0
:208A400000005A0000029C05048C075A00005A00000E9000048C075A00005A0000029C0542
:208A6000048C070E9000048C070E9000048C075A00005A0000029C05048C075A00005A0053
:208A800000272F065A00005A00002720005A00005A00002220005A00002320005A00005A38
:208AA00000002320005A00005A00002A20005A00002720005A00005A00002720005A00007F
:208AC0005A00002220005A00002320005A00005A00002320005A00005A00002720002A2021
:208AE000002C20005A00005A00002C20005A00005A00002A20005A00002320005A00005ADB
:208B000000002320005A00005A00002720002A20002C20005A00005A00002C20005A000027
:208B20005A00002A20005A00002320005A00005A00002320005A00005A00002320002720BF
:208B4000000820000820000820001420000820000820001420000820000820000820000865
:208B6000200014200008200008200014200008200008200008200008200014200008200021
:208B80000820001420000820000820001420000820001420000820001720005A00005A0086
:208BA000000420000420000420001020000420000420001020000420000420000420000431
:208BC0002000102000042000042000102000042000042000042000042000102000042000E9
:208BE0000420001020000420000420000420000420001020000420000420001020000420C5
:208C0000002120005A00003240005A00002B20005A00003240005A00002120005A000032AF
:208C200040005A00002B20005A00003240005A00002120005A00003240005A00002B200077
:208C40005A00002120005A00002120005A00002B20005A00002B20005A00002B20002B20A4
:208C6000002120005A00003240005A00002B20005A00003240005A00002120005A0000324F
:208C800040005A00002B20005A00003240005A00002120005A00003240005A00002B200017
:208CA0005A00002120005A00002120005A00002B20005A00002B20005A00002B20002B2044
:208CC000000120000120000120000D20000120000120000D20000120000120000120000131
:208CE00020000D20000120000120000D20000120000120000120000120000D2000012000E6
:208D00000120000D20000120000120000D20000120000D20000120000D20000120000D20AC
:208D20000004200004200004200004200004200004200010200004200004200004200004BB
:208D400020001020000420000420001020000420000320000320000320000F20000320006C
:208D60000320000F20000320000320000320000320000F20000320000320000F200003204E
:208D8000002820005A00005A00002820005A00005A00002720005A00002020005A00005A46
:208DA00000002020005A00005A00002720005A00002820005A00005A00002820005A000080
:208DC0005A00002720005A00002C20005A00005A00002C20005A00005A00002720005A00F7
:208DE000002020005A00005A00002020005A00005A00001E20005A00002020005A00005AFF
:208E000000002020005A00005A00001E20005A00002220005A00005A00002220005A000034
:208E20005A00002020005A00002220005A00002F20002E20005A00002C20002B20005A00BA
:208E4000000E9000018C075A00005A0000029C05018C075A00005A00000E9000018C075AB5
:208E600000005A0000029C05018C075A00005A00000E9000018C075A00005A0000029C0524
:208E8000018C070E9000018C070E9000018C075A00005A0000029C05018C075A00005A003B
:208EA000000E9000048C075A00005A0000029C05048C075A00005A00000E9000048C075A4C
:208EC00000005A0000029C05048C075A00005A00000E9000038C075A00005A0000029C05BF
:208EE000038C070E9000038C070E9000038C075A00005A0000029C05038C075A00005A00D3
:208F0000001B6F065A00005A00001B60005A00005A00001660005A00001760005A00005AE3
:208F200000001760005A00005A00001E60005A00001B60005A00005A00001B60005A00002A
:208F40005A00001660005A00001760005A00005A00001760005A00005A00001B60001E6098
:208F6000002060005A00005A00002060005A00005A00001E60005A00001760005A00005A86
:208F800000001760005A00005A00001B60001E60002060005A00005A00002060005A00009F
:208FA0005A00001E60005A00001760005A00005A00001760005A00005A00001760001B6037
:208FC000001C60005A00005A00001C60005A00005A00001B60005A00001460005A00005A34
:208FE00000001460005A00005A00001B60005A00001C60005A00005A00001C60005A00006E
:209000005A00001B60005A00002060005A00005A00002060005A00005A00001B60005A00E4
:20902000001460005A00005A00001460005A00005A00001260005A00001460005A00005AEC
:2090400000001460005A00005A00001260005A00001660005A00005A00001660005A000022
:209060005A00001460005A00001660005A00002360002260005A00002060001F60005A0040
:20908000005A00005A0000272C065A00005A0000272C065A00005A0000222C065A00002331
:2090A0002C065A00005A0000232C065A00005A00002A2C065A0000272C065A00005A0000FE
:2090C000272C065A00005A0000222C065A0000232C065A00005A0000232C065A00005A00C3
:2090E00000272C062A2C062C2C065A00005A00002C2C065A00005A00002A2C065A000023BE
:209100002C065A00005A0000232C065A00005A0000272C062A2C062C20005A00005A0000AB
:209120002C2C065A00005A00002A2C065A0000232C065A00005A0000232C065A00005A0055
:20914000005A00005A0000282C065A00005A0000282C065A00005A0000272C065A0000206C
:209160002C065A00005A0000202C065A00005A0000272C065A0000282C065A00005A000042
:20918000282C065A00005A0000272C065A00002C2C065A00005A00002C2C065A00005A00EA
:2091A00000272C065A0000202C065A00005A0000202C065A00005A00001E2C065A00002026
:2091C0002C065A00005A0000202C065A00005A00001E2C065A0000222C065A00005A0000F1
:2091E000222C065A00005A0000202C065A0000222C065A00002F2C062E2C065A00002C2C9A
:20920000065A09005A09405A00005A00005A00005A00005A00005A00005A00005A00005A18
:2092200000005A00005A00005A00005A00005A00005A00005A00005A00005A00005A0000AA
:209240005A00005A00005A00005A00005A00005A00005A00005A00005A00005A00005A1020
:20926000005A09005A09405A00005A00005A00005A00005A00005A00005A00005A00005ABE
:2092800000005A00005A00005A00005A00005A00005A00005A00005A00005A00005A00004A
:2092A0005A00005A00005A00005A00005A00005A00005A00005A00005A00005A00005A10C0
:2092C000005A09405A00005A00005A00005A09805A00005A00005A00005A00005A00005ADE
:2092E00000005A00005A00005A00005A00005A00005A00005A00005A00005A00005A0000EA
:209300005A00005A00005A00005A00005A00005A00005A00005A00005A00005A00005A105F
:20932000005A09C05A00005A00005A00005A00005A00005A00005A00005A00005A00005A86
:2093400000005A00005A00005A00005A00005A00005A00005A00005A00005A00005A000089
:209360005A00005A00005A00005A00005A00005A00005A00005A00005A00005A00005A10FF
:20938000005A09003009402400005A00005A00003000002400005A00005A00005A00005A5D
:2093A00000005A00005A00005A00005A00005A00005A00005A00005A00005A00005A000029
:2093C0005A00005A00005A00005A00005A00005A00005A00005A00005A00005A00005A109F
:2093E0000024094030000024090024000030094024000024090030000024094024000030C4
:209400000900240000240940300000240900240000300940240000240900300000240940CA
:209420002400003009002400002409403000002409002400003009402400002409003010B3
:20944000005A09405A00005A09005A00005A09405A00005A09005A00005A09405A00005A41
:2094600009005A00005A09405A00005A09005A00005A09405A00005A09005A00005A094072
:209480005A00005A09005A00005A09405A00005A09005A00005A09405A00005A09005A1031
:2094A00000300C09300000300C0F5A00005A0000240C095A00005A00005A00005A00005A3D
:2094C00000005A00005A00005A00005A00005A00005A00005A00005A00005A00005A000008
:2094E0005A00005A00005A00005A00005A00005A00005A00005A00005A00005A00005A107E
:20950000003000002D00002A00002700002400002100001E00001B00001800005A0C005A47
:2095200000005A00005A00005A00005A00005A00005A00005A00005A00005A00005A0000A7
:209540005A00005A00005A00005A00005A00005A00005A00005A00005A00005A00005A101D
:20956000002A00002A0000290000290000280000280000270000260000250000240000243B
:20958000000024000024000024000024000024000024000024000024000024000024000063
:2095A0002400002440005A00005A00005A00005A00005A00005A00005A00005A00005A10E9
:2095C000003B00004100003B00004100003B00004100003B00004100003B00004100003BE4
:2095E00000004100003B00004100003B00004100003B00004100003B00004100003B0000FF
:209600004100003B00004100003B00004100003B00004100005A00005A00005A00005A101D
:20962000003009402D29005A00005A00005A00005A00005A00005A00005A00005A00005A31
:2096400000005A00005A00005A00005A00005A00005A00005A00005A00005A00005A000086
:209660005A00005A00005A00005A00005A00005A00005A00005A00005A00005A00005A10FC
:20968000000146C143C143C143C1430143C149414EC149414E01438150415181478144C108
:2096A00040C140C140C1400143814A814D014FC14F0143814A814D81478141014001400140
:2096C0004001404148414BC14C414BC14C4148414BC14C81478147414541454142C1460105
:2096E00049014C014C014C014C01498147814781470840C70152800880F2615280088062D2
:20970000C1528008C0F00000800800332153800840F28153800880F10000800840F0E1535C
:20972000802B80F04154800060040000803F200DA1548000200200008000200300008000EF
:209740002004000080002005000080002006000080002007000080002008015580F0000085
:20976000000000A16155670000F1C155000000C12156760000F00000000000FEEEDDCCBB36
:20978000BAAA99887665543322210000000000FFFFFFFFFFFFFFFFFFFFFFFF0000000000AB
:2097A000000000FFFFFFFFFFFFFFFF000000000000000000000000FFFFFFFF00011223344B
:2097C00045566778899AABBCCDDEEFFEDCBA9876543210123456789ABCDEFF7ACDDB7521B4
:2097E0001368BDDC974101479CDDB80F0F0F0F0F0F0F0F0F0F0F0F0F0F0F0F000000000014
:2098000000000256EFFFFFFFFFFFFFFEDDCCBBAA9988778ABDF124578ABDEE841161ED5741
:20982000475AADCEA31779DD2003470E86B05E157AE906B19098490AB04C796C6B5CE1328B
:20984000ECEC4E86CEE73D9822143D0126778899ABCDEEEFEDDDCCBBAAAA990600408156F0
:109860009D56B956D556F15627575D5700007B5780
:20400000182D30005A00005A00002D30005A00005A00002D30005A00002D30005A00002DCB
:2040200030005A00002930005A00002830005A00002630005A00005A00002630005A0000D7
:204040005A00002630005A00005A00002630005A00005A00002830005A011D3230005A0066
:20406000002F30005A00005A00002F30005A00005A00002F30005A00002D30005A00002F7B
:2040800030005A010B3430005A00003030005A00002D30005A00005A00002D30005A00004A
:2040A0005A00002D30005A00002F30005A00005A00002B30005A00005A00002B30005A0018
:2040C000001592860990005A00005A00005A00005A00005A00005A00005A00005A00005AF0
:2040E00000005A00005A00005A00005A00005A00000290005A00005A00005A00005A000004
:204100005A00005A00005A00005A00005A00005A00005A00005A00005A00005A00005A00C1
:20412000000B90005A00005A00005A00005A00005A00005A00005A00005A00005A00005A60
:2041400000005A00005A00005A00005A00005A00000990005A00005A00005A00005A00009C
:204160005A00005A00005A00005A00005A00005A00005A00005A00005A00005A00005A0061
:204180000021B0005A00005A0C0821B0005A00005A0C0821B0005A0C0A21B0005A0C0A214A
:2041A000B0005A0C0A1DB0005A0C0A1CB0005A0C0A1AB0005A00005A0C081AB0005A0000B0
:2041C0005A0C081AB0005A00005A0C081AB0005A00005A0C081CB0005A0C0A26B0005A0CD5
:2041E0000A23B0005A00005A0C0823B0005A00005A0C0823B0005A0C0A21B0005A0C0A23D8
:20420000B0005A0C0A28B0005A0C0A24B0005A0C0A21B0005A00005A0C0821B0005A00002E
:204220005A0C0821B0005A0C0A23B0005A00005A0C081FB0005A00005A0C081FB0005A0C68
:204240000A12C0005A00005A00005A00005A00005A00005A00005A00005A00005A00005AFE
:2042600000005A00005A00005A00005A00005A00005A00005A00005A00005A00005A0000BA
:204280005A00005A00005A00005A00005A00005A00005A00005A00005A00005A00005A0040
:2042A000005A00005A00005A00005A00005A00005A00005A00005A00005A00005A00005A20
:2042C00000005A00005A00005A00005A00005A00005A00005A00005A00005A00005A00005A
:2042E0005A00005A00005A00005A00005A00005A00005A00005A00005A00005A00005A00E0
:204300000012C0005A00002F70005A00002D7C635A00002F70005A00002D7C635A00002F84
:2043200070005A00002D7C635A00002F70005A00002D7C635A00002F70005A00002D7C63E9
:204340005A00002F70005A00002D7C635A00002F70005A00002D7C635A00002F70005A004C
:20436000002D7C635A00002F70005A00002D7C635A00002F70005A00002D7C635A00002FEA
:2043800070005A00002D7C635A00002F70005A00002D7C635A00002F70005A00002D7C6389
:2043A0005A00002F70005A00002D7C635A00002F70005A00002D7C635A00005A00005A0031
:2043C0000012C0005A000012C0005A000012C0005A000012C0005A000012C0005A000012EF
:2043E000C0005A000012C0005A000012C0005A000012C0005A000012C0005A000012C00021
:204400005A000012C0005A000012C0005A000012C0005A000012C0005A000012C0005A0066
:204420000012C0005A000012C0005A000012C0005A000012C0005A000012C0005A0000128E
:20444000C0005A000012C0005A000012C0005A000012C00012C00012C00012C00012C000D0
:2044600012C00012C00012C00012C00012C00012C00012C00012C00012C00012C00012C036
:20448000002D30005A00005A00002D30005A00005A00002D30005A00002D30005A00005A32
:2044A00000002D30005A00005A00002D30005A00002D30005A00005A00002D30005A00006C
:2044C0005A00002D30005A00002D30005A00005A00002D30005A00005A00002D30005A00F2
:2044E000002D30005A00002D30005A00002D30005A00002D30005A00002D30005A00002DFC
:2045000030005A00002D30005A00002D30005A00002D30005A00002D30005A00002D3000D8
:204520005A00002D30005A00002D30002D30002D30002D30002D30002D30002D30002D3082
:20454000000990005A00005A00005A00005A00005A00005A00005A00005A00005A00005A3E
:2045600000005A00005A00005A00005A00005A00005A00005A00005A00005A00005A0000B7
:204580005A00005A00005A00005A00005A00005A00005A00005A00005A00005A00005A003D
:2045A000005A00005A00005A00005A00005A00005A00005A00005A00005A00005A00005A1D
:2045C00000005A00005A00005A00005A00005A00005A00005A00005A00005A00005A000057
:2045E0005A00005A00005A00005A00005A00005A00005A00005A00005A00005A00005A00DD
:204600000021B0005A00005A0C0821B0005A00005A0C0821B0005A000021B0005A00005AB8
:204620000C0821B0005A00005A0C0821B0005A000021B0005A00005A0C0821B0005A0000DE
:204640005A0C0821B0005A000021B0005A00005A0C0821B0005A00005A0C0821B0005A0064
:204660000021B0005A000021B0005A000021B0005A000021B0005A000021B0005A00002142
:20468000B0005A000021B0005A000021B0005A000021B0005A000021B0005A000021B00093
:2046A0005A000021B0005A000021B00021B00021B00021B00021B00021B00021B00021B0ED
:2046C00000153C065A00005A0C055A00005A0C045A00005A0C035A00005A0C025A00005AC1
:2046E0000C015A00005A00005A00005A00005A00005A00005A00005A00005A00005A0C001D
:204700005A00005A00005A00005A00005A00005A00005A00005A00005A00005A00005A00BB
:2047200000154C015A00005A00005A00005A00005A00005A00005A00005A0C025A00005A85
:2047400000005A00005A0C035A00005A00005A00005A0C045A00005A00005A00005A0C05A5
:204760005A00005A00005A00005A0C065A00005A00005A00005A0C075A00005A00005A0036
:2047800000157E03157E03157E03157E03117E03117E03117E03117E03107E03107E031047
:2047A0007E03107E0324712A3072FF107E03107E03117E03117E03117E03117E03117E038B
:2047C000117E03117E03117E03157E03157E03157E03157E03157E03157E03167E03177E73
:2047E00003157E03157E03157E03157E03117E03117E03117E03117E03107E03107E0310E4
:204800007E03107E0324712A3072FF107E03107E03157E03157E03157E03157E03157E0316
:20482000157E03157E03157E03177E03177E03177E03177E03137E03137E03137E03137E09
:20484000035A0C000920000920000920005A0C000520000520000520005A0C000420000411
:2048600020000420005A0C005A00000420000420005A0C000520000520000520005A0C00B1
:204880000520000520000520005A0C000920000920000920005A0C000920000920000920E7
:2048A000005A0C000920000920000920005A0C000520000520000520005A0C0004200004B4
:2048C00020000420005A0C005A00000420000420005A0C000920000920000920005A0C0045
:2048E0000920000920000920005A0C000B20000B20000B20005A0C0007200007200007207B
:20490000001CC2C009F00009F00009F0001CC2C005F00005F00005F0001CC2C004F00004FB
:20492000F00004F0001CC2C05A0C0004F00004F0001CC2C005F00005F00005F0001CC2C08C
:2049400005F00005F00005F0001CC2C009F00009F00009F0001CC2C009F00009F00009F066
:20496000001CC2C009F00009F00009F0001CC2C005F00005F00005F0001CC2C004F000049B
:20498000F00004F0001CC2C05A0C0004F00004F0001CC2C009F00009F00009F0001CC2C020
:2049A00009F00009F00009F0001CC2C00BF0000BF0000BF0001CC2C007F00007F00007F0FA
:2049C000001540005A00001D30002130001340002130001D30002130001330002130001D97
:2049E00030002130001340002130001D30002130001330002130001D30002130001340006F
:204A00002130001D30002130001330002130001D30002130001340002130001D3000213033
:204A2000001330002130001D30002130001340002130001D30002130001330002130001D51
:204A400030002130001340002130001D30002130001330002130001D30002130001340000E
:204A60002130001D30002130001330002130001D30002130001340002130001D30002130D3
:204A8000002180002180002180002180001D80001D80001D80001D80001C80001C80001CCA
:204AA00080001C80005A0C005A00001C80001C80001D80001D80001D80001D80001D8000D1
:204AC0001D80001D80001D800021800021800021800021800021800021810C2381052480DF
:204AE000002180002180002180002180001D80001D80001D80001D80001C80001C80001C6A
:204B000080001C80005A0C005A00001C80001C80002180002180002180002180002180005C
:204B20002180002180002180002380002380002380002380001F80001F80001F80001F808A
:204B4000001CC2C009E00009E00009E0001CC2C005E00005E00005E0001CC2C004E0000429
:204B6000E00004E0001CC2C05A0C0004E00004E0001CC2C005E00005E00005E0001CC2C0BA
:204B800005E00005E00005E0001CC2C009E00009E00009E0001CC2C009E00009E00009E0B4
:204BA000001CC2C009E00009E00009E0001CC2C005E00005E00005E0001CC2C004E00004C9
:204BC000E00004E0001CC2C05A0C0004E00004E0001CC2C009E00009E00009E0001CC2C04E
:204BE00009E00009E00009E0001CC2C00BE0000BE0000BE0001CC2C007E00007E00007E048
:204C0000005A0C005A00005A00005A00005A00005A00005A00005A00005A00005A00005AAA
:204C200000005A00005A00005A00005A00005A00005A00005A00005A00005A00005A0000F0
:204C40005A00005A00005A00005A00005A00005A00005A00005A00005A00005A00005A0076
:204C6000005A00005A00005A00005A00005A00005A00005A00005A00005A00005A00005A56
:204C800000005A00005A00005A00005A00005A00005A00005A00005A00005A00005A000090
:204CA0005A00005A00005A00005A00005A00005A00005A00005A00005A00005A00005A0016
:204CC00000157C0A157C0A157C0A157C0A117C0A117C0A117C0A117C0A107C0A107C0A10D0
:204CE0007C0A107C0A5A0C005A0000107C0A107C0A117C0A117C0A117C0A117C0A117C0AB9
:204D0000117C0A117C0A117C0A157C0A157C0A157C0A157C0A157C0A157C0A157C0A157C00
:204D20000A157C0A157C0A157C0A157C0A117C0A117C0A117C0A117C0A107C0A107C0A1065
:204D40007C0A107C0A5A0C005A0000107C0A107C0A157C0A157C0A157C0A157C0A157C0A44
:204D6000157C0A157C0A157C0A177C0A177C0A177C0A177C0A137C0A137C0A137C0A137C94
:204D80000A1530005A00005A00005A00001130005A00005A00005A00001070005A00005A33
:204DA00000005A00005A00005A00005A0C005A00001130005A00005A00005A000011300095
:204DC0005A00005A00005A00001530005A00005A00005A00001530005A00005A00005A001F
:204DE000001530005A00005A00005A00001130005A00005A00005A00001070005A00005ADD
:204E000000005A00005A00005A00005A0C005A00001530005A00005A00005A00001530002C
:204E20005A00005A00005A00001730005A00005A00005A00001330005A00005A00005A00BE
:204E4000002180005A00005A00005A00001D80005A00005A00005A00001C80005A00005AA8
:204E600000005A00005A00005A00005A00005A00001D80005A00005A00005A00001D800028
:204E80005A00005A00005A00002180005A00005A00005A000021800021810C2381052480B9
:204EA000002180005A00005A00005A00001D80005A00005A00005A00001C80005A00005A48
:204EC00000005A00005A00005A00005A00005A00002180005A00005A00005A0000218000C0
:204EE0005A00005A00005A00002380005A00005A00005A00001F80005A00005A00005A0046
:204F000000194C065A0C055A0C045A0C035A0C025A0C015A0C005A00005A00005A00005A4B
:204F200000005A00005A00005A00005A00005A00005A00005A00005A00005A00005A0000ED
:204F40005A00005A00005A00005A00005A00005A00005A00005A00005A00005A00005A0073
:204F6000005A0D015A00005A00005A00005A00005A00005A00005A00005A00005A00005A45
:204F800000005A00005A00005A00005A00005A00005A00005A00005A00005A00005A00008D
:204FA0005A00005A00005A00005A00005A00005A00005A00005A00005A00005A00005A0013
:204FC000001592DB0990005A00005A00001592DB0990005A00005A00001592DB0990005ABE
:204FE00000005A00001592DB0990005A00005A00001592DB0290005A00005A00001592DB3E
:205000000290005A00005A00001592DB0290005A00005A00001592DB0290005A00005A00BA
:20502000001592DB0B90005A00005A00001592DB0B90005A00005A00001592DB0B90005A57
:2050400000005A00001592DB0B90005A00005A00001592DB0990005A00005A00001592DBD4
:205060000990005A00005A00001592DB0990005A00005A00001592DB0990005A00005A0045
:20508000000990005A00005A00005A00005A00005A00005A00005A00005A00005A00005AF3
:2050A00000005A00005A00005A00005A00005A00000290005A00005A00005A00005A000034
:2050C0005A00005A00005A00005A00005A00005A00005A00005A00005A00005A00005A00F2
:2050E000001592860B90001592860B90001592860B90001592860B90001592860B900015B3
:2051000092860B90001592860B90001592860B90001592861592861592861592861592866B
:20512000159286159286159286159286159286159286159286159286159286159286159206
:205140008615F00015F00015F00015F00011F00011F00011F00011F00010F00010F00010A1
:20516000F00010F00024F12A3072FF10F00010F00011F00011F00011F00011F00011F0005A
:2051800011F00011F00011F00015F00015F00015F00015F00015F00015F00016F00017F0E1
:2051A0000015F00015F00015F00015F00011F00011F00011F00011F00010F00010F00010C7
:2051C000F00010F00024F12A3072FF10F00010F00015F00015F00015F00015F00015F000E6
:2051E00015F00015F00015F00017F00017F00017F00017F00013F00013F00013F00013F078
:20520000005A08DF5A08FF5A00005A00005A00005A00005A00005A00005A00005A00005AC2
:2052200000005A00005A00005A00005A00005A00005A00005A00005A00005A00005A0000EA
:205240005A00005A00005A00005A00005A00005A00005A00005A00005A00005A00005A1060
:20526000005A09805A09405A01015A00005A00005A00005A00005A00005A00005A00005A7C
:2052800000005A00005A00005A00005A00005A00005A00005A00005A00005A00005A00008A
:2052A0005A00005A00005A00005A00005A00005A00005A00005A00005A00005A00005A1000
:2052C000005A02015A02015A02015A00005A00005A00005A00005A00005A00005A00005AE7
:2052E00000005A00005A00005A00005A00005A00005A00005A00005A00005A00005A00002A
:205300005A00005A00005A00005A00005A00005A00005A00005A00005A00005A00005A109F
:20532000005A00005A00005A00005A00005A00005A00005A00005A00005A00005A00005A8F
:2053400000005A00005A00005A00005A00005A00005A00005A00005A00005A00005A0000C9
:205360005A00005A00005A00005A00005A00005A00005A00005A00005A00005A00005A103F
:20538000005A01015A01015A01015A01015A02015A02015A02015A12015A00005A00005A0B
:2053A00000005A00005A00005A00005A00005A00005A00005A00005A00005A00005A000069
:2053C0005A00005A00005A00005A00005A00005A00005A00005A00005A00005A00005A10DF
:2053E000005A08FB5A08FF5A00005A00005A00005A00005A00005A00005A00005A00005AC5
:2054000000005A00005A00005A00005A00005A00005A00005A00005A00005A00005A000008
:205420005A00005A00005A00005A00005A00005A00005A00005A00005A00005A00005A107E
:20544000001800002400005A00005A00005A00005A00005A00005A00005A00005A00005AE6
:2054600000005A00005A00005A00005A00005A00005A00005A00005A00005A00005A0000A8
:205480005A00005A00005A00005A00005A00005A00005A00005A00005A00005A00005A101E
:2054A000005A08FF5A08FF5A00005A00005A00005A00005A00005A00005A00005A00005A00
:2054C00000005A00005A00005A00005A00005A00005A00005A00005A00005A00005A000048
:2054E0005A00005A00005A00005A00005A00005A00005A00005A00005A00005A00005A10BE
:20550000005A08BF5A08FF5A00005A00005A00005A00005A00005A00005A00005A00005ADF
:2055200000005A00005A00005A00005A00005A00005A00005A00005A00005A00005A0000E7
:205540005A00005A00005A00005A00005A00005A00005A00005A00005A00005A00005A105D
:20556000004400004420005A00005A00005A00005A00005A00005A00005A00005A00005A59
:2055800000005A00005A00005A00005A00005A00005A00005A00005A00005A00005A000087
:2055A0005A00005A00005A00005A00005A00005A00005A00005A00005A00005A00005A10FD
:2055C000004300004320005A00005A00005A00005A00005A00005A00005A00005A00005AFB
:2055E00000005A00005A00005A00005A00005A00005A00005A00005A00005A00005A000027
:205600005A00005A00005A00005A00005A00005A00005A00005A00005A00005A00005A109C
:20562000004200004100004000004040005A00005A00005A00005A00005A00005A00005AB1
:2056400000005A00005A00005A00005A00005A00005A00005A00005A00005A00005A0000C6
:205660005A00005A00005A00005A00005A00005A00005A00005A00005A00005A00005A103C
:20568000004400004420005A00005A00005A00005A00005A00005A00005A00005A00005A38
:2056A00000005A00005A00005A00005A00005A00005A00005A00005A00005A00005A000066
:2056C0005A00005A00005A00005A00005A00005A00005A00005A00005A00005A00005A10DC
:2056E000003C00003C20005A00005A00005A00005A00005A00005A00005A00005A00005AE8
:2057000000005A00005A00005A00005A00005A00005A00005A00005A00005A00005A000005
:205720005A00005A00005A00005A00005A00005A00005A00005A00005A00005A00005A107B
:20574000003400003420005A00005A00005A00005A00005A00005A00005A00005A00005A97
:2057600000005A00005A00005A00005A00005A00005A00005A00005A00005A00005A0000A5
:205780005A00005A00005A00005A00005A00005A00005A00005A00005A00005A00005A101B
:2057A000002900002C09005A00005A00005A00005A00005A00005A00005A00005A00005A61
:2057C00000005A00005A00005A00005A00005A00005A00005A00005A00005A00005A000045
:2057E0005A00005A00005A00005A00005A00005A00005A00005A00005A00005A00005A10BB
:20580000003C00003C20005A00005A00005A00005A00005A00005A00005A00005A00005AC6
:2058200000005A00005A00005A00005A00005A00005A00005A00005A00005A00005A0000E4
:205840005A00005A00005A00005A00005A00005A00005A00005A00005A00005A00005A105A
:20586000003400003320005A00005A00005A00005A00005A00005A00005A00005A00005A77
:2058800000005A00005A00005A00005A00005A00005A00005A00005A00005A00005A000084
:2058A0005A00005A00005A00005A00005A00005A00005A00005A00005A00005A00005A10FA
:2058C000004400004420005A00005A00005A00005A00005A00005A00005A00005A00005AF6
:2058E00000005A00005A00005A00005A00005A00005A00005A00005A00005A00005A000024
:205900005A00005A00005A00005A00005A00005A00005A00005A00005A00005A00005A1099
:20592000003400003320005A00005A00005A00005A00005A00005A00005A00005A00005AB6
:2059400000005A00005A00005A00005A00005A00005A00005A00005A00005A00005A0000C3
:205960005A00005A00005A00005A00005A00005A00005A00005A00005A00005A00005A1039
:20598000003F00003200003500002200002400002460005A00005A00005A00005A00005AD5
:2059A00000005A00005A00005A00005A00005A00005A00005A00005A00005A00005A000063
:2059C0005A00005A00005A00005A00005A00005A00005A00005A00005A00005A00005A10D9
:2059E000000140014001408144814781474151415181478147814D014CC140C14F8150419D
:205A00004541484148C14CC14C814A814A414E014C81418141814101460149014901490137
:205A200049414B414B014C014C41420143C143C146C149C149C149C149C149C149C1490152
:205A40004F0040B300008000A5B50152C00040D36152800030B80000C00070B80000C00041
:205A6000B0B80000C00000F8C152800040B80000800080B821538000C0B88153801C80B2B5
:205A80000000C01980B50000804700B70000801560B70000C00380C1E153803F20010000B6
:205AA000C03F20020000C08020030000C08020040000C08020050000C08020060000C00073
:205AC000200700008000200800008000200900008000200A00008000200B41548000200CB8
:205AE000A1548000200D00008000200E01558000200F00008091615570000091C155600013
:205B00000091215600000092815600000094E15600000094415700000063A1573F0000B1D2
:205B20000158800000B1615880000091C158800000B22159400000F2815956000088888852
:205B400088888888888888888888888888FFFF0000000000000000000000000000FFFFFF62
:205B6000FF000000000000000000000000FFFFFFFFFF0000000000000000000000FFFFFF2E
:205B8000FFFFFF00000000000000000000FFFFFFFFFFFFFF000000000000000000FFFFFF12
:205BA000FFFFFFFFFF0000000000000000CCCCCCCCCCCCCCCC3333333333333333AAAAAAF4
:205BC000AAAAAAAAAA555555555555555588888888888888887777777777777777FFFFCC09
:205BE000CCFFFFCCCC000033330000333309FFB6016ACDB700026CEFFFDCA73000FFFFBA03
:205C000098A987321034564567BCDECDEFFFEEDDCCBBAA9988776655443322110089ABFFC3
:205C2000FFFFFEDCBA88700000000004378F82887DEEEDCCCDD8DDD5D34556F531040040B3
:125C4000E159F959115A295A415A9B5AF55A00003D5B61
:020000040019E1
:20400000000002780D00000A2300012B2700022B3000000A4200012B440000304600022BDD
:204020004A00032B6500052D6600000A6900052D6B00000A6D00052D6F00000A7100052D36
:204040008300012B8C00000A9200003096000179960000C4980001C5980000309D00002EFE
:20406000A5000030A700010AAC00013CAF00002EB000023CB400033CBA00002EC300002E39
:20408000D500002ED600030ADD00022BDE000030E2000030E800032BEC00040AF000002EE2
:2040A000FB00072DFC000030FD00072D1401012B160100301801022B1C01032B2001042B0B
:2040C0002201002E2901002E2B01020A3001002E360100303701033C3901023C3B01013CD1
:2040E0004501002E4A01002E4F01013C5101002E5301023C5701033C5701000D5B010A11C1
:204100005C01023C6001040A7901042D7A01042D8001022B8301040A8601072D8601002E8E
:204120008901072D8A01062D8A0100308C01002E8E01062D9101027A910101C69701033C8D
:204140009901023C9B01030A9B01013C9D0100309F01002EA4010030A5010601AF010178BE
:20416000AF0100C4B1010177B10100C3BB01053CC401042CCF01033CD501033CE101062C02
:20418000E401062CEE01033CF101033CFA01052CFD01052C2302063C2302032C2502063C2A
:2041A0002502032C2802063C2802032C2A02063C2A02032C2F020500300208393002073900
:2041C000300202393002013939020178390200C43D02012B3F02012B4202002E4502003092
:2041E0004702032B4E02032B4E0200305102010A6002012B6202002E6402020A6902002EC1
:204200006B02010A7802032B780200307B02010A8A02052D9102052D9802052D9A02003031
:204220009B0200309F020030A402012BA6020030AE02012DAE020030B102012DB302002EB4
:20424000B502003CB902013CBB02002EBD02042DBD02023CBE02082DC602042DC602023CA7
:20426000C702000AC8020377C80202C3C902013CCA020575CA0204D1CD02013CE402032D87
:20428000E502032DF302032DF402032DF502032DF602032D0503052D0E03052D1703052DA4
:2042A0001A03012B1D03002E2203032B270300302903032B2D03042D2F03042D2F03002E3C
:1442C000360300303E03012B3F03010A4D03050FFFFF000065
:02000004001AE0
:20000000000002852700012B2A00042D4600022C470000304A00032B4B0000304F00067602
:200020004F0005D25000082D5000042B5000002E51000677510005D35200072D5700042B15
:200040005D00002E600000306200040B6600050A7D00022B8200072D850000308700032BD5
:200060008A00002E8C00032B9200032D9400062D9500062D9600022D9600002E9700016834
:20008000970000C499000169990000CF9A00032D9E00042DA2000030A400032DA900052D80
:2000A000A900002EAD00002EAE00050BB300052DB300002EB500082DB600082DB800032D4D
:2000C000B800002EBB000338BB000238BB000138C100040AC300000AC400002EC800012DD7
:2000E000C800002ECB00012DCD00002ED200072DD500002ED800062DD900062DDD00072DE5
:20010000DD00002EE500062DE8000030ED00032BEE000030F200030BF900002EFA00052B1A
:200120000201040B1101062B1B01002E1D01030B2001002E2101020B230100302601022DCC
:200140002601002E2801022D2C01020B2C01002E360101734401002E4901002E5101002E47
:200160005801002E5E010A2D5E01063C5F01002E64010A2D6401063C6501002E6701002EC6
:200180006D01002E7101002E7601002E7D01002E85010E2D85010A3C8601002E8B010C2DCB
:2001A0008C01002E8D010B2D9401002E96010E2D980101129C010A2C9D01002EA201043DFA
:2001C000A3010A2CA4011011A901002EAA01083CAC010D2DAC01073CAF010C2DAF01063C06
:2001E000B001002EB2010B2DB201053CB701002EB9010B2DB901043CBA01060ABD010B2DAE
:20020000BE01043CBF01060ABF01002EC1010B2DC301043CC401060AC5010B2DC601042D58
:20022000C601002ECA01042DCB010601CB01002ED501056BD7010568DB01092FDC01002E56
:20024000E201092FE801092FF001092FF70100300402092F0602002E070209310A02002E20
:200260000D0206380D0201381E02083C2502052C2C02083C3502063C3E02032C4302063C4C
:200280004602063C470207395102052A5302052B5502052C5702070058020839580204392A
:2002A0005902002E5F02002E6002077C600206C86202078D620206C9630200306602002EBB
:2002C000670206096802092D6F02092D7A02092D8102092D8C02033B9702033B9E02033B73
:2002E000B502023DBE02023DCB02063BD302063BD502063BDD02043BE2020308EC02057A53
:20030000EC0204C6ED02022AEE020578EE0204C4F102032BF102002EF402002EF602042D56
:20032000F802042DFB02062B0503002E0703072B0B03052D0D03002E130300301603052DE3
:200340001703002E1C03022D1D0300302303022D2603002E2703022B2903052D3103052DF0
:200360003803052D3F03052D4003052D4603052D4803052D4C03052D4D03052D5703052DA0
:080380006303050FFFFF0000FD
:20400000000002780B00022B0D00002E120000301300002E1500032A1B00072D1D00062D4F
:204020001F00002E2100023C2400043C2500002E2700063C29000B2D2C00002E32000B2D8F
:204040003200002E34000A2D3600092D3800082D3900042B3B00002E3C00002E3D00040B35
:204060004000002E4500062D4700052D4D00022A5300000A5800010B5B00030B6400052DA8
:204080006A00012B6C00002E6D00032B7200002E7300072D740000307500062D7B00002E19
:2040A0007D00002E7E00032B81000179810000C58700052D8A00002E9100082D9400002E6F
:2040C0009600050B9800002E9D00050AA200070BA200002EA300040BA500010BA6000B2D03
:2040E000A9000030AA000C2DAC000B2DAD00002EAE000A2DB500002EB600080BBC000C2DBF
:20410000BC00002EBF00060BC100002EC300070AC8000E2DC800002ECA000D2DCC000C2D20
:20412000CD00002ED400002EDA000F2DDB00010ADB00002EDC000E2DDF00002EE100020A6C
:20414000E2000F7AE2000EC6E200027AE20001C6E300122DE500112DE500002EE700102DBB
:20416000E700030AE9000F2DEC00002EF100002EF400096AF40008CFF60009730001092D12
:204180000A01092D0F01072D25010B2D2B010B2D3601092D3C01092D6601072D7901082DAE
:2041A0007D01062D8301062D8B01010B8E01030B9201040B9601050BA701082DB301050B78
:2041C000B701060BBD01030BC201030BC901072DDB01020ADF0106012002073E2002013EE4
:2041E0004D0205004E0205095C020A0B6002053D6102053D64020B0B6702090C6C02060BD8
:204200007D02130C7D02033D81020F0C8302023D85020B0C8702013D9002013D9102013DD9
:204220009702040B9E02050B9E02003DB402043DBE02013DC102070BC402013DCE0207089C
:20424000D402002ED702092DD8020269D80201C6D902082DDA020279DA0201D5DE02020A60
:20426000E102002EE5020030E802002EEB02062D0703010B0B03020B0F03002E1303072D23
:2042800015030030170300301A03082D1F03030B3503012B3703062D43030B0F4303050F7F
:0442A000FFFF00001C
:02000004001BDF
:20000000000000681000002B1200062D1300062D1500002A1700062D1800062D1A00002B99
:200020001C00000A2000002E2100010B250003092500002E2700062D2800002E2900062D8F
:200040002B00072D2D00002E3000072D310003083900032D3B00032D4000012B4300002E95
:200060004400022B4600002E490003094900002E4A0006384B00072D4B00002E4F00072DCC
:200080005100082D5100002E5200040B5300082C5300002E5500082C5600040B5700082C79
:2000A0005900082D5900002E5A0004086100062D6200062D6500062D6700062D6B00062DCC
:2000C0006E00082D6E00020B7100062D7500062D7700062D7700012B78000369780002D536
:2000E0007900062D7B00062D7C00012B7D00072D7F00082D7F00002E8000022B8100092D88
:200100008300092D8300042B85000A2D8500002E87000609920005089600092D9800092D36
:200120009B00002E9D00023D9F00092D9F00002EA000043DA100092DA200002EA300082D18
:20014000A4000409A600063BA600002EA800063CA900002EAD00002EAF00063CB000060CE4
:20016000B400030BB600063CBA000608BE00020BBF00002AC700002AC900000ACC00002C8D
:20018000CE00030BCE00000AD000050BD100042BD200000AD600042CD700063CD700032CCA
:2001A000D800053CD800022CD900043CD900012CE400022CE600020AE700032CF000032CC8
:2001C000F300022BF600002EF700032BF800030AFD00030A0001010A0101010A0401050B79
:2001E0000801052B09010A2D0901052B0B01092D0B01042B0D01092D0E0106790F01092DB6
:200200001001002E1101040A1101023D1401002E1501080B1901090B1C01092C1D010E2DE9
:200220001E01072C1F010C2D2001052C21010A2D2201032C2301082D2401012C2501062D12
:200240002601002C27010769270106C52701042D29010773290106CF2E0102023701002A2F
:200260003A0106663A0105C23C0106673C0105C33C01042E3E01042E4401073A4A01032F43
:200280004D01002A5401073A5901062F5A01062D5C01062F5C01012E5E01062D5E01043CE4
:2002A0005F01013D6301062F6401032C6401013D6501062D6601012E6801062D6B01060B88
:2002C0006B01002E6D01072F6F01050B7001002E7101072F7101002E7301040B7501072F4A
:2002E0007501002E7701042D7901042D7901002E7A01012C7D01012C7E01042D8001072FA4
:200300008001042D8001002E8101062D8101043C8401002E870101138801072F8A01002E3E
:200320008C01062D8C01040C8E01002E9001072F9001062D9001043C9301062D9301043CAC
:200340009401072F9801072F9901043C9C01072F9F01072F9F01043CA201022BA701043BE9
:20036000AE01022BB301043BB901022BC0010401C101063FC101053FC1010408C101013F24
:20038000C101003FC201092FC9010309CA010668CA0105CFCB01092FCC010678CF01092F5C
:2003A000CF01002ED101002ED2010708D3010677D601002ED701092FD801002EDB01040907
:2003C000DC01092FDC010678DE01002EE001092FE101002EE301002EE4010708E50106790C
:2003E000E601092FE701002EE901092FE901002EEC01002EED010409EE01092FEE010678E4
:20040000F101002EF201092FF201002EF6010708F7010677F801092FF801002EF901092F6B
:20042000FD01092FFE010409000206780102092F0102002E0402092F0402002E0702073CD0
:200440000702022C08020677110206791A02067823020679240205082C0206783502067979
:200460003E0206784702063B4702032B480206774902063B4902032B4B0205004C02073911
:200480004C0202394D02002A4F02002B5102002C53020767530206C355020273550201CF8B
:2004A0005D02027E5E0202025F02072F6302072F650204C567020569670204D56802002AEA
:2004C0007102032C7502043C7902032C7E02043C8D02020A8E02072F8E02002E9102072F71
:2004E0009202010B9202002E9302072F9502002E9602020B9702072F9902002E9A02030B23
:200500009B02002E9E02072F9F02002BA102072FA102002BA4020279A602033BA902033CD6
:20052000AE02072FAE020467AE0203D3AE02022BB0020465B00203D1B202053BB302002EDF
:20054000B602032BB8020030BA02022BBD02002EC102060CC202032BC402072DC40200303E
:20056000C602022BC702072DC902052DCA02052DCB02072FCC02072FCC02022BCD02072F87
:20058000CE02052DCF02052DD002022BD102062DD502062DD602022BD802062DD902072F24
:2005A000D902002EDA02022BDB02072FDF02072FE002020AE3020731E302040BE302002EED
:2005C000E402002EE5020731E602020BE802002EE902072FEC02057EF502012BF60203101B
:2005E000F6020177F60200D3F8020D79F802072FF80200D5FA02012BFC02072FFC02002EB9
:20060000FD02053B0003002E0103053B020303130503053B0803002E0A03053B0B03031319
:200620000E03053B1003002E1303053B1403002E1503010A1703002E1803072F1903030BA7
:200640001C03072F1C0306381C0301381E0304092703022B2903022C35030B0F3503050F13
:04066000FFFF000098
:020000040019E1
:20C000000000027A2400022B2600002E2E00006A3400032D4600012C4A00022B4E00052D99
:20C020005700032B590000305B00062D61000169610000D56B00002E6D00032D6F00032D8E
:20C0400070000030720000307400032C7800012C7B00002E7C00022B82000268820001D4C1
:20C060009000002E9100022D93000267930001D39400002E9500032D9800012B9900062DC8
:20C08000A000042DA2000265A20001D1A800042DAA00012BAD00002EB1000138B300002EFD
:20C0A000B400052DB600052DB8000139B800002EBE00012BC200042DCF00022BD200002E01
:20C0C000D800082BD900002EDB00062DDD00062DDE00002EE3000A2BE700002EEA000C2DD4
:20C0E000EC000B2DEC000030EE000A2DEF00002EF300072BF3000030F700002EFA00072B25
:20C10000FA00002EFF00002E0101072B0301002E0801010A080100300C01002E0D01082D99
:20C120000F01062D1101052D1101012B1301042D1C0104651C0103C11E0104731E0103CF07
:20C14000240102092901076D290106C92B01057D2B0104D92D01038D3701023D3E01068F58
:20C160003E0105DB3E01023D4D01072F4E01053B5001068D500105D95E01068F5E0105DBC9
:20C180006101043D7301068E730105DA7301033B7501072F8301068D830105D98301043B07
:20C1A0008B01033D9401068F940105DB950107319601033B9801072FA201053BA4010731E2
:20C1C000A601068EA60105DAA8010731AA01053BAD010408B901017CB90100C8BB01017A28
:20C1E000BB0100C6C001012BC301032BC4010030C601052BD601042DE301012BE901000AE6
:20C20000EE01010BF601022BF901000A0402010B1002052D1702052D1D02002E1E02022BC0
:20C220002002002E270200302D02032B3402002E360205014002017C400200C84202018EBA
:20C24000420200CF5202008F6202008E7902092F7A02002E7D02092F7F02002E8402092F75
:20C260008402002E8502008D8702092F8802002E8D02002E9102092F9302092F9502002E63
:20C280009702008E9802092F9902002EA1020931A3020931A302002EA702002EAB02092F91
:20C2A000AC02002EB102092FB202002EB502073EB502023EB902008DC3020500C402073FC4
:20C2C000C402023FC902012BCC02072DCD02017CCD0200C8CE02062DCF020178CF0200C499
:20C2E000D002052DDA02062DDB020030DD02012CE002072DE202062DED02022BF302002EA6
:20C30000F402022BFF02082D000300300203072D0503020A0E03062D1003052D2203012B6A
:20C320002503002E2603062D2C03032B2F03092D330300303403032B36030177360300C30E
:0CC340003903010A4903050FFFFF00004C
:020000040002F8
:20ABFA00000000000000000000030007000F001F031C073801380738073802700F700F707E
:20AC1A0000000006000F000F00067F803FC014E014E08A700A708F708F704538C538C53821
:20AC3A0000000000000000000000E000F000980098004C004C00FC00FC0026000630067890
:20AC5A0002700F701FE004E01FE01FE004E01FE01FE004E01FE01FE004E01FE00F70027070
:20AC7A004538C738E31C821CE21CE21C821CE31CE31C821CE21CE21C821CE31CC738453856
:20AC9A008678CF30FF009300930093009300FF00FF009300930093009300FF00CF3086780C
:20ACBA000000000000000000030307070F0F1F1F1F1C3F38383838383E387E707E707E7038
:20ACDA000000000000000000F000C080FEC0FEE0F0E07F707F707F7078703F383F383F38A4
:20ACFA0070707C70FCE0FCE0FCE0E0E0F8E0F8E0F8E0F8E0E0E0FCE0FCE0FCE07C7070709A
:20AD1A003C383F381F1C1F1C1F1C1E1C1F1C1F1C1F1C1F1C1E1C1F1C1F1C1F1C3F383C3881
:20AD3A00000000000000000000000000020200000000000030303030000003031F1F7F7FF3
:20AD5A00000000000000000000000000000018181818000000000000040403031F1F7F7F2F
:20AD7A0080800C0C0C0C00000101373737370F0F0F0F272707070505010100000000000007
:20AD9A0000006060606002020101070717170F0F0F0F17170707010100000000000021211B
:20ADBA000080000C000C0000000100370037000F000F002700070005000100000000000020
:20ADDA000000006000600002000100070017000F000F00170007000100000000000000211A
:20ADFA0000000000000000000000000000020000000000000030003000000003001F007F36
:20AE1A0000000000000000000000000000000018001800000000000000040003001F007F43
:20AE3A0000000300030003000B000B010F030F070F0F0F0F0707030301010000000000005E
:20AE5A007700770077007F07FF7FFFFFF8F88080C000CF00CF80FFF8FFFF7F7F07070000A2
:20AE7A007B007F00FF3FFFFFFFFFC0C0000000000000000078007B00FBC0FFFFFFFF3F3FDC
:20AE9A0000000000000000000000000000000000000000000000000000000000070077001A
:20AEBA000000000000000000000000000000000000000000000003007B007B007B007B0089
:20AEDA0018183C3C243C667E427E427EC3FF81FF81FFC3FF427E427E667E243C3C3C1818FC
:20AEFA00080000000000080008000800000000000800080008000800000008001C001C00B8
:20AF1A000000001C003E007F007F007F003E001C00000000000008000000000000000800D6
:20AF3A00000000000000000000000000000000000000001C003E007F007F007F003E001CC6
:20AF5A000000001C003E007F007F007F003E001C0800080008000800000008001C001C0046
:20AF7A0000001000002828000038001000000010002800280038001000000010006C00FEED
:20AF9A000000000000000000000000000000000000002800000000100000280010281000EF
:20AFBA0000040004000E000E001F001F003F003F007F007F00FF00FF00FF00D5005500551D
:20AFDA000000000000000000000000000088008800DC00DC00FE00FE00FF00570055005593
:20AFFA00000000000000000000000000000000000000002000240074007E007E00EB00AAEE
:20B01A00000000000000000000000000000000000000000000040044006600EE00BB00AB14
:20B03A000000000100030007000F001F003F007F007F003F001F000F000700030001000008
:20B05A00003C007E00FF00E700E7000F001E001C001800000018003C003C00180000000046
:20B07A000000007E007E007E003C003C003C0018001800000018003C003C001800000000B0
:20B09A00000000000001000100030007003F003F000F0007000F000F001E001C000000009E
:20B0BA00000000700078007C003E001F000F00070007000F001F003E007C007800700000C8
:20B0DA0000000000000000000000000000000000000000000000C000EF00C00000000000E7
:20B0FA000000000000000000000000000000000000000038007C00FE00FE00FE007C0038D4
:20B11A000000000000000000000000000000000000000000000000003900000000000000DC
:20B13A000001000100020002000100010001000200020001000100010002000200010001DF
:20B15A00008000800040004000800080008000400040008000800080004000400080008055
:20B17A0000010002000200010203060706061F1F3F3F0000000000000000000000000000D5
:20B19A00008000400040008040C060E06060F8F8FCFC00000000000000000000000000002D
:20B1BA0000000001000802010008040110F006010008080100080A0110F0004100080241A5
:20B1DA00000804418000000000000004000802040008040410F006040008080400080A0432
:20B1FA0010F0004400080244000804448000000000000005000802050008040510F00605A3
:20B21A000008080500080A0510F0004500080245000804458000000000002402000826022D
:20B23A0000082802000828220008262200082422800000000000244200082642000828420A
:20B25A000008286200082662000824628000000000002403000826030008280300082823C6
:20B27A00000826230008242380000000000024430008264300082843000828630008266325
:20B29A00000824638000000000000C0200080E0210F810020008120210F80C4200080E427B
:20B2BA008000000000000C0300080E0310F810030008120310F80C4300080E438000000064
:20B2DA000000140300081623800000000000144300081663800000000000140200081622CE
:20B2FA00800000000000144200081662800000000000200400082224800000000000180351
:20B31A0000081A23800000000000180200081A228000000000001C0400081E248000000086
:20B33A00000054010008560110F0580100085A0180000000BA71E2710A7200000000227374
:20B35A002E730000A272BE72DA721673E672F272FE72000032724E726A72867200000000B5
:20B37A000000000000000000000000000000000000000000000000000000000000000A7336
:20B39A00021004040000F000303200010100021004040000F00030340001010001100400A0
:20B3BA0000000000360000010000021004040000F000383A000101000210000800FCFC00AC
:20B3DA003C3E0001010002100008000404003C3E004141000210000800FCFC004042000124
:20B3FA00010002100008000404004042004141000210000800000000444400012100011037
:20B41A00080000000000440000210000011004000000000046000001000001100400000034
:20B43A00000048000001000002100008000000004A4A0001210002100008000000004C4C27
:20B45A00000121000218080000FCFC004E50002121000218000800FCFC004E5000010100FC
:20B47A0002100404000010003032004141000210040400001000303400414100011004007F
:20B49A000000000036000041000002100404001000003A38004141000318000810FCFCFCD6
:20B4BA0050524E2121210318000810FCFCFC50524E01010100000000000000000000000005
:20B4DA00000000000000000000000000000000000000000000000000000000000000000052
:20B4FA00000000000000000000000000000000000000000000000000000000000000000032
:20B51A0000000000000000009A73A873B673C473D273E073EE73FC730A74187426743474D5
:14B53A00427450745E746C747A7488749674A474B274C0746B
:02000004001AE0
:20800000000002770E00002C1B00002E1C00032B1E0000302100002E230000302500062BD4
:208020002600002E2A00012B3100000A4200022B4A0000304C0001784C0000D44D00002E12
:208040005300002E5400022B550000305A00002E5B00022B5C0000306100002E6200022BDF
:20806000640000306500042B6700002E6800020B6C00030B6C00002E700005097000002E9E
:208080007300073B7400002E7900033B7A00078F7A0006EB7C00002E7E00053B8200002E3F
:2080A0008500053B8700002E8C00053B8D00002E8F00003D9400002E9600013D9D00053B80
:2080C0009E00002EA4000608A500002EA700012BAA00002EAB00022BAD000030AE000678C3
:2080E000AE0005C4AE00042BB100002EB200082DB500020BB600002EBD00082DBD00002EE3
:20810000C000062DC000002EC300062DC400002EC600042BCA00052BCA00002ED200062DAA
:20812000D800042DDC00022BDF00002EE0000501EA000176EA0000CFF900073BFB000509DC
:20814000FE00073B0601008E1501022B170105081A01022B220100762E01073B3001050951
:208160003301073B3B01008E4E01022B50010500510105085301022B5701032B58010030FE
:208180005A01082D5A0101775A0100D35C0100305E01002E6201032B6701002E6801042B75
:2081A0006901002E6C01052B7001002E7201092D7401002E7601023D7901002E7A01042B97
:2081C0007C01002E7D01082D7D01003D8101032B8301072D8401003D850100309201072DDF
:2081E0009B01032DA501012BA6010030A801032BAB01082DAC01082DAD01002EB201032BB3
:20820000B501002EB901032BBC01082DBC010178BC0100D4BE010509BF01002EC901017AD9
:20822000C90100CFD7010508EB010509F80105080102063901020539010204390302002ECA
:20824000070200300F02002E1302052B1402002E16020179160200C41802002E1A02042B1C
:208260002102002E2202022B28020278280201D42802002E2D02032B2F02002E300205016D
:208280003A0201763A0200CF4802007756020078640200797202007A8002007B8E02008CA9
:2082A0009C02008DA0020500A202002EA702032BAA02008EAD02002EAE02032BB00200306C
:2082C000B102052BB5020030B802008FBB02002ABD02052DBF02052DC502002AC602009077
:2082E000CD02032BD102062DD4020075D802020BD902002EDD02032BE102062DE2020076C3
:20830000E302052DE402052DEA02012BED02030AF0020077F702052DF802052DFE020078E2
:208320000003002E0203022A040300300703002E0903010B0C0301790C03002E0D03010B72
:208340000F0304091703053B1A03007A1E03053B2503053B2803007B2C03053B2F03033BBF
:208360003303023B3603008C3A03023B4403008D460303084A03002E4B03022B4C03002EB0
:208380004F03032B5203008E5503002E5603032B570300305C03002E5D03032B5F03003036
:2083A0006003008F6303002E6403032B6503002E6803042B6D0300306E03052B6E03009030
:2083C00072030030740303397403023974030139760300807C030A0F7C03030F7D030065DB
:0483E000FFFF00009B
:020000040019E1
:208000000000028E1100010B2000010B3000010B3400012B3800022B3C00020B3D00002ED2
:208020004000022D4300022D4400002E470000304800012A5300052D5400052D5600018D14
:20804000560000D95800052D5900052D5C00000A5F0001386000022D6400002E6B00022D23
:208060006C0001396D00002E7900022B7C00002E7D00020B8200022B8700052D8D00012AC5
:208080009100022D9100002E9300012D9700022D9800002E9B00032AAC00002BB400018E32
:2080A000B40000DAB900002BBD00052DC000052DC200052DC500052DC500018FC50000DB8D
:2080C000C700000ACB00020BCD00002ECF00030BD1000178D10000C4D400020BD700032A5B
:2080E000DA00032ADE00020BDF00002EE200030BE4000030E600032AE700030AEC00012D5C
:20810000ED00030BF000072DF200012DF600020BF900002EFC00062DFE00052D0001012B6A
:20812000020100300401020B0D01002E1601022A1801022A1A01012D1E01012D2201022A51
:208140002201002E2E01022A2E0100303A01020B3C01002E3E01030B410106014C0107680F
:208160004C0106CF4E010773B2010170B20100CFBB010500BD010180BD0100CCC301002EF2
:20818000C401032AC5010190C50100DCC601002EC801020BCC01030BCE01002ED101022C51
:2081A000D301022CD401002ED601030BD901002EDC01072DDC010030DE01062DE001052D8A
:2081C000E201042DF101010BF501022BF8010030F901020BFB010030FD01032B02020030AE
:2081E0000402032B0602032B0902002E0A02092D0E020A2D0F02002E12020B2D16020C2D77
:208200001802002E1D02092D1F02082D2102072D220200302302062D2502052D3202012BAF
:208220003802003D3F02002E4002023D440200304802043D490200305002000A5202040B9C
:20824000540200305602052B570200305B02002E5E02032B630200306502032B6C02020BC9
:208260007102022B7802022B8402012B8A0200308C02032B8F02002E9002040A9202002E6C
:2082800097020A2D9902092D9902002E9B02082D9D02072D9F02062DA102052DA802052D4A
:2082A000AF02020BAF02002EB702002EC102022BC302002EC402000DC502012CC602142D87
:2082C000C902022CCA020F10CC021185CC020185CC02002ECD02030AD302142DD802010B2E
:2082E000DE020C75DE020075E102010BEE020080F202012CF702022BFC020030FE02022BC7
:20830000FF0200650103052D0403052D0703012B0A03062D0E03012B100300301203022B50
:208320001603032B180300301A03042B1E03092D2703016F270300DB2803092D2903002EAE
:208340002E03016E3503018E3C03010B4003012B4603012B4B03032D5C03002E5D03022BEF
:208360005E0300306003010A6B03052D6E03012B6F0300307103062D7203062D7403010B4D
:208380007803010B8503022B8803072D8A0300308B03022B8E03072D8F0300309103022B22
:1883A0009403072D960300309703022BA5030B0FA503050FFFFF0000EE
:20200000000002753200012B350000303600022B3900002E3A00032B3C0001753C0000C1A5
:20202000600000306B0001776B0000C36D0000307F00002E8000013C8400023C8600003080
:202040008800033C8C00043C8F00002E9000053C95000030C400002ECA000030CD00002EB3
:20206000D2000030D6000030DA00013CDA00002EDE00023CE200033CE600043CE700002EC1
:20208000EA00053CEC00042AED00003002010176020100C209010166090100C20A01060150
:2020A0000B0108390B0107390B0103390B0102390F0101730F0100CF14010169140100C53C
:2020C000160101791801002A1C01002B1F01002C2D01063C3A01083C3A01012C4901083CB3
:2020E0004901012C5601022C6301073C6C01012C7201022C7801032C8701053C93010838BD
:20210000930107389301023893010138A2010500A3010739AC010178AC0100C3AE01017708
:20212000B001022CBA010030BB01002EC0010A2DC2010A2DC701022BC901002ECB01032B12
:20214000CD010030CF01042BD301052BD601002ED701062BDA01002EDB01072BDF01082B46
:20216000E301092BE901002EF0010030F4010338F4010238F8010339F8010239F801002E1F
:20218000FA010238FA0101380202002E09020178090200C40B02017A0B0200C60F020138AC
:2021A0001102002E1202013917020138170200301A0201391A02002E1B0202381E020239A3
:2021C0002A02062D2B02062D3202062D3402062D3A02062D4102062D4C02012B5002022B92
:2021E000520200305402032B5802042B5A02002E5B02032C5D02022C5F02012C6D02032D7E
:202200007002032D7602012A8602003C880200308A02013C8D0200308E02023C9002002EE5
:202220009202033C9602072D9602002E9802062D9A02052DA002002EA502002EAF02003018
:20224000BA02062DBB02062DBC02062DC802012DCC02012DCF020030D102012DD602022DB1
:20226000DA020030DF020030E402022BE802022BE902002EEB02022BEC02002EF402032BA4
:20228000F502002EF802002EFC020501FD02083FFD02073FFD02023FFD02013F0603017960
:2022A000060300C608030178080300CF0903083C0903012C1203083C1203012C1603002E86
:2022C0001B03012C1C030B012403083C2403012C2703002E2803092F2E030D7930030D7A9D
:2022E00031030B2A3103092F33030B2A3303003035030B2A380309313B030C363D030C3654
:202300003F030C3641030C2C4103002E45030C3C4703002E4A030C2C4E030C2C52030D369D
:2023200054030D365503003056030D3658030D365A030D365F03092F6103002E62030838D0
:202340006203073862030238620301386A030B2B6B030B2C6F0308396F03073F6F03023F36
:0C2360006F0301397D03080FFFFF000030
:02000004001EDC
:04000000FFFF0000FE
:02000004001AE0
:20C000000000028E1100018F110000DB1500022B1900042D1C0001901C0000DC1E00012A89
:20C020002C00062D2C0003093000012C3400033C3800012C3C00033C4000012C4800062DD1
:20C040004A00033D4B00052C4C00033D4E00052D4F0003085700012B5800062D5A00062DD9
:20C060005A00002E5B00022C5C00002E5D00052D5F00052D6000012C610000306400010B77
:20C080006700043E6800052D680003096900052E6E00052E6F00052E7200052D72000308E9
:20C0A0007300043F7700002B7D00052D8300052D8900002B8C00022B8F00002E9000032BDC
:20C0C0009300002E9400042BA100042AA4000185A40000D1A500042AA6000175A60000C118
:20C0E000AD00062AB200042BBB00072DBD00072DBE00012EBF00030BC300020BC300012E26
:20C10000C700030BC800012ECB00012ECC00020BCD00012ECE00012ECF00082DD100082D7D
:20C12000D500092DD700092DD900082DDF00032BE400032BE700042CE800072DEA00072D69
:20C14000ED00082DF000082DF400030AFB00062DFF00012E0101020B0201012E0901042BC1
:20C160000B01032E0D01050A0F01032E1201032E1401042B1701032B1901022E1B01030BE2
:20C180001D01022E1F01042B1F01022E2201022E2601082D2601047E2901082D2901042BA2
:20C1A0002A010B792C01082D2C01042B2D0105772D0104C32F01082D2F0106782F0105C467
:20C1C0002F01042B3201072D3201032B3501022B3901032B3901003D3C01082D3C01023D08
:20C1E0003F01042B3F01013D4301052B4301023D4501033D4801042C4801013D4B01032C5A
:20C200004B01003D4D01092D4D01013D4F01030B51010A2D5101023D5301040B55010B2D1C
:20C220005501033D5701050B59010C2D5901043D5D01030A620106016401092F6401002ECD
:20C240006901092F6901002E6D01092F6D01002E7401002E7501092F7F01092F7F01002EAB
:20C260008201002E9301002E9401092F9701092F9701002E9901092F9C01072CAC01092F61
:20C28000AC01002EAE010738AE010238AF01092FB1010500B101002EB601010BB801002EC3
:20C2A000BA01020BBC01013DBE01030BC001023DC201092DC201023DC401092DC501042B03
:20C2C000C501013DC801092DC801033DCB01023DCE01070ACE01043DD401052BD601082D46
:20C2E000D9010A2DDD01050ADF010A2DE001050AE101050AE701052BE901002EEA010A2DF6
:20C30000EA01043DEC01062BEC01033DED01002EEF010B2DEF01053DF101070AF101043DFA
:20C32000F201002EF701092BF701063DF901002EFB01090BFB01063DFE01062FFF01090BB6
:20C34000FF01062F0002062F0102062F0202002E0402090B0402063D09020777090206C347
:20C360000B02050A0B02023D0C02050A0C02023D0E020E2D0E02043D1002002E1102040AEE
:20C380001102013D14020D2D1402033D1502002E1702050B19020768190206CF1A02023D63
:20C3A0001B02002E1C02042B220206382302072D2402002E2502072D260206392702040ADD
:20C3C0002802002E290206672D02002E2E02022B2E02002E3202032B3202003D3302002E1F
:20C3E0003502002E3602042B3602013D39020673390205CF3A02042B3B0205793D02042BA4
:20C400004002042B4502052B4902062B4D020A2D5202002E5602003D5702032B5702003DFE
:20C420005B02042B5B02013D5F02072D5F02012B6202002E6402012B6702002E6802022B61
:20C44000680200306902002E6C02032B6C02003D6D02003D6F02002E7002020A70020030F7
:20C460007302002E7502052B7502023D7502002E7902092D7902022B790200307C02002E67
:20C480007E0203098002073B8002002E8402002E8602002E8702073B8B020A2D8B02073BD4
:20C4A0008C020C2F8D02092D8F02092D8F02063B91020C2F9102092D9102002E94020A2D30
:20C4C0009402073B95020C2F9502043D9602002E97020C2F97020B2D9702080C99020A2DF0
:20C4E0009A02002E9B020C2F9C02092D9D020C2F9D02002E9E02082DA102092DA102060CBC
:20C50000A2020C2FA902122FAA020308AB02122FAB020F10AB020568AB0204C4AD02122F60
:20C52000B1020A06B5020806B602012BBC02032DBD02032DC302000AC702047ED002032B98
:20C54000D0020177D00200C3D2020178D20200C4D402042BDE02002BE2020338E302042DD2
:20C56000E502042DE6020339F402012BF702002EF802022BFB02002EFC02032B0003072D81
:20C580000003000A0A03000A0D0304790F03022B16030574160304C01603032B1803058E47
:20C5A000180304DA1903062D1A03022C1C03052D1F03042D2203042D2303012B2703012D44
:20C5C000270300302C03012D2C0300302D03002B3103012D310300303403022B3703062D53
:20C5E0003B03032D4003018F400300DB4103012C410300304503022C4503002E4603052D90
:20C600004903052D4903002E4A03022C4D0301904D0300DC4E03030A4E03002E50030A3E22
:20C620005103087E520308095403002E5503002E5803093B5903002E5C0305745C0304C08B
:20C640005D03093B5E0305785E0304CF5E03002E5F03002E6103043D6203083B6403002E23
:20C660006503002E6803043D6903083B6903002E6B03033D6D03033D6E03002E7003090CAA
:20C680007003002E71030A3F7503092D7503060C770303797A03082D7A03053B7B03082DEC
:20C6A0007D0307387E03092D8103037C810302C88203092D830307398303038E830302DAB9
:20C6C0008403083885030A2D89030A2D8A0308398C030B2D8C03083B8F03092D8F03033D10
:20C6E00092030A2D9203043D94030A2D9503060196030608A403002EA903002EAE03002EF6
:20C70000B103018FB10300DBB7030509BB03002EC2030290C20301DCC203002EC703092FA4
:20C72000CB03092FCD03092FD2030175D20300C1D303063CD303032CD503063CD503032CCC
:10C74000D703063CD703032CE303070FFFFF0000CA
:02000004001BDF
:208000003100002A3300012B3700022C3D0005763D0004D23D00022C3F0005773F0004D33A
:208020003F00002E4100022C4600022C5000042C5C00032C6400052C6A00050A6E000878E9
:208040006E0007C470000879700007C58500032A8700032A8B00032A8D00032A9100032A24
:208060009400032C9900032D9E00022DA400032DAA00042DAF00032DB400052DB900060B69
:20808000B900042DBE00052DC300032DC700042CCA00040ADE00062CDE00023CFB00050B0D
:2080A000FD000569FD0004CF1701032A1901032A2301056A2401032A2601032A2A01032D65
:2080C0002D01072C3101032D3401072C3701042D3A01032D4001000A4A01012A5301002A62
:2080E0005501020B5901020B5D01002A71010173710100CF95010A2D9501063C9B010A2D8F
:208100009B01063CBC010E2DBC010A3CC8010B2DCD010D2DD3010A2CDA010A2CE1010A2C4A
:20812000EE010C2DF001070AF1010C2DF501070AF7010C2DFA010C2DFA01070AFE01062D40
:208140000402052D0B02072D110206011C0206682002052C2802053C3002023C3B02042C65
:208160003F02062C4B02033C5602050064020478640203C46E0204097D02050884020339C9
:148180008A020338900203099602033CA102040FFFFF0000FB
:20400000000002801300012A1500010A1900072D1900002B1A00000A1E00032B2000013D61
:20402000220005092300082D2400063C2500082D2700082D2900072D2900053C2B00072DB6
:204040002D00062D2D00043C2F00062D300004083400062D340002323500062D3900062D52
:20406000390002323A00062D3D00032D3E00032D4100062D410002324200062D4600062DB4
:204080004800010B4B00002E4C00072D4C0003025000002B520004105600032C560002764E
:2040A000560001C258000277580001C35A00022B5B0005105C00002E6000020B6300040B9A
:2040C0006500002E6600060B6900020A6A00020A6C00002E6D00040B7200052B7600030BAF
:2040E0007700002E790000307B00072F7C0003097F00002E80000608810000308400022B9C
:204100008500062D8800053B8900013D8C00022B8D00062D9000012B9300051093000030B8
:2041200098000401A400082DAE00042DB400002EBB000267C800052DCB000030D100052D2C
:20414000DF000273DF0001CFE4000500E700022CE900082DEC00010AEE000509EE000278E5
:20416000EF00063CF100082DF200043CF3000368F400062DF500023CF7000A2DF7000510C4
:20418000F8000367FB00022CFE000A2DFF00032C0101062D020104780201022C0501032C17
:2041A0000701062D070103680B01040A0C0104670F01023D1001060B1201023D1401070BD5
:2041C000140103131501027818010B2D180103681901050B1B0104671C01092D1E0106081E
:2041E0001E010278210103682201010A230104672601030D2701050E270102782801030D8F
:204200002901050E2A01030D2A0100682B01050E2C0104782C01030D2D01050E2E01030DEE
:204220002E0102772F01050E3001030D31010601320106083C0102673E0102773F010536FF
:20424000410100304201053644010336470103364A0105364D0104364F010236510105364C
:2042600052010136540107365501023656010536570103365A0104365B01020D5C01070EFF
:204280005D0105365E01020D600105366101060E6201030D62010278630104366501070E9C
:2042A000660104366601020D6801060E690104366A01020D6B01060E6C0105366E01030DA5
:2042C0006F0105367001070E720104367201020D7401060E750104367601020D7701070E32
:2042E000770105367901030D7A0105367B01070E7C01020D7D010436800104368101070EA4
:204300008101020D83010336860104368601020D880102778901070E890105368B01030DF6
:204320008E0105368F01070E9101030D920104369401070E950103369501020D98010436AE
:204340009901060E9A01030D9B0105369E010636A0010436A001020DA101060EA301043633
:20436000A601070EA6010536A601020DA9010636AA01080EAA01030DAC010536AE01070EDB
:20438000AE01020DAE010178AF010436B201060EB2010436B201010DB601070EB60104361B
:2043A000B601020DBA01070EBA010536BA01020DBE01080EBE010636BE01030DC201063609
:2043C000C201040DC601080EC6010536C601030DCB010500CC01092DCC010508CD01032BA9
:2043E000D401072DD501082DD5010475D50103D1D501020DD701053BD8010477D80103D3B0
:20440000D901072DD901050CDA010478DA0103D4DB01082DDC01063BDE01082DDE01060E64
:20442000DF01022CE001092DE0010479E00103D5E201092DE301047AE30103D6E401022CF5
:20444000E801030DE901082DEB01048BEB0103E7EC01033DED01033DEE01048CEE0103E83F
:20446000F201082DF201050EF301122DF501098DF50108E9F501042DF6010E05F701010A34
:20448000F801098EF80108EAF901122DFC01030BFE01092DFE01013D0002050B00020113C3
:2044A0000102048F010203EB0302092D0502050B06020A2D0802108008020480080203DCD3
:2044C0000902050B0B0204760B0203D20C020A2D0E02082D0E02060E0F02040A0F02023D3B
:2044E00012020477120203D31302070B15020478150203D41902023D1D02033D1F02092D8B
:204500001F0204791F0203D52002030B2202092D2302043D2402092D2702013D2802047AA9
:20452000280203D62C02020A2F02048B2F0203E73002050B3202048C320203E835020709F7
:2045400036020A383602093837020338370202383802083B3802048D380203E93A02080EC1
:204560003B02048E3B0203EA3D02083B3E02080E3F02042B4502048F450203EB4702042B73
:204580004902040A4C02040A4D02052B4E0204904E0203EC4F02000D5202052B5202000A84
:2045A00054020475540202D157020476570202D25C02083B5E0207085E0204775E0203D3E2
:2045C00061020478610203D4650207026F0205776F0204CF710207107102056774020577C6
:2045E000760205677802043D790205777B0205677C02040B7F02043D810205778102043D2A
:20460000830205678602072D8B02072D8B0206778D0206678F0208788F0205689102086814
:204620009102043D940208789402043D96020868990209789B0209689B0208059D02050534
:204640009E020678A0020805A0020668A2020505A8020778A8020513AA020768AC02080B08
:20466000B1020778B3020768B6020678B8020668BB02063DBC020879BE020869C0020879D3
:20468000C002063DC2020869C4020879C602092DC6020869C802092DCD020805CE02077936
:2046A000D0020769D5020613D7020779D9020769DC020779DC02050BDE020769E102077925
:2046C000E102050BE3020769E6020779E602050BE8020769EB020779ED02082DED020769E8
:2046E000EF02082DF4020779F6020769F602043DFA02043DFB02092DFD02092DFE020701D0
:20470000FF02070801030636020306730403063606030836060304360803069009030A3611
:20472000090303360A0306800C0309360C0304360D0307900E0306360F0307801003023038
:20474000110306901103022E1203073613030680150309361503053618030A361803033624
:204760001B0309361B0307901B0304361D0307801D0306361F0308362003022E22030936B5
:20478000240305902403022E250308362603058027030636290304362C0303362F030590F7
:2047A0002F0304363103063631030580330308363503059035030230360307363603022EDA
:2047C000370305803803059038030230390306363A0305803C0306363D0302303E03022E45
:1447E0003F03063642030590460305754A03050FFFFF00004B
:020000040000FA
:20324B00626B2AEAFFC12A5F2A571AEAE4C10E1211E5C12A12130D20FA0E472101C2AF22B8
:20326B000D20FC3EF0EA0FC2EA1FC23E64EA00C20E0021E5C111F7C1CD953221E7C1CD95BB
:20328B003221E9C1CD953221EBC12A81666F8C95672A12137E1213C9474B1EFE78B72807F6
:2032AB00CB21CB033D20F9FA01C2A3B1EA01C2A1C21835C9FA06C267848426006F092A467D
:2032CB00234EC92A4F46CDBF32210000FE48D01287C6566FCE3995672A666F37C9C6C02F1A
:2032EB00FE07D867CB3FCB3F3D6F7CE603C604CB35B5C978CB3782C6086FCEC29567C9265E
:20330B000048FA01C20D28170D28250D2833CB47C07BEA08C2E0137AEA09C2B4E014C9CB30
:20332B004FC07BEA18C2E0187AEA19C2B4E019C9CB57C07BEA28C2E01D7AEA29C2B4E01E58
:20334B00C9CB5FC0547BCDE832213EC2B6E0227AE023C91806181718281849FA01C2CB471D
:20336B00C02108C22AE013FA0DC2B6E014C9FA01C2CB4FC02118C22AE018FA1DC2B6E01902
:20338B00C9FA01C2CB57C0F025F5E6BBE025AFE01A2FE01A2128C22AE01DFA2DC2B6E01E69
:2033AB00F1E025C9FA01C2CB5FC0FA38C2E022FA3DC2E023C97E34E5CDC232E1C55778E62E
:2033CB00F0CB7A2804CBBACBC7CB3728023D777AFE5A2821D624435F1604CDFE327B862398
:2033EB00565F04CB504A2005CDDB32545D61CBBC05CD0C3358C116011802160078E60FB17D
:20340B00C878E60F87C6256FCE3495672A666FCB4228012343FA03C2B7E9A135D435E3359C
:20342B00F235793545344A349A36643469345E36F5342B3501350735ED34C079E024C900FA
:20344B0021F3C13E0FA187865F233E008E676B2A666F5059FA03C2B7E9C079E025C9C0FAA9
:20346B0001C205280D05281C05280ECB47C079E011C9CB4FC079E016C9CB5FC0F022CB9F43
:20348B00B1E022C9CB57C0792100C2CD9E340602C39E3677CB3721F5C18623666F8C9567D3
:2034AB00F025F5E6BBE025AFE01A2AE0302AE0312AE0322AE0332AE0342AE0352AE0362AD3
:2034CB00E0372AE0382AE0392AE03A2AE03B2AE03C2AE03D2AE03E2AE03F3E80E01AF1E015
:2034EB0025C9C079EAFFC1C94FAFC02104C2B6200236012371C9C079EA04C2C9B9C078C6AD
:20350B00FECE0387271F57FA01C22FA2C878878780C6126F26FFAF2278FE02C82C36FFC9AA
:20352B00C0CB31FA01C205281305281D052836CB47C0F012E60FB1E012C36633CB4FC0F088
:20354B0017E60FB1E017C37933CB57C079FEA0300FFE503007B7280A3E6018063E40180243
:20356B003E20E01CC9CB5FC079E021C3AF33C81604CDFE3279E6F0CB375FFA02C2A37E287E
:20358B0007CDDB32545D180BCDDB3279E60F855F8C9357C30A33001604CDFE3256FA02C29E
:2035AB003D1802D603FE0330FA87C6BD6FCE359567E9180918037A180879CB37FE79E60F87
:2035CB0082CDDB32545DC30A33C81600CDFE322A815F8E9357C30A33C81600CDFE322A91E0
:2035EB005F9F8657C30A3328551600CDFE32E52A5F2A572A666F7CBA381A20067DBB381435
:20360B00282A79835F8A93577CBA381E201E7DBB381818187B915F9F8257CB7A200C7ABC72
:20362B00380820087BBD38021802545DE17B22723E04856F8C95677ECBBE67C30C331604A2
:20364B00CDFE323A545DCDDB327C121B7D12E1F1A7F5E9C078C6FECE0387271F57FA01C260
:20366B002FA2C879E60F5779E6F05FCB3378878780C6124FF2E6F0CB37923001AF83FE103B
:20368B0038023E0FCB37E20C0CF2F680E2180428BDB9C07887C65E6FCE339567E978E6F012
:2036AB00CB37C83D875F8783856F8C956717C9FA03C2B7C26F3821F7C1110CC2CDCE32F553
:2036CB00303F78E60FFE0328087DEA08C27CEA09C221EDC12A666FCDA836FA0DC2CBBF287C
:2036EB001DFA01C2CB4720192AE0102AE0112AE0122AEA10C22AEA11C2AFEA12C27EEA0D9A
:20370B00C21E00CD0534F1DC6633FA10C24FFA11C247B12112C21E00C4C03321F9C1111CA0
:20372B00C2CDCE32F5303D78E60FFE0328087DEA18C27CEA19C221EDC12A666FCDA836FAFA
:20374B001DC2CBBF281BFA01C2CB4F2017232AE0162AE0172AEA20C22AEA21C2AFEA22C2D6
:20376B007EEA1DC21E01CD0534F1DC7933FA20C24FFA21C247B12122C21E01C4C03321FB62
:20378B00C1112CC2CDCE32F5D2DE3778E60FFE0328087DEA28C27CEA29C221EFC12A666FA5
:2037AB00CDA836FA2DC2CBBF2826FA01C2CB5720222AE01B2AE01C2AE52100C2BE2803CD7E
:2037CB009E34E12AEA30C22AEA31C2AFEA32C27EEA2DC21E02CD0534F1DC8C33FA30C24F4D
:2037EB00FA31C247B12132C21E02C4C03321FDC12A4F46CDBF32FE48F5304CEA3CC2CDE83D
:20380B0032EA38C221F1C12A666FCDA836FA3DC2CBBF2830FA01C2CB5F202C2AE0212AEABD
:20382B0041C22AEA42C2AFEA43C27EE63FE020FA38C2577EE680CB37EA3EC2B2EA38C27EF2
:20384B00E640F680EA3DC21E03CD0534F1DCAF33FA41C24FFA42C247B12143C21E03C4C0F5
:20386B0033C31739FA01C2CB47201221F7C12A4F46CDBF3279B728051E00CD0534FA10C253
:20388B004FFA11C247B12112C21E00C4C033FA01C2CB4F201221F9C12A4F46CDBF3279B7AE
:2038AB0028051E01CD0534FA20C24FFA21C247B12122C21E01C4C033FA01C2CB572012219E
:2038CB00FBC12A4F46CDBF3279B728051E02CD0534FA30C24FFA31C247B12132C21E02C408
:2038EB00C033FA01C2CB5F201221FDC12A4F46CDBF3279B728051E03CD0534FA41C24FFA8B
:20390B0042C247B12143C21E03C4C0332102C2342334FAFFC196C022B6280D3D47AF22B60A
:20392B00281036003D871817FA06C23CFE4020170600FAE4C14FFA07C2C602B92001AFEAB6
:20394B0007C24FCD7D3278EA06C2C92C009C0006016B01C90123027702C602120356039B61
:20396B0003DA0316044E048304B504E50411053B0563058905AC05CE05ED050A0627064286
:20398B00065B06720689069E06B206C406D606E706F7060607140721072D07390744074F64
:2039AB0007590762076B0773077B0783078A07900797079D07A207A707AC07B107B607BA91
:2039CB0007BE07C107C407C807CB07CE07D107D407D607D907DB07DD07DF07C50E6A180393
:2039EB00C50E68F8042A878787F680E20C2A878787472A666FF041E60220FA2AE20520F504
:203A0B00C1C9C50E6A1803C50E68F8042A8787472A8087F680E20C2A666FF041E60220FA3C
:203A2B007DE27CE2C1C9FE28D05787874F7B92D8C82167C26669110400CB3F30037219C81F
:153A4B00CB3F300572197219C872197219721972193D20F5C902
:08005000F5E52150C2C3800058
:033C0300C37E3C41
:203A6000FE283802AFC9F587874F215AC22A666FFA67C2472AFE8028202F3C8257020C2A0A
:203A8000835F020CFA5CC28623020CFA5DC28623EE40020C79FEA038DB79CB3FCB3FD1924F
:203AA000C9FE283802AFC9F587874F215AC22A666FFA67C2472AFE8028208257020C2A2F3D
:203AC0003C835F020CFA5CC28623020CFA5DC28623EE20020C79FEA038DB79CB3FCB3FD185
:203AE00092C9FE283802AFC9F587874F215AC22A666FFA67C2472AFE8028222F3C82570263
:203B00000C2A2F3C835F020CFA5CC28623020CFA5DC28623EE60020C79FEA038D979CB3F7C
:053B2000CB3FD192C96A
:203C0600F80656180A1690F040E61028021680C5F8042A5F2A4F2A666FCB337BE60F825793
:1D3C26007BE6F05FCB5A2802CBA20610F041E60220FA2A12130520F40D20E9C1C9C4
:203B25002141FFCB4E20FC12C957F040E6402809180B57F040E608200406981802069C2EED
:203B45001F7AA5577BA548CB37075FE60381473EE0A3824FF802F041E60220FA7E02E133F7
:013B6500E976
:03004800C3433C73
:203C4300F5E5C5D52148C2E52A666FB42815E7214AC22A666FB4280BE7214CC22A666FB42A
:1B3C6300C42000E1D1C1E1F041E60220FAF1D92148C2C3F0012148C2C3D00173
:0C3C7E002150C2C3F0012150C2C3D0018C
:203C8A00C5F8042A575EF8083A473A666FCD0D3DC1C9F5D5167FCDAC3CB720F81520F7D169
:203CAA00F1C93E20E000F000F000E60F5F3E10E000F000F000F000F000F000F000E60FCB40
:123CCA0037B32F5F3E30E0007BC957CDAC3CA228FAC945
:013DBF00C043
:203B6600FE283802AFC9F587874F215AC22A666FFA67C2472AFE80281C8257020C2A835F90
:1D3B8600020CFA5CC28623020CFA5DC28623020C79FEA038DF79CB3FCB3FD192C98E
:143CDC00F090F57BE090EA0020E7E16F7CE090EA00207DC9F7
:203BA300F04DE680C8F0FFF5AFE0FFE00F3E30E0003E01E04D1000F1E0FFC9F04DE680C070
:023BC30018E305
:203CF000C5F8042A575EF8093A473A4F3A666FCD633DC1C9E5F040E6402809180CE5F0405E
:203D1000E6082005210098180321009CC5CB33CB037BE60384473EE0A3824FE1D1D5C5F061
:203D300041E60220FA7C0279E6E05F793CE61FB34F1520EBC1D11DC8D578E6FC5F3E208154
:0A3D50004F8891E603B347C518D56C
:013DC0000002
:203D5A00E5F040E6402809180CE5F040E6082005210098180321009CC5CB33CB037BE6030B
:203D7A0084473EE0A3824FE1D1D5C5FA68C2865FF041E60220FA7B022379E6E05F793CE66B
:1C3D9A001FB34F1520E5C1D11DC8D578E6FC5F3E20814F8891E603B347C518CFF7
:00000001FF
