                                      1 ;--------------------------------------------------------
                                      2 ; File Created by SDCC : free open source ISO C Compiler
                                      3 ; Version 4.5.1 #15267 (MINGW64)
                                      4 ;--------------------------------------------------------
                                      5 	.module baseafterbase
                                      6 	
                                      7 ;--------------------------------------------------------
                                      8 ; Public variables in this module
                                      9 ;--------------------------------------------------------
                                     10 	.globl _baseafterbase
                                     11 ;--------------------------------------------------------
                                     12 ; special function registers
                                     13 ;--------------------------------------------------------
                                     14 	.area _HRAM
                                     15 ;--------------------------------------------------------
                                     16 ; ram data
                                     17 ;--------------------------------------------------------
                                     18 	.area _DATA
                                     19 ;--------------------------------------------------------
                                     20 ; ram data
                                     21 ;--------------------------------------------------------
                                     22 	.area _INITIALIZED
                                     23 ;--------------------------------------------------------
                                     24 ; absolute external ram data
                                     25 ;--------------------------------------------------------
                                     26 	.area _DABS (ABS)
                                     27 ;--------------------------------------------------------
                                     28 ; global & static initialisations
                                     29 ;--------------------------------------------------------
                                     30 	.area _HOME
                                     31 	.area _GSINIT
                                     32 	.area _GSFINAL
                                     33 	.area _GSINIT
                                     34 ;--------------------------------------------------------
                                     35 ; Home
                                     36 ;--------------------------------------------------------
                                     37 	.area _HOME
                                     38 	.area _HOME
                                     39 ;--------------------------------------------------------
                                     40 ; code
                                     41 ;--------------------------------------------------------
                                     42 	.area _CODE_251
                                     43 	.area _CODE_251
    00000000                         44 _order_cnt:
    00000000 1A                      45 	.db #0x1a	; 26
    00000001                         46 _P0:
    00000001 02                      47 	.db #0x02	; 2
    00000002 1C                      48 	.db #0x1c	; 28
    00000003 04                      49 	.db #0x04	; 4
    00000004 5A                      50 	.db #0x5a	; 90	'Z'
    00000005 00                      51 	.db #0x00	; 0
    00000006 00                      52 	.db #0x00	; 0
    00000007 0E                      53 	.db #0x0e	; 14
    00000008 1C                      54 	.db #0x1c	; 28
    00000009 04                      55 	.db #0x04	; 4
    0000000A 5A                      56 	.db #0x5a	; 90	'Z'
    0000000B 00                      57 	.db #0x00	; 0
    0000000C 00                      58 	.db #0x00	; 0
    0000000D 02                      59 	.db #0x02	; 2
    0000000E 1C                      60 	.db #0x1c	; 28
    0000000F 04                      61 	.db #0x04	; 4
    00000010 5A                      62 	.db #0x5a	; 90	'Z'
    00000011 00                      63 	.db #0x00	; 0
    00000012 00                      64 	.db #0x00	; 0
    00000013 0E                      65 	.db #0x0e	; 14
    00000014 1C                      66 	.db #0x1c	; 28
    00000015 04                      67 	.db #0x04	; 4
    00000016 5A                      68 	.db #0x5a	; 90	'Z'
    00000017 00                      69 	.db #0x00	; 0
    00000018 00                      70 	.db #0x00	; 0
    00000019 02                      71 	.db #0x02	; 2
    0000001A 1C                      72 	.db #0x1c	; 28
    0000001B 05                      73 	.db #0x05	; 5
    0000001C 5A                      74 	.db #0x5a	; 90	'Z'
    0000001D 00                      75 	.db #0x00	; 0
    0000001E 00                      76 	.db #0x00	; 0
    0000001F 0E                      77 	.db #0x0e	; 14
    00000020 1C                      78 	.db #0x1c	; 28
    00000021 05                      79 	.db #0x05	; 5
    00000022 5A                      80 	.db #0x5a	; 90	'Z'
    00000023 00                      81 	.db #0x00	; 0
    00000024 00                      82 	.db #0x00	; 0
    00000025 02                      83 	.db #0x02	; 2
    00000026 1C                      84 	.db #0x1c	; 28
    00000027 06                      85 	.db #0x06	; 6
    00000028 5A                      86 	.db #0x5a	; 90	'Z'
    00000029 00                      87 	.db #0x00	; 0
    0000002A 00                      88 	.db #0x00	; 0
    0000002B 0E                      89 	.db #0x0e	; 14
    0000002C 1C                      90 	.db #0x1c	; 28
    0000002D 06                      91 	.db #0x06	; 6
    0000002E 5A                      92 	.db #0x5a	; 90	'Z'
    0000002F 00                      93 	.db #0x00	; 0
    00000030 00                      94 	.db #0x00	; 0
    00000031 09                      95 	.db #0x09	; 9
    00000032 1C                      96 	.db #0x1c	; 28
    00000033 06                      97 	.db #0x06	; 6
    00000034 5A                      98 	.db #0x5a	; 90	'Z'
    00000035 00                      99 	.db #0x00	; 0
    00000036 00                     100 	.db #0x00	; 0
    00000037 15                     101 	.db #0x15	; 21
    00000038 1C                     102 	.db #0x1c	; 28
    00000039 06                     103 	.db #0x06	; 6
    0000003A 5A                     104 	.db #0x5a	; 90	'Z'
    0000003B 00                     105 	.db #0x00	; 0
    0000003C 00                     106 	.db #0x00	; 0
    0000003D 09                     107 	.db #0x09	; 9
    0000003E 1C                     108 	.db #0x1c	; 28
    0000003F 06                     109 	.db #0x06	; 6
    00000040 5A                     110 	.db #0x5a	; 90	'Z'
    00000041 00                     111 	.db #0x00	; 0
    00000042 00                     112 	.db #0x00	; 0
    00000043 15                     113 	.db #0x15	; 21
    00000044 1C                     114 	.db #0x1c	; 28
    00000045 06                     115 	.db #0x06	; 6
    00000046 5A                     116 	.db #0x5a	; 90	'Z'
    00000047 00                     117 	.db #0x00	; 0
    00000048 00                     118 	.db #0x00	; 0
    00000049 09                     119 	.db #0x09	; 9
    0000004A 1C                     120 	.db #0x1c	; 28
    0000004B 07                     121 	.db #0x07	; 7
    0000004C 5A                     122 	.db #0x5a	; 90	'Z'
    0000004D 00                     123 	.db #0x00	; 0
    0000004E 00                     124 	.db #0x00	; 0
    0000004F 15                     125 	.db #0x15	; 21
    00000050 1C                     126 	.db #0x1c	; 28
    00000051 07                     127 	.db #0x07	; 7
    00000052 5A                     128 	.db #0x5a	; 90	'Z'
    00000053 00                     129 	.db #0x00	; 0
    00000054 00                     130 	.db #0x00	; 0
    00000055 09                     131 	.db #0x09	; 9
    00000056 1C                     132 	.db #0x1c	; 28
    00000057 07                     133 	.db #0x07	; 7
    00000058 5A                     134 	.db #0x5a	; 90	'Z'
    00000059 00                     135 	.db #0x00	; 0
    0000005A 00                     136 	.db #0x00	; 0
    0000005B 15                     137 	.db #0x15	; 21
    0000005C 1C                     138 	.db #0x1c	; 28
    0000005D 07                     139 	.db #0x07	; 7
    0000005E 5A                     140 	.db #0x5a	; 90	'Z'
    0000005F 00                     141 	.db #0x00	; 0
    00000060 00                     142 	.db #0x00	; 0
    00000061 09                     143 	.db #0x09	; 9
    00000062 1C                     144 	.db #0x1c	; 28
    00000063 07                     145 	.db #0x07	; 7
    00000064 5A                     146 	.db #0x5a	; 90	'Z'
    00000065 00                     147 	.db #0x00	; 0
    00000066 00                     148 	.db #0x00	; 0
    00000067 15                     149 	.db #0x15	; 21
    00000068 1C                     150 	.db #0x1c	; 28
    00000069 07                     151 	.db #0x07	; 7
    0000006A 5A                     152 	.db #0x5a	; 90	'Z'
    0000006B 00                     153 	.db #0x00	; 0
    0000006C 00                     154 	.db #0x00	; 0
    0000006D 09                     155 	.db #0x09	; 9
    0000006E 1C                     156 	.db #0x1c	; 28
    0000006F 08                     157 	.db #0x08	; 8
    00000070 5A                     158 	.db #0x5a	; 90	'Z'
    00000071 00                     159 	.db #0x00	; 0
    00000072 00                     160 	.db #0x00	; 0
    00000073 15                     161 	.db #0x15	; 21
    00000074 1C                     162 	.db #0x1c	; 28
    00000075 08                     163 	.db #0x08	; 8
    00000076 5A                     164 	.db #0x5a	; 90	'Z'
    00000077 00                     165 	.db #0x00	; 0
    00000078 00                     166 	.db #0x00	; 0
    00000079 09                     167 	.db #0x09	; 9
    0000007A 1C                     168 	.db #0x1c	; 28
    0000007B 08                     169 	.db #0x08	; 8
    0000007C 5A                     170 	.db #0x5a	; 90	'Z'
    0000007D 00                     171 	.db #0x00	; 0
    0000007E 00                     172 	.db #0x00	; 0
    0000007F 15                     173 	.db #0x15	; 21
    00000080 1C                     174 	.db #0x1c	; 28
    00000081 08                     175 	.db #0x08	; 8
    00000082 5A                     176 	.db #0x5a	; 90	'Z'
    00000083 00                     177 	.db #0x00	; 0
    00000084 00                     178 	.db #0x00	; 0
    00000085 09                     179 	.db #0x09	; 9
    00000086 1C                     180 	.db #0x1c	; 28
    00000087 08                     181 	.db #0x08	; 8
    00000088 5A                     182 	.db #0x5a	; 90	'Z'
    00000089 00                     183 	.db #0x00	; 0
    0000008A 00                     184 	.db #0x00	; 0
    0000008B 15                     185 	.db #0x15	; 21
    0000008C 1C                     186 	.db #0x1c	; 28
    0000008D 08                     187 	.db #0x08	; 8
    0000008E 5A                     188 	.db #0x5a	; 90	'Z'
    0000008F 00                     189 	.db #0x00	; 0
    00000090 00                     190 	.db #0x00	; 0
    00000091 07                     191 	.db #0x07	; 7
    00000092 1C                     192 	.db #0x1c	; 28
    00000093 09                     193 	.db #0x09	; 9
    00000094 5A                     194 	.db #0x5a	; 90	'Z'
    00000095 00                     195 	.db #0x00	; 0
    00000096 00                     196 	.db #0x00	; 0
    00000097 13                     197 	.db #0x13	; 19
    00000098 1C                     198 	.db #0x1c	; 28
    00000099 09                     199 	.db #0x09	; 9
    0000009A 5A                     200 	.db #0x5a	; 90	'Z'
    0000009B 00                     201 	.db #0x00	; 0
    0000009C 00                     202 	.db #0x00	; 0
    0000009D 07                     203 	.db #0x07	; 7
    0000009E 1C                     204 	.db #0x1c	; 28
    0000009F 09                     205 	.db #0x09	; 9
    000000A0 5A                     206 	.db #0x5a	; 90	'Z'
    000000A1 00                     207 	.db #0x00	; 0
    000000A2 00                     208 	.db #0x00	; 0
    000000A3 13                     209 	.db #0x13	; 19
    000000A4 1C                     210 	.db #0x1c	; 28
    000000A5 09                     211 	.db #0x09	; 9
    000000A6 5A                     212 	.db #0x5a	; 90	'Z'
    000000A7 00                     213 	.db #0x00	; 0
    000000A8 00                     214 	.db #0x00	; 0
    000000A9 07                     215 	.db #0x07	; 7
    000000AA 1C                     216 	.db #0x1c	; 28
    000000AB 09                     217 	.db #0x09	; 9
    000000AC 5A                     218 	.db #0x5a	; 90	'Z'
    000000AD 00                     219 	.db #0x00	; 0
    000000AE 00                     220 	.db #0x00	; 0
    000000AF 13                     221 	.db #0x13	; 19
    000000B0 1C                     222 	.db #0x1c	; 28
    000000B1 09                     223 	.db #0x09	; 9
    000000B2 5A                     224 	.db #0x5a	; 90	'Z'
    000000B3 00                     225 	.db #0x00	; 0
    000000B4 00                     226 	.db #0x00	; 0
    000000B5 07                     227 	.db #0x07	; 7
    000000B6 1C                     228 	.db #0x1c	; 28
    000000B7 0B                     229 	.db #0x0b	; 11
    000000B8 5A                     230 	.db #0x5a	; 90	'Z'
    000000B9 00                     231 	.db #0x00	; 0
    000000BA 00                     232 	.db #0x00	; 0
    000000BB 13                     233 	.db #0x13	; 19
    000000BC 1C                     234 	.db #0x1c	; 28
    000000BD 0B                     235 	.db #0x0b	; 11
    000000BE 5A                     236 	.db #0x5a	; 90	'Z'
    000000BF 00                     237 	.db #0x00	; 0
    000000C0 00                     238 	.db #0x00	; 0
    000000C1                        239 _P3:
    000000C1 0C                     240 	.db #0x0c	; 12
    000000C2 28                     241 	.db #0x28	; 40
    000000C3 FF                     242 	.db #0xff	; 255
    000000C4 5A                     243 	.db #0x5a	; 90	'Z'
    000000C5 00                     244 	.db #0x00	; 0
    000000C6 00                     245 	.db #0x00	; 0
    000000C7 5A                     246 	.db #0x5a	; 90	'Z'
    000000C8 00                     247 	.db #0x00	; 0
    000000C9 00                     248 	.db #0x00	; 0
    000000CA 1A                     249 	.db #0x1a	; 26
    000000CB 98                     250 	.db #0x98	; 152
    000000CC FE                     251 	.db #0xfe	; 254
    000000CD 5A                     252 	.db #0x5a	; 90	'Z'
    000000CE 00                     253 	.db #0x00	; 0
    000000CF 00                     254 	.db #0x00	; 0
    000000D0 1A                     255 	.db #0x1a	; 26
    000000D1 9C                     256 	.db #0x9c	; 156
    000000D2 01                     257 	.db #0x01	; 1
    000000D3 5A                     258 	.db #0x5a	; 90	'Z'
    000000D4 00                     259 	.db #0x00	; 0
    000000D5 00                     260 	.db #0x00	; 0
    000000D6 1A                     261 	.db #0x1a	; 26
    000000D7 93                     262 	.db #0x93	; 147
    000000D8 30                     263 	.db #0x30	; 48	'0'
    000000D9 5A                     264 	.db #0x5a	; 90	'Z'
    000000DA 00                     265 	.db #0x00	; 0
    000000DB 00                     266 	.db #0x00	; 0
    000000DC 18                     267 	.db #0x18	; 24
    000000DD 93                     268 	.db #0x93	; 147
    000000DE 30                     269 	.db #0x30	; 48	'0'
    000000DF 5A                     270 	.db #0x5a	; 90	'Z'
    000000E0 00                     271 	.db #0x00	; 0
    000000E1 00                     272 	.db #0x00	; 0
    000000E2 1A                     273 	.db #0x1a	; 26
    000000E3 93                     274 	.db #0x93	; 147
    000000E4 30                     275 	.db #0x30	; 48	'0'
    000000E5 1A                     276 	.db #0x1a	; 26
    000000E6 93                     277 	.db #0x93	; 147
    000000E7 30                     278 	.db #0x30	; 48	'0'
    000000E8 1D                     279 	.db #0x1d	; 29
    000000E9 93                     280 	.db #0x93	; 147
    000000EA 30                     281 	.db #0x30	; 48	'0'
    000000EB 5A                     282 	.db #0x5a	; 90	'Z'
    000000EC 00                     283 	.db #0x00	; 0
    000000ED 00                     284 	.db #0x00	; 0
    000000EE 1C                     285 	.db #0x1c	; 28
    000000EF 93                     286 	.db #0x93	; 147
    000000F0 30                     287 	.db #0x30	; 48	'0'
    000000F1 5A                     288 	.db #0x5a	; 90	'Z'
    000000F2 00                     289 	.db #0x00	; 0
    000000F3 00                     290 	.db #0x00	; 0
    000000F4 1F                     291 	.db #0x1f	; 31
    000000F5 93                     292 	.db #0x93	; 147
    000000F6 30                     293 	.db #0x30	; 48	'0'
    000000F7 5A                     294 	.db #0x5a	; 90	'Z'
    000000F8 00                     295 	.db #0x00	; 0
    000000F9 00                     296 	.db #0x00	; 0
    000000FA 21                     297 	.db #0x21	; 33
    000000FB 93                     298 	.db #0x93	; 147
    000000FC 30                     299 	.db #0x30	; 48	'0'
    000000FD 5A                     300 	.db #0x5a	; 90	'Z'
    000000FE 00                     301 	.db #0x00	; 0
    000000FF 00                     302 	.db #0x00	; 0
    00000100 21                     303 	.db #0x21	; 33
    00000101 93                     304 	.db #0x93	; 147
    00000102 30                     305 	.db #0x30	; 48	'0'
    00000103 21                     306 	.db #0x21	; 33
    00000104 93                     307 	.db #0x93	; 147
    00000105 30                     308 	.db #0x30	; 48	'0'
    00000106 21                     309 	.db #0x21	; 33
    00000107 93                     310 	.db #0x93	; 147
    00000108 30                     311 	.db #0x30	; 48	'0'
    00000109 5A                     312 	.db #0x5a	; 90	'Z'
    0000010A 00                     313 	.db #0x00	; 0
    0000010B 00                     314 	.db #0x00	; 0
    0000010C 1F                     315 	.db #0x1f	; 31
    0000010D 93                     316 	.db #0x93	; 147
    0000010E 30                     317 	.db #0x30	; 48	'0'
    0000010F 5A                     318 	.db #0x5a	; 90	'Z'
    00000110 00                     319 	.db #0x00	; 0
    00000111 00                     320 	.db #0x00	; 0
    00000112 21                     321 	.db #0x21	; 33
    00000113 93                     322 	.db #0x93	; 147
    00000114 30                     323 	.db #0x30	; 48	'0'
    00000115 5A                     324 	.db #0x5a	; 90	'Z'
    00000116 00                     325 	.db #0x00	; 0
    00000117 00                     326 	.db #0x00	; 0
    00000118 24                     327 	.db #0x24	; 36
    00000119 93                     328 	.db #0x93	; 147
    0000011A 30                     329 	.db #0x30	; 48	'0'
    0000011B 5A                     330 	.db #0x5a	; 90	'Z'
    0000011C 00                     331 	.db #0x00	; 0
    0000011D 00                     332 	.db #0x00	; 0
    0000011E 23                     333 	.db #0x23	; 35
    0000011F 93                     334 	.db #0x93	; 147
    00000120 30                     335 	.db #0x30	; 48	'0'
    00000121 5A                     336 	.db #0x5a	; 90	'Z'
    00000122 00                     337 	.db #0x00	; 0
    00000123 00                     338 	.db #0x00	; 0
    00000124 1F                     339 	.db #0x1f	; 31
    00000125 93                     340 	.db #0x93	; 147
    00000126 30                     341 	.db #0x30	; 48	'0'
    00000127 5A                     342 	.db #0x5a	; 90	'Z'
    00000128 00                     343 	.db #0x00	; 0
    00000129 00                     344 	.db #0x00	; 0
    0000012A 21                     345 	.db #0x21	; 33
    0000012B 93                     346 	.db #0x93	; 147
    0000012C 30                     347 	.db #0x30	; 48	'0'
    0000012D 5A                     348 	.db #0x5a	; 90	'Z'
    0000012E 00                     349 	.db #0x00	; 0
    0000012F 00                     350 	.db #0x00	; 0
    00000130 21                     351 	.db #0x21	; 33
    00000131 9C                     352 	.db #0x9c	; 156
    00000132 01                     353 	.db #0x01	; 1
    00000133 5A                     354 	.db #0x5a	; 90	'Z'
    00000134 00                     355 	.db #0x00	; 0
    00000135 00                     356 	.db #0x00	; 0
    00000136 21                     357 	.db #0x21	; 33
    00000137 93                     358 	.db #0x93	; 147
    00000138 30                     359 	.db #0x30	; 48	'0'
    00000139 5A                     360 	.db #0x5a	; 90	'Z'
    0000013A 00                     361 	.db #0x00	; 0
    0000013B 00                     362 	.db #0x00	; 0
    0000013C 1F                     363 	.db #0x1f	; 31
    0000013D 93                     364 	.db #0x93	; 147
    0000013E 30                     365 	.db #0x30	; 48	'0'
    0000013F 5A                     366 	.db #0x5a	; 90	'Z'
    00000140 00                     367 	.db #0x00	; 0
    00000141 00                     368 	.db #0x00	; 0
    00000142 21                     369 	.db #0x21	; 33
    00000143 93                     370 	.db #0x93	; 147
    00000144 30                     371 	.db #0x30	; 48	'0'
    00000145 21                     372 	.db #0x21	; 33
    00000146 93                     373 	.db #0x93	; 147
    00000147 30                     374 	.db #0x30	; 48	'0'
    00000148 23                     375 	.db #0x23	; 35
    00000149 93                     376 	.db #0x93	; 147
    0000014A 30                     377 	.db #0x30	; 48	'0'
    0000014B 5A                     378 	.db #0x5a	; 90	'Z'
    0000014C 00                     379 	.db #0x00	; 0
    0000014D 00                     380 	.db #0x00	; 0
    0000014E 24                     381 	.db #0x24	; 36
    0000014F 93                     382 	.db #0x93	; 147
    00000150 30                     383 	.db #0x30	; 48	'0'
    00000151 5A                     384 	.db #0x5a	; 90	'Z'
    00000152 00                     385 	.db #0x00	; 0
    00000153 00                     386 	.db #0x00	; 0
    00000154 23                     387 	.db #0x23	; 35
    00000155 93                     388 	.db #0x93	; 147
    00000156 30                     389 	.db #0x30	; 48	'0'
    00000157 5A                     390 	.db #0x5a	; 90	'Z'
    00000158 00                     391 	.db #0x00	; 0
    00000159 00                     392 	.db #0x00	; 0
    0000015A 1F                     393 	.db #0x1f	; 31
    0000015B 93                     394 	.db #0x93	; 147
    0000015C 30                     395 	.db #0x30	; 48	'0'
    0000015D 5A                     396 	.db #0x5a	; 90	'Z'
    0000015E 00                     397 	.db #0x00	; 0
    0000015F 00                     398 	.db #0x00	; 0
    00000160 21                     399 	.db #0x21	; 33
    00000161 93                     400 	.db #0x93	; 147
    00000162 30                     401 	.db #0x30	; 48	'0'
    00000163 21                     402 	.db #0x21	; 33
    00000164 93                     403 	.db #0x93	; 147
    00000165 30                     404 	.db #0x30	; 48	'0'
    00000166 21                     405 	.db #0x21	; 33
    00000167 93                     406 	.db #0x93	; 147
    00000168 30                     407 	.db #0x30	; 48	'0'
    00000169 5A                     408 	.db #0x5a	; 90	'Z'
    0000016A 00                     409 	.db #0x00	; 0
    0000016B 00                     410 	.db #0x00	; 0
    0000016C 1F                     411 	.db #0x1f	; 31
    0000016D 93                     412 	.db #0x93	; 147
    0000016E 30                     413 	.db #0x30	; 48	'0'
    0000016F 5A                     414 	.db #0x5a	; 90	'Z'
    00000170 00                     415 	.db #0x00	; 0
    00000171 00                     416 	.db #0x00	; 0
    00000172 21                     417 	.db #0x21	; 33
    00000173 93                     418 	.db #0x93	; 147
    00000174 30                     419 	.db #0x30	; 48	'0'
    00000175 0C                     420 	.db #0x0c	; 12
    00000176 28                     421 	.db #0x28	; 40
    00000177 FF                     422 	.db #0xff	; 255
    00000178 5A                     423 	.db #0x5a	; 90	'Z'
    00000179 00                     424 	.db #0x00	; 0
    0000017A 00                     425 	.db #0x00	; 0
    0000017B 5A                     426 	.db #0x5a	; 90	'Z'
    0000017C 00                     427 	.db #0x00	; 0
    0000017D 00                     428 	.db #0x00	; 0
    0000017E 5A                     429 	.db #0x5a	; 90	'Z'
    0000017F 08                     430 	.db #0x08	; 8
    00000180 FE                     431 	.db #0xfe	; 254
    00000181                        432 _P8:
    00000181 26                     433 	.db #0x26	; 38
    00000182 10                     434 	.db #0x10	; 16
    00000183 00                     435 	.db #0x00	; 0
    00000184 5A                     436 	.db #0x5a	; 90	'Z'
    00000185 00                     437 	.db #0x00	; 0
    00000186 00                     438 	.db #0x00	; 0
    00000187 26                     439 	.db #0x26	; 38
    00000188 1C                     440 	.db #0x1c	; 28
    00000189 04                     441 	.db #0x04	; 4
    0000018A 5A                     442 	.db #0x5a	; 90	'Z'
    0000018B 00                     443 	.db #0x00	; 0
    0000018C 00                     444 	.db #0x00	; 0
    0000018D 26                     445 	.db #0x26	; 38
    0000018E 10                     446 	.db #0x10	; 16
    0000018F 00                     447 	.db #0x00	; 0
    00000190 5A                     448 	.db #0x5a	; 90	'Z'
    00000191 00                     449 	.db #0x00	; 0
    00000192 00                     450 	.db #0x00	; 0
    00000193 24                     451 	.db #0x24	; 36
    00000194 10                     452 	.db #0x10	; 16
    00000195 00                     453 	.db #0x00	; 0
    00000196 5A                     454 	.db #0x5a	; 90	'Z'
    00000197 00                     455 	.db #0x00	; 0
    00000198 00                     456 	.db #0x00	; 0
    00000199 26                     457 	.db #0x26	; 38
    0000019A 1E                     458 	.db #0x1e	; 30
    0000019B 03                     459 	.db #0x03	; 3
    0000019C 26                     460 	.db #0x26	; 38
    0000019D 1E                     461 	.db #0x1e	; 30
    0000019E 03                     462 	.db #0x03	; 3
    0000019F 29                     463 	.db #0x29	; 41
    000001A0 10                     464 	.db #0x10	; 16
    000001A1 00                     465 	.db #0x00	; 0
    000001A2 5A                     466 	.db #0x5a	; 90	'Z'
    000001A3 00                     467 	.db #0x00	; 0
    000001A4 00                     468 	.db #0x00	; 0
    000001A5 28                     469 	.db #0x28	; 40
    000001A6 10                     470 	.db #0x10	; 16
    000001A7 00                     471 	.db #0x00	; 0
    000001A8 5A                     472 	.db #0x5a	; 90	'Z'
    000001A9 00                     473 	.db #0x00	; 0
    000001AA 00                     474 	.db #0x00	; 0
    000001AB 2B                     475 	.db #0x2b	; 43
    000001AC 10                     476 	.db #0x10	; 16
    000001AD 00                     477 	.db #0x00	; 0
    000001AE 5A                     478 	.db #0x5a	; 90	'Z'
    000001AF 00                     479 	.db #0x00	; 0
    000001B0 00                     480 	.db #0x00	; 0
    000001B1 2D                     481 	.db #0x2d	; 45
    000001B2 10                     482 	.db #0x10	; 16
    000001B3 00                     483 	.db #0x00	; 0
    000001B4 5A                     484 	.db #0x5a	; 90	'Z'
    000001B5 00                     485 	.db #0x00	; 0
    000001B6 00                     486 	.db #0x00	; 0
    000001B7 2D                     487 	.db #0x2d	; 45
    000001B8 1E                     488 	.db #0x1e	; 30
    000001B9 03                     489 	.db #0x03	; 3
    000001BA 2D                     490 	.db #0x2d	; 45
    000001BB 1E                     491 	.db #0x1e	; 30
    000001BC 03                     492 	.db #0x03	; 3
    000001BD 2D                     493 	.db #0x2d	; 45
    000001BE 1E                     494 	.db #0x1e	; 30
    000001BF 03                     495 	.db #0x03	; 3
    000001C0 5A                     496 	.db #0x5a	; 90	'Z'
    000001C1 00                     497 	.db #0x00	; 0
    000001C2 00                     498 	.db #0x00	; 0
    000001C3 2B                     499 	.db #0x2b	; 43
    000001C4 10                     500 	.db #0x10	; 16
    000001C5 00                     501 	.db #0x00	; 0
    000001C6 5A                     502 	.db #0x5a	; 90	'Z'
    000001C7 00                     503 	.db #0x00	; 0
    000001C8 00                     504 	.db #0x00	; 0
    000001C9 2D                     505 	.db #0x2d	; 45
    000001CA 10                     506 	.db #0x10	; 16
    000001CB 00                     507 	.db #0x00	; 0
    000001CC 5A                     508 	.db #0x5a	; 90	'Z'
    000001CD 00                     509 	.db #0x00	; 0
    000001CE 00                     510 	.db #0x00	; 0
    000001CF 30                     511 	.db #0x30	; 48	'0'
    000001D0 10                     512 	.db #0x10	; 16
    000001D1 00                     513 	.db #0x00	; 0
    000001D2 5A                     514 	.db #0x5a	; 90	'Z'
    000001D3 00                     515 	.db #0x00	; 0
    000001D4 00                     516 	.db #0x00	; 0
    000001D5 2F                     517 	.db #0x2f	; 47
    000001D6 10                     518 	.db #0x10	; 16
    000001D7 00                     519 	.db #0x00	; 0
    000001D8 5A                     520 	.db #0x5a	; 90	'Z'
    000001D9 00                     521 	.db #0x00	; 0
    000001DA 00                     522 	.db #0x00	; 0
    000001DB 2B                     523 	.db #0x2b	; 43
    000001DC 10                     524 	.db #0x10	; 16
    000001DD 00                     525 	.db #0x00	; 0
    000001DE 5A                     526 	.db #0x5a	; 90	'Z'
    000001DF 00                     527 	.db #0x00	; 0
    000001E0 00                     528 	.db #0x00	; 0
    000001E1 2D                     529 	.db #0x2d	; 45
    000001E2 10                     530 	.db #0x10	; 16
    000001E3 00                     531 	.db #0x00	; 0
    000001E4 5A                     532 	.db #0x5a	; 90	'Z'
    000001E5 00                     533 	.db #0x00	; 0
    000001E6 00                     534 	.db #0x00	; 0
    000001E7 2D                     535 	.db #0x2d	; 45
    000001E8 1C                     536 	.db #0x1c	; 28
    000001E9 04                     537 	.db #0x04	; 4
    000001EA 5A                     538 	.db #0x5a	; 90	'Z'
    000001EB 00                     539 	.db #0x00	; 0
    000001EC 00                     540 	.db #0x00	; 0
    000001ED 2D                     541 	.db #0x2d	; 45
    000001EE 10                     542 	.db #0x10	; 16
    000001EF 00                     543 	.db #0x00	; 0
    000001F0 5A                     544 	.db #0x5a	; 90	'Z'
    000001F1 00                     545 	.db #0x00	; 0
    000001F2 00                     546 	.db #0x00	; 0
    000001F3 2B                     547 	.db #0x2b	; 43
    000001F4 10                     548 	.db #0x10	; 16
    000001F5 00                     549 	.db #0x00	; 0
    000001F6 5A                     550 	.db #0x5a	; 90	'Z'
    000001F7 00                     551 	.db #0x00	; 0
    000001F8 00                     552 	.db #0x00	; 0
    000001F9 2D                     553 	.db #0x2d	; 45
    000001FA 1E                     554 	.db #0x1e	; 30
    000001FB 03                     555 	.db #0x03	; 3
    000001FC 2D                     556 	.db #0x2d	; 45
    000001FD 1E                     557 	.db #0x1e	; 30
    000001FE 03                     558 	.db #0x03	; 3
    000001FF 2F                     559 	.db #0x2f	; 47
    00000200 10                     560 	.db #0x10	; 16
    00000201 00                     561 	.db #0x00	; 0
    00000202 5A                     562 	.db #0x5a	; 90	'Z'
    00000203 00                     563 	.db #0x00	; 0
    00000204 00                     564 	.db #0x00	; 0
    00000205 30                     565 	.db #0x30	; 48	'0'
    00000206 10                     566 	.db #0x10	; 16
    00000207 00                     567 	.db #0x00	; 0
    00000208 5A                     568 	.db #0x5a	; 90	'Z'
    00000209 00                     569 	.db #0x00	; 0
    0000020A 00                     570 	.db #0x00	; 0
    0000020B 2F                     571 	.db #0x2f	; 47
    0000020C 10                     572 	.db #0x10	; 16
    0000020D 00                     573 	.db #0x00	; 0
    0000020E 5A                     574 	.db #0x5a	; 90	'Z'
    0000020F 00                     575 	.db #0x00	; 0
    00000210 00                     576 	.db #0x00	; 0
    00000211 2B                     577 	.db #0x2b	; 43
    00000212 10                     578 	.db #0x10	; 16
    00000213 00                     579 	.db #0x00	; 0
    00000214 5A                     580 	.db #0x5a	; 90	'Z'
    00000215 00                     581 	.db #0x00	; 0
    00000216 00                     582 	.db #0x00	; 0
    00000217 2D                     583 	.db #0x2d	; 45
    00000218 1E                     584 	.db #0x1e	; 30
    00000219 03                     585 	.db #0x03	; 3
    0000021A 2D                     586 	.db #0x2d	; 45
    0000021B 1E                     587 	.db #0x1e	; 30
    0000021C 03                     588 	.db #0x03	; 3
    0000021D 2D                     589 	.db #0x2d	; 45
    0000021E 1E                     590 	.db #0x1e	; 30
    0000021F 03                     591 	.db #0x03	; 3
    00000220 5A                     592 	.db #0x5a	; 90	'Z'
    00000221 00                     593 	.db #0x00	; 0
    00000222 00                     594 	.db #0x00	; 0
    00000223 2B                     595 	.db #0x2b	; 43
    00000224 10                     596 	.db #0x10	; 16
    00000225 00                     597 	.db #0x00	; 0
    00000226 5A                     598 	.db #0x5a	; 90	'Z'
    00000227 00                     599 	.db #0x00	; 0
    00000228 00                     600 	.db #0x00	; 0
    00000229 2D                     601 	.db #0x2d	; 45
    0000022A 1E                     602 	.db #0x1e	; 30
    0000022B 03                     603 	.db #0x03	; 3
    0000022C 2D                     604 	.db #0x2d	; 45
    0000022D 1E                     605 	.db #0x1e	; 30
    0000022E 03                     606 	.db #0x03	; 3
    0000022F 2B                     607 	.db #0x2b	; 43
    00000230 10                     608 	.db #0x10	; 16
    00000231 00                     609 	.db #0x00	; 0
    00000232 5A                     610 	.db #0x5a	; 90	'Z'
    00000233 00                     611 	.db #0x00	; 0
    00000234 00                     612 	.db #0x00	; 0
    00000235 2D                     613 	.db #0x2d	; 45
    00000236 10                     614 	.db #0x10	; 16
    00000237 00                     615 	.db #0x00	; 0
    00000238 5A                     616 	.db #0x5a	; 90	'Z'
    00000239 00                     617 	.db #0x00	; 0
    0000023A 00                     618 	.db #0x00	; 0
    0000023B 2F                     619 	.db #0x2f	; 47
    0000023C 10                     620 	.db #0x10	; 16
    0000023D 00                     621 	.db #0x00	; 0
    0000023E 5A                     622 	.db #0x5a	; 90	'Z'
    0000023F 00                     623 	.db #0x00	; 0
    00000240 00                     624 	.db #0x00	; 0
    00000241                        625 _P11:
    00000241 39                     626 	.db #0x39	; 57	'9'
    00000242 10                     627 	.db #0x10	; 16
    00000243 00                     628 	.db #0x00	; 0
    00000244 5A                     629 	.db #0x5a	; 90	'Z'
    00000245 00                     630 	.db #0x00	; 0
    00000246 00                     631 	.db #0x00	; 0
    00000247 5A                     632 	.db #0x5a	; 90	'Z'
    00000248 00                     633 	.db #0x00	; 0
    00000249 00                     634 	.db #0x00	; 0
    0000024A 5A                     635 	.db #0x5a	; 90	'Z'
    0000024B 00                     636 	.db #0x00	; 0
    0000024C 00                     637 	.db #0x00	; 0
    0000024D 5A                     638 	.db #0x5a	; 90	'Z'
    0000024E 00                     639 	.db #0x00	; 0
    0000024F 00                     640 	.db #0x00	; 0
    00000250 5A                     641 	.db #0x5a	; 90	'Z'
    00000251 00                     642 	.db #0x00	; 0
    00000252 00                     643 	.db #0x00	; 0
    00000253 5A                     644 	.db #0x5a	; 90	'Z'
    00000254 00                     645 	.db #0x00	; 0
    00000255 00                     646 	.db #0x00	; 0
    00000256 5A                     647 	.db #0x5a	; 90	'Z'
    00000257 00                     648 	.db #0x00	; 0
    00000258 00                     649 	.db #0x00	; 0
    00000259 5A                     650 	.db #0x5a	; 90	'Z'
    0000025A 00                     651 	.db #0x00	; 0
    0000025B 00                     652 	.db #0x00	; 0
    0000025C 5A                     653 	.db #0x5a	; 90	'Z'
    0000025D 00                     654 	.db #0x00	; 0
    0000025E 00                     655 	.db #0x00	; 0
    0000025F 5A                     656 	.db #0x5a	; 90	'Z'
    00000260 00                     657 	.db #0x00	; 0
    00000261 00                     658 	.db #0x00	; 0
    00000262 5A                     659 	.db #0x5a	; 90	'Z'
    00000263 00                     660 	.db #0x00	; 0
    00000264 00                     661 	.db #0x00	; 0
    00000265 5A                     662 	.db #0x5a	; 90	'Z'
    00000266 00                     663 	.db #0x00	; 0
    00000267 00                     664 	.db #0x00	; 0
    00000268 5A                     665 	.db #0x5a	; 90	'Z'
    00000269 00                     666 	.db #0x00	; 0
    0000026A 00                     667 	.db #0x00	; 0
    0000026B 5A                     668 	.db #0x5a	; 90	'Z'
    0000026C 00                     669 	.db #0x00	; 0
    0000026D 00                     670 	.db #0x00	; 0
    0000026E 5A                     671 	.db #0x5a	; 90	'Z'
    0000026F 00                     672 	.db #0x00	; 0
    00000270 00                     673 	.db #0x00	; 0
    00000271 5A                     674 	.db #0x5a	; 90	'Z'
    00000272 00                     675 	.db #0x00	; 0
    00000273 00                     676 	.db #0x00	; 0
    00000274 5A                     677 	.db #0x5a	; 90	'Z'
    00000275 00                     678 	.db #0x00	; 0
    00000276 00                     679 	.db #0x00	; 0
    00000277 5A                     680 	.db #0x5a	; 90	'Z'
    00000278 00                     681 	.db #0x00	; 0
    00000279 00                     682 	.db #0x00	; 0
    0000027A 5A                     683 	.db #0x5a	; 90	'Z'
    0000027B 00                     684 	.db #0x00	; 0
    0000027C 00                     685 	.db #0x00	; 0
    0000027D 5A                     686 	.db #0x5a	; 90	'Z'
    0000027E 00                     687 	.db #0x00	; 0
    0000027F 00                     688 	.db #0x00	; 0
    00000280 5A                     689 	.db #0x5a	; 90	'Z'
    00000281 00                     690 	.db #0x00	; 0
    00000282 00                     691 	.db #0x00	; 0
    00000283 5A                     692 	.db #0x5a	; 90	'Z'
    00000284 00                     693 	.db #0x00	; 0
    00000285 00                     694 	.db #0x00	; 0
    00000286 5A                     695 	.db #0x5a	; 90	'Z'
    00000287 00                     696 	.db #0x00	; 0
    00000288 00                     697 	.db #0x00	; 0
    00000289 5A                     698 	.db #0x5a	; 90	'Z'
    0000028A 00                     699 	.db #0x00	; 0
    0000028B 00                     700 	.db #0x00	; 0
    0000028C 5A                     701 	.db #0x5a	; 90	'Z'
    0000028D 00                     702 	.db #0x00	; 0
    0000028E 00                     703 	.db #0x00	; 0
    0000028F 5A                     704 	.db #0x5a	; 90	'Z'
    00000290 00                     705 	.db #0x00	; 0
    00000291 00                     706 	.db #0x00	; 0
    00000292 5A                     707 	.db #0x5a	; 90	'Z'
    00000293 00                     708 	.db #0x00	; 0
    00000294 00                     709 	.db #0x00	; 0
    00000295 5A                     710 	.db #0x5a	; 90	'Z'
    00000296 00                     711 	.db #0x00	; 0
    00000297 00                     712 	.db #0x00	; 0
    00000298 5A                     713 	.db #0x5a	; 90	'Z'
    00000299 00                     714 	.db #0x00	; 0
    0000029A 00                     715 	.db #0x00	; 0
    0000029B 5A                     716 	.db #0x5a	; 90	'Z'
    0000029C 00                     717 	.db #0x00	; 0
    0000029D 00                     718 	.db #0x00	; 0
    0000029E 5A                     719 	.db #0x5a	; 90	'Z'
    0000029F 00                     720 	.db #0x00	; 0
    000002A0 00                     721 	.db #0x00	; 0
    000002A1 5A                     722 	.db #0x5a	; 90	'Z'
    000002A2 00                     723 	.db #0x00	; 0
    000002A3 00                     724 	.db #0x00	; 0
    000002A4 5A                     725 	.db #0x5a	; 90	'Z'
    000002A5 00                     726 	.db #0x00	; 0
    000002A6 00                     727 	.db #0x00	; 0
    000002A7 5A                     728 	.db #0x5a	; 90	'Z'
    000002A8 00                     729 	.db #0x00	; 0
    000002A9 00                     730 	.db #0x00	; 0
    000002AA 5A                     731 	.db #0x5a	; 90	'Z'
    000002AB 00                     732 	.db #0x00	; 0
    000002AC 00                     733 	.db #0x00	; 0
    000002AD 5A                     734 	.db #0x5a	; 90	'Z'
    000002AE 00                     735 	.db #0x00	; 0
    000002AF 00                     736 	.db #0x00	; 0
    000002B0 5A                     737 	.db #0x5a	; 90	'Z'
    000002B1 00                     738 	.db #0x00	; 0
    000002B2 00                     739 	.db #0x00	; 0
    000002B3 5A                     740 	.db #0x5a	; 90	'Z'
    000002B4 00                     741 	.db #0x00	; 0
    000002B5 00                     742 	.db #0x00	; 0
    000002B6 5A                     743 	.db #0x5a	; 90	'Z'
    000002B7 00                     744 	.db #0x00	; 0
    000002B8 00                     745 	.db #0x00	; 0
    000002B9 5A                     746 	.db #0x5a	; 90	'Z'
    000002BA 00                     747 	.db #0x00	; 0
    000002BB 00                     748 	.db #0x00	; 0
    000002BC 5A                     749 	.db #0x5a	; 90	'Z'
    000002BD 00                     750 	.db #0x00	; 0
    000002BE 00                     751 	.db #0x00	; 0
    000002BF 5A                     752 	.db #0x5a	; 90	'Z'
    000002C0 00                     753 	.db #0x00	; 0
    000002C1 00                     754 	.db #0x00	; 0
    000002C2 5A                     755 	.db #0x5a	; 90	'Z'
    000002C3 00                     756 	.db #0x00	; 0
    000002C4 00                     757 	.db #0x00	; 0
    000002C5 5A                     758 	.db #0x5a	; 90	'Z'
    000002C6 00                     759 	.db #0x00	; 0
    000002C7 00                     760 	.db #0x00	; 0
    000002C8 5A                     761 	.db #0x5a	; 90	'Z'
    000002C9 00                     762 	.db #0x00	; 0
    000002CA 00                     763 	.db #0x00	; 0
    000002CB 5A                     764 	.db #0x5a	; 90	'Z'
    000002CC 00                     765 	.db #0x00	; 0
    000002CD 00                     766 	.db #0x00	; 0
    000002CE 5A                     767 	.db #0x5a	; 90	'Z'
    000002CF 00                     768 	.db #0x00	; 0
    000002D0 00                     769 	.db #0x00	; 0
    000002D1 5A                     770 	.db #0x5a	; 90	'Z'
    000002D2 00                     771 	.db #0x00	; 0
    000002D3 00                     772 	.db #0x00	; 0
    000002D4 5A                     773 	.db #0x5a	; 90	'Z'
    000002D5 00                     774 	.db #0x00	; 0
    000002D6 00                     775 	.db #0x00	; 0
    000002D7 5A                     776 	.db #0x5a	; 90	'Z'
    000002D8 00                     777 	.db #0x00	; 0
    000002D9 00                     778 	.db #0x00	; 0
    000002DA 5A                     779 	.db #0x5a	; 90	'Z'
    000002DB 00                     780 	.db #0x00	; 0
    000002DC 00                     781 	.db #0x00	; 0
    000002DD 5A                     782 	.db #0x5a	; 90	'Z'
    000002DE 00                     783 	.db #0x00	; 0
    000002DF 00                     784 	.db #0x00	; 0
    000002E0 5A                     785 	.db #0x5a	; 90	'Z'
    000002E1 00                     786 	.db #0x00	; 0
    000002E2 00                     787 	.db #0x00	; 0
    000002E3 5A                     788 	.db #0x5a	; 90	'Z'
    000002E4 00                     789 	.db #0x00	; 0
    000002E5 00                     790 	.db #0x00	; 0
    000002E6 5A                     791 	.db #0x5a	; 90	'Z'
    000002E7 00                     792 	.db #0x00	; 0
    000002E8 00                     793 	.db #0x00	; 0
    000002E9 39                     794 	.db #0x39	; 57	'9'
    000002EA 20                     795 	.db #0x20	; 32
    000002EB 00                     796 	.db #0x00	; 0
    000002EC 5A                     797 	.db #0x5a	; 90	'Z'
    000002ED 00                     798 	.db #0x00	; 0
    000002EE 00                     799 	.db #0x00	; 0
    000002EF 5A                     800 	.db #0x5a	; 90	'Z'
    000002F0 00                     801 	.db #0x00	; 0
    000002F1 00                     802 	.db #0x00	; 0
    000002F2 5A                     803 	.db #0x5a	; 90	'Z'
    000002F3 00                     804 	.db #0x00	; 0
    000002F4 00                     805 	.db #0x00	; 0
    000002F5 2D                     806 	.db #0x2d	; 45
    000002F6 30                     807 	.db #0x30	; 48	'0'
    000002F7 00                     808 	.db #0x00	; 0
    000002F8 5A                     809 	.db #0x5a	; 90	'Z'
    000002F9 00                     810 	.db #0x00	; 0
    000002FA 00                     811 	.db #0x00	; 0
    000002FB 5A                     812 	.db #0x5a	; 90	'Z'
    000002FC 00                     813 	.db #0x00	; 0
    000002FD 00                     814 	.db #0x00	; 0
    000002FE 5A                     815 	.db #0x5a	; 90	'Z'
    000002FF 00                     816 	.db #0x00	; 0
    00000300 00                     817 	.db #0x00	; 0
    00000301                        818 _P1:
    00000301 02                     819 	.db #0x02	; 2
    00000302 1C                     820 	.db #0x1c	; 28
    00000303 08                     821 	.db #0x08	; 8
    00000304 5A                     822 	.db #0x5a	; 90	'Z'
    00000305 00                     823 	.db #0x00	; 0
    00000306 00                     824 	.db #0x00	; 0
    00000307 0E                     825 	.db #0x0e	; 14
    00000308 1C                     826 	.db #0x1c	; 28
    00000309 0A                     827 	.db #0x0a	; 10
    0000030A 5A                     828 	.db #0x5a	; 90	'Z'
    0000030B 00                     829 	.db #0x00	; 0
    0000030C 00                     830 	.db #0x00	; 0
    0000030D 02                     831 	.db #0x02	; 2
    0000030E 1C                     832 	.db #0x1c	; 28
    0000030F 08                     833 	.db #0x08	; 8
    00000310 5A                     834 	.db #0x5a	; 90	'Z'
    00000311 00                     835 	.db #0x00	; 0
    00000312 00                     836 	.db #0x00	; 0
    00000313 0E                     837 	.db #0x0e	; 14
    00000314 1C                     838 	.db #0x1c	; 28
    00000315 0A                     839 	.db #0x0a	; 10
    00000316 5A                     840 	.db #0x5a	; 90	'Z'
    00000317 00                     841 	.db #0x00	; 0
    00000318 00                     842 	.db #0x00	; 0
    00000319 02                     843 	.db #0x02	; 2
    0000031A 1C                     844 	.db #0x1c	; 28
    0000031B 08                     845 	.db #0x08	; 8
    0000031C 5A                     846 	.db #0x5a	; 90	'Z'
    0000031D 00                     847 	.db #0x00	; 0
    0000031E 00                     848 	.db #0x00	; 0
    0000031F 0E                     849 	.db #0x0e	; 14
    00000320 1C                     850 	.db #0x1c	; 28
    00000321 0A                     851 	.db #0x0a	; 10
    00000322 5A                     852 	.db #0x5a	; 90	'Z'
    00000323 00                     853 	.db #0x00	; 0
    00000324 00                     854 	.db #0x00	; 0
    00000325 02                     855 	.db #0x02	; 2
    00000326 1C                     856 	.db #0x1c	; 28
    00000327 08                     857 	.db #0x08	; 8
    00000328 5A                     858 	.db #0x5a	; 90	'Z'
    00000329 00                     859 	.db #0x00	; 0
    0000032A 00                     860 	.db #0x00	; 0
    0000032B 0E                     861 	.db #0x0e	; 14
    0000032C 1C                     862 	.db #0x1c	; 28
    0000032D 0A                     863 	.db #0x0a	; 10
    0000032E 5A                     864 	.db #0x5a	; 90	'Z'
    0000032F 00                     865 	.db #0x00	; 0
    00000330 00                     866 	.db #0x00	; 0
    00000331 09                     867 	.db #0x09	; 9
    00000332 1C                     868 	.db #0x1c	; 28
    00000333 08                     869 	.db #0x08	; 8
    00000334 5A                     870 	.db #0x5a	; 90	'Z'
    00000335 00                     871 	.db #0x00	; 0
    00000336 00                     872 	.db #0x00	; 0
    00000337 15                     873 	.db #0x15	; 21
    00000338 1C                     874 	.db #0x1c	; 28
    00000339 0A                     875 	.db #0x0a	; 10
    0000033A 5A                     876 	.db #0x5a	; 90	'Z'
    0000033B 00                     877 	.db #0x00	; 0
    0000033C 00                     878 	.db #0x00	; 0
    0000033D 09                     879 	.db #0x09	; 9
    0000033E 1C                     880 	.db #0x1c	; 28
    0000033F 08                     881 	.db #0x08	; 8
    00000340 5A                     882 	.db #0x5a	; 90	'Z'
    00000341 00                     883 	.db #0x00	; 0
    00000342 00                     884 	.db #0x00	; 0
    00000343 15                     885 	.db #0x15	; 21
    00000344 1C                     886 	.db #0x1c	; 28
    00000345 0A                     887 	.db #0x0a	; 10
    00000346 5A                     888 	.db #0x5a	; 90	'Z'
    00000347 00                     889 	.db #0x00	; 0
    00000348 00                     890 	.db #0x00	; 0
    00000349 09                     891 	.db #0x09	; 9
    0000034A 1C                     892 	.db #0x1c	; 28
    0000034B 08                     893 	.db #0x08	; 8
    0000034C 5A                     894 	.db #0x5a	; 90	'Z'
    0000034D 00                     895 	.db #0x00	; 0
    0000034E 00                     896 	.db #0x00	; 0
    0000034F 15                     897 	.db #0x15	; 21
    00000350 1C                     898 	.db #0x1c	; 28
    00000351 0A                     899 	.db #0x0a	; 10
    00000352 5A                     900 	.db #0x5a	; 90	'Z'
    00000353 00                     901 	.db #0x00	; 0
    00000354 00                     902 	.db #0x00	; 0
    00000355 09                     903 	.db #0x09	; 9
    00000356 1C                     904 	.db #0x1c	; 28
    00000357 08                     905 	.db #0x08	; 8
    00000358 5A                     906 	.db #0x5a	; 90	'Z'
    00000359 00                     907 	.db #0x00	; 0
    0000035A 00                     908 	.db #0x00	; 0
    0000035B 15                     909 	.db #0x15	; 21
    0000035C 1C                     910 	.db #0x1c	; 28
    0000035D 0A                     911 	.db #0x0a	; 10
    0000035E 5A                     912 	.db #0x5a	; 90	'Z'
    0000035F 00                     913 	.db #0x00	; 0
    00000360 00                     914 	.db #0x00	; 0
    00000361 09                     915 	.db #0x09	; 9
    00000362 1C                     916 	.db #0x1c	; 28
    00000363 08                     917 	.db #0x08	; 8
    00000364 5A                     918 	.db #0x5a	; 90	'Z'
    00000365 00                     919 	.db #0x00	; 0
    00000366 00                     920 	.db #0x00	; 0
    00000367 15                     921 	.db #0x15	; 21
    00000368 1C                     922 	.db #0x1c	; 28
    00000369 0A                     923 	.db #0x0a	; 10
    0000036A 5A                     924 	.db #0x5a	; 90	'Z'
    0000036B 00                     925 	.db #0x00	; 0
    0000036C 00                     926 	.db #0x00	; 0
    0000036D 09                     927 	.db #0x09	; 9
    0000036E 1C                     928 	.db #0x1c	; 28
    0000036F 08                     929 	.db #0x08	; 8
    00000370 5A                     930 	.db #0x5a	; 90	'Z'
    00000371 00                     931 	.db #0x00	; 0
    00000372 00                     932 	.db #0x00	; 0
    00000373 15                     933 	.db #0x15	; 21
    00000374 1C                     934 	.db #0x1c	; 28
    00000375 0A                     935 	.db #0x0a	; 10
    00000376 5A                     936 	.db #0x5a	; 90	'Z'
    00000377 00                     937 	.db #0x00	; 0
    00000378 00                     938 	.db #0x00	; 0
    00000379 09                     939 	.db #0x09	; 9
    0000037A 1C                     940 	.db #0x1c	; 28
    0000037B 08                     941 	.db #0x08	; 8
    0000037C 5A                     942 	.db #0x5a	; 90	'Z'
    0000037D 00                     943 	.db #0x00	; 0
    0000037E 00                     944 	.db #0x00	; 0
    0000037F 15                     945 	.db #0x15	; 21
    00000380 1C                     946 	.db #0x1c	; 28
    00000381 0A                     947 	.db #0x0a	; 10
    00000382 5A                     948 	.db #0x5a	; 90	'Z'
    00000383 00                     949 	.db #0x00	; 0
    00000384 00                     950 	.db #0x00	; 0
    00000385 09                     951 	.db #0x09	; 9
    00000386 1C                     952 	.db #0x1c	; 28
    00000387 08                     953 	.db #0x08	; 8
    00000388 5A                     954 	.db #0x5a	; 90	'Z'
    00000389 00                     955 	.db #0x00	; 0
    0000038A 00                     956 	.db #0x00	; 0
    0000038B 15                     957 	.db #0x15	; 21
    0000038C 1C                     958 	.db #0x1c	; 28
    0000038D 0A                     959 	.db #0x0a	; 10
    0000038E 5A                     960 	.db #0x5a	; 90	'Z'
    0000038F 00                     961 	.db #0x00	; 0
    00000390 00                     962 	.db #0x00	; 0
    00000391 07                     963 	.db #0x07	; 7
    00000392 1C                     964 	.db #0x1c	; 28
    00000393 08                     965 	.db #0x08	; 8
    00000394 5A                     966 	.db #0x5a	; 90	'Z'
    00000395 00                     967 	.db #0x00	; 0
    00000396 00                     968 	.db #0x00	; 0
    00000397 13                     969 	.db #0x13	; 19
    00000398 1C                     970 	.db #0x1c	; 28
    00000399 0A                     971 	.db #0x0a	; 10
    0000039A 5A                     972 	.db #0x5a	; 90	'Z'
    0000039B 00                     973 	.db #0x00	; 0
    0000039C 00                     974 	.db #0x00	; 0
    0000039D 07                     975 	.db #0x07	; 7
    0000039E 1C                     976 	.db #0x1c	; 28
    0000039F 08                     977 	.db #0x08	; 8
    000003A0 5A                     978 	.db #0x5a	; 90	'Z'
    000003A1 00                     979 	.db #0x00	; 0
    000003A2 00                     980 	.db #0x00	; 0
    000003A3 13                     981 	.db #0x13	; 19
    000003A4 1C                     982 	.db #0x1c	; 28
    000003A5 0A                     983 	.db #0x0a	; 10
    000003A6 5A                     984 	.db #0x5a	; 90	'Z'
    000003A7 00                     985 	.db #0x00	; 0
    000003A8 00                     986 	.db #0x00	; 0
    000003A9 07                     987 	.db #0x07	; 7
    000003AA 1C                     988 	.db #0x1c	; 28
    000003AB 08                     989 	.db #0x08	; 8
    000003AC 5A                     990 	.db #0x5a	; 90	'Z'
    000003AD 00                     991 	.db #0x00	; 0
    000003AE 00                     992 	.db #0x00	; 0
    000003AF 13                     993 	.db #0x13	; 19
    000003B0 1C                     994 	.db #0x1c	; 28
    000003B1 0A                     995 	.db #0x0a	; 10
    000003B2 5A                     996 	.db #0x5a	; 90	'Z'
    000003B3 00                     997 	.db #0x00	; 0
    000003B4 00                     998 	.db #0x00	; 0
    000003B5 07                     999 	.db #0x07	; 7
    000003B6 1C                    1000 	.db #0x1c	; 28
    000003B7 08                    1001 	.db #0x08	; 8
    000003B8 5A                    1002 	.db #0x5a	; 90	'Z'
    000003B9 00                    1003 	.db #0x00	; 0
    000003BA 00                    1004 	.db #0x00	; 0
    000003BB 13                    1005 	.db #0x13	; 19
    000003BC 1C                    1006 	.db #0x1c	; 28
    000003BD 0A                    1007 	.db #0x0a	; 10
    000003BE 5A                    1008 	.db #0x5a	; 90	'Z'
    000003BF 00                    1009 	.db #0x00	; 0
    000003C0 00                    1010 	.db #0x00	; 0
    000003C1                       1011 _P4:
    000003C1 0C                    1012 	.db #0x0c	; 12
    000003C2 28                    1013 	.db #0x28	; 40
    000003C3 FF                    1014 	.db #0xff	; 255
    000003C4 5A                    1015 	.db #0x5a	; 90	'Z'
    000003C5 00                    1016 	.db #0x00	; 0
    000003C6 00                    1017 	.db #0x00	; 0
    000003C7 5A                    1018 	.db #0x5a	; 90	'Z'
    000003C8 00                    1019 	.db #0x00	; 0
    000003C9 00                    1020 	.db #0x00	; 0
    000003CA 1A                    1021 	.db #0x1a	; 26
    000003CB 98                    1022 	.db #0x98	; 152
    000003CC FE                    1023 	.db #0xfe	; 254
    000003CD 5A                    1024 	.db #0x5a	; 90	'Z'
    000003CE 00                    1025 	.db #0x00	; 0
    000003CF 00                    1026 	.db #0x00	; 0
    000003D0 1A                    1027 	.db #0x1a	; 26
    000003D1 9C                    1028 	.db #0x9c	; 156
    000003D2 01                    1029 	.db #0x01	; 1
    000003D3 5A                    1030 	.db #0x5a	; 90	'Z'
    000003D4 00                    1031 	.db #0x00	; 0
    000003D5 00                    1032 	.db #0x00	; 0
    000003D6 1A                    1033 	.db #0x1a	; 26
    000003D7 93                    1034 	.db #0x93	; 147
    000003D8 30                    1035 	.db #0x30	; 48	'0'
    000003D9 5A                    1036 	.db #0x5a	; 90	'Z'
    000003DA 00                    1037 	.db #0x00	; 0
    000003DB 00                    1038 	.db #0x00	; 0
    000003DC 18                    1039 	.db #0x18	; 24
    000003DD 93                    1040 	.db #0x93	; 147
    000003DE 30                    1041 	.db #0x30	; 48	'0'
    000003DF 5A                    1042 	.db #0x5a	; 90	'Z'
    000003E0 00                    1043 	.db #0x00	; 0
    000003E1 00                    1044 	.db #0x00	; 0
    000003E2 1A                    1045 	.db #0x1a	; 26
    000003E3 93                    1046 	.db #0x93	; 147
    000003E4 30                    1047 	.db #0x30	; 48	'0'
    000003E5 1A                    1048 	.db #0x1a	; 26
    000003E6 93                    1049 	.db #0x93	; 147
    000003E7 30                    1050 	.db #0x30	; 48	'0'
    000003E8 1D                    1051 	.db #0x1d	; 29
    000003E9 93                    1052 	.db #0x93	; 147
    000003EA 30                    1053 	.db #0x30	; 48	'0'
    000003EB 5A                    1054 	.db #0x5a	; 90	'Z'
    000003EC 00                    1055 	.db #0x00	; 0
    000003ED 00                    1056 	.db #0x00	; 0
    000003EE 1C                    1057 	.db #0x1c	; 28
    000003EF 93                    1058 	.db #0x93	; 147
    000003F0 30                    1059 	.db #0x30	; 48	'0'
    000003F1 5A                    1060 	.db #0x5a	; 90	'Z'
    000003F2 00                    1061 	.db #0x00	; 0
    000003F3 00                    1062 	.db #0x00	; 0
    000003F4 1F                    1063 	.db #0x1f	; 31
    000003F5 93                    1064 	.db #0x93	; 147
    000003F6 30                    1065 	.db #0x30	; 48	'0'
    000003F7 5A                    1066 	.db #0x5a	; 90	'Z'
    000003F8 00                    1067 	.db #0x00	; 0
    000003F9 00                    1068 	.db #0x00	; 0
    000003FA 21                    1069 	.db #0x21	; 33
    000003FB 93                    1070 	.db #0x93	; 147
    000003FC 30                    1071 	.db #0x30	; 48	'0'
    000003FD 5A                    1072 	.db #0x5a	; 90	'Z'
    000003FE 00                    1073 	.db #0x00	; 0
    000003FF 00                    1074 	.db #0x00	; 0
    00000400 21                    1075 	.db #0x21	; 33
    00000401 93                    1076 	.db #0x93	; 147
    00000402 30                    1077 	.db #0x30	; 48	'0'
    00000403 21                    1078 	.db #0x21	; 33
    00000404 93                    1079 	.db #0x93	; 147
    00000405 30                    1080 	.db #0x30	; 48	'0'
    00000406 21                    1081 	.db #0x21	; 33
    00000407 93                    1082 	.db #0x93	; 147
    00000408 30                    1083 	.db #0x30	; 48	'0'
    00000409 5A                    1084 	.db #0x5a	; 90	'Z'
    0000040A 00                    1085 	.db #0x00	; 0
    0000040B 00                    1086 	.db #0x00	; 0
    0000040C 1F                    1087 	.db #0x1f	; 31
    0000040D 93                    1088 	.db #0x93	; 147
    0000040E 30                    1089 	.db #0x30	; 48	'0'
    0000040F 5A                    1090 	.db #0x5a	; 90	'Z'
    00000410 00                    1091 	.db #0x00	; 0
    00000411 00                    1092 	.db #0x00	; 0
    00000412 21                    1093 	.db #0x21	; 33
    00000413 93                    1094 	.db #0x93	; 147
    00000414 30                    1095 	.db #0x30	; 48	'0'
    00000415 5A                    1096 	.db #0x5a	; 90	'Z'
    00000416 00                    1097 	.db #0x00	; 0
    00000417 00                    1098 	.db #0x00	; 0
    00000418 24                    1099 	.db #0x24	; 36
    00000419 93                    1100 	.db #0x93	; 147
    0000041A 30                    1101 	.db #0x30	; 48	'0'
    0000041B 5A                    1102 	.db #0x5a	; 90	'Z'
    0000041C 00                    1103 	.db #0x00	; 0
    0000041D 00                    1104 	.db #0x00	; 0
    0000041E 23                    1105 	.db #0x23	; 35
    0000041F 93                    1106 	.db #0x93	; 147
    00000420 30                    1107 	.db #0x30	; 48	'0'
    00000421 5A                    1108 	.db #0x5a	; 90	'Z'
    00000422 00                    1109 	.db #0x00	; 0
    00000423 00                    1110 	.db #0x00	; 0
    00000424 1F                    1111 	.db #0x1f	; 31
    00000425 A3                    1112 	.db #0xa3	; 163
    00000426 30                    1113 	.db #0x30	; 48	'0'
    00000427 5A                    1114 	.db #0x5a	; 90	'Z'
    00000428 00                    1115 	.db #0x00	; 0
    00000429 00                    1116 	.db #0x00	; 0
    0000042A 21                    1117 	.db #0x21	; 33
    0000042B A3                    1118 	.db #0xa3	; 163
    0000042C 30                    1119 	.db #0x30	; 48	'0'
    0000042D 5A                    1120 	.db #0x5a	; 90	'Z'
    0000042E 00                    1121 	.db #0x00	; 0
    0000042F 00                    1122 	.db #0x00	; 0
    00000430 21                    1123 	.db #0x21	; 33
    00000431 AC                    1124 	.db #0xac	; 172
    00000432 01                    1125 	.db #0x01	; 1
    00000433 5A                    1126 	.db #0x5a	; 90	'Z'
    00000434 00                    1127 	.db #0x00	; 0
    00000435 00                    1128 	.db #0x00	; 0
    00000436 21                    1129 	.db #0x21	; 33
    00000437 A3                    1130 	.db #0xa3	; 163
    00000438 30                    1131 	.db #0x30	; 48	'0'
    00000439 5A                    1132 	.db #0x5a	; 90	'Z'
    0000043A 00                    1133 	.db #0x00	; 0
    0000043B 00                    1134 	.db #0x00	; 0
    0000043C 1F                    1135 	.db #0x1f	; 31
    0000043D A3                    1136 	.db #0xa3	; 163
    0000043E 30                    1137 	.db #0x30	; 48	'0'
    0000043F 5A                    1138 	.db #0x5a	; 90	'Z'
    00000440 00                    1139 	.db #0x00	; 0
    00000441 00                    1140 	.db #0x00	; 0
    00000442 21                    1141 	.db #0x21	; 33
    00000443 A3                    1142 	.db #0xa3	; 163
    00000444 30                    1143 	.db #0x30	; 48	'0'
    00000445 21                    1144 	.db #0x21	; 33
    00000446 A3                    1145 	.db #0xa3	; 163
    00000447 30                    1146 	.db #0x30	; 48	'0'
    00000448 23                    1147 	.db #0x23	; 35
    00000449 A3                    1148 	.db #0xa3	; 163
    0000044A 30                    1149 	.db #0x30	; 48	'0'
    0000044B 5A                    1150 	.db #0x5a	; 90	'Z'
    0000044C 00                    1151 	.db #0x00	; 0
    0000044D 00                    1152 	.db #0x00	; 0
    0000044E 24                    1153 	.db #0x24	; 36
    0000044F A3                    1154 	.db #0xa3	; 163
    00000450 30                    1155 	.db #0x30	; 48	'0'
    00000451 5A                    1156 	.db #0x5a	; 90	'Z'
    00000452 00                    1157 	.db #0x00	; 0
    00000453 00                    1158 	.db #0x00	; 0
    00000454 23                    1159 	.db #0x23	; 35
    00000455 A3                    1160 	.db #0xa3	; 163
    00000456 30                    1161 	.db #0x30	; 48	'0'
    00000457 5A                    1162 	.db #0x5a	; 90	'Z'
    00000458 00                    1163 	.db #0x00	; 0
    00000459 00                    1164 	.db #0x00	; 0
    0000045A 1F                    1165 	.db #0x1f	; 31
    0000045B A3                    1166 	.db #0xa3	; 163
    0000045C 30                    1167 	.db #0x30	; 48	'0'
    0000045D 5A                    1168 	.db #0x5a	; 90	'Z'
    0000045E 00                    1169 	.db #0x00	; 0
    0000045F 00                    1170 	.db #0x00	; 0
    00000460 21                    1171 	.db #0x21	; 33
    00000461 A3                    1172 	.db #0xa3	; 163
    00000462 30                    1173 	.db #0x30	; 48	'0'
    00000463 21                    1174 	.db #0x21	; 33
    00000464 A3                    1175 	.db #0xa3	; 163
    00000465 30                    1176 	.db #0x30	; 48	'0'
    00000466 21                    1177 	.db #0x21	; 33
    00000467 A3                    1178 	.db #0xa3	; 163
    00000468 30                    1179 	.db #0x30	; 48	'0'
    00000469 5A                    1180 	.db #0x5a	; 90	'Z'
    0000046A 00                    1181 	.db #0x00	; 0
    0000046B 00                    1182 	.db #0x00	; 0
    0000046C 1F                    1183 	.db #0x1f	; 31
    0000046D A3                    1184 	.db #0xa3	; 163
    0000046E 30                    1185 	.db #0x30	; 48	'0'
    0000046F 5A                    1186 	.db #0x5a	; 90	'Z'
    00000470 00                    1187 	.db #0x00	; 0
    00000471 00                    1188 	.db #0x00	; 0
    00000472 21                    1189 	.db #0x21	; 33
    00000473 A3                    1190 	.db #0xa3	; 163
    00000474 30                    1191 	.db #0x30	; 48	'0'
    00000475 5A                    1192 	.db #0x5a	; 90	'Z'
    00000476 00                    1193 	.db #0x00	; 0
    00000477 00                    1194 	.db #0x00	; 0
    00000478 5A                    1195 	.db #0x5a	; 90	'Z'
    00000479 00                    1196 	.db #0x00	; 0
    0000047A 00                    1197 	.db #0x00	; 0
    0000047B 5A                    1198 	.db #0x5a	; 90	'Z'
    0000047C 00                    1199 	.db #0x00	; 0
    0000047D 00                    1200 	.db #0x00	; 0
    0000047E 5A                    1201 	.db #0x5a	; 90	'Z'
    0000047F 00                    1202 	.db #0x00	; 0
    00000480 00                    1203 	.db #0x00	; 0
    00000481                       1204 _P12:
    00000481 39                    1205 	.db #0x39	; 57	'9'
    00000482 10                    1206 	.db #0x10	; 16
    00000483 00                    1207 	.db #0x00	; 0
    00000484 5A                    1208 	.db #0x5a	; 90	'Z'
    00000485 00                    1209 	.db #0x00	; 0
    00000486 00                    1210 	.db #0x00	; 0
    00000487 5A                    1211 	.db #0x5a	; 90	'Z'
    00000488 00                    1212 	.db #0x00	; 0
    00000489 00                    1213 	.db #0x00	; 0
    0000048A 5A                    1214 	.db #0x5a	; 90	'Z'
    0000048B 00                    1215 	.db #0x00	; 0
    0000048C 00                    1216 	.db #0x00	; 0
    0000048D 5A                    1217 	.db #0x5a	; 90	'Z'
    0000048E 00                    1218 	.db #0x00	; 0
    0000048F 00                    1219 	.db #0x00	; 0
    00000490 5A                    1220 	.db #0x5a	; 90	'Z'
    00000491 00                    1221 	.db #0x00	; 0
    00000492 00                    1222 	.db #0x00	; 0
    00000493 5A                    1223 	.db #0x5a	; 90	'Z'
    00000494 00                    1224 	.db #0x00	; 0
    00000495 00                    1225 	.db #0x00	; 0
    00000496 5A                    1226 	.db #0x5a	; 90	'Z'
    00000497 00                    1227 	.db #0x00	; 0
    00000498 00                    1228 	.db #0x00	; 0
    00000499 5A                    1229 	.db #0x5a	; 90	'Z'
    0000049A 00                    1230 	.db #0x00	; 0
    0000049B 00                    1231 	.db #0x00	; 0
    0000049C 5A                    1232 	.db #0x5a	; 90	'Z'
    0000049D 00                    1233 	.db #0x00	; 0
    0000049E 00                    1234 	.db #0x00	; 0
    0000049F 5A                    1235 	.db #0x5a	; 90	'Z'
    000004A0 00                    1236 	.db #0x00	; 0
    000004A1 00                    1237 	.db #0x00	; 0
    000004A2 5A                    1238 	.db #0x5a	; 90	'Z'
    000004A3 00                    1239 	.db #0x00	; 0
    000004A4 00                    1240 	.db #0x00	; 0
    000004A5 5A                    1241 	.db #0x5a	; 90	'Z'
    000004A6 00                    1242 	.db #0x00	; 0
    000004A7 00                    1243 	.db #0x00	; 0
    000004A8 5A                    1244 	.db #0x5a	; 90	'Z'
    000004A9 00                    1245 	.db #0x00	; 0
    000004AA 00                    1246 	.db #0x00	; 0
    000004AB 5A                    1247 	.db #0x5a	; 90	'Z'
    000004AC 00                    1248 	.db #0x00	; 0
    000004AD 00                    1249 	.db #0x00	; 0
    000004AE 5A                    1250 	.db #0x5a	; 90	'Z'
    000004AF 00                    1251 	.db #0x00	; 0
    000004B0 00                    1252 	.db #0x00	; 0
    000004B1 5A                    1253 	.db #0x5a	; 90	'Z'
    000004B2 00                    1254 	.db #0x00	; 0
    000004B3 00                    1255 	.db #0x00	; 0
    000004B4 5A                    1256 	.db #0x5a	; 90	'Z'
    000004B5 00                    1257 	.db #0x00	; 0
    000004B6 00                    1258 	.db #0x00	; 0
    000004B7 5A                    1259 	.db #0x5a	; 90	'Z'
    000004B8 00                    1260 	.db #0x00	; 0
    000004B9 00                    1261 	.db #0x00	; 0
    000004BA 5A                    1262 	.db #0x5a	; 90	'Z'
    000004BB 00                    1263 	.db #0x00	; 0
    000004BC 00                    1264 	.db #0x00	; 0
    000004BD 5A                    1265 	.db #0x5a	; 90	'Z'
    000004BE 00                    1266 	.db #0x00	; 0
    000004BF 00                    1267 	.db #0x00	; 0
    000004C0 5A                    1268 	.db #0x5a	; 90	'Z'
    000004C1 00                    1269 	.db #0x00	; 0
    000004C2 00                    1270 	.db #0x00	; 0
    000004C3 5A                    1271 	.db #0x5a	; 90	'Z'
    000004C4 00                    1272 	.db #0x00	; 0
    000004C5 00                    1273 	.db #0x00	; 0
    000004C6 5A                    1274 	.db #0x5a	; 90	'Z'
    000004C7 00                    1275 	.db #0x00	; 0
    000004C8 00                    1276 	.db #0x00	; 0
    000004C9 5A                    1277 	.db #0x5a	; 90	'Z'
    000004CA 00                    1278 	.db #0x00	; 0
    000004CB 00                    1279 	.db #0x00	; 0
    000004CC 5A                    1280 	.db #0x5a	; 90	'Z'
    000004CD 00                    1281 	.db #0x00	; 0
    000004CE 00                    1282 	.db #0x00	; 0
    000004CF 5A                    1283 	.db #0x5a	; 90	'Z'
    000004D0 00                    1284 	.db #0x00	; 0
    000004D1 00                    1285 	.db #0x00	; 0
    000004D2 5A                    1286 	.db #0x5a	; 90	'Z'
    000004D3 00                    1287 	.db #0x00	; 0
    000004D4 00                    1288 	.db #0x00	; 0
    000004D5 5A                    1289 	.db #0x5a	; 90	'Z'
    000004D6 00                    1290 	.db #0x00	; 0
    000004D7 00                    1291 	.db #0x00	; 0
    000004D8 5A                    1292 	.db #0x5a	; 90	'Z'
    000004D9 00                    1293 	.db #0x00	; 0
    000004DA 00                    1294 	.db #0x00	; 0
    000004DB 5A                    1295 	.db #0x5a	; 90	'Z'
    000004DC 00                    1296 	.db #0x00	; 0
    000004DD 00                    1297 	.db #0x00	; 0
    000004DE 5A                    1298 	.db #0x5a	; 90	'Z'
    000004DF 00                    1299 	.db #0x00	; 0
    000004E0 00                    1300 	.db #0x00	; 0
    000004E1 5A                    1301 	.db #0x5a	; 90	'Z'
    000004E2 00                    1302 	.db #0x00	; 0
    000004E3 00                    1303 	.db #0x00	; 0
    000004E4 5A                    1304 	.db #0x5a	; 90	'Z'
    000004E5 00                    1305 	.db #0x00	; 0
    000004E6 00                    1306 	.db #0x00	; 0
    000004E7 5A                    1307 	.db #0x5a	; 90	'Z'
    000004E8 00                    1308 	.db #0x00	; 0
    000004E9 00                    1309 	.db #0x00	; 0
    000004EA 5A                    1310 	.db #0x5a	; 90	'Z'
    000004EB 00                    1311 	.db #0x00	; 0
    000004EC 00                    1312 	.db #0x00	; 0
    000004ED 5A                    1313 	.db #0x5a	; 90	'Z'
    000004EE 00                    1314 	.db #0x00	; 0
    000004EF 00                    1315 	.db #0x00	; 0
    000004F0 5A                    1316 	.db #0x5a	; 90	'Z'
    000004F1 00                    1317 	.db #0x00	; 0
    000004F2 00                    1318 	.db #0x00	; 0
    000004F3 5A                    1319 	.db #0x5a	; 90	'Z'
    000004F4 00                    1320 	.db #0x00	; 0
    000004F5 00                    1321 	.db #0x00	; 0
    000004F6 5A                    1322 	.db #0x5a	; 90	'Z'
    000004F7 00                    1323 	.db #0x00	; 0
    000004F8 00                    1324 	.db #0x00	; 0
    000004F9 5A                    1325 	.db #0x5a	; 90	'Z'
    000004FA 00                    1326 	.db #0x00	; 0
    000004FB 00                    1327 	.db #0x00	; 0
    000004FC 5A                    1328 	.db #0x5a	; 90	'Z'
    000004FD 00                    1329 	.db #0x00	; 0
    000004FE 00                    1330 	.db #0x00	; 0
    000004FF 5A                    1331 	.db #0x5a	; 90	'Z'
    00000500 00                    1332 	.db #0x00	; 0
    00000501 00                    1333 	.db #0x00	; 0
    00000502 5A                    1334 	.db #0x5a	; 90	'Z'
    00000503 00                    1335 	.db #0x00	; 0
    00000504 00                    1336 	.db #0x00	; 0
    00000505 5A                    1337 	.db #0x5a	; 90	'Z'
    00000506 00                    1338 	.db #0x00	; 0
    00000507 00                    1339 	.db #0x00	; 0
    00000508 5A                    1340 	.db #0x5a	; 90	'Z'
    00000509 00                    1341 	.db #0x00	; 0
    0000050A 00                    1342 	.db #0x00	; 0
    0000050B 5A                    1343 	.db #0x5a	; 90	'Z'
    0000050C 00                    1344 	.db #0x00	; 0
    0000050D 00                    1345 	.db #0x00	; 0
    0000050E 5A                    1346 	.db #0x5a	; 90	'Z'
    0000050F 00                    1347 	.db #0x00	; 0
    00000510 00                    1348 	.db #0x00	; 0
    00000511 5A                    1349 	.db #0x5a	; 90	'Z'
    00000512 00                    1350 	.db #0x00	; 0
    00000513 00                    1351 	.db #0x00	; 0
    00000514 5A                    1352 	.db #0x5a	; 90	'Z'
    00000515 00                    1353 	.db #0x00	; 0
    00000516 00                    1354 	.db #0x00	; 0
    00000517 5A                    1355 	.db #0x5a	; 90	'Z'
    00000518 00                    1356 	.db #0x00	; 0
    00000519 00                    1357 	.db #0x00	; 0
    0000051A 5A                    1358 	.db #0x5a	; 90	'Z'
    0000051B 00                    1359 	.db #0x00	; 0
    0000051C 00                    1360 	.db #0x00	; 0
    0000051D 5A                    1361 	.db #0x5a	; 90	'Z'
    0000051E 00                    1362 	.db #0x00	; 0
    0000051F 00                    1363 	.db #0x00	; 0
    00000520 5A                    1364 	.db #0x5a	; 90	'Z'
    00000521 00                    1365 	.db #0x00	; 0
    00000522 00                    1366 	.db #0x00	; 0
    00000523 5A                    1367 	.db #0x5a	; 90	'Z'
    00000524 00                    1368 	.db #0x00	; 0
    00000525 00                    1369 	.db #0x00	; 0
    00000526 5A                    1370 	.db #0x5a	; 90	'Z'
    00000527 00                    1371 	.db #0x00	; 0
    00000528 00                    1372 	.db #0x00	; 0
    00000529 39                    1373 	.db #0x39	; 57	'9'
    0000052A 20                    1374 	.db #0x20	; 32
    0000052B 00                    1375 	.db #0x00	; 0
    0000052C 5A                    1376 	.db #0x5a	; 90	'Z'
    0000052D 00                    1377 	.db #0x00	; 0
    0000052E 00                    1378 	.db #0x00	; 0
    0000052F 5A                    1379 	.db #0x5a	; 90	'Z'
    00000530 00                    1380 	.db #0x00	; 0
    00000531 00                    1381 	.db #0x00	; 0
    00000532 5A                    1382 	.db #0x5a	; 90	'Z'
    00000533 00                    1383 	.db #0x00	; 0
    00000534 00                    1384 	.db #0x00	; 0
    00000535 5A                    1385 	.db #0x5a	; 90	'Z'
    00000536 00                    1386 	.db #0x00	; 0
    00000537 00                    1387 	.db #0x00	; 0
    00000538 5A                    1388 	.db #0x5a	; 90	'Z'
    00000539 00                    1389 	.db #0x00	; 0
    0000053A 00                    1390 	.db #0x00	; 0
    0000053B 5A                    1391 	.db #0x5a	; 90	'Z'
    0000053C 00                    1392 	.db #0x00	; 0
    0000053D 00                    1393 	.db #0x00	; 0
    0000053E 5A                    1394 	.db #0x5a	; 90	'Z'
    0000053F 00                    1395 	.db #0x00	; 0
    00000540 00                    1396 	.db #0x00	; 0
    00000541                       1397 _P5:
    00000541 0C                    1398 	.db #0x0c	; 12
    00000542 28                    1399 	.db #0x28	; 40
    00000543 FF                    1400 	.db #0xff	; 255
    00000544 5A                    1401 	.db #0x5a	; 90	'Z'
    00000545 00                    1402 	.db #0x00	; 0
    00000546 00                    1403 	.db #0x00	; 0
    00000547 5A                    1404 	.db #0x5a	; 90	'Z'
    00000548 00                    1405 	.db #0x00	; 0
    00000549 00                    1406 	.db #0x00	; 0
    0000054A 5A                    1407 	.db #0x5a	; 90	'Z'
    0000054B 00                    1408 	.db #0x00	; 0
    0000054C 00                    1409 	.db #0x00	; 0
    0000054D 5A                    1410 	.db #0x5a	; 90	'Z'
    0000054E 00                    1411 	.db #0x00	; 0
    0000054F 00                    1412 	.db #0x00	; 0
    00000550 5A                    1413 	.db #0x5a	; 90	'Z'
    00000551 00                    1414 	.db #0x00	; 0
    00000552 00                    1415 	.db #0x00	; 0
    00000553 5A                    1416 	.db #0x5a	; 90	'Z'
    00000554 00                    1417 	.db #0x00	; 0
    00000555 00                    1418 	.db #0x00	; 0
    00000556 5A                    1419 	.db #0x5a	; 90	'Z'
    00000557 00                    1420 	.db #0x00	; 0
    00000558 00                    1421 	.db #0x00	; 0
    00000559 5A                    1422 	.db #0x5a	; 90	'Z'
    0000055A 00                    1423 	.db #0x00	; 0
    0000055B 00                    1424 	.db #0x00	; 0
    0000055C 5A                    1425 	.db #0x5a	; 90	'Z'
    0000055D 00                    1426 	.db #0x00	; 0
    0000055E 00                    1427 	.db #0x00	; 0
    0000055F 5A                    1428 	.db #0x5a	; 90	'Z'
    00000560 00                    1429 	.db #0x00	; 0
    00000561 00                    1430 	.db #0x00	; 0
    00000562 5A                    1431 	.db #0x5a	; 90	'Z'
    00000563 00                    1432 	.db #0x00	; 0
    00000564 00                    1433 	.db #0x00	; 0
    00000565 5A                    1434 	.db #0x5a	; 90	'Z'
    00000566 00                    1435 	.db #0x00	; 0
    00000567 00                    1436 	.db #0x00	; 0
    00000568 5A                    1437 	.db #0x5a	; 90	'Z'
    00000569 00                    1438 	.db #0x00	; 0
    0000056A 00                    1439 	.db #0x00	; 0
    0000056B 5A                    1440 	.db #0x5a	; 90	'Z'
    0000056C 00                    1441 	.db #0x00	; 0
    0000056D 00                    1442 	.db #0x00	; 0
    0000056E 5A                    1443 	.db #0x5a	; 90	'Z'
    0000056F 00                    1444 	.db #0x00	; 0
    00000570 00                    1445 	.db #0x00	; 0
    00000571 5A                    1446 	.db #0x5a	; 90	'Z'
    00000572 00                    1447 	.db #0x00	; 0
    00000573 00                    1448 	.db #0x00	; 0
    00000574 5A                    1449 	.db #0x5a	; 90	'Z'
    00000575 00                    1450 	.db #0x00	; 0
    00000576 00                    1451 	.db #0x00	; 0
    00000577 5A                    1452 	.db #0x5a	; 90	'Z'
    00000578 00                    1453 	.db #0x00	; 0
    00000579 00                    1454 	.db #0x00	; 0
    0000057A 5A                    1455 	.db #0x5a	; 90	'Z'
    0000057B 00                    1456 	.db #0x00	; 0
    0000057C 00                    1457 	.db #0x00	; 0
    0000057D 5A                    1458 	.db #0x5a	; 90	'Z'
    0000057E 00                    1459 	.db #0x00	; 0
    0000057F 00                    1460 	.db #0x00	; 0
    00000580 5A                    1461 	.db #0x5a	; 90	'Z'
    00000581 00                    1462 	.db #0x00	; 0
    00000582 00                    1463 	.db #0x00	; 0
    00000583 5A                    1464 	.db #0x5a	; 90	'Z'
    00000584 00                    1465 	.db #0x00	; 0
    00000585 00                    1466 	.db #0x00	; 0
    00000586 5A                    1467 	.db #0x5a	; 90	'Z'
    00000587 00                    1468 	.db #0x00	; 0
    00000588 00                    1469 	.db #0x00	; 0
    00000589 5A                    1470 	.db #0x5a	; 90	'Z'
    0000058A 00                    1471 	.db #0x00	; 0
    0000058B 00                    1472 	.db #0x00	; 0
    0000058C 5A                    1473 	.db #0x5a	; 90	'Z'
    0000058D 00                    1474 	.db #0x00	; 0
    0000058E 00                    1475 	.db #0x00	; 0
    0000058F 5A                    1476 	.db #0x5a	; 90	'Z'
    00000590 00                    1477 	.db #0x00	; 0
    00000591 00                    1478 	.db #0x00	; 0
    00000592 5A                    1479 	.db #0x5a	; 90	'Z'
    00000593 00                    1480 	.db #0x00	; 0
    00000594 00                    1481 	.db #0x00	; 0
    00000595 5A                    1482 	.db #0x5a	; 90	'Z'
    00000596 00                    1483 	.db #0x00	; 0
    00000597 00                    1484 	.db #0x00	; 0
    00000598 5A                    1485 	.db #0x5a	; 90	'Z'
    00000599 00                    1486 	.db #0x00	; 0
    0000059A 00                    1487 	.db #0x00	; 0
    0000059B 5A                    1488 	.db #0x5a	; 90	'Z'
    0000059C 00                    1489 	.db #0x00	; 0
    0000059D 00                    1490 	.db #0x00	; 0
    0000059E 5A                    1491 	.db #0x5a	; 90	'Z'
    0000059F 00                    1492 	.db #0x00	; 0
    000005A0 00                    1493 	.db #0x00	; 0
    000005A1 0C                    1494 	.db #0x0c	; 12
    000005A2 20                    1495 	.db #0x20	; 32
    000005A3 00                    1496 	.db #0x00	; 0
    000005A4 5A                    1497 	.db #0x5a	; 90	'Z'
    000005A5 00                    1498 	.db #0x00	; 0
    000005A6 00                    1499 	.db #0x00	; 0
    000005A7 5A                    1500 	.db #0x5a	; 90	'Z'
    000005A8 00                    1501 	.db #0x00	; 0
    000005A9 00                    1502 	.db #0x00	; 0
    000005AA 5A                    1503 	.db #0x5a	; 90	'Z'
    000005AB 00                    1504 	.db #0x00	; 0
    000005AC 00                    1505 	.db #0x00	; 0
    000005AD 5A                    1506 	.db #0x5a	; 90	'Z'
    000005AE 00                    1507 	.db #0x00	; 0
    000005AF 00                    1508 	.db #0x00	; 0
    000005B0 5A                    1509 	.db #0x5a	; 90	'Z'
    000005B1 00                    1510 	.db #0x00	; 0
    000005B2 00                    1511 	.db #0x00	; 0
    000005B3 5A                    1512 	.db #0x5a	; 90	'Z'
    000005B4 00                    1513 	.db #0x00	; 0
    000005B5 00                    1514 	.db #0x00	; 0
    000005B6 5A                    1515 	.db #0x5a	; 90	'Z'
    000005B7 00                    1516 	.db #0x00	; 0
    000005B8 00                    1517 	.db #0x00	; 0
    000005B9 0C                    1518 	.db #0x0c	; 12
    000005BA 20                    1519 	.db #0x20	; 32
    000005BB 00                    1520 	.db #0x00	; 0
    000005BC 5A                    1521 	.db #0x5a	; 90	'Z'
    000005BD 00                    1522 	.db #0x00	; 0
    000005BE 00                    1523 	.db #0x00	; 0
    000005BF 5A                    1524 	.db #0x5a	; 90	'Z'
    000005C0 00                    1525 	.db #0x00	; 0
    000005C1 00                    1526 	.db #0x00	; 0
    000005C2 5A                    1527 	.db #0x5a	; 90	'Z'
    000005C3 00                    1528 	.db #0x00	; 0
    000005C4 00                    1529 	.db #0x00	; 0
    000005C5 0C                    1530 	.db #0x0c	; 12
    000005C6 20                    1531 	.db #0x20	; 32
    000005C7 00                    1532 	.db #0x00	; 0
    000005C8 5A                    1533 	.db #0x5a	; 90	'Z'
    000005C9 00                    1534 	.db #0x00	; 0
    000005CA 00                    1535 	.db #0x00	; 0
    000005CB 5A                    1536 	.db #0x5a	; 90	'Z'
    000005CC 00                    1537 	.db #0x00	; 0
    000005CD 00                    1538 	.db #0x00	; 0
    000005CE 5A                    1539 	.db #0x5a	; 90	'Z'
    000005CF 00                    1540 	.db #0x00	; 0
    000005D0 00                    1541 	.db #0x00	; 0
    000005D1 0C                    1542 	.db #0x0c	; 12
    000005D2 20                    1543 	.db #0x20	; 32
    000005D3 00                    1544 	.db #0x00	; 0
    000005D4 5A                    1545 	.db #0x5a	; 90	'Z'
    000005D5 00                    1546 	.db #0x00	; 0
    000005D6 00                    1547 	.db #0x00	; 0
    000005D7 5A                    1548 	.db #0x5a	; 90	'Z'
    000005D8 00                    1549 	.db #0x00	; 0
    000005D9 00                    1550 	.db #0x00	; 0
    000005DA 5A                    1551 	.db #0x5a	; 90	'Z'
    000005DB 00                    1552 	.db #0x00	; 0
    000005DC 00                    1553 	.db #0x00	; 0
    000005DD 5A                    1554 	.db #0x5a	; 90	'Z'
    000005DE 00                    1555 	.db #0x00	; 0
    000005DF 00                    1556 	.db #0x00	; 0
    000005E0 5A                    1557 	.db #0x5a	; 90	'Z'
    000005E1 00                    1558 	.db #0x00	; 0
    000005E2 00                    1559 	.db #0x00	; 0
    000005E3 5A                    1560 	.db #0x5a	; 90	'Z'
    000005E4 00                    1561 	.db #0x00	; 0
    000005E5 00                    1562 	.db #0x00	; 0
    000005E6 5A                    1563 	.db #0x5a	; 90	'Z'
    000005E7 00                    1564 	.db #0x00	; 0
    000005E8 00                    1565 	.db #0x00	; 0
    000005E9 5A                    1566 	.db #0x5a	; 90	'Z'
    000005EA 00                    1567 	.db #0x00	; 0
    000005EB 00                    1568 	.db #0x00	; 0
    000005EC 5A                    1569 	.db #0x5a	; 90	'Z'
    000005ED 00                    1570 	.db #0x00	; 0
    000005EE 00                    1571 	.db #0x00	; 0
    000005EF 5A                    1572 	.db #0x5a	; 90	'Z'
    000005F0 00                    1573 	.db #0x00	; 0
    000005F1 00                    1574 	.db #0x00	; 0
    000005F2 5A                    1575 	.db #0x5a	; 90	'Z'
    000005F3 00                    1576 	.db #0x00	; 0
    000005F4 00                    1577 	.db #0x00	; 0
    000005F5 5A                    1578 	.db #0x5a	; 90	'Z'
    000005F6 00                    1579 	.db #0x00	; 0
    000005F7 00                    1580 	.db #0x00	; 0
    000005F8 5A                    1581 	.db #0x5a	; 90	'Z'
    000005F9 00                    1582 	.db #0x00	; 0
    000005FA 00                    1583 	.db #0x00	; 0
    000005FB 0C                    1584 	.db #0x0c	; 12
    000005FC 20                    1585 	.db #0x20	; 32
    000005FD 00                    1586 	.db #0x00	; 0
    000005FE 5A                    1587 	.db #0x5a	; 90	'Z'
    000005FF 00                    1588 	.db #0x00	; 0
    00000600 00                    1589 	.db #0x00	; 0
    00000601                       1590 _P9:
    00000601 26                    1591 	.db #0x26	; 38
    00000602 2C                    1592 	.db #0x2c	; 44
    00000603 0F                    1593 	.db #0x0f	; 15
    00000604 5A                    1594 	.db #0x5a	; 90	'Z'
    00000605 00                    1595 	.db #0x00	; 0
    00000606 00                    1596 	.db #0x00	; 0
    00000607 26                    1597 	.db #0x26	; 38
    00000608 2C                    1598 	.db #0x2c	; 44
    00000609 04                    1599 	.db #0x04	; 4
    0000060A 5A                    1600 	.db #0x5a	; 90	'Z'
    0000060B 00                    1601 	.db #0x00	; 0
    0000060C 00                    1602 	.db #0x00	; 0
    0000060D 26                    1603 	.db #0x26	; 38
    0000060E 20                    1604 	.db #0x20	; 32
    0000060F 00                    1605 	.db #0x00	; 0
    00000610 5A                    1606 	.db #0x5a	; 90	'Z'
    00000611 00                    1607 	.db #0x00	; 0
    00000612 00                    1608 	.db #0x00	; 0
    00000613 24                    1609 	.db #0x24	; 36
    00000614 20                    1610 	.db #0x20	; 32
    00000615 00                    1611 	.db #0x00	; 0
    00000616 5A                    1612 	.db #0x5a	; 90	'Z'
    00000617 00                    1613 	.db #0x00	; 0
    00000618 00                    1614 	.db #0x00	; 0
    00000619 26                    1615 	.db #0x26	; 38
    0000061A A0                    1616 	.db #0xa0	; 160
    0000061B 00                    1617 	.db #0x00	; 0
    0000061C 26                    1618 	.db #0x26	; 38
    0000061D A0                    1619 	.db #0xa0	; 160
    0000061E 00                    1620 	.db #0x00	; 0
    0000061F 29                    1621 	.db #0x29	; 41
    00000620 20                    1622 	.db #0x20	; 32
    00000621 00                    1623 	.db #0x00	; 0
    00000622 5A                    1624 	.db #0x5a	; 90	'Z'
    00000623 00                    1625 	.db #0x00	; 0
    00000624 00                    1626 	.db #0x00	; 0
    00000625 28                    1627 	.db #0x28	; 40
    00000626 20                    1628 	.db #0x20	; 32
    00000627 00                    1629 	.db #0x00	; 0
    00000628 5A                    1630 	.db #0x5a	; 90	'Z'
    00000629 00                    1631 	.db #0x00	; 0
    0000062A 00                    1632 	.db #0x00	; 0
    0000062B 2B                    1633 	.db #0x2b	; 43
    0000062C 20                    1634 	.db #0x20	; 32
    0000062D 00                    1635 	.db #0x00	; 0
    0000062E 5A                    1636 	.db #0x5a	; 90	'Z'
    0000062F 00                    1637 	.db #0x00	; 0
    00000630 00                    1638 	.db #0x00	; 0
    00000631 2D                    1639 	.db #0x2d	; 45
    00000632 20                    1640 	.db #0x20	; 32
    00000633 00                    1641 	.db #0x00	; 0
    00000634 5A                    1642 	.db #0x5a	; 90	'Z'
    00000635 00                    1643 	.db #0x00	; 0
    00000636 00                    1644 	.db #0x00	; 0
    00000637 2D                    1645 	.db #0x2d	; 45
    00000638 A0                    1646 	.db #0xa0	; 160
    00000639 00                    1647 	.db #0x00	; 0
    0000063A 2D                    1648 	.db #0x2d	; 45
    0000063B A0                    1649 	.db #0xa0	; 160
    0000063C 00                    1650 	.db #0x00	; 0
    0000063D 2D                    1651 	.db #0x2d	; 45
    0000063E A0                    1652 	.db #0xa0	; 160
    0000063F 00                    1653 	.db #0x00	; 0
    00000640 5A                    1654 	.db #0x5a	; 90	'Z'
    00000641 00                    1655 	.db #0x00	; 0
    00000642 00                    1656 	.db #0x00	; 0
    00000643 2B                    1657 	.db #0x2b	; 43
    00000644 20                    1658 	.db #0x20	; 32
    00000645 00                    1659 	.db #0x00	; 0
    00000646 5A                    1660 	.db #0x5a	; 90	'Z'
    00000647 00                    1661 	.db #0x00	; 0
    00000648 00                    1662 	.db #0x00	; 0
    00000649 2D                    1663 	.db #0x2d	; 45
    0000064A 20                    1664 	.db #0x20	; 32
    0000064B 00                    1665 	.db #0x00	; 0
    0000064C 5A                    1666 	.db #0x5a	; 90	'Z'
    0000064D 00                    1667 	.db #0x00	; 0
    0000064E 00                    1668 	.db #0x00	; 0
    0000064F 30                    1669 	.db #0x30	; 48	'0'
    00000650 20                    1670 	.db #0x20	; 32
    00000651 00                    1671 	.db #0x00	; 0
    00000652 5A                    1672 	.db #0x5a	; 90	'Z'
    00000653 00                    1673 	.db #0x00	; 0
    00000654 00                    1674 	.db #0x00	; 0
    00000655 2F                    1675 	.db #0x2f	; 47
    00000656 20                    1676 	.db #0x20	; 32
    00000657 00                    1677 	.db #0x00	; 0
    00000658 5A                    1678 	.db #0x5a	; 90	'Z'
    00000659 00                    1679 	.db #0x00	; 0
    0000065A 00                    1680 	.db #0x00	; 0
    0000065B 2B                    1681 	.db #0x2b	; 43
    0000065C 20                    1682 	.db #0x20	; 32
    0000065D 00                    1683 	.db #0x00	; 0
    0000065E 5A                    1684 	.db #0x5a	; 90	'Z'
    0000065F 00                    1685 	.db #0x00	; 0
    00000660 00                    1686 	.db #0x00	; 0
    00000661 2D                    1687 	.db #0x2d	; 45
    00000662 20                    1688 	.db #0x20	; 32
    00000663 00                    1689 	.db #0x00	; 0
    00000664 5A                    1690 	.db #0x5a	; 90	'Z'
    00000665 00                    1691 	.db #0x00	; 0
    00000666 00                    1692 	.db #0x00	; 0
    00000667 2D                    1693 	.db #0x2d	; 45
    00000668 2C                    1694 	.db #0x2c	; 44
    00000669 04                    1695 	.db #0x04	; 4
    0000066A 5A                    1696 	.db #0x5a	; 90	'Z'
    0000066B 00                    1697 	.db #0x00	; 0
    0000066C 00                    1698 	.db #0x00	; 0
    0000066D 2D                    1699 	.db #0x2d	; 45
    0000066E 20                    1700 	.db #0x20	; 32
    0000066F 00                    1701 	.db #0x00	; 0
    00000670 5A                    1702 	.db #0x5a	; 90	'Z'
    00000671 00                    1703 	.db #0x00	; 0
    00000672 00                    1704 	.db #0x00	; 0
    00000673 2B                    1705 	.db #0x2b	; 43
    00000674 20                    1706 	.db #0x20	; 32
    00000675 00                    1707 	.db #0x00	; 0
    00000676 5A                    1708 	.db #0x5a	; 90	'Z'
    00000677 00                    1709 	.db #0x00	; 0
    00000678 00                    1710 	.db #0x00	; 0
    00000679 2D                    1711 	.db #0x2d	; 45
    0000067A A0                    1712 	.db #0xa0	; 160
    0000067B 00                    1713 	.db #0x00	; 0
    0000067C 2D                    1714 	.db #0x2d	; 45
    0000067D A0                    1715 	.db #0xa0	; 160
    0000067E 00                    1716 	.db #0x00	; 0
    0000067F 2F                    1717 	.db #0x2f	; 47
    00000680 20                    1718 	.db #0x20	; 32
    00000681 00                    1719 	.db #0x00	; 0
    00000682 5A                    1720 	.db #0x5a	; 90	'Z'
    00000683 00                    1721 	.db #0x00	; 0
    00000684 00                    1722 	.db #0x00	; 0
    00000685 30                    1723 	.db #0x30	; 48	'0'
    00000686 20                    1724 	.db #0x20	; 32
    00000687 00                    1725 	.db #0x00	; 0
    00000688 5A                    1726 	.db #0x5a	; 90	'Z'
    00000689 00                    1727 	.db #0x00	; 0
    0000068A 00                    1728 	.db #0x00	; 0
    0000068B 2F                    1729 	.db #0x2f	; 47
    0000068C 20                    1730 	.db #0x20	; 32
    0000068D 00                    1731 	.db #0x00	; 0
    0000068E 5A                    1732 	.db #0x5a	; 90	'Z'
    0000068F 00                    1733 	.db #0x00	; 0
    00000690 00                    1734 	.db #0x00	; 0
    00000691 2B                    1735 	.db #0x2b	; 43
    00000692 20                    1736 	.db #0x20	; 32
    00000693 00                    1737 	.db #0x00	; 0
    00000694 5A                    1738 	.db #0x5a	; 90	'Z'
    00000695 00                    1739 	.db #0x00	; 0
    00000696 00                    1740 	.db #0x00	; 0
    00000697 2D                    1741 	.db #0x2d	; 45
    00000698 A0                    1742 	.db #0xa0	; 160
    00000699 00                    1743 	.db #0x00	; 0
    0000069A 2D                    1744 	.db #0x2d	; 45
    0000069B A0                    1745 	.db #0xa0	; 160
    0000069C 00                    1746 	.db #0x00	; 0
    0000069D 2D                    1747 	.db #0x2d	; 45
    0000069E A0                    1748 	.db #0xa0	; 160
    0000069F 00                    1749 	.db #0x00	; 0
    000006A0 5A                    1750 	.db #0x5a	; 90	'Z'
    000006A1 00                    1751 	.db #0x00	; 0
    000006A2 00                    1752 	.db #0x00	; 0
    000006A3 2B                    1753 	.db #0x2b	; 43
    000006A4 20                    1754 	.db #0x20	; 32
    000006A5 00                    1755 	.db #0x00	; 0
    000006A6 5A                    1756 	.db #0x5a	; 90	'Z'
    000006A7 00                    1757 	.db #0x00	; 0
    000006A8 00                    1758 	.db #0x00	; 0
    000006A9 2D                    1759 	.db #0x2d	; 45
    000006AA A0                    1760 	.db #0xa0	; 160
    000006AB 00                    1761 	.db #0x00	; 0
    000006AC 2D                    1762 	.db #0x2d	; 45
    000006AD A0                    1763 	.db #0xa0	; 160
    000006AE 00                    1764 	.db #0x00	; 0
    000006AF 2B                    1765 	.db #0x2b	; 43
    000006B0 20                    1766 	.db #0x20	; 32
    000006B1 00                    1767 	.db #0x00	; 0
    000006B2 5A                    1768 	.db #0x5a	; 90	'Z'
    000006B3 00                    1769 	.db #0x00	; 0
    000006B4 00                    1770 	.db #0x00	; 0
    000006B5 2D                    1771 	.db #0x2d	; 45
    000006B6 20                    1772 	.db #0x20	; 32
    000006B7 00                    1773 	.db #0x00	; 0
    000006B8 5A                    1774 	.db #0x5a	; 90	'Z'
    000006B9 00                    1775 	.db #0x00	; 0
    000006BA 00                    1776 	.db #0x00	; 0
    000006BB 2F                    1777 	.db #0x2f	; 47
    000006BC 20                    1778 	.db #0x20	; 32
    000006BD 00                    1779 	.db #0x00	; 0
    000006BE 5A                    1780 	.db #0x5a	; 90	'Z'
    000006BF 00                    1781 	.db #0x00	; 0
    000006C0 00                    1782 	.db #0x00	; 0
    000006C1                       1783 _P13:
    000006C1 39                    1784 	.db #0x39	; 57	'9'
    000006C2 10                    1785 	.db #0x10	; 16
    000006C3 00                    1786 	.db #0x00	; 0
    000006C4 5A                    1787 	.db #0x5a	; 90	'Z'
    000006C5 00                    1788 	.db #0x00	; 0
    000006C6 00                    1789 	.db #0x00	; 0
    000006C7 5A                    1790 	.db #0x5a	; 90	'Z'
    000006C8 00                    1791 	.db #0x00	; 0
    000006C9 00                    1792 	.db #0x00	; 0
    000006CA 5A                    1793 	.db #0x5a	; 90	'Z'
    000006CB 00                    1794 	.db #0x00	; 0
    000006CC 00                    1795 	.db #0x00	; 0
    000006CD 2B                    1796 	.db #0x2b	; 43
    000006CE 40                    1797 	.db #0x40	; 64
    000006CF 00                    1798 	.db #0x00	; 0
    000006D0 5A                    1799 	.db #0x5a	; 90	'Z'
    000006D1 00                    1800 	.db #0x00	; 0
    000006D2 00                    1801 	.db #0x00	; 0
    000006D3 5A                    1802 	.db #0x5a	; 90	'Z'
    000006D4 00                    1803 	.db #0x00	; 0
    000006D5 00                    1804 	.db #0x00	; 0
    000006D6 5A                    1805 	.db #0x5a	; 90	'Z'
    000006D7 00                    1806 	.db #0x00	; 0
    000006D8 00                    1807 	.db #0x00	; 0
    000006D9 2B                    1808 	.db #0x2b	; 43
    000006DA 40                    1809 	.db #0x40	; 64
    000006DB 00                    1810 	.db #0x00	; 0
    000006DC 5A                    1811 	.db #0x5a	; 90	'Z'
    000006DD 00                    1812 	.db #0x00	; 0
    000006DE 00                    1813 	.db #0x00	; 0
    000006DF 5A                    1814 	.db #0x5a	; 90	'Z'
    000006E0 00                    1815 	.db #0x00	; 0
    000006E1 00                    1816 	.db #0x00	; 0
    000006E2 5A                    1817 	.db #0x5a	; 90	'Z'
    000006E3 00                    1818 	.db #0x00	; 0
    000006E4 00                    1819 	.db #0x00	; 0
    000006E5 2B                    1820 	.db #0x2b	; 43
    000006E6 40                    1821 	.db #0x40	; 64
    000006E7 00                    1822 	.db #0x00	; 0
    000006E8 5A                    1823 	.db #0x5a	; 90	'Z'
    000006E9 00                    1824 	.db #0x00	; 0
    000006EA 00                    1825 	.db #0x00	; 0
    000006EB 5A                    1826 	.db #0x5a	; 90	'Z'
    000006EC 00                    1827 	.db #0x00	; 0
    000006ED 00                    1828 	.db #0x00	; 0
    000006EE 5A                    1829 	.db #0x5a	; 90	'Z'
    000006EF 00                    1830 	.db #0x00	; 0
    000006F0 00                    1831 	.db #0x00	; 0
    000006F1 2B                    1832 	.db #0x2b	; 43
    000006F2 40                    1833 	.db #0x40	; 64
    000006F3 00                    1834 	.db #0x00	; 0
    000006F4 5A                    1835 	.db #0x5a	; 90	'Z'
    000006F5 00                    1836 	.db #0x00	; 0
    000006F6 00                    1837 	.db #0x00	; 0
    000006F7 5A                    1838 	.db #0x5a	; 90	'Z'
    000006F8 00                    1839 	.db #0x00	; 0
    000006F9 00                    1840 	.db #0x00	; 0
    000006FA 5A                    1841 	.db #0x5a	; 90	'Z'
    000006FB 00                    1842 	.db #0x00	; 0
    000006FC 00                    1843 	.db #0x00	; 0
    000006FD 2B                    1844 	.db #0x2b	; 43
    000006FE 40                    1845 	.db #0x40	; 64
    000006FF 00                    1846 	.db #0x00	; 0
    00000700 5A                    1847 	.db #0x5a	; 90	'Z'
    00000701 00                    1848 	.db #0x00	; 0
    00000702 00                    1849 	.db #0x00	; 0
    00000703 2B                    1850 	.db #0x2b	; 43
    00000704 40                    1851 	.db #0x40	; 64
    00000705 00                    1852 	.db #0x00	; 0
    00000706 5A                    1853 	.db #0x5a	; 90	'Z'
    00000707 00                    1854 	.db #0x00	; 0
    00000708 00                    1855 	.db #0x00	; 0
    00000709 2B                    1856 	.db #0x2b	; 43
    0000070A B0                    1857 	.db #0xb0	; 176
    0000070B 00                    1858 	.db #0x00	; 0
    0000070C 2B                    1859 	.db #0x2b	; 43
    0000070D B0                    1860 	.db #0xb0	; 176
    0000070E 00                    1861 	.db #0x00	; 0
    0000070F 2B                    1862 	.db #0x2b	; 43
    00000710 B0                    1863 	.db #0xb0	; 176
    00000711 00                    1864 	.db #0x00	; 0
    00000712 2B                    1865 	.db #0x2b	; 43
    00000713 B0                    1866 	.db #0xb0	; 176
    00000714 00                    1867 	.db #0x00	; 0
    00000715 2B                    1868 	.db #0x2b	; 43
    00000716 40                    1869 	.db #0x40	; 64
    00000717 00                    1870 	.db #0x00	; 0
    00000718 5A                    1871 	.db #0x5a	; 90	'Z'
    00000719 00                    1872 	.db #0x00	; 0
    0000071A 00                    1873 	.db #0x00	; 0
    0000071B 2B                    1874 	.db #0x2b	; 43
    0000071C 40                    1875 	.db #0x40	; 64
    0000071D 00                    1876 	.db #0x00	; 0
    0000071E 5A                    1877 	.db #0x5a	; 90	'Z'
    0000071F 00                    1878 	.db #0x00	; 0
    00000720 00                    1879 	.db #0x00	; 0
    00000721 29                    1880 	.db #0x29	; 41
    00000722 30                    1881 	.db #0x30	; 48	'0'
    00000723 00                    1882 	.db #0x00	; 0
    00000724 5A                    1883 	.db #0x5a	; 90	'Z'
    00000725 00                    1884 	.db #0x00	; 0
    00000726 00                    1885 	.db #0x00	; 0
    00000727 5A                    1886 	.db #0x5a	; 90	'Z'
    00000728 00                    1887 	.db #0x00	; 0
    00000729 00                    1888 	.db #0x00	; 0
    0000072A 5A                    1889 	.db #0x5a	; 90	'Z'
    0000072B 00                    1890 	.db #0x00	; 0
    0000072C 00                    1891 	.db #0x00	; 0
    0000072D 2B                    1892 	.db #0x2b	; 43
    0000072E 40                    1893 	.db #0x40	; 64
    0000072F 00                    1894 	.db #0x00	; 0
    00000730 5A                    1895 	.db #0x5a	; 90	'Z'
    00000731 00                    1896 	.db #0x00	; 0
    00000732 00                    1897 	.db #0x00	; 0
    00000733 5A                    1898 	.db #0x5a	; 90	'Z'
    00000734 00                    1899 	.db #0x00	; 0
    00000735 00                    1900 	.db #0x00	; 0
    00000736 5A                    1901 	.db #0x5a	; 90	'Z'
    00000737 00                    1902 	.db #0x00	; 0
    00000738 00                    1903 	.db #0x00	; 0
    00000739 29                    1904 	.db #0x29	; 41
    0000073A 30                    1905 	.db #0x30	; 48	'0'
    0000073B 00                    1906 	.db #0x00	; 0
    0000073C 5A                    1907 	.db #0x5a	; 90	'Z'
    0000073D 00                    1908 	.db #0x00	; 0
    0000073E 00                    1909 	.db #0x00	; 0
    0000073F 5A                    1910 	.db #0x5a	; 90	'Z'
    00000740 00                    1911 	.db #0x00	; 0
    00000741 00                    1912 	.db #0x00	; 0
    00000742 5A                    1913 	.db #0x5a	; 90	'Z'
    00000743 00                    1914 	.db #0x00	; 0
    00000744 00                    1915 	.db #0x00	; 0
    00000745 29                    1916 	.db #0x29	; 41
    00000746 30                    1917 	.db #0x30	; 48	'0'
    00000747 00                    1918 	.db #0x00	; 0
    00000748 5A                    1919 	.db #0x5a	; 90	'Z'
    00000749 00                    1920 	.db #0x00	; 0
    0000074A 00                    1921 	.db #0x00	; 0
    0000074B 2B                    1922 	.db #0x2b	; 43
    0000074C 40                    1923 	.db #0x40	; 64
    0000074D 00                    1924 	.db #0x00	; 0
    0000074E 5A                    1925 	.db #0x5a	; 90	'Z'
    0000074F 00                    1926 	.db #0x00	; 0
    00000750 00                    1927 	.db #0x00	; 0
    00000751 29                    1928 	.db #0x29	; 41
    00000752 30                    1929 	.db #0x30	; 48	'0'
    00000753 00                    1930 	.db #0x00	; 0
    00000754 5A                    1931 	.db #0x5a	; 90	'Z'
    00000755 00                    1932 	.db #0x00	; 0
    00000756 00                    1933 	.db #0x00	; 0
    00000757 5A                    1934 	.db #0x5a	; 90	'Z'
    00000758 00                    1935 	.db #0x00	; 0
    00000759 00                    1936 	.db #0x00	; 0
    0000075A 5A                    1937 	.db #0x5a	; 90	'Z'
    0000075B 00                    1938 	.db #0x00	; 0
    0000075C 00                    1939 	.db #0x00	; 0
    0000075D 2B                    1940 	.db #0x2b	; 43
    0000075E 40                    1941 	.db #0x40	; 64
    0000075F 00                    1942 	.db #0x00	; 0
    00000760 5A                    1943 	.db #0x5a	; 90	'Z'
    00000761 00                    1944 	.db #0x00	; 0
    00000762 00                    1945 	.db #0x00	; 0
    00000763 5A                    1946 	.db #0x5a	; 90	'Z'
    00000764 00                    1947 	.db #0x00	; 0
    00000765 00                    1948 	.db #0x00	; 0
    00000766 5A                    1949 	.db #0x5a	; 90	'Z'
    00000767 00                    1950 	.db #0x00	; 0
    00000768 00                    1951 	.db #0x00	; 0
    00000769 2B                    1952 	.db #0x2b	; 43
    0000076A 40                    1953 	.db #0x40	; 64
    0000076B 00                    1954 	.db #0x00	; 0
    0000076C 5A                    1955 	.db #0x5a	; 90	'Z'
    0000076D 00                    1956 	.db #0x00	; 0
    0000076E 00                    1957 	.db #0x00	; 0
    0000076F 5A                    1958 	.db #0x5a	; 90	'Z'
    00000770 00                    1959 	.db #0x00	; 0
    00000771 00                    1960 	.db #0x00	; 0
    00000772 5A                    1961 	.db #0x5a	; 90	'Z'
    00000773 00                    1962 	.db #0x00	; 0
    00000774 00                    1963 	.db #0x00	; 0
    00000775 2B                    1964 	.db #0x2b	; 43
    00000776 40                    1965 	.db #0x40	; 64
    00000777 00                    1966 	.db #0x00	; 0
    00000778 5A                    1967 	.db #0x5a	; 90	'Z'
    00000779 00                    1968 	.db #0x00	; 0
    0000077A 00                    1969 	.db #0x00	; 0
    0000077B 29                    1970 	.db #0x29	; 41
    0000077C 30                    1971 	.db #0x30	; 48	'0'
    0000077D 00                    1972 	.db #0x00	; 0
    0000077E 2B                    1973 	.db #0x2b	; 43
    0000077F 40                    1974 	.db #0x40	; 64
    00000780 00                    1975 	.db #0x00	; 0
    00000781                       1976 _P6:
    00000781 0C                    1977 	.db #0x0c	; 12
    00000782 20                    1978 	.db #0x20	; 32
    00000783 00                    1979 	.db #0x00	; 0
    00000784 5A                    1980 	.db #0x5a	; 90	'Z'
    00000785 00                    1981 	.db #0x00	; 0
    00000786 00                    1982 	.db #0x00	; 0
    00000787 5A                    1983 	.db #0x5a	; 90	'Z'
    00000788 00                    1984 	.db #0x00	; 0
    00000789 00                    1985 	.db #0x00	; 0
    0000078A 5A                    1986 	.db #0x5a	; 90	'Z'
    0000078B 00                    1987 	.db #0x00	; 0
    0000078C 00                    1988 	.db #0x00	; 0
    0000078D 5A                    1989 	.db #0x5a	; 90	'Z'
    0000078E 00                    1990 	.db #0x00	; 0
    0000078F 00                    1991 	.db #0x00	; 0
    00000790 5A                    1992 	.db #0x5a	; 90	'Z'
    00000791 00                    1993 	.db #0x00	; 0
    00000792 00                    1994 	.db #0x00	; 0
    00000793 5A                    1995 	.db #0x5a	; 90	'Z'
    00000794 00                    1996 	.db #0x00	; 0
    00000795 00                    1997 	.db #0x00	; 0
    00000796 5A                    1998 	.db #0x5a	; 90	'Z'
    00000797 00                    1999 	.db #0x00	; 0
    00000798 00                    2000 	.db #0x00	; 0
    00000799 5A                    2001 	.db #0x5a	; 90	'Z'
    0000079A 00                    2002 	.db #0x00	; 0
    0000079B 00                    2003 	.db #0x00	; 0
    0000079C 5A                    2004 	.db #0x5a	; 90	'Z'
    0000079D 00                    2005 	.db #0x00	; 0
    0000079E 00                    2006 	.db #0x00	; 0
    0000079F 5A                    2007 	.db #0x5a	; 90	'Z'
    000007A0 00                    2008 	.db #0x00	; 0
    000007A1 00                    2009 	.db #0x00	; 0
    000007A2 5A                    2010 	.db #0x5a	; 90	'Z'
    000007A3 00                    2011 	.db #0x00	; 0
    000007A4 00                    2012 	.db #0x00	; 0
    000007A5 5A                    2013 	.db #0x5a	; 90	'Z'
    000007A6 00                    2014 	.db #0x00	; 0
    000007A7 00                    2015 	.db #0x00	; 0
    000007A8 5A                    2016 	.db #0x5a	; 90	'Z'
    000007A9 00                    2017 	.db #0x00	; 0
    000007AA 00                    2018 	.db #0x00	; 0
    000007AB 0C                    2019 	.db #0x0c	; 12
    000007AC 20                    2020 	.db #0x20	; 32
    000007AD 00                    2021 	.db #0x00	; 0
    000007AE 5A                    2022 	.db #0x5a	; 90	'Z'
    000007AF 00                    2023 	.db #0x00	; 0
    000007B0 00                    2024 	.db #0x00	; 0
    000007B1 0C                    2025 	.db #0x0c	; 12
    000007B2 20                    2026 	.db #0x20	; 32
    000007B3 00                    2027 	.db #0x00	; 0
    000007B4 5A                    2028 	.db #0x5a	; 90	'Z'
    000007B5 00                    2029 	.db #0x00	; 0
    000007B6 00                    2030 	.db #0x00	; 0
    000007B7 5A                    2031 	.db #0x5a	; 90	'Z'
    000007B8 00                    2032 	.db #0x00	; 0
    000007B9 00                    2033 	.db #0x00	; 0
    000007BA 5A                    2034 	.db #0x5a	; 90	'Z'
    000007BB 00                    2035 	.db #0x00	; 0
    000007BC 00                    2036 	.db #0x00	; 0
    000007BD 5A                    2037 	.db #0x5a	; 90	'Z'
    000007BE 00                    2038 	.db #0x00	; 0
    000007BF 00                    2039 	.db #0x00	; 0
    000007C0 5A                    2040 	.db #0x5a	; 90	'Z'
    000007C1 00                    2041 	.db #0x00	; 0
    000007C2 00                    2042 	.db #0x00	; 0
    000007C3 5A                    2043 	.db #0x5a	; 90	'Z'
    000007C4 00                    2044 	.db #0x00	; 0
    000007C5 00                    2045 	.db #0x00	; 0
    000007C6 5A                    2046 	.db #0x5a	; 90	'Z'
    000007C7 00                    2047 	.db #0x00	; 0
    000007C8 00                    2048 	.db #0x00	; 0
    000007C9 5A                    2049 	.db #0x5a	; 90	'Z'
    000007CA 00                    2050 	.db #0x00	; 0
    000007CB 00                    2051 	.db #0x00	; 0
    000007CC 5A                    2052 	.db #0x5a	; 90	'Z'
    000007CD 00                    2053 	.db #0x00	; 0
    000007CE 00                    2054 	.db #0x00	; 0
    000007CF 5A                    2055 	.db #0x5a	; 90	'Z'
    000007D0 00                    2056 	.db #0x00	; 0
    000007D1 00                    2057 	.db #0x00	; 0
    000007D2 5A                    2058 	.db #0x5a	; 90	'Z'
    000007D3 00                    2059 	.db #0x00	; 0
    000007D4 00                    2060 	.db #0x00	; 0
    000007D5 5A                    2061 	.db #0x5a	; 90	'Z'
    000007D6 00                    2062 	.db #0x00	; 0
    000007D7 00                    2063 	.db #0x00	; 0
    000007D8 5A                    2064 	.db #0x5a	; 90	'Z'
    000007D9 00                    2065 	.db #0x00	; 0
    000007DA 00                    2066 	.db #0x00	; 0
    000007DB 5A                    2067 	.db #0x5a	; 90	'Z'
    000007DC 00                    2068 	.db #0x00	; 0
    000007DD 00                    2069 	.db #0x00	; 0
    000007DE 5A                    2070 	.db #0x5a	; 90	'Z'
    000007DF 00                    2071 	.db #0x00	; 0
    000007E0 00                    2072 	.db #0x00	; 0
    000007E1 0C                    2073 	.db #0x0c	; 12
    000007E2 20                    2074 	.db #0x20	; 32
    000007E3 00                    2075 	.db #0x00	; 0
    000007E4 5A                    2076 	.db #0x5a	; 90	'Z'
    000007E5 00                    2077 	.db #0x00	; 0
    000007E6 00                    2078 	.db #0x00	; 0
    000007E7 5A                    2079 	.db #0x5a	; 90	'Z'
    000007E8 00                    2080 	.db #0x00	; 0
    000007E9 00                    2081 	.db #0x00	; 0
    000007EA 5A                    2082 	.db #0x5a	; 90	'Z'
    000007EB 00                    2083 	.db #0x00	; 0
    000007EC 00                    2084 	.db #0x00	; 0
    000007ED 5A                    2085 	.db #0x5a	; 90	'Z'
    000007EE 00                    2086 	.db #0x00	; 0
    000007EF 00                    2087 	.db #0x00	; 0
    000007F0 5A                    2088 	.db #0x5a	; 90	'Z'
    000007F1 00                    2089 	.db #0x00	; 0
    000007F2 00                    2090 	.db #0x00	; 0
    000007F3 5A                    2091 	.db #0x5a	; 90	'Z'
    000007F4 00                    2092 	.db #0x00	; 0
    000007F5 00                    2093 	.db #0x00	; 0
    000007F6 5A                    2094 	.db #0x5a	; 90	'Z'
    000007F7 00                    2095 	.db #0x00	; 0
    000007F8 00                    2096 	.db #0x00	; 0
    000007F9 0C                    2097 	.db #0x0c	; 12
    000007FA 20                    2098 	.db #0x20	; 32
    000007FB 00                    2099 	.db #0x00	; 0
    000007FC 5A                    2100 	.db #0x5a	; 90	'Z'
    000007FD 00                    2101 	.db #0x00	; 0
    000007FE 00                    2102 	.db #0x00	; 0
    000007FF 5A                    2103 	.db #0x5a	; 90	'Z'
    00000800 00                    2104 	.db #0x00	; 0
    00000801 00                    2105 	.db #0x00	; 0
    00000802 5A                    2106 	.db #0x5a	; 90	'Z'
    00000803 00                    2107 	.db #0x00	; 0
    00000804 00                    2108 	.db #0x00	; 0
    00000805 0C                    2109 	.db #0x0c	; 12
    00000806 20                    2110 	.db #0x20	; 32
    00000807 00                    2111 	.db #0x00	; 0
    00000808 5A                    2112 	.db #0x5a	; 90	'Z'
    00000809 00                    2113 	.db #0x00	; 0
    0000080A 00                    2114 	.db #0x00	; 0
    0000080B 0C                    2115 	.db #0x0c	; 12
    0000080C 20                    2116 	.db #0x20	; 32
    0000080D 00                    2117 	.db #0x00	; 0
    0000080E 5A                    2118 	.db #0x5a	; 90	'Z'
    0000080F 00                    2119 	.db #0x00	; 0
    00000810 00                    2120 	.db #0x00	; 0
    00000811 0C                    2121 	.db #0x0c	; 12
    00000812 20                    2122 	.db #0x20	; 32
    00000813 00                    2123 	.db #0x00	; 0
    00000814 5A                    2124 	.db #0x5a	; 90	'Z'
    00000815 00                    2125 	.db #0x00	; 0
    00000816 00                    2126 	.db #0x00	; 0
    00000817 5A                    2127 	.db #0x5a	; 90	'Z'
    00000818 00                    2128 	.db #0x00	; 0
    00000819 00                    2129 	.db #0x00	; 0
    0000081A 5A                    2130 	.db #0x5a	; 90	'Z'
    0000081B 00                    2131 	.db #0x00	; 0
    0000081C 00                    2132 	.db #0x00	; 0
    0000081D 0C                    2133 	.db #0x0c	; 12
    0000081E 20                    2134 	.db #0x20	; 32
    0000081F 00                    2135 	.db #0x00	; 0
    00000820 5A                    2136 	.db #0x5a	; 90	'Z'
    00000821 00                    2137 	.db #0x00	; 0
    00000822 00                    2138 	.db #0x00	; 0
    00000823 5A                    2139 	.db #0x5a	; 90	'Z'
    00000824 00                    2140 	.db #0x00	; 0
    00000825 00                    2141 	.db #0x00	; 0
    00000826 5A                    2142 	.db #0x5a	; 90	'Z'
    00000827 00                    2143 	.db #0x00	; 0
    00000828 00                    2144 	.db #0x00	; 0
    00000829 0C                    2145 	.db #0x0c	; 12
    0000082A 20                    2146 	.db #0x20	; 32
    0000082B 00                    2147 	.db #0x00	; 0
    0000082C 5A                    2148 	.db #0x5a	; 90	'Z'
    0000082D 00                    2149 	.db #0x00	; 0
    0000082E 00                    2150 	.db #0x00	; 0
    0000082F 0C                    2151 	.db #0x0c	; 12
    00000830 20                    2152 	.db #0x20	; 32
    00000831 00                    2153 	.db #0x00	; 0
    00000832 5A                    2154 	.db #0x5a	; 90	'Z'
    00000833 00                    2155 	.db #0x00	; 0
    00000834 00                    2156 	.db #0x00	; 0
    00000835 0C                    2157 	.db #0x0c	; 12
    00000836 20                    2158 	.db #0x20	; 32
    00000837 00                    2159 	.db #0x00	; 0
    00000838 0C                    2160 	.db #0x0c	; 12
    00000839 20                    2161 	.db #0x20	; 32
    0000083A 00                    2162 	.db #0x00	; 0
    0000083B 0C                    2163 	.db #0x0c	; 12
    0000083C 20                    2164 	.db #0x20	; 32
    0000083D 00                    2165 	.db #0x00	; 0
    0000083E 0C                    2166 	.db #0x0c	; 12
    0000083F 20                    2167 	.db #0x20	; 32
    00000840 00                    2168 	.db #0x00	; 0
    00000841                       2169 _P14:
    00000841 39                    2170 	.db #0x39	; 57	'9'
    00000842 10                    2171 	.db #0x10	; 16
    00000843 00                    2172 	.db #0x00	; 0
    00000844 5A                    2173 	.db #0x5a	; 90	'Z'
    00000845 00                    2174 	.db #0x00	; 0
    00000846 00                    2175 	.db #0x00	; 0
    00000847 5A                    2176 	.db #0x5a	; 90	'Z'
    00000848 00                    2177 	.db #0x00	; 0
    00000849 00                    2178 	.db #0x00	; 0
    0000084A 5A                    2179 	.db #0x5a	; 90	'Z'
    0000084B 00                    2180 	.db #0x00	; 0
    0000084C 00                    2181 	.db #0x00	; 0
    0000084D 2B                    2182 	.db #0x2b	; 43
    0000084E 40                    2183 	.db #0x40	; 64
    0000084F 00                    2184 	.db #0x00	; 0
    00000850 5A                    2185 	.db #0x5a	; 90	'Z'
    00000851 00                    2186 	.db #0x00	; 0
    00000852 00                    2187 	.db #0x00	; 0
    00000853 5A                    2188 	.db #0x5a	; 90	'Z'
    00000854 00                    2189 	.db #0x00	; 0
    00000855 00                    2190 	.db #0x00	; 0
    00000856 5A                    2191 	.db #0x5a	; 90	'Z'
    00000857 00                    2192 	.db #0x00	; 0
    00000858 00                    2193 	.db #0x00	; 0
    00000859 2B                    2194 	.db #0x2b	; 43
    0000085A 40                    2195 	.db #0x40	; 64
    0000085B 00                    2196 	.db #0x00	; 0
    0000085C 5A                    2197 	.db #0x5a	; 90	'Z'
    0000085D 00                    2198 	.db #0x00	; 0
    0000085E 00                    2199 	.db #0x00	; 0
    0000085F 5A                    2200 	.db #0x5a	; 90	'Z'
    00000860 00                    2201 	.db #0x00	; 0
    00000861 00                    2202 	.db #0x00	; 0
    00000862 5A                    2203 	.db #0x5a	; 90	'Z'
    00000863 00                    2204 	.db #0x00	; 0
    00000864 00                    2205 	.db #0x00	; 0
    00000865 2B                    2206 	.db #0x2b	; 43
    00000866 40                    2207 	.db #0x40	; 64
    00000867 00                    2208 	.db #0x00	; 0
    00000868 5A                    2209 	.db #0x5a	; 90	'Z'
    00000869 00                    2210 	.db #0x00	; 0
    0000086A 00                    2211 	.db #0x00	; 0
    0000086B 29                    2212 	.db #0x29	; 41
    0000086C 30                    2213 	.db #0x30	; 48	'0'
    0000086D 00                    2214 	.db #0x00	; 0
    0000086E 5A                    2215 	.db #0x5a	; 90	'Z'
    0000086F 00                    2216 	.db #0x00	; 0
    00000870 00                    2217 	.db #0x00	; 0
    00000871 29                    2218 	.db #0x29	; 41
    00000872 30                    2219 	.db #0x30	; 48	'0'
    00000873 00                    2220 	.db #0x00	; 0
    00000874 5A                    2221 	.db #0x5a	; 90	'Z'
    00000875 00                    2222 	.db #0x00	; 0
    00000876 00                    2223 	.db #0x00	; 0
    00000877 5A                    2224 	.db #0x5a	; 90	'Z'
    00000878 00                    2225 	.db #0x00	; 0
    00000879 00                    2226 	.db #0x00	; 0
    0000087A 5A                    2227 	.db #0x5a	; 90	'Z'
    0000087B 00                    2228 	.db #0x00	; 0
    0000087C 00                    2229 	.db #0x00	; 0
    0000087D 2B                    2230 	.db #0x2b	; 43
    0000087E 40                    2231 	.db #0x40	; 64
    0000087F 00                    2232 	.db #0x00	; 0
    00000880 5A                    2233 	.db #0x5a	; 90	'Z'
    00000881 00                    2234 	.db #0x00	; 0
    00000882 00                    2235 	.db #0x00	; 0
    00000883 2B                    2236 	.db #0x2b	; 43
    00000884 40                    2237 	.db #0x40	; 64
    00000885 00                    2238 	.db #0x00	; 0
    00000886 5A                    2239 	.db #0x5a	; 90	'Z'
    00000887 00                    2240 	.db #0x00	; 0
    00000888 00                    2241 	.db #0x00	; 0
    00000889 2B                    2242 	.db #0x2b	; 43
    0000088A B0                    2243 	.db #0xb0	; 176
    0000088B 00                    2244 	.db #0x00	; 0
    0000088C 2B                    2245 	.db #0x2b	; 43
    0000088D B0                    2246 	.db #0xb0	; 176
    0000088E 00                    2247 	.db #0x00	; 0
    0000088F 2B                    2248 	.db #0x2b	; 43
    00000890 B0                    2249 	.db #0xb0	; 176
    00000891 00                    2250 	.db #0x00	; 0
    00000892 2B                    2251 	.db #0x2b	; 43
    00000893 B0                    2252 	.db #0xb0	; 176
    00000894 00                    2253 	.db #0x00	; 0
    00000895 2B                    2254 	.db #0x2b	; 43
    00000896 40                    2255 	.db #0x40	; 64
    00000897 00                    2256 	.db #0x00	; 0
    00000898 5A                    2257 	.db #0x5a	; 90	'Z'
    00000899 00                    2258 	.db #0x00	; 0
    0000089A 00                    2259 	.db #0x00	; 0
    0000089B 2B                    2260 	.db #0x2b	; 43
    0000089C 40                    2261 	.db #0x40	; 64
    0000089D 00                    2262 	.db #0x00	; 0
    0000089E 5A                    2263 	.db #0x5a	; 90	'Z'
    0000089F 00                    2264 	.db #0x00	; 0
    000008A0 00                    2265 	.db #0x00	; 0
    000008A1 29                    2266 	.db #0x29	; 41
    000008A2 30                    2267 	.db #0x30	; 48	'0'
    000008A3 00                    2268 	.db #0x00	; 0
    000008A4 5A                    2269 	.db #0x5a	; 90	'Z'
    000008A5 00                    2270 	.db #0x00	; 0
    000008A6 00                    2271 	.db #0x00	; 0
    000008A7 5A                    2272 	.db #0x5a	; 90	'Z'
    000008A8 00                    2273 	.db #0x00	; 0
    000008A9 00                    2274 	.db #0x00	; 0
    000008AA 5A                    2275 	.db #0x5a	; 90	'Z'
    000008AB 00                    2276 	.db #0x00	; 0
    000008AC 00                    2277 	.db #0x00	; 0
    000008AD 2B                    2278 	.db #0x2b	; 43
    000008AE 40                    2279 	.db #0x40	; 64
    000008AF 00                    2280 	.db #0x00	; 0
    000008B0 5A                    2281 	.db #0x5a	; 90	'Z'
    000008B1 00                    2282 	.db #0x00	; 0
    000008B2 00                    2283 	.db #0x00	; 0
    000008B3 5A                    2284 	.db #0x5a	; 90	'Z'
    000008B4 00                    2285 	.db #0x00	; 0
    000008B5 00                    2286 	.db #0x00	; 0
    000008B6 5A                    2287 	.db #0x5a	; 90	'Z'
    000008B7 00                    2288 	.db #0x00	; 0
    000008B8 00                    2289 	.db #0x00	; 0
    000008B9 29                    2290 	.db #0x29	; 41
    000008BA 30                    2291 	.db #0x30	; 48	'0'
    000008BB 00                    2292 	.db #0x00	; 0
    000008BC 5A                    2293 	.db #0x5a	; 90	'Z'
    000008BD 00                    2294 	.db #0x00	; 0
    000008BE 00                    2295 	.db #0x00	; 0
    000008BF 5A                    2296 	.db #0x5a	; 90	'Z'
    000008C0 00                    2297 	.db #0x00	; 0
    000008C1 00                    2298 	.db #0x00	; 0
    000008C2 5A                    2299 	.db #0x5a	; 90	'Z'
    000008C3 00                    2300 	.db #0x00	; 0
    000008C4 00                    2301 	.db #0x00	; 0
    000008C5 29                    2302 	.db #0x29	; 41
    000008C6 30                    2303 	.db #0x30	; 48	'0'
    000008C7 00                    2304 	.db #0x00	; 0
    000008C8 5A                    2305 	.db #0x5a	; 90	'Z'
    000008C9 00                    2306 	.db #0x00	; 0
    000008CA 00                    2307 	.db #0x00	; 0
    000008CB 29                    2308 	.db #0x29	; 41
    000008CC 30                    2309 	.db #0x30	; 48	'0'
    000008CD 00                    2310 	.db #0x00	; 0
    000008CE 5A                    2311 	.db #0x5a	; 90	'Z'
    000008CF 00                    2312 	.db #0x00	; 0
    000008D0 00                    2313 	.db #0x00	; 0
    000008D1 29                    2314 	.db #0x29	; 41
    000008D2 30                    2315 	.db #0x30	; 48	'0'
    000008D3 00                    2316 	.db #0x00	; 0
    000008D4 5A                    2317 	.db #0x5a	; 90	'Z'
    000008D5 00                    2318 	.db #0x00	; 0
    000008D6 00                    2319 	.db #0x00	; 0
    000008D7 5A                    2320 	.db #0x5a	; 90	'Z'
    000008D8 00                    2321 	.db #0x00	; 0
    000008D9 00                    2322 	.db #0x00	; 0
    000008DA 5A                    2323 	.db #0x5a	; 90	'Z'
    000008DB 00                    2324 	.db #0x00	; 0
    000008DC 00                    2325 	.db #0x00	; 0
    000008DD 29                    2326 	.db #0x29	; 41
    000008DE 30                    2327 	.db #0x30	; 48	'0'
    000008DF 00                    2328 	.db #0x00	; 0
    000008E0 5A                    2329 	.db #0x5a	; 90	'Z'
    000008E1 00                    2330 	.db #0x00	; 0
    000008E2 00                    2331 	.db #0x00	; 0
    000008E3 5A                    2332 	.db #0x5a	; 90	'Z'
    000008E4 00                    2333 	.db #0x00	; 0
    000008E5 00                    2334 	.db #0x00	; 0
    000008E6 5A                    2335 	.db #0x5a	; 90	'Z'
    000008E7 00                    2336 	.db #0x00	; 0
    000008E8 00                    2337 	.db #0x00	; 0
    000008E9 29                    2338 	.db #0x29	; 41
    000008EA 30                    2339 	.db #0x30	; 48	'0'
    000008EB 00                    2340 	.db #0x00	; 0
    000008EC 5A                    2341 	.db #0x5a	; 90	'Z'
    000008ED 00                    2342 	.db #0x00	; 0
    000008EE 00                    2343 	.db #0x00	; 0
    000008EF 29                    2344 	.db #0x29	; 41
    000008F0 30                    2345 	.db #0x30	; 48	'0'
    000008F1 00                    2346 	.db #0x00	; 0
    000008F2 5A                    2347 	.db #0x5a	; 90	'Z'
    000008F3 00                    2348 	.db #0x00	; 0
    000008F4 00                    2349 	.db #0x00	; 0
    000008F5 29                    2350 	.db #0x29	; 41
    000008F6 50                    2351 	.db #0x50	; 80	'P'
    000008F7 00                    2352 	.db #0x00	; 0
    000008F8 29                    2353 	.db #0x29	; 41
    000008F9 50                    2354 	.db #0x50	; 80	'P'
    000008FA 00                    2355 	.db #0x00	; 0
    000008FB 29                    2356 	.db #0x29	; 41
    000008FC 50                    2357 	.db #0x50	; 80	'P'
    000008FD 00                    2358 	.db #0x00	; 0
    000008FE 29                    2359 	.db #0x29	; 41
    000008FF 50                    2360 	.db #0x50	; 80	'P'
    00000900 00                    2361 	.db #0x00	; 0
    00000901                       2362 _P2:
    00000901 5A                    2363 	.db #0x5a	; 90	'Z'
    00000902 0E                    2364 	.db #0x0e	; 14
    00000903 00                    2365 	.db #0x00	; 0
    00000904 5A                    2366 	.db #0x5a	; 90	'Z'
    00000905 00                    2367 	.db #0x00	; 0
    00000906 00                    2368 	.db #0x00	; 0
    00000907 5A                    2369 	.db #0x5a	; 90	'Z'
    00000908 00                    2370 	.db #0x00	; 0
    00000909 00                    2371 	.db #0x00	; 0
    0000090A 5A                    2372 	.db #0x5a	; 90	'Z'
    0000090B 00                    2373 	.db #0x00	; 0
    0000090C 00                    2374 	.db #0x00	; 0
    0000090D 5A                    2375 	.db #0x5a	; 90	'Z'
    0000090E 00                    2376 	.db #0x00	; 0
    0000090F 00                    2377 	.db #0x00	; 0
    00000910 5A                    2378 	.db #0x5a	; 90	'Z'
    00000911 00                    2379 	.db #0x00	; 0
    00000912 00                    2380 	.db #0x00	; 0
    00000913 5A                    2381 	.db #0x5a	; 90	'Z'
    00000914 00                    2382 	.db #0x00	; 0
    00000915 00                    2383 	.db #0x00	; 0
    00000916 5A                    2384 	.db #0x5a	; 90	'Z'
    00000917 00                    2385 	.db #0x00	; 0
    00000918 00                    2386 	.db #0x00	; 0
    00000919 5A                    2387 	.db #0x5a	; 90	'Z'
    0000091A 00                    2388 	.db #0x00	; 0
    0000091B 00                    2389 	.db #0x00	; 0
    0000091C 5A                    2390 	.db #0x5a	; 90	'Z'
    0000091D 00                    2391 	.db #0x00	; 0
    0000091E 00                    2392 	.db #0x00	; 0
    0000091F 5A                    2393 	.db #0x5a	; 90	'Z'
    00000920 00                    2394 	.db #0x00	; 0
    00000921 00                    2395 	.db #0x00	; 0
    00000922 5A                    2396 	.db #0x5a	; 90	'Z'
    00000923 00                    2397 	.db #0x00	; 0
    00000924 00                    2398 	.db #0x00	; 0
    00000925 5A                    2399 	.db #0x5a	; 90	'Z'
    00000926 00                    2400 	.db #0x00	; 0
    00000927 00                    2401 	.db #0x00	; 0
    00000928 5A                    2402 	.db #0x5a	; 90	'Z'
    00000929 00                    2403 	.db #0x00	; 0
    0000092A 00                    2404 	.db #0x00	; 0
    0000092B 5A                    2405 	.db #0x5a	; 90	'Z'
    0000092C 00                    2406 	.db #0x00	; 0
    0000092D 00                    2407 	.db #0x00	; 0
    0000092E 5A                    2408 	.db #0x5a	; 90	'Z'
    0000092F 00                    2409 	.db #0x00	; 0
    00000930 00                    2410 	.db #0x00	; 0
    00000931 5A                    2411 	.db #0x5a	; 90	'Z'
    00000932 00                    2412 	.db #0x00	; 0
    00000933 00                    2413 	.db #0x00	; 0
    00000934 5A                    2414 	.db #0x5a	; 90	'Z'
    00000935 00                    2415 	.db #0x00	; 0
    00000936 00                    2416 	.db #0x00	; 0
    00000937 5A                    2417 	.db #0x5a	; 90	'Z'
    00000938 00                    2418 	.db #0x00	; 0
    00000939 00                    2419 	.db #0x00	; 0
    0000093A 5A                    2420 	.db #0x5a	; 90	'Z'
    0000093B 00                    2421 	.db #0x00	; 0
    0000093C 00                    2422 	.db #0x00	; 0
    0000093D 5A                    2423 	.db #0x5a	; 90	'Z'
    0000093E 00                    2424 	.db #0x00	; 0
    0000093F 00                    2425 	.db #0x00	; 0
    00000940 5A                    2426 	.db #0x5a	; 90	'Z'
    00000941 00                    2427 	.db #0x00	; 0
    00000942 00                    2428 	.db #0x00	; 0
    00000943 5A                    2429 	.db #0x5a	; 90	'Z'
    00000944 00                    2430 	.db #0x00	; 0
    00000945 00                    2431 	.db #0x00	; 0
    00000946 5A                    2432 	.db #0x5a	; 90	'Z'
    00000947 00                    2433 	.db #0x00	; 0
    00000948 00                    2434 	.db #0x00	; 0
    00000949 5A                    2435 	.db #0x5a	; 90	'Z'
    0000094A 00                    2436 	.db #0x00	; 0
    0000094B 00                    2437 	.db #0x00	; 0
    0000094C 5A                    2438 	.db #0x5a	; 90	'Z'
    0000094D 00                    2439 	.db #0x00	; 0
    0000094E 00                    2440 	.db #0x00	; 0
    0000094F 5A                    2441 	.db #0x5a	; 90	'Z'
    00000950 00                    2442 	.db #0x00	; 0
    00000951 00                    2443 	.db #0x00	; 0
    00000952 5A                    2444 	.db #0x5a	; 90	'Z'
    00000953 00                    2445 	.db #0x00	; 0
    00000954 00                    2446 	.db #0x00	; 0
    00000955 5A                    2447 	.db #0x5a	; 90	'Z'
    00000956 00                    2448 	.db #0x00	; 0
    00000957 00                    2449 	.db #0x00	; 0
    00000958 5A                    2450 	.db #0x5a	; 90	'Z'
    00000959 00                    2451 	.db #0x00	; 0
    0000095A 00                    2452 	.db #0x00	; 0
    0000095B 5A                    2453 	.db #0x5a	; 90	'Z'
    0000095C 00                    2454 	.db #0x00	; 0
    0000095D 00                    2455 	.db #0x00	; 0
    0000095E 5A                    2456 	.db #0x5a	; 90	'Z'
    0000095F 0D                    2457 	.db #0x0d	; 13
    00000960 01                    2458 	.db #0x01	; 1
    00000961 5A                    2459 	.db #0x5a	; 90	'Z'
    00000962 00                    2460 	.db #0x00	; 0
    00000963 00                    2461 	.db #0x00	; 0
    00000964 5A                    2462 	.db #0x5a	; 90	'Z'
    00000965 00                    2463 	.db #0x00	; 0
    00000966 00                    2464 	.db #0x00	; 0
    00000967 5A                    2465 	.db #0x5a	; 90	'Z'
    00000968 00                    2466 	.db #0x00	; 0
    00000969 00                    2467 	.db #0x00	; 0
    0000096A 5A                    2468 	.db #0x5a	; 90	'Z'
    0000096B 00                    2469 	.db #0x00	; 0
    0000096C 00                    2470 	.db #0x00	; 0
    0000096D 5A                    2471 	.db #0x5a	; 90	'Z'
    0000096E 00                    2472 	.db #0x00	; 0
    0000096F 00                    2473 	.db #0x00	; 0
    00000970 5A                    2474 	.db #0x5a	; 90	'Z'
    00000971 00                    2475 	.db #0x00	; 0
    00000972 00                    2476 	.db #0x00	; 0
    00000973 5A                    2477 	.db #0x5a	; 90	'Z'
    00000974 00                    2478 	.db #0x00	; 0
    00000975 00                    2479 	.db #0x00	; 0
    00000976 5A                    2480 	.db #0x5a	; 90	'Z'
    00000977 00                    2481 	.db #0x00	; 0
    00000978 00                    2482 	.db #0x00	; 0
    00000979 5A                    2483 	.db #0x5a	; 90	'Z'
    0000097A 00                    2484 	.db #0x00	; 0
    0000097B 00                    2485 	.db #0x00	; 0
    0000097C 5A                    2486 	.db #0x5a	; 90	'Z'
    0000097D 00                    2487 	.db #0x00	; 0
    0000097E 00                    2488 	.db #0x00	; 0
    0000097F 5A                    2489 	.db #0x5a	; 90	'Z'
    00000980 00                    2490 	.db #0x00	; 0
    00000981 00                    2491 	.db #0x00	; 0
    00000982 5A                    2492 	.db #0x5a	; 90	'Z'
    00000983 00                    2493 	.db #0x00	; 0
    00000984 00                    2494 	.db #0x00	; 0
    00000985 5A                    2495 	.db #0x5a	; 90	'Z'
    00000986 00                    2496 	.db #0x00	; 0
    00000987 00                    2497 	.db #0x00	; 0
    00000988 5A                    2498 	.db #0x5a	; 90	'Z'
    00000989 00                    2499 	.db #0x00	; 0
    0000098A 00                    2500 	.db #0x00	; 0
    0000098B 5A                    2501 	.db #0x5a	; 90	'Z'
    0000098C 00                    2502 	.db #0x00	; 0
    0000098D 00                    2503 	.db #0x00	; 0
    0000098E 5A                    2504 	.db #0x5a	; 90	'Z'
    0000098F 00                    2505 	.db #0x00	; 0
    00000990 00                    2506 	.db #0x00	; 0
    00000991 5A                    2507 	.db #0x5a	; 90	'Z'
    00000992 00                    2508 	.db #0x00	; 0
    00000993 00                    2509 	.db #0x00	; 0
    00000994 5A                    2510 	.db #0x5a	; 90	'Z'
    00000995 00                    2511 	.db #0x00	; 0
    00000996 00                    2512 	.db #0x00	; 0
    00000997 5A                    2513 	.db #0x5a	; 90	'Z'
    00000998 00                    2514 	.db #0x00	; 0
    00000999 00                    2515 	.db #0x00	; 0
    0000099A 5A                    2516 	.db #0x5a	; 90	'Z'
    0000099B 00                    2517 	.db #0x00	; 0
    0000099C 00                    2518 	.db #0x00	; 0
    0000099D 5A                    2519 	.db #0x5a	; 90	'Z'
    0000099E 00                    2520 	.db #0x00	; 0
    0000099F 00                    2521 	.db #0x00	; 0
    000009A0 5A                    2522 	.db #0x5a	; 90	'Z'
    000009A1 00                    2523 	.db #0x00	; 0
    000009A2 00                    2524 	.db #0x00	; 0
    000009A3 5A                    2525 	.db #0x5a	; 90	'Z'
    000009A4 00                    2526 	.db #0x00	; 0
    000009A5 00                    2527 	.db #0x00	; 0
    000009A6 5A                    2528 	.db #0x5a	; 90	'Z'
    000009A7 00                    2529 	.db #0x00	; 0
    000009A8 00                    2530 	.db #0x00	; 0
    000009A9 5A                    2531 	.db #0x5a	; 90	'Z'
    000009AA 00                    2532 	.db #0x00	; 0
    000009AB 00                    2533 	.db #0x00	; 0
    000009AC 5A                    2534 	.db #0x5a	; 90	'Z'
    000009AD 00                    2535 	.db #0x00	; 0
    000009AE 00                    2536 	.db #0x00	; 0
    000009AF 5A                    2537 	.db #0x5a	; 90	'Z'
    000009B0 00                    2538 	.db #0x00	; 0
    000009B1 00                    2539 	.db #0x00	; 0
    000009B2 5A                    2540 	.db #0x5a	; 90	'Z'
    000009B3 00                    2541 	.db #0x00	; 0
    000009B4 00                    2542 	.db #0x00	; 0
    000009B5 5A                    2543 	.db #0x5a	; 90	'Z'
    000009B6 00                    2544 	.db #0x00	; 0
    000009B7 00                    2545 	.db #0x00	; 0
    000009B8 5A                    2546 	.db #0x5a	; 90	'Z'
    000009B9 00                    2547 	.db #0x00	; 0
    000009BA 00                    2548 	.db #0x00	; 0
    000009BB 5A                    2549 	.db #0x5a	; 90	'Z'
    000009BC 00                    2550 	.db #0x00	; 0
    000009BD 00                    2551 	.db #0x00	; 0
    000009BE 5A                    2552 	.db #0x5a	; 90	'Z'
    000009BF 00                    2553 	.db #0x00	; 0
    000009C0 00                    2554 	.db #0x00	; 0
    000009C1                       2555 _P7:
    000009C1 0C                    2556 	.db #0x0c	; 12
    000009C2 20                    2557 	.db #0x20	; 32
    000009C3 00                    2558 	.db #0x00	; 0
    000009C4 0C                    2559 	.db #0x0c	; 12
    000009C5 20                    2560 	.db #0x20	; 32
    000009C6 00                    2561 	.db #0x00	; 0
    000009C7 0C                    2562 	.db #0x0c	; 12
    000009C8 20                    2563 	.db #0x20	; 32
    000009C9 00                    2564 	.db #0x00	; 0
    000009CA 0C                    2565 	.db #0x0c	; 12
    000009CB 20                    2566 	.db #0x20	; 32
    000009CC 00                    2567 	.db #0x00	; 0
    000009CD 0C                    2568 	.db #0x0c	; 12
    000009CE 20                    2569 	.db #0x20	; 32
    000009CF 00                    2570 	.db #0x00	; 0
    000009D0 0C                    2571 	.db #0x0c	; 12
    000009D1 20                    2572 	.db #0x20	; 32
    000009D2 00                    2573 	.db #0x00	; 0
    000009D3 0C                    2574 	.db #0x0c	; 12
    000009D4 20                    2575 	.db #0x20	; 32
    000009D5 00                    2576 	.db #0x00	; 0
    000009D6 0C                    2577 	.db #0x0c	; 12
    000009D7 20                    2578 	.db #0x20	; 32
    000009D8 00                    2579 	.db #0x00	; 0
    000009D9 0C                    2580 	.db #0x0c	; 12
    000009DA 20                    2581 	.db #0x20	; 32
    000009DB 00                    2582 	.db #0x00	; 0
    000009DC 0C                    2583 	.db #0x0c	; 12
    000009DD 20                    2584 	.db #0x20	; 32
    000009DE 00                    2585 	.db #0x00	; 0
    000009DF 0C                    2586 	.db #0x0c	; 12
    000009E0 20                    2587 	.db #0x20	; 32
    000009E1 00                    2588 	.db #0x00	; 0
    000009E2 0C                    2589 	.db #0x0c	; 12
    000009E3 20                    2590 	.db #0x20	; 32
    000009E4 00                    2591 	.db #0x00	; 0
    000009E5 0C                    2592 	.db #0x0c	; 12
    000009E6 20                    2593 	.db #0x20	; 32
    000009E7 00                    2594 	.db #0x00	; 0
    000009E8 0C                    2595 	.db #0x0c	; 12
    000009E9 20                    2596 	.db #0x20	; 32
    000009EA 00                    2597 	.db #0x00	; 0
    000009EB 0C                    2598 	.db #0x0c	; 12
    000009EC 20                    2599 	.db #0x20	; 32
    000009ED 00                    2600 	.db #0x00	; 0
    000009EE 0C                    2601 	.db #0x0c	; 12
    000009EF 20                    2602 	.db #0x20	; 32
    000009F0 00                    2603 	.db #0x00	; 0
    000009F1 0C                    2604 	.db #0x0c	; 12
    000009F2 20                    2605 	.db #0x20	; 32
    000009F3 00                    2606 	.db #0x00	; 0
    000009F4 5A                    2607 	.db #0x5a	; 90	'Z'
    000009F5 00                    2608 	.db #0x00	; 0
    000009F6 00                    2609 	.db #0x00	; 0
    000009F7 5A                    2610 	.db #0x5a	; 90	'Z'
    000009F8 00                    2611 	.db #0x00	; 0
    000009F9 00                    2612 	.db #0x00	; 0
    000009FA 5A                    2613 	.db #0x5a	; 90	'Z'
    000009FB 00                    2614 	.db #0x00	; 0
    000009FC 00                    2615 	.db #0x00	; 0
    000009FD 5A                    2616 	.db #0x5a	; 90	'Z'
    000009FE 00                    2617 	.db #0x00	; 0
    000009FF 00                    2618 	.db #0x00	; 0
    00000A00 5A                    2619 	.db #0x5a	; 90	'Z'
    00000A01 00                    2620 	.db #0x00	; 0
    00000A02 00                    2621 	.db #0x00	; 0
    00000A03 5A                    2622 	.db #0x5a	; 90	'Z'
    00000A04 00                    2623 	.db #0x00	; 0
    00000A05 00                    2624 	.db #0x00	; 0
    00000A06 5A                    2625 	.db #0x5a	; 90	'Z'
    00000A07 00                    2626 	.db #0x00	; 0
    00000A08 00                    2627 	.db #0x00	; 0
    00000A09 5A                    2628 	.db #0x5a	; 90	'Z'
    00000A0A 00                    2629 	.db #0x00	; 0
    00000A0B 00                    2630 	.db #0x00	; 0
    00000A0C 5A                    2631 	.db #0x5a	; 90	'Z'
    00000A0D 00                    2632 	.db #0x00	; 0
    00000A0E 00                    2633 	.db #0x00	; 0
    00000A0F 5A                    2634 	.db #0x5a	; 90	'Z'
    00000A10 00                    2635 	.db #0x00	; 0
    00000A11 00                    2636 	.db #0x00	; 0
    00000A12 5A                    2637 	.db #0x5a	; 90	'Z'
    00000A13 00                    2638 	.db #0x00	; 0
    00000A14 00                    2639 	.db #0x00	; 0
    00000A15 5A                    2640 	.db #0x5a	; 90	'Z'
    00000A16 00                    2641 	.db #0x00	; 0
    00000A17 00                    2642 	.db #0x00	; 0
    00000A18 5A                    2643 	.db #0x5a	; 90	'Z'
    00000A19 00                    2644 	.db #0x00	; 0
    00000A1A 00                    2645 	.db #0x00	; 0
    00000A1B 5A                    2646 	.db #0x5a	; 90	'Z'
    00000A1C 00                    2647 	.db #0x00	; 0
    00000A1D 00                    2648 	.db #0x00	; 0
    00000A1E 5A                    2649 	.db #0x5a	; 90	'Z'
    00000A1F 00                    2650 	.db #0x00	; 0
    00000A20 00                    2651 	.db #0x00	; 0
    00000A21 5A                    2652 	.db #0x5a	; 90	'Z'
    00000A22 00                    2653 	.db #0x00	; 0
    00000A23 00                    2654 	.db #0x00	; 0
    00000A24 5A                    2655 	.db #0x5a	; 90	'Z'
    00000A25 00                    2656 	.db #0x00	; 0
    00000A26 00                    2657 	.db #0x00	; 0
    00000A27 5A                    2658 	.db #0x5a	; 90	'Z'
    00000A28 00                    2659 	.db #0x00	; 0
    00000A29 00                    2660 	.db #0x00	; 0
    00000A2A 5A                    2661 	.db #0x5a	; 90	'Z'
    00000A2B 00                    2662 	.db #0x00	; 0
    00000A2C 00                    2663 	.db #0x00	; 0
    00000A2D 5A                    2664 	.db #0x5a	; 90	'Z'
    00000A2E 00                    2665 	.db #0x00	; 0
    00000A2F 00                    2666 	.db #0x00	; 0
    00000A30 5A                    2667 	.db #0x5a	; 90	'Z'
    00000A31 00                    2668 	.db #0x00	; 0
    00000A32 00                    2669 	.db #0x00	; 0
    00000A33 5A                    2670 	.db #0x5a	; 90	'Z'
    00000A34 00                    2671 	.db #0x00	; 0
    00000A35 00                    2672 	.db #0x00	; 0
    00000A36 5A                    2673 	.db #0x5a	; 90	'Z'
    00000A37 00                    2674 	.db #0x00	; 0
    00000A38 00                    2675 	.db #0x00	; 0
    00000A39 5A                    2676 	.db #0x5a	; 90	'Z'
    00000A3A 00                    2677 	.db #0x00	; 0
    00000A3B 00                    2678 	.db #0x00	; 0
    00000A3C 5A                    2679 	.db #0x5a	; 90	'Z'
    00000A3D 00                    2680 	.db #0x00	; 0
    00000A3E 00                    2681 	.db #0x00	; 0
    00000A3F 5A                    2682 	.db #0x5a	; 90	'Z'
    00000A40 00                    2683 	.db #0x00	; 0
    00000A41 00                    2684 	.db #0x00	; 0
    00000A42 5A                    2685 	.db #0x5a	; 90	'Z'
    00000A43 00                    2686 	.db #0x00	; 0
    00000A44 00                    2687 	.db #0x00	; 0
    00000A45 5A                    2688 	.db #0x5a	; 90	'Z'
    00000A46 00                    2689 	.db #0x00	; 0
    00000A47 00                    2690 	.db #0x00	; 0
    00000A48 5A                    2691 	.db #0x5a	; 90	'Z'
    00000A49 00                    2692 	.db #0x00	; 0
    00000A4A 00                    2693 	.db #0x00	; 0
    00000A4B 5A                    2694 	.db #0x5a	; 90	'Z'
    00000A4C 00                    2695 	.db #0x00	; 0
    00000A4D 00                    2696 	.db #0x00	; 0
    00000A4E 5A                    2697 	.db #0x5a	; 90	'Z'
    00000A4F 00                    2698 	.db #0x00	; 0
    00000A50 00                    2699 	.db #0x00	; 0
    00000A51 5A                    2700 	.db #0x5a	; 90	'Z'
    00000A52 00                    2701 	.db #0x00	; 0
    00000A53 00                    2702 	.db #0x00	; 0
    00000A54 5A                    2703 	.db #0x5a	; 90	'Z'
    00000A55 00                    2704 	.db #0x00	; 0
    00000A56 00                    2705 	.db #0x00	; 0
    00000A57 5A                    2706 	.db #0x5a	; 90	'Z'
    00000A58 00                    2707 	.db #0x00	; 0
    00000A59 00                    2708 	.db #0x00	; 0
    00000A5A 5A                    2709 	.db #0x5a	; 90	'Z'
    00000A5B 00                    2710 	.db #0x00	; 0
    00000A5C 00                    2711 	.db #0x00	; 0
    00000A5D 5A                    2712 	.db #0x5a	; 90	'Z'
    00000A5E 00                    2713 	.db #0x00	; 0
    00000A5F 00                    2714 	.db #0x00	; 0
    00000A60 5A                    2715 	.db #0x5a	; 90	'Z'
    00000A61 00                    2716 	.db #0x00	; 0
    00000A62 00                    2717 	.db #0x00	; 0
    00000A63 5A                    2718 	.db #0x5a	; 90	'Z'
    00000A64 00                    2719 	.db #0x00	; 0
    00000A65 00                    2720 	.db #0x00	; 0
    00000A66 5A                    2721 	.db #0x5a	; 90	'Z'
    00000A67 00                    2722 	.db #0x00	; 0
    00000A68 00                    2723 	.db #0x00	; 0
    00000A69 5A                    2724 	.db #0x5a	; 90	'Z'
    00000A6A 00                    2725 	.db #0x00	; 0
    00000A6B 00                    2726 	.db #0x00	; 0
    00000A6C 5A                    2727 	.db #0x5a	; 90	'Z'
    00000A6D 00                    2728 	.db #0x00	; 0
    00000A6E 00                    2729 	.db #0x00	; 0
    00000A6F 5A                    2730 	.db #0x5a	; 90	'Z'
    00000A70 00                    2731 	.db #0x00	; 0
    00000A71 00                    2732 	.db #0x00	; 0
    00000A72 5A                    2733 	.db #0x5a	; 90	'Z'
    00000A73 00                    2734 	.db #0x00	; 0
    00000A74 00                    2735 	.db #0x00	; 0
    00000A75 5A                    2736 	.db #0x5a	; 90	'Z'
    00000A76 00                    2737 	.db #0x00	; 0
    00000A77 00                    2738 	.db #0x00	; 0
    00000A78 5A                    2739 	.db #0x5a	; 90	'Z'
    00000A79 00                    2740 	.db #0x00	; 0
    00000A7A 00                    2741 	.db #0x00	; 0
    00000A7B 5A                    2742 	.db #0x5a	; 90	'Z'
    00000A7C 00                    2743 	.db #0x00	; 0
    00000A7D 00                    2744 	.db #0x00	; 0
    00000A7E 5A                    2745 	.db #0x5a	; 90	'Z'
    00000A7F 00                    2746 	.db #0x00	; 0
    00000A80 00                    2747 	.db #0x00	; 0
    00000A81                       2748 _P10:
    00000A81 2F                    2749 	.db #0x2f	; 47
    00000A82 20                    2750 	.db #0x20	; 32
    00000A83 00                    2751 	.db #0x00	; 0
    00000A84 5A                    2752 	.db #0x5a	; 90	'Z'
    00000A85 00                    2753 	.db #0x00	; 0
    00000A86 00                    2754 	.db #0x00	; 0
    00000A87 5A                    2755 	.db #0x5a	; 90	'Z'
    00000A88 00                    2756 	.db #0x00	; 0
    00000A89 00                    2757 	.db #0x00	; 0
    00000A8A 5A                    2758 	.db #0x5a	; 90	'Z'
    00000A8B 00                    2759 	.db #0x00	; 0
    00000A8C 00                    2760 	.db #0x00	; 0
    00000A8D 5A                    2761 	.db #0x5a	; 90	'Z'
    00000A8E 00                    2762 	.db #0x00	; 0
    00000A8F 00                    2763 	.db #0x00	; 0
    00000A90 5A                    2764 	.db #0x5a	; 90	'Z'
    00000A91 00                    2765 	.db #0x00	; 0
    00000A92 00                    2766 	.db #0x00	; 0
    00000A93 5A                    2767 	.db #0x5a	; 90	'Z'
    00000A94 00                    2768 	.db #0x00	; 0
    00000A95 00                    2769 	.db #0x00	; 0
    00000A96 5A                    2770 	.db #0x5a	; 90	'Z'
    00000A97 00                    2771 	.db #0x00	; 0
    00000A98 00                    2772 	.db #0x00	; 0
    00000A99 5A                    2773 	.db #0x5a	; 90	'Z'
    00000A9A 00                    2774 	.db #0x00	; 0
    00000A9B 00                    2775 	.db #0x00	; 0
    00000A9C 5A                    2776 	.db #0x5a	; 90	'Z'
    00000A9D 00                    2777 	.db #0x00	; 0
    00000A9E 00                    2778 	.db #0x00	; 0
    00000A9F 5A                    2779 	.db #0x5a	; 90	'Z'
    00000AA0 00                    2780 	.db #0x00	; 0
    00000AA1 00                    2781 	.db #0x00	; 0
    00000AA2 5A                    2782 	.db #0x5a	; 90	'Z'
    00000AA3 00                    2783 	.db #0x00	; 0
    00000AA4 00                    2784 	.db #0x00	; 0
    00000AA5 5A                    2785 	.db #0x5a	; 90	'Z'
    00000AA6 00                    2786 	.db #0x00	; 0
    00000AA7 00                    2787 	.db #0x00	; 0
    00000AA8 5A                    2788 	.db #0x5a	; 90	'Z'
    00000AA9 00                    2789 	.db #0x00	; 0
    00000AAA 00                    2790 	.db #0x00	; 0
    00000AAB 5A                    2791 	.db #0x5a	; 90	'Z'
    00000AAC 00                    2792 	.db #0x00	; 0
    00000AAD 00                    2793 	.db #0x00	; 0
    00000AAE 5A                    2794 	.db #0x5a	; 90	'Z'
    00000AAF 00                    2795 	.db #0x00	; 0
    00000AB0 00                    2796 	.db #0x00	; 0
    00000AB1 5A                    2797 	.db #0x5a	; 90	'Z'
    00000AB2 02                    2798 	.db #0x02	; 2
    00000AB3 59                    2799 	.db #0x59	; 89	'Y'
    00000AB4 5A                    2800 	.db #0x5a	; 90	'Z'
    00000AB5 02                    2801 	.db #0x02	; 2
    00000AB6 59                    2802 	.db #0x59	; 89	'Y'
    00000AB7 5A                    2803 	.db #0x5a	; 90	'Z'
    00000AB8 0C                    2804 	.db #0x0c	; 12
    00000AB9 00                    2805 	.db #0x00	; 0
    00000ABA 5A                    2806 	.db #0x5a	; 90	'Z'
    00000ABB 00                    2807 	.db #0x00	; 0
    00000ABC 00                    2808 	.db #0x00	; 0
    00000ABD 5A                    2809 	.db #0x5a	; 90	'Z'
    00000ABE 00                    2810 	.db #0x00	; 0
    00000ABF 00                    2811 	.db #0x00	; 0
    00000AC0 5A                    2812 	.db #0x5a	; 90	'Z'
    00000AC1 00                    2813 	.db #0x00	; 0
    00000AC2 00                    2814 	.db #0x00	; 0
    00000AC3 5A                    2815 	.db #0x5a	; 90	'Z'
    00000AC4 00                    2816 	.db #0x00	; 0
    00000AC5 00                    2817 	.db #0x00	; 0
    00000AC6 5A                    2818 	.db #0x5a	; 90	'Z'
    00000AC7 00                    2819 	.db #0x00	; 0
    00000AC8 00                    2820 	.db #0x00	; 0
    00000AC9 5A                    2821 	.db #0x5a	; 90	'Z'
    00000ACA 00                    2822 	.db #0x00	; 0
    00000ACB 00                    2823 	.db #0x00	; 0
    00000ACC 5A                    2824 	.db #0x5a	; 90	'Z'
    00000ACD 00                    2825 	.db #0x00	; 0
    00000ACE 00                    2826 	.db #0x00	; 0
    00000ACF 5A                    2827 	.db #0x5a	; 90	'Z'
    00000AD0 00                    2828 	.db #0x00	; 0
    00000AD1 00                    2829 	.db #0x00	; 0
    00000AD2 5A                    2830 	.db #0x5a	; 90	'Z'
    00000AD3 00                    2831 	.db #0x00	; 0
    00000AD4 00                    2832 	.db #0x00	; 0
    00000AD5 5A                    2833 	.db #0x5a	; 90	'Z'
    00000AD6 00                    2834 	.db #0x00	; 0
    00000AD7 00                    2835 	.db #0x00	; 0
    00000AD8 5A                    2836 	.db #0x5a	; 90	'Z'
    00000AD9 00                    2837 	.db #0x00	; 0
    00000ADA 00                    2838 	.db #0x00	; 0
    00000ADB 5A                    2839 	.db #0x5a	; 90	'Z'
    00000ADC 00                    2840 	.db #0x00	; 0
    00000ADD 00                    2841 	.db #0x00	; 0
    00000ADE 5A                    2842 	.db #0x5a	; 90	'Z'
    00000ADF 00                    2843 	.db #0x00	; 0
    00000AE0 00                    2844 	.db #0x00	; 0
    00000AE1 5A                    2845 	.db #0x5a	; 90	'Z'
    00000AE2 00                    2846 	.db #0x00	; 0
    00000AE3 00                    2847 	.db #0x00	; 0
    00000AE4 5A                    2848 	.db #0x5a	; 90	'Z'
    00000AE5 00                    2849 	.db #0x00	; 0
    00000AE6 00                    2850 	.db #0x00	; 0
    00000AE7 5A                    2851 	.db #0x5a	; 90	'Z'
    00000AE8 00                    2852 	.db #0x00	; 0
    00000AE9 00                    2853 	.db #0x00	; 0
    00000AEA 5A                    2854 	.db #0x5a	; 90	'Z'
    00000AEB 00                    2855 	.db #0x00	; 0
    00000AEC 00                    2856 	.db #0x00	; 0
    00000AED 5A                    2857 	.db #0x5a	; 90	'Z'
    00000AEE 00                    2858 	.db #0x00	; 0
    00000AEF 00                    2859 	.db #0x00	; 0
    00000AF0 5A                    2860 	.db #0x5a	; 90	'Z'
    00000AF1 00                    2861 	.db #0x00	; 0
    00000AF2 00                    2862 	.db #0x00	; 0
    00000AF3 5A                    2863 	.db #0x5a	; 90	'Z'
    00000AF4 00                    2864 	.db #0x00	; 0
    00000AF5 00                    2865 	.db #0x00	; 0
    00000AF6 5A                    2866 	.db #0x5a	; 90	'Z'
    00000AF7 00                    2867 	.db #0x00	; 0
    00000AF8 00                    2868 	.db #0x00	; 0
    00000AF9 5A                    2869 	.db #0x5a	; 90	'Z'
    00000AFA 00                    2870 	.db #0x00	; 0
    00000AFB 00                    2871 	.db #0x00	; 0
    00000AFC 5A                    2872 	.db #0x5a	; 90	'Z'
    00000AFD 00                    2873 	.db #0x00	; 0
    00000AFE 00                    2874 	.db #0x00	; 0
    00000AFF 5A                    2875 	.db #0x5a	; 90	'Z'
    00000B00 00                    2876 	.db #0x00	; 0
    00000B01 00                    2877 	.db #0x00	; 0
    00000B02 5A                    2878 	.db #0x5a	; 90	'Z'
    00000B03 00                    2879 	.db #0x00	; 0
    00000B04 00                    2880 	.db #0x00	; 0
    00000B05 5A                    2881 	.db #0x5a	; 90	'Z'
    00000B06 00                    2882 	.db #0x00	; 0
    00000B07 00                    2883 	.db #0x00	; 0
    00000B08 5A                    2884 	.db #0x5a	; 90	'Z'
    00000B09 00                    2885 	.db #0x00	; 0
    00000B0A 00                    2886 	.db #0x00	; 0
    00000B0B 5A                    2887 	.db #0x5a	; 90	'Z'
    00000B0C 00                    2888 	.db #0x00	; 0
    00000B0D 00                    2889 	.db #0x00	; 0
    00000B0E 5A                    2890 	.db #0x5a	; 90	'Z'
    00000B0F 00                    2891 	.db #0x00	; 0
    00000B10 00                    2892 	.db #0x00	; 0
    00000B11 5A                    2893 	.db #0x5a	; 90	'Z'
    00000B12 00                    2894 	.db #0x00	; 0
    00000B13 00                    2895 	.db #0x00	; 0
    00000B14 5A                    2896 	.db #0x5a	; 90	'Z'
    00000B15 00                    2897 	.db #0x00	; 0
    00000B16 00                    2898 	.db #0x00	; 0
    00000B17 5A                    2899 	.db #0x5a	; 90	'Z'
    00000B18 00                    2900 	.db #0x00	; 0
    00000B19 00                    2901 	.db #0x00	; 0
    00000B1A 5A                    2902 	.db #0x5a	; 90	'Z'
    00000B1B 00                    2903 	.db #0x00	; 0
    00000B1C 00                    2904 	.db #0x00	; 0
    00000B1D 5A                    2905 	.db #0x5a	; 90	'Z'
    00000B1E 00                    2906 	.db #0x00	; 0
    00000B1F 00                    2907 	.db #0x00	; 0
    00000B20 5A                    2908 	.db #0x5a	; 90	'Z'
    00000B21 00                    2909 	.db #0x00	; 0
    00000B22 00                    2910 	.db #0x00	; 0
    00000B23 5A                    2911 	.db #0x5a	; 90	'Z'
    00000B24 00                    2912 	.db #0x00	; 0
    00000B25 00                    2913 	.db #0x00	; 0
    00000B26 5A                    2914 	.db #0x5a	; 90	'Z'
    00000B27 00                    2915 	.db #0x00	; 0
    00000B28 00                    2916 	.db #0x00	; 0
    00000B29 5A                    2917 	.db #0x5a	; 90	'Z'
    00000B2A 00                    2918 	.db #0x00	; 0
    00000B2B 00                    2919 	.db #0x00	; 0
    00000B2C 5A                    2920 	.db #0x5a	; 90	'Z'
    00000B2D 00                    2921 	.db #0x00	; 0
    00000B2E 00                    2922 	.db #0x00	; 0
    00000B2F 5A                    2923 	.db #0x5a	; 90	'Z'
    00000B30 00                    2924 	.db #0x00	; 0
    00000B31 00                    2925 	.db #0x00	; 0
    00000B32 5A                    2926 	.db #0x5a	; 90	'Z'
    00000B33 00                    2927 	.db #0x00	; 0
    00000B34 00                    2928 	.db #0x00	; 0
    00000B35 5A                    2929 	.db #0x5a	; 90	'Z'
    00000B36 00                    2930 	.db #0x00	; 0
    00000B37 00                    2931 	.db #0x00	; 0
    00000B38 5A                    2932 	.db #0x5a	; 90	'Z'
    00000B39 00                    2933 	.db #0x00	; 0
    00000B3A 00                    2934 	.db #0x00	; 0
    00000B3B 5A                    2935 	.db #0x5a	; 90	'Z'
    00000B3C 00                    2936 	.db #0x00	; 0
    00000B3D 00                    2937 	.db #0x00	; 0
    00000B3E 5A                    2938 	.db #0x5a	; 90	'Z'
    00000B3F 00                    2939 	.db #0x00	; 0
    00000B40 00                    2940 	.db #0x00	; 0
    00000B41                       2941 _P15:
    00000B41 29                    2942 	.db #0x29	; 41
    00000B42 50                    2943 	.db #0x50	; 80	'P'
    00000B43 00                    2944 	.db #0x00	; 0
    00000B44 29                    2945 	.db #0x29	; 41
    00000B45 50                    2946 	.db #0x50	; 80	'P'
    00000B46 00                    2947 	.db #0x00	; 0
    00000B47 29                    2948 	.db #0x29	; 41
    00000B48 50                    2949 	.db #0x50	; 80	'P'
    00000B49 00                    2950 	.db #0x00	; 0
    00000B4A 29                    2951 	.db #0x29	; 41
    00000B4B 50                    2952 	.db #0x50	; 80	'P'
    00000B4C 00                    2953 	.db #0x00	; 0
    00000B4D 29                    2954 	.db #0x29	; 41
    00000B4E 50                    2955 	.db #0x50	; 80	'P'
    00000B4F 00                    2956 	.db #0x00	; 0
    00000B50 29                    2957 	.db #0x29	; 41
    00000B51 50                    2958 	.db #0x50	; 80	'P'
    00000B52 00                    2959 	.db #0x00	; 0
    00000B53 29                    2960 	.db #0x29	; 41
    00000B54 50                    2961 	.db #0x50	; 80	'P'
    00000B55 00                    2962 	.db #0x00	; 0
    00000B56 29                    2963 	.db #0x29	; 41
    00000B57 50                    2964 	.db #0x50	; 80	'P'
    00000B58 00                    2965 	.db #0x00	; 0
    00000B59 29                    2966 	.db #0x29	; 41
    00000B5A 50                    2967 	.db #0x50	; 80	'P'
    00000B5B 00                    2968 	.db #0x00	; 0
    00000B5C 29                    2969 	.db #0x29	; 41
    00000B5D 50                    2970 	.db #0x50	; 80	'P'
    00000B5E 00                    2971 	.db #0x00	; 0
    00000B5F 29                    2972 	.db #0x29	; 41
    00000B60 50                    2973 	.db #0x50	; 80	'P'
    00000B61 00                    2974 	.db #0x00	; 0
    00000B62 29                    2975 	.db #0x29	; 41
    00000B63 50                    2976 	.db #0x50	; 80	'P'
    00000B64 00                    2977 	.db #0x00	; 0
    00000B65 29                    2978 	.db #0x29	; 41
    00000B66 50                    2979 	.db #0x50	; 80	'P'
    00000B67 00                    2980 	.db #0x00	; 0
    00000B68 29                    2981 	.db #0x29	; 41
    00000B69 50                    2982 	.db #0x50	; 80	'P'
    00000B6A 00                    2983 	.db #0x00	; 0
    00000B6B 29                    2984 	.db #0x29	; 41
    00000B6C 50                    2985 	.db #0x50	; 80	'P'
    00000B6D 00                    2986 	.db #0x00	; 0
    00000B6E 29                    2987 	.db #0x29	; 41
    00000B6F 50                    2988 	.db #0x50	; 80	'P'
    00000B70 00                    2989 	.db #0x00	; 0
    00000B71 29                    2990 	.db #0x29	; 41
    00000B72 30                    2991 	.db #0x30	; 48	'0'
    00000B73 00                    2992 	.db #0x00	; 0
    00000B74 5A                    2993 	.db #0x5a	; 90	'Z'
    00000B75 00                    2994 	.db #0x00	; 0
    00000B76 00                    2995 	.db #0x00	; 0
    00000B77 5A                    2996 	.db #0x5a	; 90	'Z'
    00000B78 00                    2997 	.db #0x00	; 0
    00000B79 00                    2998 	.db #0x00	; 0
    00000B7A 5A                    2999 	.db #0x5a	; 90	'Z'
    00000B7B 00                    3000 	.db #0x00	; 0
    00000B7C 00                    3001 	.db #0x00	; 0
    00000B7D 5A                    3002 	.db #0x5a	; 90	'Z'
    00000B7E 00                    3003 	.db #0x00	; 0
    00000B7F 00                    3004 	.db #0x00	; 0
    00000B80 5A                    3005 	.db #0x5a	; 90	'Z'
    00000B81 00                    3006 	.db #0x00	; 0
    00000B82 00                    3007 	.db #0x00	; 0
    00000B83 37                    3008 	.db #0x37	; 55	'7'
    00000B84 2C                    3009 	.db #0x2c	; 44
    00000B85 01                    3010 	.db #0x01	; 1
    00000B86 37                    3011 	.db #0x37	; 55	'7'
    00000B87 2C                    3012 	.db #0x2c	; 44
    00000B88 02                    3013 	.db #0x02	; 2
    00000B89 37                    3014 	.db #0x37	; 55	'7'
    00000B8A 2C                    3015 	.db #0x2c	; 44
    00000B8B 03                    3016 	.db #0x03	; 3
    00000B8C 37                    3017 	.db #0x37	; 55	'7'
    00000B8D 2C                    3018 	.db #0x2c	; 44
    00000B8E 04                    3019 	.db #0x04	; 4
    00000B8F 37                    3020 	.db #0x37	; 55	'7'
    00000B90 2C                    3021 	.db #0x2c	; 44
    00000B91 05                    3022 	.db #0x05	; 5
    00000B92 37                    3023 	.db #0x37	; 55	'7'
    00000B93 2C                    3024 	.db #0x2c	; 44
    00000B94 06                    3025 	.db #0x06	; 6
    00000B95 37                    3026 	.db #0x37	; 55	'7'
    00000B96 2C                    3027 	.db #0x2c	; 44
    00000B97 07                    3028 	.db #0x07	; 7
    00000B98 37                    3029 	.db #0x37	; 55	'7'
    00000B99 2C                    3030 	.db #0x2c	; 44
    00000B9A 07                    3031 	.db #0x07	; 7
    00000B9B 37                    3032 	.db #0x37	; 55	'7'
    00000B9C 2C                    3033 	.db #0x2c	; 44
    00000B9D 07                    3034 	.db #0x07	; 7
    00000B9E 37                    3035 	.db #0x37	; 55	'7'
    00000B9F 2C                    3036 	.db #0x2c	; 44
    00000BA0 07                    3037 	.db #0x07	; 7
    00000BA1 5A                    3038 	.db #0x5a	; 90	'Z'
    00000BA2 00                    3039 	.db #0x00	; 0
    00000BA3 00                    3040 	.db #0x00	; 0
    00000BA4 5A                    3041 	.db #0x5a	; 90	'Z'
    00000BA5 00                    3042 	.db #0x00	; 0
    00000BA6 00                    3043 	.db #0x00	; 0
    00000BA7 5A                    3044 	.db #0x5a	; 90	'Z'
    00000BA8 00                    3045 	.db #0x00	; 0
    00000BA9 00                    3046 	.db #0x00	; 0
    00000BAA 5A                    3047 	.db #0x5a	; 90	'Z'
    00000BAB 00                    3048 	.db #0x00	; 0
    00000BAC 00                    3049 	.db #0x00	; 0
    00000BAD 5A                    3050 	.db #0x5a	; 90	'Z'
    00000BAE 00                    3051 	.db #0x00	; 0
    00000BAF 00                    3052 	.db #0x00	; 0
    00000BB0 5A                    3053 	.db #0x5a	; 90	'Z'
    00000BB1 00                    3054 	.db #0x00	; 0
    00000BB2 00                    3055 	.db #0x00	; 0
    00000BB3 5A                    3056 	.db #0x5a	; 90	'Z'
    00000BB4 00                    3057 	.db #0x00	; 0
    00000BB5 00                    3058 	.db #0x00	; 0
    00000BB6 5A                    3059 	.db #0x5a	; 90	'Z'
    00000BB7 00                    3060 	.db #0x00	; 0
    00000BB8 00                    3061 	.db #0x00	; 0
    00000BB9 5A                    3062 	.db #0x5a	; 90	'Z'
    00000BBA 00                    3063 	.db #0x00	; 0
    00000BBB 00                    3064 	.db #0x00	; 0
    00000BBC 5A                    3065 	.db #0x5a	; 90	'Z'
    00000BBD 00                    3066 	.db #0x00	; 0
    00000BBE 00                    3067 	.db #0x00	; 0
    00000BBF 5A                    3068 	.db #0x5a	; 90	'Z'
    00000BC0 00                    3069 	.db #0x00	; 0
    00000BC1 00                    3070 	.db #0x00	; 0
    00000BC2 5A                    3071 	.db #0x5a	; 90	'Z'
    00000BC3 00                    3072 	.db #0x00	; 0
    00000BC4 00                    3073 	.db #0x00	; 0
    00000BC5 5A                    3074 	.db #0x5a	; 90	'Z'
    00000BC6 00                    3075 	.db #0x00	; 0
    00000BC7 00                    3076 	.db #0x00	; 0
    00000BC8 5A                    3077 	.db #0x5a	; 90	'Z'
    00000BC9 00                    3078 	.db #0x00	; 0
    00000BCA 00                    3079 	.db #0x00	; 0
    00000BCB 5A                    3080 	.db #0x5a	; 90	'Z'
    00000BCC 00                    3081 	.db #0x00	; 0
    00000BCD 00                    3082 	.db #0x00	; 0
    00000BCE 5A                    3083 	.db #0x5a	; 90	'Z'
    00000BCF 00                    3084 	.db #0x00	; 0
    00000BD0 00                    3085 	.db #0x00	; 0
    00000BD1 5A                    3086 	.db #0x5a	; 90	'Z'
    00000BD2 00                    3087 	.db #0x00	; 0
    00000BD3 00                    3088 	.db #0x00	; 0
    00000BD4 5A                    3089 	.db #0x5a	; 90	'Z'
    00000BD5 00                    3090 	.db #0x00	; 0
    00000BD6 00                    3091 	.db #0x00	; 0
    00000BD7 5A                    3092 	.db #0x5a	; 90	'Z'
    00000BD8 00                    3093 	.db #0x00	; 0
    00000BD9 00                    3094 	.db #0x00	; 0
    00000BDA 5A                    3095 	.db #0x5a	; 90	'Z'
    00000BDB 00                    3096 	.db #0x00	; 0
    00000BDC 00                    3097 	.db #0x00	; 0
    00000BDD 5A                    3098 	.db #0x5a	; 90	'Z'
    00000BDE 00                    3099 	.db #0x00	; 0
    00000BDF 00                    3100 	.db #0x00	; 0
    00000BE0 5A                    3101 	.db #0x5a	; 90	'Z'
    00000BE1 00                    3102 	.db #0x00	; 0
    00000BE2 00                    3103 	.db #0x00	; 0
    00000BE3 5A                    3104 	.db #0x5a	; 90	'Z'
    00000BE4 00                    3105 	.db #0x00	; 0
    00000BE5 00                    3106 	.db #0x00	; 0
    00000BE6 5A                    3107 	.db #0x5a	; 90	'Z'
    00000BE7 00                    3108 	.db #0x00	; 0
    00000BE8 00                    3109 	.db #0x00	; 0
    00000BE9 5A                    3110 	.db #0x5a	; 90	'Z'
    00000BEA 00                    3111 	.db #0x00	; 0
    00000BEB 00                    3112 	.db #0x00	; 0
    00000BEC 5A                    3113 	.db #0x5a	; 90	'Z'
    00000BED 00                    3114 	.db #0x00	; 0
    00000BEE 00                    3115 	.db #0x00	; 0
    00000BEF 5A                    3116 	.db #0x5a	; 90	'Z'
    00000BF0 00                    3117 	.db #0x00	; 0
    00000BF1 00                    3118 	.db #0x00	; 0
    00000BF2 5A                    3119 	.db #0x5a	; 90	'Z'
    00000BF3 00                    3120 	.db #0x00	; 0
    00000BF4 00                    3121 	.db #0x00	; 0
    00000BF5 5A                    3122 	.db #0x5a	; 90	'Z'
    00000BF6 00                    3123 	.db #0x00	; 0
    00000BF7 00                    3124 	.db #0x00	; 0
    00000BF8 5A                    3125 	.db #0x5a	; 90	'Z'
    00000BF9 00                    3126 	.db #0x00	; 0
    00000BFA 00                    3127 	.db #0x00	; 0
    00000BFB 5A                    3128 	.db #0x5a	; 90	'Z'
    00000BFC 00                    3129 	.db #0x00	; 0
    00000BFD 00                    3130 	.db #0x00	; 0
    00000BFE 5A                    3131 	.db #0x5a	; 90	'Z'
    00000BFF 00                    3132 	.db #0x00	; 0
    00000C00 00                    3133 	.db #0x00	; 0
    00000C01                       3134 _P16:
    00000C01 18                    3135 	.db #0x18	; 24
    00000C02 40                    3136 	.db #0x40	; 64
    00000C03 00                    3137 	.db #0x00	; 0
    00000C04 5A                    3138 	.db #0x5a	; 90	'Z'
    00000C05 00                    3139 	.db #0x00	; 0
    00000C06 00                    3140 	.db #0x00	; 0
    00000C07 0E                    3141 	.db #0x0e	; 14
    00000C08 30                    3142 	.db #0x30	; 48	'0'
    00000C09 00                    3143 	.db #0x00	; 0
    00000C0A 5A                    3144 	.db #0x5a	; 90	'Z'
    00000C0B 00                    3145 	.db #0x00	; 0
    00000C0C 00                    3146 	.db #0x00	; 0
    00000C0D 18                    3147 	.db #0x18	; 24
    00000C0E 40                    3148 	.db #0x40	; 64
    00000C0F 00                    3149 	.db #0x00	; 0
    00000C10 5A                    3150 	.db #0x5a	; 90	'Z'
    00000C11 00                    3151 	.db #0x00	; 0
    00000C12 00                    3152 	.db #0x00	; 0
    00000C13 0E                    3153 	.db #0x0e	; 14
    00000C14 30                    3154 	.db #0x30	; 48	'0'
    00000C15 00                    3155 	.db #0x00	; 0
    00000C16 5A                    3156 	.db #0x5a	; 90	'Z'
    00000C17 00                    3157 	.db #0x00	; 0
    00000C18 00                    3158 	.db #0x00	; 0
    00000C19 18                    3159 	.db #0x18	; 24
    00000C1A 40                    3160 	.db #0x40	; 64
    00000C1B 00                    3161 	.db #0x00	; 0
    00000C1C 5A                    3162 	.db #0x5a	; 90	'Z'
    00000C1D 00                    3163 	.db #0x00	; 0
    00000C1E 00                    3164 	.db #0x00	; 0
    00000C1F 0E                    3165 	.db #0x0e	; 14
    00000C20 30                    3166 	.db #0x30	; 48	'0'
    00000C21 00                    3167 	.db #0x00	; 0
    00000C22 5A                    3168 	.db #0x5a	; 90	'Z'
    00000C23 00                    3169 	.db #0x00	; 0
    00000C24 00                    3170 	.db #0x00	; 0
    00000C25 18                    3171 	.db #0x18	; 24
    00000C26 40                    3172 	.db #0x40	; 64
    00000C27 00                    3173 	.db #0x00	; 0
    00000C28 5A                    3174 	.db #0x5a	; 90	'Z'
    00000C29 00                    3175 	.db #0x00	; 0
    00000C2A 00                    3176 	.db #0x00	; 0
    00000C2B 0E                    3177 	.db #0x0e	; 14
    00000C2C 30                    3178 	.db #0x30	; 48	'0'
    00000C2D 00                    3179 	.db #0x00	; 0
    00000C2E 5A                    3180 	.db #0x5a	; 90	'Z'
    00000C2F 00                    3181 	.db #0x00	; 0
    00000C30 00                    3182 	.db #0x00	; 0
    00000C31 18                    3183 	.db #0x18	; 24
    00000C32 40                    3184 	.db #0x40	; 64
    00000C33 00                    3185 	.db #0x00	; 0
    00000C34 5A                    3186 	.db #0x5a	; 90	'Z'
    00000C35 00                    3187 	.db #0x00	; 0
    00000C36 00                    3188 	.db #0x00	; 0
    00000C37 15                    3189 	.db #0x15	; 21
    00000C38 30                    3190 	.db #0x30	; 48	'0'
    00000C39 00                    3191 	.db #0x00	; 0
    00000C3A 5A                    3192 	.db #0x5a	; 90	'Z'
    00000C3B 00                    3193 	.db #0x00	; 0
    00000C3C 00                    3194 	.db #0x00	; 0
    00000C3D 18                    3195 	.db #0x18	; 24
    00000C3E 40                    3196 	.db #0x40	; 64
    00000C3F 00                    3197 	.db #0x00	; 0
    00000C40 5A                    3198 	.db #0x5a	; 90	'Z'
    00000C41 00                    3199 	.db #0x00	; 0
    00000C42 00                    3200 	.db #0x00	; 0
    00000C43 15                    3201 	.db #0x15	; 21
    00000C44 30                    3202 	.db #0x30	; 48	'0'
    00000C45 00                    3203 	.db #0x00	; 0
    00000C46 5A                    3204 	.db #0x5a	; 90	'Z'
    00000C47 00                    3205 	.db #0x00	; 0
    00000C48 00                    3206 	.db #0x00	; 0
    00000C49 18                    3207 	.db #0x18	; 24
    00000C4A 40                    3208 	.db #0x40	; 64
    00000C4B 00                    3209 	.db #0x00	; 0
    00000C4C 5A                    3210 	.db #0x5a	; 90	'Z'
    00000C4D 00                    3211 	.db #0x00	; 0
    00000C4E 00                    3212 	.db #0x00	; 0
    00000C4F 15                    3213 	.db #0x15	; 21
    00000C50 30                    3214 	.db #0x30	; 48	'0'
    00000C51 00                    3215 	.db #0x00	; 0
    00000C52 5A                    3216 	.db #0x5a	; 90	'Z'
    00000C53 00                    3217 	.db #0x00	; 0
    00000C54 00                    3218 	.db #0x00	; 0
    00000C55 18                    3219 	.db #0x18	; 24
    00000C56 40                    3220 	.db #0x40	; 64
    00000C57 00                    3221 	.db #0x00	; 0
    00000C58 5A                    3222 	.db #0x5a	; 90	'Z'
    00000C59 00                    3223 	.db #0x00	; 0
    00000C5A 00                    3224 	.db #0x00	; 0
    00000C5B 15                    3225 	.db #0x15	; 21
    00000C5C 30                    3226 	.db #0x30	; 48	'0'
    00000C5D 00                    3227 	.db #0x00	; 0
    00000C5E 5A                    3228 	.db #0x5a	; 90	'Z'
    00000C5F 00                    3229 	.db #0x00	; 0
    00000C60 00                    3230 	.db #0x00	; 0
    00000C61 18                    3231 	.db #0x18	; 24
    00000C62 40                    3232 	.db #0x40	; 64
    00000C63 00                    3233 	.db #0x00	; 0
    00000C64 5A                    3234 	.db #0x5a	; 90	'Z'
    00000C65 00                    3235 	.db #0x00	; 0
    00000C66 00                    3236 	.db #0x00	; 0
    00000C67 15                    3237 	.db #0x15	; 21
    00000C68 30                    3238 	.db #0x30	; 48	'0'
    00000C69 00                    3239 	.db #0x00	; 0
    00000C6A 5A                    3240 	.db #0x5a	; 90	'Z'
    00000C6B 00                    3241 	.db #0x00	; 0
    00000C6C 00                    3242 	.db #0x00	; 0
    00000C6D 18                    3243 	.db #0x18	; 24
    00000C6E 40                    3244 	.db #0x40	; 64
    00000C6F 00                    3245 	.db #0x00	; 0
    00000C70 5A                    3246 	.db #0x5a	; 90	'Z'
    00000C71 00                    3247 	.db #0x00	; 0
    00000C72 00                    3248 	.db #0x00	; 0
    00000C73 15                    3249 	.db #0x15	; 21
    00000C74 30                    3250 	.db #0x30	; 48	'0'
    00000C75 00                    3251 	.db #0x00	; 0
    00000C76 5A                    3252 	.db #0x5a	; 90	'Z'
    00000C77 00                    3253 	.db #0x00	; 0
    00000C78 00                    3254 	.db #0x00	; 0
    00000C79 18                    3255 	.db #0x18	; 24
    00000C7A 40                    3256 	.db #0x40	; 64
    00000C7B 00                    3257 	.db #0x00	; 0
    00000C7C 5A                    3258 	.db #0x5a	; 90	'Z'
    00000C7D 00                    3259 	.db #0x00	; 0
    00000C7E 00                    3260 	.db #0x00	; 0
    00000C7F 15                    3261 	.db #0x15	; 21
    00000C80 30                    3262 	.db #0x30	; 48	'0'
    00000C81 00                    3263 	.db #0x00	; 0
    00000C82 5A                    3264 	.db #0x5a	; 90	'Z'
    00000C83 00                    3265 	.db #0x00	; 0
    00000C84 00                    3266 	.db #0x00	; 0
    00000C85 18                    3267 	.db #0x18	; 24
    00000C86 40                    3268 	.db #0x40	; 64
    00000C87 00                    3269 	.db #0x00	; 0
    00000C88 5A                    3270 	.db #0x5a	; 90	'Z'
    00000C89 00                    3271 	.db #0x00	; 0
    00000C8A 00                    3272 	.db #0x00	; 0
    00000C8B 15                    3273 	.db #0x15	; 21
    00000C8C 30                    3274 	.db #0x30	; 48	'0'
    00000C8D 00                    3275 	.db #0x00	; 0
    00000C8E 5A                    3276 	.db #0x5a	; 90	'Z'
    00000C8F 00                    3277 	.db #0x00	; 0
    00000C90 00                    3278 	.db #0x00	; 0
    00000C91 18                    3279 	.db #0x18	; 24
    00000C92 40                    3280 	.db #0x40	; 64
    00000C93 00                    3281 	.db #0x00	; 0
    00000C94 5A                    3282 	.db #0x5a	; 90	'Z'
    00000C95 00                    3283 	.db #0x00	; 0
    00000C96 00                    3284 	.db #0x00	; 0
    00000C97 13                    3285 	.db #0x13	; 19
    00000C98 30                    3286 	.db #0x30	; 48	'0'
    00000C99 00                    3287 	.db #0x00	; 0
    00000C9A 5A                    3288 	.db #0x5a	; 90	'Z'
    00000C9B 00                    3289 	.db #0x00	; 0
    00000C9C 00                    3290 	.db #0x00	; 0
    00000C9D 18                    3291 	.db #0x18	; 24
    00000C9E 40                    3292 	.db #0x40	; 64
    00000C9F 00                    3293 	.db #0x00	; 0
    00000CA0 5A                    3294 	.db #0x5a	; 90	'Z'
    00000CA1 00                    3295 	.db #0x00	; 0
    00000CA2 00                    3296 	.db #0x00	; 0
    00000CA3 13                    3297 	.db #0x13	; 19
    00000CA4 30                    3298 	.db #0x30	; 48	'0'
    00000CA5 00                    3299 	.db #0x00	; 0
    00000CA6 5A                    3300 	.db #0x5a	; 90	'Z'
    00000CA7 00                    3301 	.db #0x00	; 0
    00000CA8 00                    3302 	.db #0x00	; 0
    00000CA9 18                    3303 	.db #0x18	; 24
    00000CAA 40                    3304 	.db #0x40	; 64
    00000CAB 00                    3305 	.db #0x00	; 0
    00000CAC 5A                    3306 	.db #0x5a	; 90	'Z'
    00000CAD 00                    3307 	.db #0x00	; 0
    00000CAE 00                    3308 	.db #0x00	; 0
    00000CAF 13                    3309 	.db #0x13	; 19
    00000CB0 30                    3310 	.db #0x30	; 48	'0'
    00000CB1 00                    3311 	.db #0x00	; 0
    00000CB2 5A                    3312 	.db #0x5a	; 90	'Z'
    00000CB3 00                    3313 	.db #0x00	; 0
    00000CB4 00                    3314 	.db #0x00	; 0
    00000CB5 18                    3315 	.db #0x18	; 24
    00000CB6 40                    3316 	.db #0x40	; 64
    00000CB7 00                    3317 	.db #0x00	; 0
    00000CB8 5A                    3318 	.db #0x5a	; 90	'Z'
    00000CB9 00                    3319 	.db #0x00	; 0
    00000CBA 00                    3320 	.db #0x00	; 0
    00000CBB 13                    3321 	.db #0x13	; 19
    00000CBC 30                    3322 	.db #0x30	; 48	'0'
    00000CBD 00                    3323 	.db #0x00	; 0
    00000CBE 5A                    3324 	.db #0x5a	; 90	'Z'
    00000CBF 00                    3325 	.db #0x00	; 0
    00000CC0 00                    3326 	.db #0x00	; 0
    00000CC1                       3327 _P19:
    00000CC1 35                    3328 	.db #0x35	; 53	'5'
    00000CC2 60                    3329 	.db #0x60	; 96
    00000CC3 00                    3330 	.db #0x00	; 0
    00000CC4 5A                    3331 	.db #0x5a	; 90	'Z'
    00000CC5 00                    3332 	.db #0x00	; 0
    00000CC6 00                    3333 	.db #0x00	; 0
    00000CC7 33                    3334 	.db #0x33	; 51	'3'
    00000CC8 60                    3335 	.db #0x60	; 96
    00000CC9 00                    3336 	.db #0x00	; 0
    00000CCA 5A                    3337 	.db #0x5a	; 90	'Z'
    00000CCB 00                    3338 	.db #0x00	; 0
    00000CCC 00                    3339 	.db #0x00	; 0
    00000CCD 36                    3340 	.db #0x36	; 54	'6'
    00000CCE 70                    3341 	.db #0x70	; 112	'p'
    00000CCF 00                    3342 	.db #0x00	; 0
    00000CD0 5A                    3343 	.db #0x5a	; 90	'Z'
    00000CD1 00                    3344 	.db #0x00	; 0
    00000CD2 00                    3345 	.db #0x00	; 0
    00000CD3 33                    3346 	.db #0x33	; 51	'3'
    00000CD4 60                    3347 	.db #0x60	; 96
    00000CD5 00                    3348 	.db #0x00	; 0
    00000CD6 5A                    3349 	.db #0x5a	; 90	'Z'
    00000CD7 00                    3350 	.db #0x00	; 0
    00000CD8 00                    3351 	.db #0x00	; 0
    00000CD9 35                    3352 	.db #0x35	; 53	'5'
    00000CDA 60                    3353 	.db #0x60	; 96
    00000CDB 00                    3354 	.db #0x00	; 0
    00000CDC 5A                    3355 	.db #0x5a	; 90	'Z'
    00000CDD 00                    3356 	.db #0x00	; 0
    00000CDE 00                    3357 	.db #0x00	; 0
    00000CDF 33                    3358 	.db #0x33	; 51	'3'
    00000CE0 60                    3359 	.db #0x60	; 96
    00000CE1 00                    3360 	.db #0x00	; 0
    00000CE2 5A                    3361 	.db #0x5a	; 90	'Z'
    00000CE3 00                    3362 	.db #0x00	; 0
    00000CE4 00                    3363 	.db #0x00	; 0
    00000CE5 36                    3364 	.db #0x36	; 54	'6'
    00000CE6 70                    3365 	.db #0x70	; 112	'p'
    00000CE7 00                    3366 	.db #0x00	; 0
    00000CE8 5A                    3367 	.db #0x5a	; 90	'Z'
    00000CE9 00                    3368 	.db #0x00	; 0
    00000CEA 00                    3369 	.db #0x00	; 0
    00000CEB 33                    3370 	.db #0x33	; 51	'3'
    00000CEC 60                    3371 	.db #0x60	; 96
    00000CED 00                    3372 	.db #0x00	; 0
    00000CEE 5A                    3373 	.db #0x5a	; 90	'Z'
    00000CEF 00                    3374 	.db #0x00	; 0
    00000CF0 00                    3375 	.db #0x00	; 0
    00000CF1 35                    3376 	.db #0x35	; 53	'5'
    00000CF2 60                    3377 	.db #0x60	; 96
    00000CF3 00                    3378 	.db #0x00	; 0
    00000CF4 5A                    3379 	.db #0x5a	; 90	'Z'
    00000CF5 00                    3380 	.db #0x00	; 0
    00000CF6 00                    3381 	.db #0x00	; 0
    00000CF7 33                    3382 	.db #0x33	; 51	'3'
    00000CF8 60                    3383 	.db #0x60	; 96
    00000CF9 00                    3384 	.db #0x00	; 0
    00000CFA 5A                    3385 	.db #0x5a	; 90	'Z'
    00000CFB 00                    3386 	.db #0x00	; 0
    00000CFC 00                    3387 	.db #0x00	; 0
    00000CFD 36                    3388 	.db #0x36	; 54	'6'
    00000CFE 70                    3389 	.db #0x70	; 112	'p'
    00000CFF 00                    3390 	.db #0x00	; 0
    00000D00 5A                    3391 	.db #0x5a	; 90	'Z'
    00000D01 00                    3392 	.db #0x00	; 0
    00000D02 00                    3393 	.db #0x00	; 0
    00000D03 33                    3394 	.db #0x33	; 51	'3'
    00000D04 60                    3395 	.db #0x60	; 96
    00000D05 00                    3396 	.db #0x00	; 0
    00000D06 5A                    3397 	.db #0x5a	; 90	'Z'
    00000D07 00                    3398 	.db #0x00	; 0
    00000D08 00                    3399 	.db #0x00	; 0
    00000D09 35                    3400 	.db #0x35	; 53	'5'
    00000D0A 60                    3401 	.db #0x60	; 96
    00000D0B 00                    3402 	.db #0x00	; 0
    00000D0C 5A                    3403 	.db #0x5a	; 90	'Z'
    00000D0D 00                    3404 	.db #0x00	; 0
    00000D0E 00                    3405 	.db #0x00	; 0
    00000D0F 33                    3406 	.db #0x33	; 51	'3'
    00000D10 60                    3407 	.db #0x60	; 96
    00000D11 00                    3408 	.db #0x00	; 0
    00000D12 5A                    3409 	.db #0x5a	; 90	'Z'
    00000D13 00                    3410 	.db #0x00	; 0
    00000D14 00                    3411 	.db #0x00	; 0
    00000D15 36                    3412 	.db #0x36	; 54	'6'
    00000D16 70                    3413 	.db #0x70	; 112	'p'
    00000D17 00                    3414 	.db #0x00	; 0
    00000D18 5A                    3415 	.db #0x5a	; 90	'Z'
    00000D19 00                    3416 	.db #0x00	; 0
    00000D1A 00                    3417 	.db #0x00	; 0
    00000D1B 33                    3418 	.db #0x33	; 51	'3'
    00000D1C 60                    3419 	.db #0x60	; 96
    00000D1D 00                    3420 	.db #0x00	; 0
    00000D1E 5A                    3421 	.db #0x5a	; 90	'Z'
    00000D1F 00                    3422 	.db #0x00	; 0
    00000D20 00                    3423 	.db #0x00	; 0
    00000D21 35                    3424 	.db #0x35	; 53	'5'
    00000D22 60                    3425 	.db #0x60	; 96
    00000D23 00                    3426 	.db #0x00	; 0
    00000D24 5A                    3427 	.db #0x5a	; 90	'Z'
    00000D25 00                    3428 	.db #0x00	; 0
    00000D26 00                    3429 	.db #0x00	; 0
    00000D27 33                    3430 	.db #0x33	; 51	'3'
    00000D28 60                    3431 	.db #0x60	; 96
    00000D29 00                    3432 	.db #0x00	; 0
    00000D2A 5A                    3433 	.db #0x5a	; 90	'Z'
    00000D2B 00                    3434 	.db #0x00	; 0
    00000D2C 00                    3435 	.db #0x00	; 0
    00000D2D 36                    3436 	.db #0x36	; 54	'6'
    00000D2E 70                    3437 	.db #0x70	; 112	'p'
    00000D2F 00                    3438 	.db #0x00	; 0
    00000D30 5A                    3439 	.db #0x5a	; 90	'Z'
    00000D31 00                    3440 	.db #0x00	; 0
    00000D32 00                    3441 	.db #0x00	; 0
    00000D33 33                    3442 	.db #0x33	; 51	'3'
    00000D34 60                    3443 	.db #0x60	; 96
    00000D35 00                    3444 	.db #0x00	; 0
    00000D36 5A                    3445 	.db #0x5a	; 90	'Z'
    00000D37 00                    3446 	.db #0x00	; 0
    00000D38 00                    3447 	.db #0x00	; 0
    00000D39 35                    3448 	.db #0x35	; 53	'5'
    00000D3A 60                    3449 	.db #0x60	; 96
    00000D3B 00                    3450 	.db #0x00	; 0
    00000D3C 5A                    3451 	.db #0x5a	; 90	'Z'
    00000D3D 00                    3452 	.db #0x00	; 0
    00000D3E 00                    3453 	.db #0x00	; 0
    00000D3F 33                    3454 	.db #0x33	; 51	'3'
    00000D40 60                    3455 	.db #0x60	; 96
    00000D41 00                    3456 	.db #0x00	; 0
    00000D42 5A                    3457 	.db #0x5a	; 90	'Z'
    00000D43 00                    3458 	.db #0x00	; 0
    00000D44 00                    3459 	.db #0x00	; 0
    00000D45 36                    3460 	.db #0x36	; 54	'6'
    00000D46 70                    3461 	.db #0x70	; 112	'p'
    00000D47 00                    3462 	.db #0x00	; 0
    00000D48 5A                    3463 	.db #0x5a	; 90	'Z'
    00000D49 00                    3464 	.db #0x00	; 0
    00000D4A 00                    3465 	.db #0x00	; 0
    00000D4B 33                    3466 	.db #0x33	; 51	'3'
    00000D4C 60                    3467 	.db #0x60	; 96
    00000D4D 00                    3468 	.db #0x00	; 0
    00000D4E 5A                    3469 	.db #0x5a	; 90	'Z'
    00000D4F 00                    3470 	.db #0x00	; 0
    00000D50 00                    3471 	.db #0x00	; 0
    00000D51 35                    3472 	.db #0x35	; 53	'5'
    00000D52 60                    3473 	.db #0x60	; 96
    00000D53 00                    3474 	.db #0x00	; 0
    00000D54 5A                    3475 	.db #0x5a	; 90	'Z'
    00000D55 00                    3476 	.db #0x00	; 0
    00000D56 00                    3477 	.db #0x00	; 0
    00000D57 33                    3478 	.db #0x33	; 51	'3'
    00000D58 60                    3479 	.db #0x60	; 96
    00000D59 00                    3480 	.db #0x00	; 0
    00000D5A 5A                    3481 	.db #0x5a	; 90	'Z'
    00000D5B 00                    3482 	.db #0x00	; 0
    00000D5C 00                    3483 	.db #0x00	; 0
    00000D5D 36                    3484 	.db #0x36	; 54	'6'
    00000D5E 70                    3485 	.db #0x70	; 112	'p'
    00000D5F 00                    3486 	.db #0x00	; 0
    00000D60 5A                    3487 	.db #0x5a	; 90	'Z'
    00000D61 00                    3488 	.db #0x00	; 0
    00000D62 00                    3489 	.db #0x00	; 0
    00000D63 33                    3490 	.db #0x33	; 51	'3'
    00000D64 60                    3491 	.db #0x60	; 96
    00000D65 00                    3492 	.db #0x00	; 0
    00000D66 5A                    3493 	.db #0x5a	; 90	'Z'
    00000D67 00                    3494 	.db #0x00	; 0
    00000D68 00                    3495 	.db #0x00	; 0
    00000D69 35                    3496 	.db #0x35	; 53	'5'
    00000D6A 60                    3497 	.db #0x60	; 96
    00000D6B 00                    3498 	.db #0x00	; 0
    00000D6C 5A                    3499 	.db #0x5a	; 90	'Z'
    00000D6D 00                    3500 	.db #0x00	; 0
    00000D6E 00                    3501 	.db #0x00	; 0
    00000D6F 33                    3502 	.db #0x33	; 51	'3'
    00000D70 60                    3503 	.db #0x60	; 96
    00000D71 00                    3504 	.db #0x00	; 0
    00000D72 5A                    3505 	.db #0x5a	; 90	'Z'
    00000D73 00                    3506 	.db #0x00	; 0
    00000D74 00                    3507 	.db #0x00	; 0
    00000D75 36                    3508 	.db #0x36	; 54	'6'
    00000D76 70                    3509 	.db #0x70	; 112	'p'
    00000D77 00                    3510 	.db #0x00	; 0
    00000D78 5A                    3511 	.db #0x5a	; 90	'Z'
    00000D79 00                    3512 	.db #0x00	; 0
    00000D7A 00                    3513 	.db #0x00	; 0
    00000D7B 33                    3514 	.db #0x33	; 51	'3'
    00000D7C 60                    3515 	.db #0x60	; 96
    00000D7D 00                    3516 	.db #0x00	; 0
    00000D7E 5A                    3517 	.db #0x5a	; 90	'Z'
    00000D7F 00                    3518 	.db #0x00	; 0
    00000D80 00                    3519 	.db #0x00	; 0
    00000D81                       3520 _P20:
    00000D81 26                    3521 	.db #0x26	; 38
    00000D82 2C                    3522 	.db #0x2c	; 44
    00000D83 0F                    3523 	.db #0x0f	; 15
    00000D84 5A                    3524 	.db #0x5a	; 90	'Z'
    00000D85 00                    3525 	.db #0x00	; 0
    00000D86 00                    3526 	.db #0x00	; 0
    00000D87 26                    3527 	.db #0x26	; 38
    00000D88 2C                    3528 	.db #0x2c	; 44
    00000D89 04                    3529 	.db #0x04	; 4
    00000D8A 26                    3530 	.db #0x26	; 38
    00000D8B A0                    3531 	.db #0xa0	; 160
    00000D8C 00                    3532 	.db #0x00	; 0
    00000D8D 26                    3533 	.db #0x26	; 38
    00000D8E A0                    3534 	.db #0xa0	; 160
    00000D8F 00                    3535 	.db #0x00	; 0
    00000D90 5A                    3536 	.db #0x5a	; 90	'Z'
    00000D91 00                    3537 	.db #0x00	; 0
    00000D92 00                    3538 	.db #0x00	; 0
    00000D93 24                    3539 	.db #0x24	; 36
    00000D94 20                    3540 	.db #0x20	; 32
    00000D95 00                    3541 	.db #0x00	; 0
    00000D96 5A                    3542 	.db #0x5a	; 90	'Z'
    00000D97 00                    3543 	.db #0x00	; 0
    00000D98 00                    3544 	.db #0x00	; 0
    00000D99 26                    3545 	.db #0x26	; 38
    00000D9A 20                    3546 	.db #0x20	; 32
    00000D9B 00                    3547 	.db #0x00	; 0
    00000D9C 5A                    3548 	.db #0x5a	; 90	'Z'
    00000D9D 00                    3549 	.db #0x00	; 0
    00000D9E 00                    3550 	.db #0x00	; 0
    00000D9F 29                    3551 	.db #0x29	; 41
    00000DA0 20                    3552 	.db #0x20	; 32
    00000DA1 00                    3553 	.db #0x00	; 0
    00000DA2 5A                    3554 	.db #0x5a	; 90	'Z'
    00000DA3 00                    3555 	.db #0x00	; 0
    00000DA4 00                    3556 	.db #0x00	; 0
    00000DA5 28                    3557 	.db #0x28	; 40
    00000DA6 20                    3558 	.db #0x20	; 32
    00000DA7 00                    3559 	.db #0x00	; 0
    00000DA8 5A                    3560 	.db #0x5a	; 90	'Z'
    00000DA9 00                    3561 	.db #0x00	; 0
    00000DAA 00                    3562 	.db #0x00	; 0
    00000DAB 2B                    3563 	.db #0x2b	; 43
    00000DAC 20                    3564 	.db #0x20	; 32
    00000DAD 00                    3565 	.db #0x00	; 0
    00000DAE 5A                    3566 	.db #0x5a	; 90	'Z'
    00000DAF 00                    3567 	.db #0x00	; 0
    00000DB0 00                    3568 	.db #0x00	; 0
    00000DB1 30                    3569 	.db #0x30	; 48	'0'
    00000DB2 A0                    3570 	.db #0xa0	; 160
    00000DB3 00                    3571 	.db #0x00	; 0
    00000DB4 30                    3572 	.db #0x30	; 48	'0'
    00000DB5 A0                    3573 	.db #0xa0	; 160
    00000DB6 00                    3574 	.db #0x00	; 0
    00000DB7 30                    3575 	.db #0x30	; 48	'0'
    00000DB8 A0                    3576 	.db #0xa0	; 160
    00000DB9 00                    3577 	.db #0x00	; 0
    00000DBA 30                    3578 	.db #0x30	; 48	'0'
    00000DBB A0                    3579 	.db #0xa0	; 160
    00000DBC 00                    3580 	.db #0x00	; 0
    00000DBD 2F                    3581 	.db #0x2f	; 47
    00000DBE 20                    3582 	.db #0x20	; 32
    00000DBF 00                    3583 	.db #0x00	; 0
    00000DC0 5A                    3584 	.db #0x5a	; 90	'Z'
    00000DC1 00                    3585 	.db #0x00	; 0
    00000DC2 00                    3586 	.db #0x00	; 0
    00000DC3 2B                    3587 	.db #0x2b	; 43
    00000DC4 20                    3588 	.db #0x20	; 32
    00000DC5 00                    3589 	.db #0x00	; 0
    00000DC6 5A                    3590 	.db #0x5a	; 90	'Z'
    00000DC7 00                    3591 	.db #0x00	; 0
    00000DC8 00                    3592 	.db #0x00	; 0
    00000DC9 30                    3593 	.db #0x30	; 48	'0'
    00000DCA A0                    3594 	.db #0xa0	; 160
    00000DCB 00                    3595 	.db #0x00	; 0
    00000DCC 5A                    3596 	.db #0x5a	; 90	'Z'
    00000DCD 00                    3597 	.db #0x00	; 0
    00000DCE 00                    3598 	.db #0x00	; 0
    00000DCF 30                    3599 	.db #0x30	; 48	'0'
    00000DD0 A0                    3600 	.db #0xa0	; 160
    00000DD1 00                    3601 	.db #0x00	; 0
    00000DD2 30                    3602 	.db #0x30	; 48	'0'
    00000DD3 A0                    3603 	.db #0xa0	; 160
    00000DD4 00                    3604 	.db #0x00	; 0
    00000DD5 2F                    3605 	.db #0x2f	; 47
    00000DD6 20                    3606 	.db #0x20	; 32
    00000DD7 00                    3607 	.db #0x00	; 0
    00000DD8 5A                    3608 	.db #0x5a	; 90	'Z'
    00000DD9 00                    3609 	.db #0x00	; 0
    00000DDA 00                    3610 	.db #0x00	; 0
    00000DDB 2B                    3611 	.db #0x2b	; 43
    00000DDC 20                    3612 	.db #0x20	; 32
    00000DDD 00                    3613 	.db #0x00	; 0
    00000DDE 5A                    3614 	.db #0x5a	; 90	'Z'
    00000DDF 00                    3615 	.db #0x00	; 0
    00000DE0 00                    3616 	.db #0x00	; 0
    00000DE1 2D                    3617 	.db #0x2d	; 45
    00000DE2 20                    3618 	.db #0x20	; 32
    00000DE3 00                    3619 	.db #0x00	; 0
    00000DE4 5A                    3620 	.db #0x5a	; 90	'Z'
    00000DE5 00                    3621 	.db #0x00	; 0
    00000DE6 00                    3622 	.db #0x00	; 0
    00000DE7 2D                    3623 	.db #0x2d	; 45
    00000DE8 2C                    3624 	.db #0x2c	; 44
    00000DE9 04                    3625 	.db #0x04	; 4
    00000DEA 5A                    3626 	.db #0x5a	; 90	'Z'
    00000DEB 00                    3627 	.db #0x00	; 0
    00000DEC 00                    3628 	.db #0x00	; 0
    00000DED 2D                    3629 	.db #0x2d	; 45
    00000DEE 20                    3630 	.db #0x20	; 32
    00000DEF 00                    3631 	.db #0x00	; 0
    00000DF0 5A                    3632 	.db #0x5a	; 90	'Z'
    00000DF1 00                    3633 	.db #0x00	; 0
    00000DF2 00                    3634 	.db #0x00	; 0
    00000DF3 2B                    3635 	.db #0x2b	; 43
    00000DF4 20                    3636 	.db #0x20	; 32
    00000DF5 00                    3637 	.db #0x00	; 0
    00000DF6 5A                    3638 	.db #0x5a	; 90	'Z'
    00000DF7 00                    3639 	.db #0x00	; 0
    00000DF8 00                    3640 	.db #0x00	; 0
    00000DF9 2D                    3641 	.db #0x2d	; 45
    00000DFA 20                    3642 	.db #0x20	; 32
    00000DFB 00                    3643 	.db #0x00	; 0
    00000DFC 5A                    3644 	.db #0x5a	; 90	'Z'
    00000DFD 00                    3645 	.db #0x00	; 0
    00000DFE 00                    3646 	.db #0x00	; 0
    00000DFF 2F                    3647 	.db #0x2f	; 47
    00000E00 A0                    3648 	.db #0xa0	; 160
    00000E01 00                    3649 	.db #0x00	; 0
    00000E02 2F                    3650 	.db #0x2f	; 47
    00000E03 A0                    3651 	.db #0xa0	; 160
    00000E04 00                    3652 	.db #0x00	; 0
    00000E05 30                    3653 	.db #0x30	; 48	'0'
    00000E06 20                    3654 	.db #0x20	; 32
    00000E07 00                    3655 	.db #0x00	; 0
    00000E08 5A                    3656 	.db #0x5a	; 90	'Z'
    00000E09 00                    3657 	.db #0x00	; 0
    00000E0A 00                    3658 	.db #0x00	; 0
    00000E0B 2F                    3659 	.db #0x2f	; 47
    00000E0C 20                    3660 	.db #0x20	; 32
    00000E0D 00                    3661 	.db #0x00	; 0
    00000E0E 5A                    3662 	.db #0x5a	; 90	'Z'
    00000E0F 00                    3663 	.db #0x00	; 0
    00000E10 00                    3664 	.db #0x00	; 0
    00000E11 2B                    3665 	.db #0x2b	; 43
    00000E12 20                    3666 	.db #0x20	; 32
    00000E13 00                    3667 	.db #0x00	; 0
    00000E14 5A                    3668 	.db #0x5a	; 90	'Z'
    00000E15 00                    3669 	.db #0x00	; 0
    00000E16 00                    3670 	.db #0x00	; 0
    00000E17 2D                    3671 	.db #0x2d	; 45
    00000E18 A0                    3672 	.db #0xa0	; 160
    00000E19 00                    3673 	.db #0x00	; 0
    00000E1A 2D                    3674 	.db #0x2d	; 45
    00000E1B A0                    3675 	.db #0xa0	; 160
    00000E1C 00                    3676 	.db #0x00	; 0
    00000E1D 2D                    3677 	.db #0x2d	; 45
    00000E1E A0                    3678 	.db #0xa0	; 160
    00000E1F 00                    3679 	.db #0x00	; 0
    00000E20 5A                    3680 	.db #0x5a	; 90	'Z'
    00000E21 00                    3681 	.db #0x00	; 0
    00000E22 00                    3682 	.db #0x00	; 0
    00000E23 2B                    3683 	.db #0x2b	; 43
    00000E24 20                    3684 	.db #0x20	; 32
    00000E25 00                    3685 	.db #0x00	; 0
    00000E26 5A                    3686 	.db #0x5a	; 90	'Z'
    00000E27 00                    3687 	.db #0x00	; 0
    00000E28 00                    3688 	.db #0x00	; 0
    00000E29 2D                    3689 	.db #0x2d	; 45
    00000E2A A0                    3690 	.db #0xa0	; 160
    00000E2B 00                    3691 	.db #0x00	; 0
    00000E2C 2B                    3692 	.db #0x2b	; 43
    00000E2D A0                    3693 	.db #0xa0	; 160
    00000E2E 00                    3694 	.db #0x00	; 0
    00000E2F 2D                    3695 	.db #0x2d	; 45
    00000E30 A0                    3696 	.db #0xa0	; 160
    00000E31 00                    3697 	.db #0x00	; 0
    00000E32 2B                    3698 	.db #0x2b	; 43
    00000E33 A0                    3699 	.db #0xa0	; 160
    00000E34 00                    3700 	.db #0x00	; 0
    00000E35 2D                    3701 	.db #0x2d	; 45
    00000E36 A0                    3702 	.db #0xa0	; 160
    00000E37 00                    3703 	.db #0x00	; 0
    00000E38 2B                    3704 	.db #0x2b	; 43
    00000E39 A0                    3705 	.db #0xa0	; 160
    00000E3A 00                    3706 	.db #0x00	; 0
    00000E3B 2F                    3707 	.db #0x2f	; 47
    00000E3C 20                    3708 	.db #0x20	; 32
    00000E3D 00                    3709 	.db #0x00	; 0
    00000E3E 5A                    3710 	.db #0x5a	; 90	'Z'
    00000E3F 00                    3711 	.db #0x00	; 0
    00000E40 00                    3712 	.db #0x00	; 0
    00000E41                       3713 _P21:
    00000E41 26                    3714 	.db #0x26	; 38
    00000E42 2C                    3715 	.db #0x2c	; 44
    00000E43 0F                    3716 	.db #0x0f	; 15
    00000E44 5A                    3717 	.db #0x5a	; 90	'Z'
    00000E45 00                    3718 	.db #0x00	; 0
    00000E46 00                    3719 	.db #0x00	; 0
    00000E47 26                    3720 	.db #0x26	; 38
    00000E48 2C                    3721 	.db #0x2c	; 44
    00000E49 04                    3722 	.db #0x04	; 4
    00000E4A 5A                    3723 	.db #0x5a	; 90	'Z'
    00000E4B 00                    3724 	.db #0x00	; 0
    00000E4C 00                    3725 	.db #0x00	; 0
    00000E4D 26                    3726 	.db #0x26	; 38
    00000E4E A0                    3727 	.db #0xa0	; 160
    00000E4F 00                    3728 	.db #0x00	; 0
    00000E50 26                    3729 	.db #0x26	; 38
    00000E51 A0                    3730 	.db #0xa0	; 160
    00000E52 00                    3731 	.db #0x00	; 0
    00000E53 24                    3732 	.db #0x24	; 36
    00000E54 20                    3733 	.db #0x20	; 32
    00000E55 00                    3734 	.db #0x00	; 0
    00000E56 5A                    3735 	.db #0x5a	; 90	'Z'
    00000E57 00                    3736 	.db #0x00	; 0
    00000E58 00                    3737 	.db #0x00	; 0
    00000E59 26                    3738 	.db #0x26	; 38
    00000E5A 20                    3739 	.db #0x20	; 32
    00000E5B 00                    3740 	.db #0x00	; 0
    00000E5C 5A                    3741 	.db #0x5a	; 90	'Z'
    00000E5D 00                    3742 	.db #0x00	; 0
    00000E5E 00                    3743 	.db #0x00	; 0
    00000E5F 29                    3744 	.db #0x29	; 41
    00000E60 20                    3745 	.db #0x20	; 32
    00000E61 00                    3746 	.db #0x00	; 0
    00000E62 5A                    3747 	.db #0x5a	; 90	'Z'
    00000E63 00                    3748 	.db #0x00	; 0
    00000E64 00                    3749 	.db #0x00	; 0
    00000E65 28                    3750 	.db #0x28	; 40
    00000E66 20                    3751 	.db #0x20	; 32
    00000E67 00                    3752 	.db #0x00	; 0
    00000E68 5A                    3753 	.db #0x5a	; 90	'Z'
    00000E69 00                    3754 	.db #0x00	; 0
    00000E6A 00                    3755 	.db #0x00	; 0
    00000E6B 2B                    3756 	.db #0x2b	; 43
    00000E6C 20                    3757 	.db #0x20	; 32
    00000E6D 00                    3758 	.db #0x00	; 0
    00000E6E 5A                    3759 	.db #0x5a	; 90	'Z'
    00000E6F 00                    3760 	.db #0x00	; 0
    00000E70 00                    3761 	.db #0x00	; 0
    00000E71 2D                    3762 	.db #0x2d	; 45
    00000E72 20                    3763 	.db #0x20	; 32
    00000E73 00                    3764 	.db #0x00	; 0
    00000E74 5A                    3765 	.db #0x5a	; 90	'Z'
    00000E75 00                    3766 	.db #0x00	; 0
    00000E76 00                    3767 	.db #0x00	; 0
    00000E77 2D                    3768 	.db #0x2d	; 45
    00000E78 A0                    3769 	.db #0xa0	; 160
    00000E79 00                    3770 	.db #0x00	; 0
    00000E7A 2D                    3771 	.db #0x2d	; 45
    00000E7B A0                    3772 	.db #0xa0	; 160
    00000E7C 00                    3773 	.db #0x00	; 0
    00000E7D 2D                    3774 	.db #0x2d	; 45
    00000E7E A0                    3775 	.db #0xa0	; 160
    00000E7F 00                    3776 	.db #0x00	; 0
    00000E80 5A                    3777 	.db #0x5a	; 90	'Z'
    00000E81 00                    3778 	.db #0x00	; 0
    00000E82 00                    3779 	.db #0x00	; 0
    00000E83 2B                    3780 	.db #0x2b	; 43
    00000E84 20                    3781 	.db #0x20	; 32
    00000E85 00                    3782 	.db #0x00	; 0
    00000E86 5A                    3783 	.db #0x5a	; 90	'Z'
    00000E87 00                    3784 	.db #0x00	; 0
    00000E88 00                    3785 	.db #0x00	; 0
    00000E89 2D                    3786 	.db #0x2d	; 45
    00000E8A 20                    3787 	.db #0x20	; 32
    00000E8B 00                    3788 	.db #0x00	; 0
    00000E8C 5A                    3789 	.db #0x5a	; 90	'Z'
    00000E8D 00                    3790 	.db #0x00	; 0
    00000E8E 00                    3791 	.db #0x00	; 0
    00000E8F 30                    3792 	.db #0x30	; 48	'0'
    00000E90 20                    3793 	.db #0x20	; 32
    00000E91 00                    3794 	.db #0x00	; 0
    00000E92 5A                    3795 	.db #0x5a	; 90	'Z'
    00000E93 00                    3796 	.db #0x00	; 0
    00000E94 00                    3797 	.db #0x00	; 0
    00000E95 2F                    3798 	.db #0x2f	; 47
    00000E96 20                    3799 	.db #0x20	; 32
    00000E97 00                    3800 	.db #0x00	; 0
    00000E98 5A                    3801 	.db #0x5a	; 90	'Z'
    00000E99 00                    3802 	.db #0x00	; 0
    00000E9A 00                    3803 	.db #0x00	; 0
    00000E9B 2B                    3804 	.db #0x2b	; 43
    00000E9C 20                    3805 	.db #0x20	; 32
    00000E9D 00                    3806 	.db #0x00	; 0
    00000E9E 5A                    3807 	.db #0x5a	; 90	'Z'
    00000E9F 00                    3808 	.db #0x00	; 0
    00000EA0 00                    3809 	.db #0x00	; 0
    00000EA1 2D                    3810 	.db #0x2d	; 45
    00000EA2 20                    3811 	.db #0x20	; 32
    00000EA3 00                    3812 	.db #0x00	; 0
    00000EA4 5A                    3813 	.db #0x5a	; 90	'Z'
    00000EA5 00                    3814 	.db #0x00	; 0
    00000EA6 00                    3815 	.db #0x00	; 0
    00000EA7 2D                    3816 	.db #0x2d	; 45
    00000EA8 2C                    3817 	.db #0x2c	; 44
    00000EA9 04                    3818 	.db #0x04	; 4
    00000EAA 5A                    3819 	.db #0x5a	; 90	'Z'
    00000EAB 00                    3820 	.db #0x00	; 0
    00000EAC 00                    3821 	.db #0x00	; 0
    00000EAD 2D                    3822 	.db #0x2d	; 45
    00000EAE 20                    3823 	.db #0x20	; 32
    00000EAF 00                    3824 	.db #0x00	; 0
    00000EB0 5A                    3825 	.db #0x5a	; 90	'Z'
    00000EB1 00                    3826 	.db #0x00	; 0
    00000EB2 00                    3827 	.db #0x00	; 0
    00000EB3 2B                    3828 	.db #0x2b	; 43
    00000EB4 20                    3829 	.db #0x20	; 32
    00000EB5 00                    3830 	.db #0x00	; 0
    00000EB6 5A                    3831 	.db #0x5a	; 90	'Z'
    00000EB7 00                    3832 	.db #0x00	; 0
    00000EB8 00                    3833 	.db #0x00	; 0
    00000EB9 2D                    3834 	.db #0x2d	; 45
    00000EBA A0                    3835 	.db #0xa0	; 160
    00000EBB 00                    3836 	.db #0x00	; 0
    00000EBC 2D                    3837 	.db #0x2d	; 45
    00000EBD A0                    3838 	.db #0xa0	; 160
    00000EBE 00                    3839 	.db #0x00	; 0
    00000EBF 2F                    3840 	.db #0x2f	; 47
    00000EC0 20                    3841 	.db #0x20	; 32
    00000EC1 00                    3842 	.db #0x00	; 0
    00000EC2 5A                    3843 	.db #0x5a	; 90	'Z'
    00000EC3 00                    3844 	.db #0x00	; 0
    00000EC4 00                    3845 	.db #0x00	; 0
    00000EC5 30                    3846 	.db #0x30	; 48	'0'
    00000EC6 20                    3847 	.db #0x20	; 32
    00000EC7 00                    3848 	.db #0x00	; 0
    00000EC8 5A                    3849 	.db #0x5a	; 90	'Z'
    00000EC9 00                    3850 	.db #0x00	; 0
    00000ECA 00                    3851 	.db #0x00	; 0
    00000ECB 2F                    3852 	.db #0x2f	; 47
    00000ECC 20                    3853 	.db #0x20	; 32
    00000ECD 00                    3854 	.db #0x00	; 0
    00000ECE 5A                    3855 	.db #0x5a	; 90	'Z'
    00000ECF 00                    3856 	.db #0x00	; 0
    00000ED0 00                    3857 	.db #0x00	; 0
    00000ED1 2B                    3858 	.db #0x2b	; 43
    00000ED2 20                    3859 	.db #0x20	; 32
    00000ED3 00                    3860 	.db #0x00	; 0
    00000ED4 5A                    3861 	.db #0x5a	; 90	'Z'
    00000ED5 00                    3862 	.db #0x00	; 0
    00000ED6 00                    3863 	.db #0x00	; 0
    00000ED7 2D                    3864 	.db #0x2d	; 45
    00000ED8 A0                    3865 	.db #0xa0	; 160
    00000ED9 00                    3866 	.db #0x00	; 0
    00000EDA 2D                    3867 	.db #0x2d	; 45
    00000EDB A0                    3868 	.db #0xa0	; 160
    00000EDC 00                    3869 	.db #0x00	; 0
    00000EDD 2D                    3870 	.db #0x2d	; 45
    00000EDE A0                    3871 	.db #0xa0	; 160
    00000EDF 00                    3872 	.db #0x00	; 0
    00000EE0 5A                    3873 	.db #0x5a	; 90	'Z'
    00000EE1 00                    3874 	.db #0x00	; 0
    00000EE2 00                    3875 	.db #0x00	; 0
    00000EE3 2B                    3876 	.db #0x2b	; 43
    00000EE4 20                    3877 	.db #0x20	; 32
    00000EE5 00                    3878 	.db #0x00	; 0
    00000EE6 5A                    3879 	.db #0x5a	; 90	'Z'
    00000EE7 00                    3880 	.db #0x00	; 0
    00000EE8 00                    3881 	.db #0x00	; 0
    00000EE9 2D                    3882 	.db #0x2d	; 45
    00000EEA A0                    3883 	.db #0xa0	; 160
    00000EEB 00                    3884 	.db #0x00	; 0
    00000EEC 2D                    3885 	.db #0x2d	; 45
    00000EED A0                    3886 	.db #0xa0	; 160
    00000EEE 00                    3887 	.db #0x00	; 0
    00000EEF 2B                    3888 	.db #0x2b	; 43
    00000EF0 20                    3889 	.db #0x20	; 32
    00000EF1 00                    3890 	.db #0x00	; 0
    00000EF2 5A                    3891 	.db #0x5a	; 90	'Z'
    00000EF3 00                    3892 	.db #0x00	; 0
    00000EF4 00                    3893 	.db #0x00	; 0
    00000EF5 2D                    3894 	.db #0x2d	; 45
    00000EF6 20                    3895 	.db #0x20	; 32
    00000EF7 00                    3896 	.db #0x00	; 0
    00000EF8 5A                    3897 	.db #0x5a	; 90	'Z'
    00000EF9 00                    3898 	.db #0x00	; 0
    00000EFA 00                    3899 	.db #0x00	; 0
    00000EFB 2F                    3900 	.db #0x2f	; 47
    00000EFC 20                    3901 	.db #0x20	; 32
    00000EFD 00                    3902 	.db #0x00	; 0
    00000EFE 5A                    3903 	.db #0x5a	; 90	'Z'
    00000EFF 00                    3904 	.db #0x00	; 0
    00000F00 00                    3905 	.db #0x00	; 0
    00000F01                       3906 _P22:
    00000F01 35                    3907 	.db #0x35	; 53	'5'
    00000F02 60                    3908 	.db #0x60	; 96
    00000F03 00                    3909 	.db #0x00	; 0
    00000F04 5A                    3910 	.db #0x5a	; 90	'Z'
    00000F05 00                    3911 	.db #0x00	; 0
    00000F06 00                    3912 	.db #0x00	; 0
    00000F07 33                    3913 	.db #0x33	; 51	'3'
    00000F08 60                    3914 	.db #0x60	; 96
    00000F09 00                    3915 	.db #0x00	; 0
    00000F0A 5A                    3916 	.db #0x5a	; 90	'Z'
    00000F0B 00                    3917 	.db #0x00	; 0
    00000F0C 00                    3918 	.db #0x00	; 0
    00000F0D 2E                    3919 	.db #0x2e	; 46
    00000F0E 90                    3920 	.db #0x90	; 144
    00000F0F 00                    3921 	.db #0x00	; 0
    00000F10 5A                    3922 	.db #0x5a	; 90	'Z'
    00000F11 00                    3923 	.db #0x00	; 0
    00000F12 00                    3924 	.db #0x00	; 0
    00000F13 33                    3925 	.db #0x33	; 51	'3'
    00000F14 60                    3926 	.db #0x60	; 96
    00000F15 00                    3927 	.db #0x00	; 0
    00000F16 5A                    3928 	.db #0x5a	; 90	'Z'
    00000F17 00                    3929 	.db #0x00	; 0
    00000F18 00                    3930 	.db #0x00	; 0
    00000F19 35                    3931 	.db #0x35	; 53	'5'
    00000F1A 60                    3932 	.db #0x60	; 96
    00000F1B 00                    3933 	.db #0x00	; 0
    00000F1C 5A                    3934 	.db #0x5a	; 90	'Z'
    00000F1D 00                    3935 	.db #0x00	; 0
    00000F1E 00                    3936 	.db #0x00	; 0
    00000F1F 33                    3937 	.db #0x33	; 51	'3'
    00000F20 60                    3938 	.db #0x60	; 96
    00000F21 00                    3939 	.db #0x00	; 0
    00000F22 5A                    3940 	.db #0x5a	; 90	'Z'
    00000F23 00                    3941 	.db #0x00	; 0
    00000F24 00                    3942 	.db #0x00	; 0
    00000F25 2E                    3943 	.db #0x2e	; 46
    00000F26 90                    3944 	.db #0x90	; 144
    00000F27 00                    3945 	.db #0x00	; 0
    00000F28 5A                    3946 	.db #0x5a	; 90	'Z'
    00000F29 00                    3947 	.db #0x00	; 0
    00000F2A 00                    3948 	.db #0x00	; 0
    00000F2B 33                    3949 	.db #0x33	; 51	'3'
    00000F2C 60                    3950 	.db #0x60	; 96
    00000F2D 00                    3951 	.db #0x00	; 0
    00000F2E 5A                    3952 	.db #0x5a	; 90	'Z'
    00000F2F 00                    3953 	.db #0x00	; 0
    00000F30 00                    3954 	.db #0x00	; 0
    00000F31 35                    3955 	.db #0x35	; 53	'5'
    00000F32 60                    3956 	.db #0x60	; 96
    00000F33 00                    3957 	.db #0x00	; 0
    00000F34 5A                    3958 	.db #0x5a	; 90	'Z'
    00000F35 00                    3959 	.db #0x00	; 0
    00000F36 00                    3960 	.db #0x00	; 0
    00000F37 33                    3961 	.db #0x33	; 51	'3'
    00000F38 60                    3962 	.db #0x60	; 96
    00000F39 00                    3963 	.db #0x00	; 0
    00000F3A 5A                    3964 	.db #0x5a	; 90	'Z'
    00000F3B 00                    3965 	.db #0x00	; 0
    00000F3C 00                    3966 	.db #0x00	; 0
    00000F3D 2E                    3967 	.db #0x2e	; 46
    00000F3E 90                    3968 	.db #0x90	; 144
    00000F3F 00                    3969 	.db #0x00	; 0
    00000F40 5A                    3970 	.db #0x5a	; 90	'Z'
    00000F41 00                    3971 	.db #0x00	; 0
    00000F42 00                    3972 	.db #0x00	; 0
    00000F43 33                    3973 	.db #0x33	; 51	'3'
    00000F44 60                    3974 	.db #0x60	; 96
    00000F45 00                    3975 	.db #0x00	; 0
    00000F46 5A                    3976 	.db #0x5a	; 90	'Z'
    00000F47 00                    3977 	.db #0x00	; 0
    00000F48 00                    3978 	.db #0x00	; 0
    00000F49 35                    3979 	.db #0x35	; 53	'5'
    00000F4A 60                    3980 	.db #0x60	; 96
    00000F4B 00                    3981 	.db #0x00	; 0
    00000F4C 5A                    3982 	.db #0x5a	; 90	'Z'
    00000F4D 00                    3983 	.db #0x00	; 0
    00000F4E 00                    3984 	.db #0x00	; 0
    00000F4F 33                    3985 	.db #0x33	; 51	'3'
    00000F50 60                    3986 	.db #0x60	; 96
    00000F51 00                    3987 	.db #0x00	; 0
    00000F52 5A                    3988 	.db #0x5a	; 90	'Z'
    00000F53 00                    3989 	.db #0x00	; 0
    00000F54 00                    3990 	.db #0x00	; 0
    00000F55 2E                    3991 	.db #0x2e	; 46
    00000F56 90                    3992 	.db #0x90	; 144
    00000F57 00                    3993 	.db #0x00	; 0
    00000F58 5A                    3994 	.db #0x5a	; 90	'Z'
    00000F59 00                    3995 	.db #0x00	; 0
    00000F5A 00                    3996 	.db #0x00	; 0
    00000F5B 33                    3997 	.db #0x33	; 51	'3'
    00000F5C 60                    3998 	.db #0x60	; 96
    00000F5D 00                    3999 	.db #0x00	; 0
    00000F5E 5A                    4000 	.db #0x5a	; 90	'Z'
    00000F5F 00                    4001 	.db #0x00	; 0
    00000F60 00                    4002 	.db #0x00	; 0
    00000F61 35                    4003 	.db #0x35	; 53	'5'
    00000F62 60                    4004 	.db #0x60	; 96
    00000F63 00                    4005 	.db #0x00	; 0
    00000F64 5A                    4006 	.db #0x5a	; 90	'Z'
    00000F65 00                    4007 	.db #0x00	; 0
    00000F66 00                    4008 	.db #0x00	; 0
    00000F67 33                    4009 	.db #0x33	; 51	'3'
    00000F68 60                    4010 	.db #0x60	; 96
    00000F69 00                    4011 	.db #0x00	; 0
    00000F6A 5A                    4012 	.db #0x5a	; 90	'Z'
    00000F6B 00                    4013 	.db #0x00	; 0
    00000F6C 00                    4014 	.db #0x00	; 0
    00000F6D 2E                    4015 	.db #0x2e	; 46
    00000F6E 90                    4016 	.db #0x90	; 144
    00000F6F 00                    4017 	.db #0x00	; 0
    00000F70 5A                    4018 	.db #0x5a	; 90	'Z'
    00000F71 00                    4019 	.db #0x00	; 0
    00000F72 00                    4020 	.db #0x00	; 0
    00000F73 33                    4021 	.db #0x33	; 51	'3'
    00000F74 60                    4022 	.db #0x60	; 96
    00000F75 00                    4023 	.db #0x00	; 0
    00000F76 5A                    4024 	.db #0x5a	; 90	'Z'
    00000F77 00                    4025 	.db #0x00	; 0
    00000F78 00                    4026 	.db #0x00	; 0
    00000F79 35                    4027 	.db #0x35	; 53	'5'
    00000F7A 60                    4028 	.db #0x60	; 96
    00000F7B 00                    4029 	.db #0x00	; 0
    00000F7C 5A                    4030 	.db #0x5a	; 90	'Z'
    00000F7D 00                    4031 	.db #0x00	; 0
    00000F7E 00                    4032 	.db #0x00	; 0
    00000F7F 33                    4033 	.db #0x33	; 51	'3'
    00000F80 60                    4034 	.db #0x60	; 96
    00000F81 00                    4035 	.db #0x00	; 0
    00000F82 5A                    4036 	.db #0x5a	; 90	'Z'
    00000F83 00                    4037 	.db #0x00	; 0
    00000F84 00                    4038 	.db #0x00	; 0
    00000F85 2E                    4039 	.db #0x2e	; 46
    00000F86 90                    4040 	.db #0x90	; 144
    00000F87 00                    4041 	.db #0x00	; 0
    00000F88 5A                    4042 	.db #0x5a	; 90	'Z'
    00000F89 00                    4043 	.db #0x00	; 0
    00000F8A 00                    4044 	.db #0x00	; 0
    00000F8B 33                    4045 	.db #0x33	; 51	'3'
    00000F8C 60                    4046 	.db #0x60	; 96
    00000F8D 00                    4047 	.db #0x00	; 0
    00000F8E 5A                    4048 	.db #0x5a	; 90	'Z'
    00000F8F 00                    4049 	.db #0x00	; 0
    00000F90 00                    4050 	.db #0x00	; 0
    00000F91 35                    4051 	.db #0x35	; 53	'5'
    00000F92 60                    4052 	.db #0x60	; 96
    00000F93 00                    4053 	.db #0x00	; 0
    00000F94 5A                    4054 	.db #0x5a	; 90	'Z'
    00000F95 00                    4055 	.db #0x00	; 0
    00000F96 00                    4056 	.db #0x00	; 0
    00000F97 33                    4057 	.db #0x33	; 51	'3'
    00000F98 60                    4058 	.db #0x60	; 96
    00000F99 00                    4059 	.db #0x00	; 0
    00000F9A 5A                    4060 	.db #0x5a	; 90	'Z'
    00000F9B 00                    4061 	.db #0x00	; 0
    00000F9C 00                    4062 	.db #0x00	; 0
    00000F9D 2E                    4063 	.db #0x2e	; 46
    00000F9E 90                    4064 	.db #0x90	; 144
    00000F9F 00                    4065 	.db #0x00	; 0
    00000FA0 5A                    4066 	.db #0x5a	; 90	'Z'
    00000FA1 00                    4067 	.db #0x00	; 0
    00000FA2 00                    4068 	.db #0x00	; 0
    00000FA3 33                    4069 	.db #0x33	; 51	'3'
    00000FA4 60                    4070 	.db #0x60	; 96
    00000FA5 00                    4071 	.db #0x00	; 0
    00000FA6 5A                    4072 	.db #0x5a	; 90	'Z'
    00000FA7 00                    4073 	.db #0x00	; 0
    00000FA8 00                    4074 	.db #0x00	; 0
    00000FA9 33                    4075 	.db #0x33	; 51	'3'
    00000FAA 60                    4076 	.db #0x60	; 96
    00000FAB 00                    4077 	.db #0x00	; 0
    00000FAC 33                    4078 	.db #0x33	; 51	'3'
    00000FAD 60                    4079 	.db #0x60	; 96
    00000FAE 00                    4080 	.db #0x00	; 0
    00000FAF 33                    4081 	.db #0x33	; 51	'3'
    00000FB0 60                    4082 	.db #0x60	; 96
    00000FB1 00                    4083 	.db #0x00	; 0
    00000FB2 33                    4084 	.db #0x33	; 51	'3'
    00000FB3 60                    4085 	.db #0x60	; 96
    00000FB4 00                    4086 	.db #0x00	; 0
    00000FB5 33                    4087 	.db #0x33	; 51	'3'
    00000FB6 60                    4088 	.db #0x60	; 96
    00000FB7 00                    4089 	.db #0x00	; 0
    00000FB8 33                    4090 	.db #0x33	; 51	'3'
    00000FB9 60                    4091 	.db #0x60	; 96
    00000FBA 00                    4092 	.db #0x00	; 0
    00000FBB 33                    4093 	.db #0x33	; 51	'3'
    00000FBC 60                    4094 	.db #0x60	; 96
    00000FBD 00                    4095 	.db #0x00	; 0
    00000FBE 33                    4096 	.db #0x33	; 51	'3'
    00000FBF 60                    4097 	.db #0x60	; 96
    00000FC0 00                    4098 	.db #0x00	; 0
    00000FC1                       4099 _P23:
    00000FC1 26                    4100 	.db #0x26	; 38
    00000FC2 2C                    4101 	.db #0x2c	; 44
    00000FC3 0F                    4102 	.db #0x0f	; 15
    00000FC4 5A                    4103 	.db #0x5a	; 90	'Z'
    00000FC5 00                    4104 	.db #0x00	; 0
    00000FC6 00                    4105 	.db #0x00	; 0
    00000FC7 26                    4106 	.db #0x26	; 38
    00000FC8 2C                    4107 	.db #0x2c	; 44
    00000FC9 04                    4108 	.db #0x04	; 4
    00000FCA 5A                    4109 	.db #0x5a	; 90	'Z'
    00000FCB 00                    4110 	.db #0x00	; 0
    00000FCC 00                    4111 	.db #0x00	; 0
    00000FCD 26                    4112 	.db #0x26	; 38
    00000FCE 20                    4113 	.db #0x20	; 32
    00000FCF 00                    4114 	.db #0x00	; 0
    00000FD0 5A                    4115 	.db #0x5a	; 90	'Z'
    00000FD1 00                    4116 	.db #0x00	; 0
    00000FD2 00                    4117 	.db #0x00	; 0
    00000FD3 24                    4118 	.db #0x24	; 36
    00000FD4 20                    4119 	.db #0x20	; 32
    00000FD5 00                    4120 	.db #0x00	; 0
    00000FD6 5A                    4121 	.db #0x5a	; 90	'Z'
    00000FD7 00                    4122 	.db #0x00	; 0
    00000FD8 00                    4123 	.db #0x00	; 0
    00000FD9 26                    4124 	.db #0x26	; 38
    00000FDA A0                    4125 	.db #0xa0	; 160
    00000FDB 00                    4126 	.db #0x00	; 0
    00000FDC 26                    4127 	.db #0x26	; 38
    00000FDD A0                    4128 	.db #0xa0	; 160
    00000FDE 00                    4129 	.db #0x00	; 0
    00000FDF 29                    4130 	.db #0x29	; 41
    00000FE0 20                    4131 	.db #0x20	; 32
    00000FE1 00                    4132 	.db #0x00	; 0
    00000FE2 5A                    4133 	.db #0x5a	; 90	'Z'
    00000FE3 00                    4134 	.db #0x00	; 0
    00000FE4 00                    4135 	.db #0x00	; 0
    00000FE5 28                    4136 	.db #0x28	; 40
    00000FE6 20                    4137 	.db #0x20	; 32
    00000FE7 00                    4138 	.db #0x00	; 0
    00000FE8 5A                    4139 	.db #0x5a	; 90	'Z'
    00000FE9 00                    4140 	.db #0x00	; 0
    00000FEA 00                    4141 	.db #0x00	; 0
    00000FEB 2B                    4142 	.db #0x2b	; 43
    00000FEC 20                    4143 	.db #0x20	; 32
    00000FED 00                    4144 	.db #0x00	; 0
    00000FEE 5A                    4145 	.db #0x5a	; 90	'Z'
    00000FEF 00                    4146 	.db #0x00	; 0
    00000FF0 00                    4147 	.db #0x00	; 0
    00000FF1 2D                    4148 	.db #0x2d	; 45
    00000FF2 20                    4149 	.db #0x20	; 32
    00000FF3 00                    4150 	.db #0x00	; 0
    00000FF4 5A                    4151 	.db #0x5a	; 90	'Z'
    00000FF5 00                    4152 	.db #0x00	; 0
    00000FF6 00                    4153 	.db #0x00	; 0
    00000FF7 2D                    4154 	.db #0x2d	; 45
    00000FF8 A0                    4155 	.db #0xa0	; 160
    00000FF9 00                    4156 	.db #0x00	; 0
    00000FFA 2D                    4157 	.db #0x2d	; 45
    00000FFB A0                    4158 	.db #0xa0	; 160
    00000FFC 00                    4159 	.db #0x00	; 0
    00000FFD 2D                    4160 	.db #0x2d	; 45
    00000FFE A0                    4161 	.db #0xa0	; 160
    00000FFF 00                    4162 	.db #0x00	; 0
    00001000 5A                    4163 	.db #0x5a	; 90	'Z'
    00001001 00                    4164 	.db #0x00	; 0
    00001002 00                    4165 	.db #0x00	; 0
    00001003 2B                    4166 	.db #0x2b	; 43
    00001004 20                    4167 	.db #0x20	; 32
    00001005 00                    4168 	.db #0x00	; 0
    00001006 5A                    4169 	.db #0x5a	; 90	'Z'
    00001007 00                    4170 	.db #0x00	; 0
    00001008 00                    4171 	.db #0x00	; 0
    00001009 2D                    4172 	.db #0x2d	; 45
    0000100A 20                    4173 	.db #0x20	; 32
    0000100B 00                    4174 	.db #0x00	; 0
    0000100C 5A                    4175 	.db #0x5a	; 90	'Z'
    0000100D 00                    4176 	.db #0x00	; 0
    0000100E 00                    4177 	.db #0x00	; 0
    0000100F 30                    4178 	.db #0x30	; 48	'0'
    00001010 20                    4179 	.db #0x20	; 32
    00001011 00                    4180 	.db #0x00	; 0
    00001012 5A                    4181 	.db #0x5a	; 90	'Z'
    00001013 00                    4182 	.db #0x00	; 0
    00001014 00                    4183 	.db #0x00	; 0
    00001015 2F                    4184 	.db #0x2f	; 47
    00001016 20                    4185 	.db #0x20	; 32
    00001017 00                    4186 	.db #0x00	; 0
    00001018 5A                    4187 	.db #0x5a	; 90	'Z'
    00001019 00                    4188 	.db #0x00	; 0
    0000101A 00                    4189 	.db #0x00	; 0
    0000101B 2B                    4190 	.db #0x2b	; 43
    0000101C 20                    4191 	.db #0x20	; 32
    0000101D 00                    4192 	.db #0x00	; 0
    0000101E 5A                    4193 	.db #0x5a	; 90	'Z'
    0000101F 00                    4194 	.db #0x00	; 0
    00001020 00                    4195 	.db #0x00	; 0
    00001021 2D                    4196 	.db #0x2d	; 45
    00001022 20                    4197 	.db #0x20	; 32
    00001023 00                    4198 	.db #0x00	; 0
    00001024 5A                    4199 	.db #0x5a	; 90	'Z'
    00001025 00                    4200 	.db #0x00	; 0
    00001026 00                    4201 	.db #0x00	; 0
    00001027 2D                    4202 	.db #0x2d	; 45
    00001028 2C                    4203 	.db #0x2c	; 44
    00001029 04                    4204 	.db #0x04	; 4
    0000102A 5A                    4205 	.db #0x5a	; 90	'Z'
    0000102B 00                    4206 	.db #0x00	; 0
    0000102C 00                    4207 	.db #0x00	; 0
    0000102D 2D                    4208 	.db #0x2d	; 45
    0000102E 20                    4209 	.db #0x20	; 32
    0000102F 00                    4210 	.db #0x00	; 0
    00001030 5A                    4211 	.db #0x5a	; 90	'Z'
    00001031 00                    4212 	.db #0x00	; 0
    00001032 00                    4213 	.db #0x00	; 0
    00001033 2B                    4214 	.db #0x2b	; 43
    00001034 20                    4215 	.db #0x20	; 32
    00001035 00                    4216 	.db #0x00	; 0
    00001036 5A                    4217 	.db #0x5a	; 90	'Z'
    00001037 00                    4218 	.db #0x00	; 0
    00001038 00                    4219 	.db #0x00	; 0
    00001039 2D                    4220 	.db #0x2d	; 45
    0000103A 20                    4221 	.db #0x20	; 32
    0000103B 00                    4222 	.db #0x00	; 0
    0000103C 5A                    4223 	.db #0x5a	; 90	'Z'
    0000103D 00                    4224 	.db #0x00	; 0
    0000103E 00                    4225 	.db #0x00	; 0
    0000103F 2F                    4226 	.db #0x2f	; 47
    00001040 A0                    4227 	.db #0xa0	; 160
    00001041 00                    4228 	.db #0x00	; 0
    00001042 2F                    4229 	.db #0x2f	; 47
    00001043 A0                    4230 	.db #0xa0	; 160
    00001044 00                    4231 	.db #0x00	; 0
    00001045 30                    4232 	.db #0x30	; 48	'0'
    00001046 20                    4233 	.db #0x20	; 32
    00001047 00                    4234 	.db #0x00	; 0
    00001048 5A                    4235 	.db #0x5a	; 90	'Z'
    00001049 00                    4236 	.db #0x00	; 0
    0000104A 00                    4237 	.db #0x00	; 0
    0000104B 2F                    4238 	.db #0x2f	; 47
    0000104C 20                    4239 	.db #0x20	; 32
    0000104D 00                    4240 	.db #0x00	; 0
    0000104E 5A                    4241 	.db #0x5a	; 90	'Z'
    0000104F 00                    4242 	.db #0x00	; 0
    00001050 00                    4243 	.db #0x00	; 0
    00001051 2B                    4244 	.db #0x2b	; 43
    00001052 20                    4245 	.db #0x20	; 32
    00001053 00                    4246 	.db #0x00	; 0
    00001054 5A                    4247 	.db #0x5a	; 90	'Z'
    00001055 00                    4248 	.db #0x00	; 0
    00001056 00                    4249 	.db #0x00	; 0
    00001057 2D                    4250 	.db #0x2d	; 45
    00001058 A0                    4251 	.db #0xa0	; 160
    00001059 00                    4252 	.db #0x00	; 0
    0000105A 2D                    4253 	.db #0x2d	; 45
    0000105B A0                    4254 	.db #0xa0	; 160
    0000105C 00                    4255 	.db #0x00	; 0
    0000105D 2D                    4256 	.db #0x2d	; 45
    0000105E A0                    4257 	.db #0xa0	; 160
    0000105F 00                    4258 	.db #0x00	; 0
    00001060 5A                    4259 	.db #0x5a	; 90	'Z'
    00001061 00                    4260 	.db #0x00	; 0
    00001062 00                    4261 	.db #0x00	; 0
    00001063 2B                    4262 	.db #0x2b	; 43
    00001064 20                    4263 	.db #0x20	; 32
    00001065 00                    4264 	.db #0x00	; 0
    00001066 5A                    4265 	.db #0x5a	; 90	'Z'
    00001067 00                    4266 	.db #0x00	; 0
    00001068 00                    4267 	.db #0x00	; 0
    00001069 2D                    4268 	.db #0x2d	; 45
    0000106A A0                    4269 	.db #0xa0	; 160
    0000106B 00                    4270 	.db #0x00	; 0
    0000106C 2B                    4271 	.db #0x2b	; 43
    0000106D A0                    4272 	.db #0xa0	; 160
    0000106E 00                    4273 	.db #0x00	; 0
    0000106F 2D                    4274 	.db #0x2d	; 45
    00001070 A0                    4275 	.db #0xa0	; 160
    00001071 00                    4276 	.db #0x00	; 0
    00001072 2B                    4277 	.db #0x2b	; 43
    00001073 A0                    4278 	.db #0xa0	; 160
    00001074 00                    4279 	.db #0x00	; 0
    00001075 2D                    4280 	.db #0x2d	; 45
    00001076 20                    4281 	.db #0x20	; 32
    00001077 00                    4282 	.db #0x00	; 0
    00001078 5A                    4283 	.db #0x5a	; 90	'Z'
    00001079 00                    4284 	.db #0x00	; 0
    0000107A 00                    4285 	.db #0x00	; 0
    0000107B 2F                    4286 	.db #0x2f	; 47
    0000107C 20                    4287 	.db #0x20	; 32
    0000107D 00                    4288 	.db #0x00	; 0
    0000107E 5A                    4289 	.db #0x5a	; 90	'Z'
    0000107F 00                    4290 	.db #0x00	; 0
    00001080 00                    4291 	.db #0x00	; 0
    00001081                       4292 _P25:
    00001081 35                    4293 	.db #0x35	; 53	'5'
    00001082 A0                    4294 	.db #0xa0	; 160
    00001083 00                    4295 	.db #0x00	; 0
    00001084 5A                    4296 	.db #0x5a	; 90	'Z'
    00001085 00                    4297 	.db #0x00	; 0
    00001086 00                    4298 	.db #0x00	; 0
    00001087 33                    4299 	.db #0x33	; 51	'3'
    00001088 60                    4300 	.db #0x60	; 96
    00001089 00                    4301 	.db #0x00	; 0
    0000108A 5A                    4302 	.db #0x5a	; 90	'Z'
    0000108B 00                    4303 	.db #0x00	; 0
    0000108C 00                    4304 	.db #0x00	; 0
    0000108D 2E                    4305 	.db #0x2e	; 46
    0000108E 90                    4306 	.db #0x90	; 144
    0000108F 00                    4307 	.db #0x00	; 0
    00001090 5A                    4308 	.db #0x5a	; 90	'Z'
    00001091 00                    4309 	.db #0x00	; 0
    00001092 00                    4310 	.db #0x00	; 0
    00001093 33                    4311 	.db #0x33	; 51	'3'
    00001094 60                    4312 	.db #0x60	; 96
    00001095 00                    4313 	.db #0x00	; 0
    00001096 5A                    4314 	.db #0x5a	; 90	'Z'
    00001097 00                    4315 	.db #0x00	; 0
    00001098 00                    4316 	.db #0x00	; 0
    00001099 35                    4317 	.db #0x35	; 53	'5'
    0000109A 60                    4318 	.db #0x60	; 96
    0000109B 00                    4319 	.db #0x00	; 0
    0000109C 5A                    4320 	.db #0x5a	; 90	'Z'
    0000109D 00                    4321 	.db #0x00	; 0
    0000109E 00                    4322 	.db #0x00	; 0
    0000109F 33                    4323 	.db #0x33	; 51	'3'
    000010A0 60                    4324 	.db #0x60	; 96
    000010A1 00                    4325 	.db #0x00	; 0
    000010A2 5A                    4326 	.db #0x5a	; 90	'Z'
    000010A3 00                    4327 	.db #0x00	; 0
    000010A4 00                    4328 	.db #0x00	; 0
    000010A5 2E                    4329 	.db #0x2e	; 46
    000010A6 90                    4330 	.db #0x90	; 144
    000010A7 00                    4331 	.db #0x00	; 0
    000010A8 5A                    4332 	.db #0x5a	; 90	'Z'
    000010A9 00                    4333 	.db #0x00	; 0
    000010AA 00                    4334 	.db #0x00	; 0
    000010AB 33                    4335 	.db #0x33	; 51	'3'
    000010AC 60                    4336 	.db #0x60	; 96
    000010AD 00                    4337 	.db #0x00	; 0
    000010AE 5A                    4338 	.db #0x5a	; 90	'Z'
    000010AF 00                    4339 	.db #0x00	; 0
    000010B0 00                    4340 	.db #0x00	; 0
    000010B1 35                    4341 	.db #0x35	; 53	'5'
    000010B2 60                    4342 	.db #0x60	; 96
    000010B3 00                    4343 	.db #0x00	; 0
    000010B4 5A                    4344 	.db #0x5a	; 90	'Z'
    000010B5 00                    4345 	.db #0x00	; 0
    000010B6 00                    4346 	.db #0x00	; 0
    000010B7 33                    4347 	.db #0x33	; 51	'3'
    000010B8 60                    4348 	.db #0x60	; 96
    000010B9 00                    4349 	.db #0x00	; 0
    000010BA 5A                    4350 	.db #0x5a	; 90	'Z'
    000010BB 00                    4351 	.db #0x00	; 0
    000010BC 00                    4352 	.db #0x00	; 0
    000010BD 2E                    4353 	.db #0x2e	; 46
    000010BE 90                    4354 	.db #0x90	; 144
    000010BF 00                    4355 	.db #0x00	; 0
    000010C0 5A                    4356 	.db #0x5a	; 90	'Z'
    000010C1 00                    4357 	.db #0x00	; 0
    000010C2 00                    4358 	.db #0x00	; 0
    000010C3 33                    4359 	.db #0x33	; 51	'3'
    000010C4 60                    4360 	.db #0x60	; 96
    000010C5 00                    4361 	.db #0x00	; 0
    000010C6 5A                    4362 	.db #0x5a	; 90	'Z'
    000010C7 00                    4363 	.db #0x00	; 0
    000010C8 00                    4364 	.db #0x00	; 0
    000010C9 35                    4365 	.db #0x35	; 53	'5'
    000010CA 60                    4366 	.db #0x60	; 96
    000010CB 00                    4367 	.db #0x00	; 0
    000010CC 5A                    4368 	.db #0x5a	; 90	'Z'
    000010CD 00                    4369 	.db #0x00	; 0
    000010CE 00                    4370 	.db #0x00	; 0
    000010CF 33                    4371 	.db #0x33	; 51	'3'
    000010D0 60                    4372 	.db #0x60	; 96
    000010D1 00                    4373 	.db #0x00	; 0
    000010D2 5A                    4374 	.db #0x5a	; 90	'Z'
    000010D3 00                    4375 	.db #0x00	; 0
    000010D4 00                    4376 	.db #0x00	; 0
    000010D5 2E                    4377 	.db #0x2e	; 46
    000010D6 90                    4378 	.db #0x90	; 144
    000010D7 00                    4379 	.db #0x00	; 0
    000010D8 5A                    4380 	.db #0x5a	; 90	'Z'
    000010D9 00                    4381 	.db #0x00	; 0
    000010DA 00                    4382 	.db #0x00	; 0
    000010DB 33                    4383 	.db #0x33	; 51	'3'
    000010DC 60                    4384 	.db #0x60	; 96
    000010DD 00                    4385 	.db #0x00	; 0
    000010DE 5A                    4386 	.db #0x5a	; 90	'Z'
    000010DF 00                    4387 	.db #0x00	; 0
    000010E0 00                    4388 	.db #0x00	; 0
    000010E1 35                    4389 	.db #0x35	; 53	'5'
    000010E2 60                    4390 	.db #0x60	; 96
    000010E3 00                    4391 	.db #0x00	; 0
    000010E4 5A                    4392 	.db #0x5a	; 90	'Z'
    000010E5 00                    4393 	.db #0x00	; 0
    000010E6 00                    4394 	.db #0x00	; 0
    000010E7 33                    4395 	.db #0x33	; 51	'3'
    000010E8 60                    4396 	.db #0x60	; 96
    000010E9 00                    4397 	.db #0x00	; 0
    000010EA 5A                    4398 	.db #0x5a	; 90	'Z'
    000010EB 00                    4399 	.db #0x00	; 0
    000010EC 00                    4400 	.db #0x00	; 0
    000010ED 2E                    4401 	.db #0x2e	; 46
    000010EE 90                    4402 	.db #0x90	; 144
    000010EF 00                    4403 	.db #0x00	; 0
    000010F0 5A                    4404 	.db #0x5a	; 90	'Z'
    000010F1 00                    4405 	.db #0x00	; 0
    000010F2 00                    4406 	.db #0x00	; 0
    000010F3 33                    4407 	.db #0x33	; 51	'3'
    000010F4 60                    4408 	.db #0x60	; 96
    000010F5 00                    4409 	.db #0x00	; 0
    000010F6 5A                    4410 	.db #0x5a	; 90	'Z'
    000010F7 00                    4411 	.db #0x00	; 0
    000010F8 00                    4412 	.db #0x00	; 0
    000010F9 35                    4413 	.db #0x35	; 53	'5'
    000010FA 60                    4414 	.db #0x60	; 96
    000010FB 00                    4415 	.db #0x00	; 0
    000010FC 5A                    4416 	.db #0x5a	; 90	'Z'
    000010FD 00                    4417 	.db #0x00	; 0
    000010FE 00                    4418 	.db #0x00	; 0
    000010FF 33                    4419 	.db #0x33	; 51	'3'
    00001100 60                    4420 	.db #0x60	; 96
    00001101 00                    4421 	.db #0x00	; 0
    00001102 5A                    4422 	.db #0x5a	; 90	'Z'
    00001103 00                    4423 	.db #0x00	; 0
    00001104 00                    4424 	.db #0x00	; 0
    00001105 2E                    4425 	.db #0x2e	; 46
    00001106 90                    4426 	.db #0x90	; 144
    00001107 00                    4427 	.db #0x00	; 0
    00001108 5A                    4428 	.db #0x5a	; 90	'Z'
    00001109 00                    4429 	.db #0x00	; 0
    0000110A 00                    4430 	.db #0x00	; 0
    0000110B 33                    4431 	.db #0x33	; 51	'3'
    0000110C 60                    4432 	.db #0x60	; 96
    0000110D 00                    4433 	.db #0x00	; 0
    0000110E 5A                    4434 	.db #0x5a	; 90	'Z'
    0000110F 00                    4435 	.db #0x00	; 0
    00001110 00                    4436 	.db #0x00	; 0
    00001111 35                    4437 	.db #0x35	; 53	'5'
    00001112 60                    4438 	.db #0x60	; 96
    00001113 00                    4439 	.db #0x00	; 0
    00001114 5A                    4440 	.db #0x5a	; 90	'Z'
    00001115 00                    4441 	.db #0x00	; 0
    00001116 00                    4442 	.db #0x00	; 0
    00001117 33                    4443 	.db #0x33	; 51	'3'
    00001118 60                    4444 	.db #0x60	; 96
    00001119 00                    4445 	.db #0x00	; 0
    0000111A 5A                    4446 	.db #0x5a	; 90	'Z'
    0000111B 00                    4447 	.db #0x00	; 0
    0000111C 00                    4448 	.db #0x00	; 0
    0000111D 2E                    4449 	.db #0x2e	; 46
    0000111E 90                    4450 	.db #0x90	; 144
    0000111F 00                    4451 	.db #0x00	; 0
    00001120 5A                    4452 	.db #0x5a	; 90	'Z'
    00001121 00                    4453 	.db #0x00	; 0
    00001122 00                    4454 	.db #0x00	; 0
    00001123 33                    4455 	.db #0x33	; 51	'3'
    00001124 60                    4456 	.db #0x60	; 96
    00001125 00                    4457 	.db #0x00	; 0
    00001126 5A                    4458 	.db #0x5a	; 90	'Z'
    00001127 00                    4459 	.db #0x00	; 0
    00001128 00                    4460 	.db #0x00	; 0
    00001129 35                    4461 	.db #0x35	; 53	'5'
    0000112A 60                    4462 	.db #0x60	; 96
    0000112B 00                    4463 	.db #0x00	; 0
    0000112C 5A                    4464 	.db #0x5a	; 90	'Z'
    0000112D 00                    4465 	.db #0x00	; 0
    0000112E 00                    4466 	.db #0x00	; 0
    0000112F 33                    4467 	.db #0x33	; 51	'3'
    00001130 60                    4468 	.db #0x60	; 96
    00001131 00                    4469 	.db #0x00	; 0
    00001132 5A                    4470 	.db #0x5a	; 90	'Z'
    00001133 00                    4471 	.db #0x00	; 0
    00001134 00                    4472 	.db #0x00	; 0
    00001135 2E                    4473 	.db #0x2e	; 46
    00001136 90                    4474 	.db #0x90	; 144
    00001137 00                    4475 	.db #0x00	; 0
    00001138 5A                    4476 	.db #0x5a	; 90	'Z'
    00001139 00                    4477 	.db #0x00	; 0
    0000113A 00                    4478 	.db #0x00	; 0
    0000113B 33                    4479 	.db #0x33	; 51	'3'
    0000113C 60                    4480 	.db #0x60	; 96
    0000113D 00                    4481 	.db #0x00	; 0
    0000113E 5A                    4482 	.db #0x5a	; 90	'Z'
    0000113F 00                    4483 	.db #0x00	; 0
    00001140 00                    4484 	.db #0x00	; 0
    00001141                       4485 _P26:
    00001141 18                    4486 	.db #0x18	; 24
    00001142 40                    4487 	.db #0x40	; 64
    00001143 00                    4488 	.db #0x00	; 0
    00001144 5A                    4489 	.db #0x5a	; 90	'Z'
    00001145 00                    4490 	.db #0x00	; 0
    00001146 00                    4491 	.db #0x00	; 0
    00001147 0E                    4492 	.db #0x0e	; 14
    00001148 30                    4493 	.db #0x30	; 48	'0'
    00001149 00                    4494 	.db #0x00	; 0
    0000114A 5A                    4495 	.db #0x5a	; 90	'Z'
    0000114B 00                    4496 	.db #0x00	; 0
    0000114C 00                    4497 	.db #0x00	; 0
    0000114D 18                    4498 	.db #0x18	; 24
    0000114E 40                    4499 	.db #0x40	; 64
    0000114F 00                    4500 	.db #0x00	; 0
    00001150 5A                    4501 	.db #0x5a	; 90	'Z'
    00001151 00                    4502 	.db #0x00	; 0
    00001152 00                    4503 	.db #0x00	; 0
    00001153 0E                    4504 	.db #0x0e	; 14
    00001154 30                    4505 	.db #0x30	; 48	'0'
    00001155 00                    4506 	.db #0x00	; 0
    00001156 5A                    4507 	.db #0x5a	; 90	'Z'
    00001157 00                    4508 	.db #0x00	; 0
    00001158 00                    4509 	.db #0x00	; 0
    00001159 18                    4510 	.db #0x18	; 24
    0000115A 40                    4511 	.db #0x40	; 64
    0000115B 00                    4512 	.db #0x00	; 0
    0000115C 5A                    4513 	.db #0x5a	; 90	'Z'
    0000115D 00                    4514 	.db #0x00	; 0
    0000115E 00                    4515 	.db #0x00	; 0
    0000115F 0E                    4516 	.db #0x0e	; 14
    00001160 30                    4517 	.db #0x30	; 48	'0'
    00001161 00                    4518 	.db #0x00	; 0
    00001162 5A                    4519 	.db #0x5a	; 90	'Z'
    00001163 00                    4520 	.db #0x00	; 0
    00001164 00                    4521 	.db #0x00	; 0
    00001165 18                    4522 	.db #0x18	; 24
    00001166 40                    4523 	.db #0x40	; 64
    00001167 00                    4524 	.db #0x00	; 0
    00001168 5A                    4525 	.db #0x5a	; 90	'Z'
    00001169 00                    4526 	.db #0x00	; 0
    0000116A 00                    4527 	.db #0x00	; 0
    0000116B 0E                    4528 	.db #0x0e	; 14
    0000116C 30                    4529 	.db #0x30	; 48	'0'
    0000116D 00                    4530 	.db #0x00	; 0
    0000116E 5A                    4531 	.db #0x5a	; 90	'Z'
    0000116F 00                    4532 	.db #0x00	; 0
    00001170 00                    4533 	.db #0x00	; 0
    00001171 18                    4534 	.db #0x18	; 24
    00001172 40                    4535 	.db #0x40	; 64
    00001173 00                    4536 	.db #0x00	; 0
    00001174 5A                    4537 	.db #0x5a	; 90	'Z'
    00001175 00                    4538 	.db #0x00	; 0
    00001176 00                    4539 	.db #0x00	; 0
    00001177 15                    4540 	.db #0x15	; 21
    00001178 30                    4541 	.db #0x30	; 48	'0'
    00001179 00                    4542 	.db #0x00	; 0
    0000117A 5A                    4543 	.db #0x5a	; 90	'Z'
    0000117B 00                    4544 	.db #0x00	; 0
    0000117C 00                    4545 	.db #0x00	; 0
    0000117D 18                    4546 	.db #0x18	; 24
    0000117E 40                    4547 	.db #0x40	; 64
    0000117F 00                    4548 	.db #0x00	; 0
    00001180 5A                    4549 	.db #0x5a	; 90	'Z'
    00001181 00                    4550 	.db #0x00	; 0
    00001182 00                    4551 	.db #0x00	; 0
    00001183 15                    4552 	.db #0x15	; 21
    00001184 30                    4553 	.db #0x30	; 48	'0'
    00001185 00                    4554 	.db #0x00	; 0
    00001186 5A                    4555 	.db #0x5a	; 90	'Z'
    00001187 00                    4556 	.db #0x00	; 0
    00001188 00                    4557 	.db #0x00	; 0
    00001189 18                    4558 	.db #0x18	; 24
    0000118A 40                    4559 	.db #0x40	; 64
    0000118B 00                    4560 	.db #0x00	; 0
    0000118C 5A                    4561 	.db #0x5a	; 90	'Z'
    0000118D 00                    4562 	.db #0x00	; 0
    0000118E 00                    4563 	.db #0x00	; 0
    0000118F 15                    4564 	.db #0x15	; 21
    00001190 30                    4565 	.db #0x30	; 48	'0'
    00001191 00                    4566 	.db #0x00	; 0
    00001192 5A                    4567 	.db #0x5a	; 90	'Z'
    00001193 00                    4568 	.db #0x00	; 0
    00001194 00                    4569 	.db #0x00	; 0
    00001195 18                    4570 	.db #0x18	; 24
    00001196 40                    4571 	.db #0x40	; 64
    00001197 00                    4572 	.db #0x00	; 0
    00001198 5A                    4573 	.db #0x5a	; 90	'Z'
    00001199 00                    4574 	.db #0x00	; 0
    0000119A 00                    4575 	.db #0x00	; 0
    0000119B 15                    4576 	.db #0x15	; 21
    0000119C 30                    4577 	.db #0x30	; 48	'0'
    0000119D 00                    4578 	.db #0x00	; 0
    0000119E 5A                    4579 	.db #0x5a	; 90	'Z'
    0000119F 00                    4580 	.db #0x00	; 0
    000011A0 00                    4581 	.db #0x00	; 0
    000011A1 18                    4582 	.db #0x18	; 24
    000011A2 40                    4583 	.db #0x40	; 64
    000011A3 00                    4584 	.db #0x00	; 0
    000011A4 5A                    4585 	.db #0x5a	; 90	'Z'
    000011A5 00                    4586 	.db #0x00	; 0
    000011A6 00                    4587 	.db #0x00	; 0
    000011A7 15                    4588 	.db #0x15	; 21
    000011A8 30                    4589 	.db #0x30	; 48	'0'
    000011A9 00                    4590 	.db #0x00	; 0
    000011AA 5A                    4591 	.db #0x5a	; 90	'Z'
    000011AB 00                    4592 	.db #0x00	; 0
    000011AC 00                    4593 	.db #0x00	; 0
    000011AD 18                    4594 	.db #0x18	; 24
    000011AE 40                    4595 	.db #0x40	; 64
    000011AF 00                    4596 	.db #0x00	; 0
    000011B0 5A                    4597 	.db #0x5a	; 90	'Z'
    000011B1 00                    4598 	.db #0x00	; 0
    000011B2 00                    4599 	.db #0x00	; 0
    000011B3 15                    4600 	.db #0x15	; 21
    000011B4 30                    4601 	.db #0x30	; 48	'0'
    000011B5 00                    4602 	.db #0x00	; 0
    000011B6 5A                    4603 	.db #0x5a	; 90	'Z'
    000011B7 00                    4604 	.db #0x00	; 0
    000011B8 00                    4605 	.db #0x00	; 0
    000011B9 18                    4606 	.db #0x18	; 24
    000011BA 40                    4607 	.db #0x40	; 64
    000011BB 00                    4608 	.db #0x00	; 0
    000011BC 5A                    4609 	.db #0x5a	; 90	'Z'
    000011BD 00                    4610 	.db #0x00	; 0
    000011BE 00                    4611 	.db #0x00	; 0
    000011BF 15                    4612 	.db #0x15	; 21
    000011C0 30                    4613 	.db #0x30	; 48	'0'
    000011C1 00                    4614 	.db #0x00	; 0
    000011C2 5A                    4615 	.db #0x5a	; 90	'Z'
    000011C3 00                    4616 	.db #0x00	; 0
    000011C4 00                    4617 	.db #0x00	; 0
    000011C5 18                    4618 	.db #0x18	; 24
    000011C6 40                    4619 	.db #0x40	; 64
    000011C7 00                    4620 	.db #0x00	; 0
    000011C8 5A                    4621 	.db #0x5a	; 90	'Z'
    000011C9 00                    4622 	.db #0x00	; 0
    000011CA 00                    4623 	.db #0x00	; 0
    000011CB 15                    4624 	.db #0x15	; 21
    000011CC 30                    4625 	.db #0x30	; 48	'0'
    000011CD 00                    4626 	.db #0x00	; 0
    000011CE 5A                    4627 	.db #0x5a	; 90	'Z'
    000011CF 00                    4628 	.db #0x00	; 0
    000011D0 00                    4629 	.db #0x00	; 0
    000011D1 18                    4630 	.db #0x18	; 24
    000011D2 40                    4631 	.db #0x40	; 64
    000011D3 00                    4632 	.db #0x00	; 0
    000011D4 5A                    4633 	.db #0x5a	; 90	'Z'
    000011D5 00                    4634 	.db #0x00	; 0
    000011D6 00                    4635 	.db #0x00	; 0
    000011D7 13                    4636 	.db #0x13	; 19
    000011D8 30                    4637 	.db #0x30	; 48	'0'
    000011D9 00                    4638 	.db #0x00	; 0
    000011DA 5A                    4639 	.db #0x5a	; 90	'Z'
    000011DB 00                    4640 	.db #0x00	; 0
    000011DC 00                    4641 	.db #0x00	; 0
    000011DD 18                    4642 	.db #0x18	; 24
    000011DE 40                    4643 	.db #0x40	; 64
    000011DF 00                    4644 	.db #0x00	; 0
    000011E0 5A                    4645 	.db #0x5a	; 90	'Z'
    000011E1 00                    4646 	.db #0x00	; 0
    000011E2 00                    4647 	.db #0x00	; 0
    000011E3 13                    4648 	.db #0x13	; 19
    000011E4 30                    4649 	.db #0x30	; 48	'0'
    000011E5 00                    4650 	.db #0x00	; 0
    000011E6 5A                    4651 	.db #0x5a	; 90	'Z'
    000011E7 00                    4652 	.db #0x00	; 0
    000011E8 00                    4653 	.db #0x00	; 0
    000011E9 18                    4654 	.db #0x18	; 24
    000011EA 40                    4655 	.db #0x40	; 64
    000011EB 00                    4656 	.db #0x00	; 0
    000011EC 18                    4657 	.db #0x18	; 24
    000011ED 40                    4658 	.db #0x40	; 64
    000011EE 00                    4659 	.db #0x00	; 0
    000011EF 18                    4660 	.db #0x18	; 24
    000011F0 40                    4661 	.db #0x40	; 64
    000011F1 00                    4662 	.db #0x00	; 0
    000011F2 18                    4663 	.db #0x18	; 24
    000011F3 40                    4664 	.db #0x40	; 64
    000011F4 00                    4665 	.db #0x00	; 0
    000011F5 18                    4666 	.db #0x18	; 24
    000011F6 40                    4667 	.db #0x40	; 64
    000011F7 00                    4668 	.db #0x00	; 0
    000011F8 18                    4669 	.db #0x18	; 24
    000011F9 40                    4670 	.db #0x40	; 64
    000011FA 00                    4671 	.db #0x00	; 0
    000011FB 18                    4672 	.db #0x18	; 24
    000011FC 40                    4673 	.db #0x40	; 64
    000011FD 00                    4674 	.db #0x00	; 0
    000011FE 18                    4675 	.db #0x18	; 24
    000011FF 40                    4676 	.db #0x40	; 64
    00001200 00                    4677 	.db #0x00	; 0
    00001201                       4678 _P31:
    00001201 26                    4679 	.db #0x26	; 38
    00001202 3C                    4680 	.db #0x3c	; 60
    00001203 0F                    4681 	.db #0x0f	; 15
    00001204 5A                    4682 	.db #0x5a	; 90	'Z'
    00001205 00                    4683 	.db #0x00	; 0
    00001206 00                    4684 	.db #0x00	; 0
    00001207 26                    4685 	.db #0x26	; 38
    00001208 3C                    4686 	.db #0x3c	; 60
    00001209 04                    4687 	.db #0x04	; 4
    0000120A 5A                    4688 	.db #0x5a	; 90	'Z'
    0000120B 00                    4689 	.db #0x00	; 0
    0000120C 00                    4690 	.db #0x00	; 0
    0000120D 26                    4691 	.db #0x26	; 38
    0000120E 3E                    4692 	.db #0x3e	; 62
    0000120F 03                    4693 	.db #0x03	; 3
    00001210 26                    4694 	.db #0x26	; 38
    00001211 3E                    4695 	.db #0x3e	; 62
    00001212 03                    4696 	.db #0x03	; 3
    00001213 24                    4697 	.db #0x24	; 36
    00001214 30                    4698 	.db #0x30	; 48	'0'
    00001215 00                    4699 	.db #0x00	; 0
    00001216 5A                    4700 	.db #0x5a	; 90	'Z'
    00001217 00                    4701 	.db #0x00	; 0
    00001218 00                    4702 	.db #0x00	; 0
    00001219 26                    4703 	.db #0x26	; 38
    0000121A 30                    4704 	.db #0x30	; 48	'0'
    0000121B 00                    4705 	.db #0x00	; 0
    0000121C 5A                    4706 	.db #0x5a	; 90	'Z'
    0000121D 00                    4707 	.db #0x00	; 0
    0000121E 00                    4708 	.db #0x00	; 0
    0000121F 29                    4709 	.db #0x29	; 41
    00001220 30                    4710 	.db #0x30	; 48	'0'
    00001221 00                    4711 	.db #0x00	; 0
    00001222 5A                    4712 	.db #0x5a	; 90	'Z'
    00001223 00                    4713 	.db #0x00	; 0
    00001224 00                    4714 	.db #0x00	; 0
    00001225 28                    4715 	.db #0x28	; 40
    00001226 30                    4716 	.db #0x30	; 48	'0'
    00001227 00                    4717 	.db #0x00	; 0
    00001228 5A                    4718 	.db #0x5a	; 90	'Z'
    00001229 00                    4719 	.db #0x00	; 0
    0000122A 00                    4720 	.db #0x00	; 0
    0000122B 2B                    4721 	.db #0x2b	; 43
    0000122C 30                    4722 	.db #0x30	; 48	'0'
    0000122D 00                    4723 	.db #0x00	; 0
    0000122E 5A                    4724 	.db #0x5a	; 90	'Z'
    0000122F 00                    4725 	.db #0x00	; 0
    00001230 00                    4726 	.db #0x00	; 0
    00001231 2D                    4727 	.db #0x2d	; 45
    00001232 30                    4728 	.db #0x30	; 48	'0'
    00001233 00                    4729 	.db #0x00	; 0
    00001234 5A                    4730 	.db #0x5a	; 90	'Z'
    00001235 00                    4731 	.db #0x00	; 0
    00001236 00                    4732 	.db #0x00	; 0
    00001237 2D                    4733 	.db #0x2d	; 45
    00001238 3E                    4734 	.db #0x3e	; 62
    00001239 03                    4735 	.db #0x03	; 3
    0000123A 2D                    4736 	.db #0x2d	; 45
    0000123B 3E                    4737 	.db #0x3e	; 62
    0000123C 03                    4738 	.db #0x03	; 3
    0000123D 2D                    4739 	.db #0x2d	; 45
    0000123E 3E                    4740 	.db #0x3e	; 62
    0000123F 03                    4741 	.db #0x03	; 3
    00001240 5A                    4742 	.db #0x5a	; 90	'Z'
    00001241 00                    4743 	.db #0x00	; 0
    00001242 00                    4744 	.db #0x00	; 0
    00001243 2B                    4745 	.db #0x2b	; 43
    00001244 30                    4746 	.db #0x30	; 48	'0'
    00001245 00                    4747 	.db #0x00	; 0
    00001246 5A                    4748 	.db #0x5a	; 90	'Z'
    00001247 00                    4749 	.db #0x00	; 0
    00001248 00                    4750 	.db #0x00	; 0
    00001249 2D                    4751 	.db #0x2d	; 45
    0000124A 30                    4752 	.db #0x30	; 48	'0'
    0000124B 00                    4753 	.db #0x00	; 0
    0000124C 5A                    4754 	.db #0x5a	; 90	'Z'
    0000124D 00                    4755 	.db #0x00	; 0
    0000124E 00                    4756 	.db #0x00	; 0
    0000124F 30                    4757 	.db #0x30	; 48	'0'
    00001250 30                    4758 	.db #0x30	; 48	'0'
    00001251 00                    4759 	.db #0x00	; 0
    00001252 5A                    4760 	.db #0x5a	; 90	'Z'
    00001253 00                    4761 	.db #0x00	; 0
    00001254 00                    4762 	.db #0x00	; 0
    00001255 2F                    4763 	.db #0x2f	; 47
    00001256 30                    4764 	.db #0x30	; 48	'0'
    00001257 00                    4765 	.db #0x00	; 0
    00001258 5A                    4766 	.db #0x5a	; 90	'Z'
    00001259 00                    4767 	.db #0x00	; 0
    0000125A 00                    4768 	.db #0x00	; 0
    0000125B 2B                    4769 	.db #0x2b	; 43
    0000125C 30                    4770 	.db #0x30	; 48	'0'
    0000125D 00                    4771 	.db #0x00	; 0
    0000125E 5A                    4772 	.db #0x5a	; 90	'Z'
    0000125F 00                    4773 	.db #0x00	; 0
    00001260 00                    4774 	.db #0x00	; 0
    00001261 2D                    4775 	.db #0x2d	; 45
    00001262 30                    4776 	.db #0x30	; 48	'0'
    00001263 00                    4777 	.db #0x00	; 0
    00001264 5A                    4778 	.db #0x5a	; 90	'Z'
    00001265 00                    4779 	.db #0x00	; 0
    00001266 00                    4780 	.db #0x00	; 0
    00001267 2D                    4781 	.db #0x2d	; 45
    00001268 3C                    4782 	.db #0x3c	; 60
    00001269 04                    4783 	.db #0x04	; 4
    0000126A 5A                    4784 	.db #0x5a	; 90	'Z'
    0000126B 00                    4785 	.db #0x00	; 0
    0000126C 00                    4786 	.db #0x00	; 0
    0000126D 2D                    4787 	.db #0x2d	; 45
    0000126E 30                    4788 	.db #0x30	; 48	'0'
    0000126F 00                    4789 	.db #0x00	; 0
    00001270 5A                    4790 	.db #0x5a	; 90	'Z'
    00001271 00                    4791 	.db #0x00	; 0
    00001272 00                    4792 	.db #0x00	; 0
    00001273 2B                    4793 	.db #0x2b	; 43
    00001274 30                    4794 	.db #0x30	; 48	'0'
    00001275 00                    4795 	.db #0x00	; 0
    00001276 5A                    4796 	.db #0x5a	; 90	'Z'
    00001277 00                    4797 	.db #0x00	; 0
    00001278 00                    4798 	.db #0x00	; 0
    00001279 2D                    4799 	.db #0x2d	; 45
    0000127A 3E                    4800 	.db #0x3e	; 62
    0000127B 03                    4801 	.db #0x03	; 3
    0000127C 2D                    4802 	.db #0x2d	; 45
    0000127D 3E                    4803 	.db #0x3e	; 62
    0000127E 03                    4804 	.db #0x03	; 3
    0000127F 2F                    4805 	.db #0x2f	; 47
    00001280 30                    4806 	.db #0x30	; 48	'0'
    00001281 00                    4807 	.db #0x00	; 0
    00001282 5A                    4808 	.db #0x5a	; 90	'Z'
    00001283 00                    4809 	.db #0x00	; 0
    00001284 00                    4810 	.db #0x00	; 0
    00001285 30                    4811 	.db #0x30	; 48	'0'
    00001286 30                    4812 	.db #0x30	; 48	'0'
    00001287 00                    4813 	.db #0x00	; 0
    00001288 5A                    4814 	.db #0x5a	; 90	'Z'
    00001289 00                    4815 	.db #0x00	; 0
    0000128A 00                    4816 	.db #0x00	; 0
    0000128B 2F                    4817 	.db #0x2f	; 47
    0000128C 30                    4818 	.db #0x30	; 48	'0'
    0000128D 00                    4819 	.db #0x00	; 0
    0000128E 5A                    4820 	.db #0x5a	; 90	'Z'
    0000128F 00                    4821 	.db #0x00	; 0
    00001290 00                    4822 	.db #0x00	; 0
    00001291 2B                    4823 	.db #0x2b	; 43
    00001292 30                    4824 	.db #0x30	; 48	'0'
    00001293 00                    4825 	.db #0x00	; 0
    00001294 5A                    4826 	.db #0x5a	; 90	'Z'
    00001295 00                    4827 	.db #0x00	; 0
    00001296 00                    4828 	.db #0x00	; 0
    00001297 2D                    4829 	.db #0x2d	; 45
    00001298 3E                    4830 	.db #0x3e	; 62
    00001299 03                    4831 	.db #0x03	; 3
    0000129A 2D                    4832 	.db #0x2d	; 45
    0000129B 3E                    4833 	.db #0x3e	; 62
    0000129C 03                    4834 	.db #0x03	; 3
    0000129D 2D                    4835 	.db #0x2d	; 45
    0000129E 3E                    4836 	.db #0x3e	; 62
    0000129F 03                    4837 	.db #0x03	; 3
    000012A0 5A                    4838 	.db #0x5a	; 90	'Z'
    000012A1 00                    4839 	.db #0x00	; 0
    000012A2 00                    4840 	.db #0x00	; 0
    000012A3 2B                    4841 	.db #0x2b	; 43
    000012A4 30                    4842 	.db #0x30	; 48	'0'
    000012A5 00                    4843 	.db #0x00	; 0
    000012A6 5A                    4844 	.db #0x5a	; 90	'Z'
    000012A7 00                    4845 	.db #0x00	; 0
    000012A8 00                    4846 	.db #0x00	; 0
    000012A9 2D                    4847 	.db #0x2d	; 45
    000012AA 3E                    4848 	.db #0x3e	; 62
    000012AB 03                    4849 	.db #0x03	; 3
    000012AC 2D                    4850 	.db #0x2d	; 45
    000012AD 3E                    4851 	.db #0x3e	; 62
    000012AE 03                    4852 	.db #0x03	; 3
    000012AF 2B                    4853 	.db #0x2b	; 43
    000012B0 30                    4854 	.db #0x30	; 48	'0'
    000012B1 00                    4855 	.db #0x00	; 0
    000012B2 5A                    4856 	.db #0x5a	; 90	'Z'
    000012B3 00                    4857 	.db #0x00	; 0
    000012B4 00                    4858 	.db #0x00	; 0
    000012B5 2D                    4859 	.db #0x2d	; 45
    000012B6 30                    4860 	.db #0x30	; 48	'0'
    000012B7 00                    4861 	.db #0x00	; 0
    000012B8 5A                    4862 	.db #0x5a	; 90	'Z'
    000012B9 00                    4863 	.db #0x00	; 0
    000012BA 00                    4864 	.db #0x00	; 0
    000012BB 2F                    4865 	.db #0x2f	; 47
    000012BC 30                    4866 	.db #0x30	; 48	'0'
    000012BD 00                    4867 	.db #0x00	; 0
    000012BE 5A                    4868 	.db #0x5a	; 90	'Z'
    000012BF 00                    4869 	.db #0x00	; 0
    000012C0 00                    4870 	.db #0x00	; 0
    000012C1                       4871 _P32:
    000012C1 26                    4872 	.db #0x26	; 38
    000012C2 3C                    4873 	.db #0x3c	; 60
    000012C3 0F                    4874 	.db #0x0f	; 15
    000012C4 5A                    4875 	.db #0x5a	; 90	'Z'
    000012C5 00                    4876 	.db #0x00	; 0
    000012C6 00                    4877 	.db #0x00	; 0
    000012C7 26                    4878 	.db #0x26	; 38
    000012C8 3C                    4879 	.db #0x3c	; 60
    000012C9 04                    4880 	.db #0x04	; 4
    000012CA 26                    4881 	.db #0x26	; 38
    000012CB 3E                    4882 	.db #0x3e	; 62
    000012CC 03                    4883 	.db #0x03	; 3
    000012CD 26                    4884 	.db #0x26	; 38
    000012CE 3E                    4885 	.db #0x3e	; 62
    000012CF 03                    4886 	.db #0x03	; 3
    000012D0 5A                    4887 	.db #0x5a	; 90	'Z'
    000012D1 00                    4888 	.db #0x00	; 0
    000012D2 00                    4889 	.db #0x00	; 0
    000012D3 24                    4890 	.db #0x24	; 36
    000012D4 30                    4891 	.db #0x30	; 48	'0'
    000012D5 00                    4892 	.db #0x00	; 0
    000012D6 5A                    4893 	.db #0x5a	; 90	'Z'
    000012D7 00                    4894 	.db #0x00	; 0
    000012D8 00                    4895 	.db #0x00	; 0
    000012D9 26                    4896 	.db #0x26	; 38
    000012DA 30                    4897 	.db #0x30	; 48	'0'
    000012DB 00                    4898 	.db #0x00	; 0
    000012DC 5A                    4899 	.db #0x5a	; 90	'Z'
    000012DD 00                    4900 	.db #0x00	; 0
    000012DE 00                    4901 	.db #0x00	; 0
    000012DF 29                    4902 	.db #0x29	; 41
    000012E0 30                    4903 	.db #0x30	; 48	'0'
    000012E1 00                    4904 	.db #0x00	; 0
    000012E2 5A                    4905 	.db #0x5a	; 90	'Z'
    000012E3 00                    4906 	.db #0x00	; 0
    000012E4 00                    4907 	.db #0x00	; 0
    000012E5 28                    4908 	.db #0x28	; 40
    000012E6 30                    4909 	.db #0x30	; 48	'0'
    000012E7 00                    4910 	.db #0x00	; 0
    000012E8 5A                    4911 	.db #0x5a	; 90	'Z'
    000012E9 00                    4912 	.db #0x00	; 0
    000012EA 00                    4913 	.db #0x00	; 0
    000012EB 2B                    4914 	.db #0x2b	; 43
    000012EC 30                    4915 	.db #0x30	; 48	'0'
    000012ED 00                    4916 	.db #0x00	; 0
    000012EE 5A                    4917 	.db #0x5a	; 90	'Z'
    000012EF 00                    4918 	.db #0x00	; 0
    000012F0 00                    4919 	.db #0x00	; 0
    000012F1 30                    4920 	.db #0x30	; 48	'0'
    000012F2 3E                    4921 	.db #0x3e	; 62
    000012F3 03                    4922 	.db #0x03	; 3
    000012F4 30                    4923 	.db #0x30	; 48	'0'
    000012F5 3E                    4924 	.db #0x3e	; 62
    000012F6 03                    4925 	.db #0x03	; 3
    000012F7 30                    4926 	.db #0x30	; 48	'0'
    000012F8 3E                    4927 	.db #0x3e	; 62
    000012F9 03                    4928 	.db #0x03	; 3
    000012FA 30                    4929 	.db #0x30	; 48	'0'
    000012FB 3E                    4930 	.db #0x3e	; 62
    000012FC 03                    4931 	.db #0x03	; 3
    000012FD 2F                    4932 	.db #0x2f	; 47
    000012FE 30                    4933 	.db #0x30	; 48	'0'
    000012FF 00                    4934 	.db #0x00	; 0
    00001300 5A                    4935 	.db #0x5a	; 90	'Z'
    00001301 00                    4936 	.db #0x00	; 0
    00001302 00                    4937 	.db #0x00	; 0
    00001303 2B                    4938 	.db #0x2b	; 43
    00001304 30                    4939 	.db #0x30	; 48	'0'
    00001305 00                    4940 	.db #0x00	; 0
    00001306 5A                    4941 	.db #0x5a	; 90	'Z'
    00001307 00                    4942 	.db #0x00	; 0
    00001308 00                    4943 	.db #0x00	; 0
    00001309 30                    4944 	.db #0x30	; 48	'0'
    0000130A 3E                    4945 	.db #0x3e	; 62
    0000130B 03                    4946 	.db #0x03	; 3
    0000130C 5A                    4947 	.db #0x5a	; 90	'Z'
    0000130D 00                    4948 	.db #0x00	; 0
    0000130E 00                    4949 	.db #0x00	; 0
    0000130F 30                    4950 	.db #0x30	; 48	'0'
    00001310 3E                    4951 	.db #0x3e	; 62
    00001311 03                    4952 	.db #0x03	; 3
    00001312 30                    4953 	.db #0x30	; 48	'0'
    00001313 3E                    4954 	.db #0x3e	; 62
    00001314 03                    4955 	.db #0x03	; 3
    00001315 2F                    4956 	.db #0x2f	; 47
    00001316 30                    4957 	.db #0x30	; 48	'0'
    00001317 00                    4958 	.db #0x00	; 0
    00001318 5A                    4959 	.db #0x5a	; 90	'Z'
    00001319 00                    4960 	.db #0x00	; 0
    0000131A 00                    4961 	.db #0x00	; 0
    0000131B 2B                    4962 	.db #0x2b	; 43
    0000131C 30                    4963 	.db #0x30	; 48	'0'
    0000131D 00                    4964 	.db #0x00	; 0
    0000131E 5A                    4965 	.db #0x5a	; 90	'Z'
    0000131F 00                    4966 	.db #0x00	; 0
    00001320 00                    4967 	.db #0x00	; 0
    00001321 2D                    4968 	.db #0x2d	; 45
    00001322 30                    4969 	.db #0x30	; 48	'0'
    00001323 00                    4970 	.db #0x00	; 0
    00001324 5A                    4971 	.db #0x5a	; 90	'Z'
    00001325 00                    4972 	.db #0x00	; 0
    00001326 00                    4973 	.db #0x00	; 0
    00001327 2D                    4974 	.db #0x2d	; 45
    00001328 3C                    4975 	.db #0x3c	; 60
    00001329 04                    4976 	.db #0x04	; 4
    0000132A 5A                    4977 	.db #0x5a	; 90	'Z'
    0000132B 00                    4978 	.db #0x00	; 0
    0000132C 00                    4979 	.db #0x00	; 0
    0000132D 2D                    4980 	.db #0x2d	; 45
    0000132E 30                    4981 	.db #0x30	; 48	'0'
    0000132F 00                    4982 	.db #0x00	; 0
    00001330 5A                    4983 	.db #0x5a	; 90	'Z'
    00001331 00                    4984 	.db #0x00	; 0
    00001332 00                    4985 	.db #0x00	; 0
    00001333 2B                    4986 	.db #0x2b	; 43
    00001334 30                    4987 	.db #0x30	; 48	'0'
    00001335 00                    4988 	.db #0x00	; 0
    00001336 5A                    4989 	.db #0x5a	; 90	'Z'
    00001337 00                    4990 	.db #0x00	; 0
    00001338 00                    4991 	.db #0x00	; 0
    00001339 2D                    4992 	.db #0x2d	; 45
    0000133A 30                    4993 	.db #0x30	; 48	'0'
    0000133B 00                    4994 	.db #0x00	; 0
    0000133C 5A                    4995 	.db #0x5a	; 90	'Z'
    0000133D 00                    4996 	.db #0x00	; 0
    0000133E 00                    4997 	.db #0x00	; 0
    0000133F 2F                    4998 	.db #0x2f	; 47
    00001340 3E                    4999 	.db #0x3e	; 62
    00001341 03                    5000 	.db #0x03	; 3
    00001342 2F                    5001 	.db #0x2f	; 47
    00001343 3E                    5002 	.db #0x3e	; 62
    00001344 03                    5003 	.db #0x03	; 3
    00001345 30                    5004 	.db #0x30	; 48	'0'
    00001346 30                    5005 	.db #0x30	; 48	'0'
    00001347 00                    5006 	.db #0x00	; 0
    00001348 5A                    5007 	.db #0x5a	; 90	'Z'
    00001349 00                    5008 	.db #0x00	; 0
    0000134A 00                    5009 	.db #0x00	; 0
    0000134B 2F                    5010 	.db #0x2f	; 47
    0000134C 30                    5011 	.db #0x30	; 48	'0'
    0000134D 00                    5012 	.db #0x00	; 0
    0000134E 5A                    5013 	.db #0x5a	; 90	'Z'
    0000134F 00                    5014 	.db #0x00	; 0
    00001350 00                    5015 	.db #0x00	; 0
    00001351 2B                    5016 	.db #0x2b	; 43
    00001352 30                    5017 	.db #0x30	; 48	'0'
    00001353 00                    5018 	.db #0x00	; 0
    00001354 5A                    5019 	.db #0x5a	; 90	'Z'
    00001355 00                    5020 	.db #0x00	; 0
    00001356 00                    5021 	.db #0x00	; 0
    00001357 2D                    5022 	.db #0x2d	; 45
    00001358 3E                    5023 	.db #0x3e	; 62
    00001359 03                    5024 	.db #0x03	; 3
    0000135A 2D                    5025 	.db #0x2d	; 45
    0000135B 3E                    5026 	.db #0x3e	; 62
    0000135C 03                    5027 	.db #0x03	; 3
    0000135D 2D                    5028 	.db #0x2d	; 45
    0000135E 3E                    5029 	.db #0x3e	; 62
    0000135F 03                    5030 	.db #0x03	; 3
    00001360 5A                    5031 	.db #0x5a	; 90	'Z'
    00001361 00                    5032 	.db #0x00	; 0
    00001362 00                    5033 	.db #0x00	; 0
    00001363 2B                    5034 	.db #0x2b	; 43
    00001364 30                    5035 	.db #0x30	; 48	'0'
    00001365 00                    5036 	.db #0x00	; 0
    00001366 5A                    5037 	.db #0x5a	; 90	'Z'
    00001367 00                    5038 	.db #0x00	; 0
    00001368 00                    5039 	.db #0x00	; 0
    00001369 2D                    5040 	.db #0x2d	; 45
    0000136A 3E                    5041 	.db #0x3e	; 62
    0000136B 03                    5042 	.db #0x03	; 3
    0000136C 2B                    5043 	.db #0x2b	; 43
    0000136D 3E                    5044 	.db #0x3e	; 62
    0000136E 03                    5045 	.db #0x03	; 3
    0000136F 2D                    5046 	.db #0x2d	; 45
    00001370 3E                    5047 	.db #0x3e	; 62
    00001371 03                    5048 	.db #0x03	; 3
    00001372 2B                    5049 	.db #0x2b	; 43
    00001373 3E                    5050 	.db #0x3e	; 62
    00001374 03                    5051 	.db #0x03	; 3
    00001375 2D                    5052 	.db #0x2d	; 45
    00001376 3E                    5053 	.db #0x3e	; 62
    00001377 03                    5054 	.db #0x03	; 3
    00001378 2B                    5055 	.db #0x2b	; 43
    00001379 3E                    5056 	.db #0x3e	; 62
    0000137A 03                    5057 	.db #0x03	; 3
    0000137B 2F                    5058 	.db #0x2f	; 47
    0000137C 30                    5059 	.db #0x30	; 48	'0'
    0000137D 00                    5060 	.db #0x00	; 0
    0000137E 5A                    5061 	.db #0x5a	; 90	'Z'
    0000137F 00                    5062 	.db #0x00	; 0
    00001380 00                    5063 	.db #0x00	; 0
    00001381                       5064 _P33:
    00001381 1A                    5065 	.db #0x1a	; 26
    00001382 70                    5066 	.db #0x70	; 112	'p'
    00001383 00                    5067 	.db #0x00	; 0
    00001384 5A                    5068 	.db #0x5a	; 90	'Z'
    00001385 00                    5069 	.db #0x00	; 0
    00001386 00                    5070 	.db #0x00	; 0
    00001387 5A                    5071 	.db #0x5a	; 90	'Z'
    00001388 00                    5072 	.db #0x00	; 0
    00001389 00                    5073 	.db #0x00	; 0
    0000138A 5A                    5074 	.db #0x5a	; 90	'Z'
    0000138B 0C                    5075 	.db #0x0c	; 12
    0000138C 18                    5076 	.db #0x18	; 24
    0000138D 1A                    5077 	.db #0x1a	; 26
    0000138E 70                    5078 	.db #0x70	; 112	'p'
    0000138F 00                    5079 	.db #0x00	; 0
    00001390 5A                    5080 	.db #0x5a	; 90	'Z'
    00001391 0C                    5081 	.db #0x0c	; 12
    00001392 18                    5082 	.db #0x18	; 24
    00001393 1A                    5083 	.db #0x1a	; 26
    00001394 70                    5084 	.db #0x70	; 112	'p'
    00001395 00                    5085 	.db #0x00	; 0
    00001396 5A                    5086 	.db #0x5a	; 90	'Z'
    00001397 00                    5087 	.db #0x00	; 0
    00001398 00                    5088 	.db #0x00	; 0
    00001399 5A                    5089 	.db #0x5a	; 90	'Z'
    0000139A 00                    5090 	.db #0x00	; 0
    0000139B 00                    5091 	.db #0x00	; 0
    0000139C 5A                    5092 	.db #0x5a	; 90	'Z'
    0000139D 0C                    5093 	.db #0x0c	; 12
    0000139E 18                    5094 	.db #0x18	; 24
    0000139F 1A                    5095 	.db #0x1a	; 26
    000013A0 70                    5096 	.db #0x70	; 112	'p'
    000013A1 00                    5097 	.db #0x00	; 0
    000013A2 5A                    5098 	.db #0x5a	; 90	'Z'
    000013A3 0C                    5099 	.db #0x0c	; 12
    000013A4 18                    5100 	.db #0x18	; 24
    000013A5 1A                    5101 	.db #0x1a	; 26
    000013A6 70                    5102 	.db #0x70	; 112	'p'
    000013A7 00                    5103 	.db #0x00	; 0
    000013A8 5A                    5104 	.db #0x5a	; 90	'Z'
    000013A9 0C                    5105 	.db #0x0c	; 12
    000013AA 18                    5106 	.db #0x18	; 24
    000013AB 1F                    5107 	.db #0x1f	; 31
    000013AC 70                    5108 	.db #0x70	; 112	'p'
    000013AD 00                    5109 	.db #0x00	; 0
    000013AE 5A                    5110 	.db #0x5a	; 90	'Z'
    000013AF 0C                    5111 	.db #0x0c	; 12
    000013B0 18                    5112 	.db #0x18	; 24
    000013B1 21                    5113 	.db #0x21	; 33
    000013B2 70                    5114 	.db #0x70	; 112	'p'
    000013B3 00                    5115 	.db #0x00	; 0
    000013B4 5A                    5116 	.db #0x5a	; 90	'Z'
    000013B5 00                    5117 	.db #0x00	; 0
    000013B6 00                    5118 	.db #0x00	; 0
    000013B7 5A                    5119 	.db #0x5a	; 90	'Z'
    000013B8 00                    5120 	.db #0x00	; 0
    000013B9 00                    5121 	.db #0x00	; 0
    000013BA 5A                    5122 	.db #0x5a	; 90	'Z'
    000013BB 0C                    5123 	.db #0x0c	; 12
    000013BC 18                    5124 	.db #0x18	; 24
    000013BD 21                    5125 	.db #0x21	; 33
    000013BE 70                    5126 	.db #0x70	; 112	'p'
    000013BF 00                    5127 	.db #0x00	; 0
    000013C0 5A                    5128 	.db #0x5a	; 90	'Z'
    000013C1 0C                    5129 	.db #0x0c	; 12
    000013C2 18                    5130 	.db #0x18	; 24
    000013C3 21                    5131 	.db #0x21	; 33
    000013C4 70                    5132 	.db #0x70	; 112	'p'
    000013C5 00                    5133 	.db #0x00	; 0
    000013C6 5A                    5134 	.db #0x5a	; 90	'Z'
    000013C7 00                    5135 	.db #0x00	; 0
    000013C8 00                    5136 	.db #0x00	; 0
    000013C9 5A                    5137 	.db #0x5a	; 90	'Z'
    000013CA 00                    5138 	.db #0x00	; 0
    000013CB 00                    5139 	.db #0x00	; 0
    000013CC 5A                    5140 	.db #0x5a	; 90	'Z'
    000013CD 0C                    5141 	.db #0x0c	; 12
    000013CE 18                    5142 	.db #0x18	; 24
    000013CF 1F                    5143 	.db #0x1f	; 31
    000013D0 70                    5144 	.db #0x70	; 112	'p'
    000013D1 00                    5145 	.db #0x00	; 0
    000013D2 5A                    5146 	.db #0x5a	; 90	'Z'
    000013D3 0C                    5147 	.db #0x0c	; 12
    000013D4 18                    5148 	.db #0x18	; 24
    000013D5 24                    5149 	.db #0x24	; 36
    000013D6 70                    5150 	.db #0x70	; 112	'p'
    000013D7 00                    5151 	.db #0x00	; 0
    000013D8 5A                    5152 	.db #0x5a	; 90	'Z'
    000013D9 0C                    5153 	.db #0x0c	; 12
    000013DA 18                    5154 	.db #0x18	; 24
    000013DB 23                    5155 	.db #0x23	; 35
    000013DC 70                    5156 	.db #0x70	; 112	'p'
    000013DD 00                    5157 	.db #0x00	; 0
    000013DE 5A                    5158 	.db #0x5a	; 90	'Z'
    000013DF 0C                    5159 	.db #0x0c	; 12
    000013E0 18                    5160 	.db #0x18	; 24
    000013E1 21                    5161 	.db #0x21	; 33
    000013E2 70                    5162 	.db #0x70	; 112	'p'
    000013E3 00                    5163 	.db #0x00	; 0
    000013E4 5A                    5164 	.db #0x5a	; 90	'Z'
    000013E5 00                    5165 	.db #0x00	; 0
    000013E6 00                    5166 	.db #0x00	; 0
    000013E7 5A                    5167 	.db #0x5a	; 90	'Z'
    000013E8 00                    5168 	.db #0x00	; 0
    000013E9 00                    5169 	.db #0x00	; 0
    000013EA 5A                    5170 	.db #0x5a	; 90	'Z'
    000013EB 00                    5171 	.db #0x00	; 0
    000013EC 00                    5172 	.db #0x00	; 0
    000013ED 5A                    5173 	.db #0x5a	; 90	'Z'
    000013EE 00                    5174 	.db #0x00	; 0
    000013EF 00                    5175 	.db #0x00	; 0
    000013F0 5A                    5176 	.db #0x5a	; 90	'Z'
    000013F1 00                    5177 	.db #0x00	; 0
    000013F2 00                    5178 	.db #0x00	; 0
    000013F3 5A                    5179 	.db #0x5a	; 90	'Z'
    000013F4 0C                    5180 	.db #0x0c	; 12
    000013F5 18                    5181 	.db #0x18	; 24
    000013F6 5A                    5182 	.db #0x5a	; 90	'Z'
    000013F7 00                    5183 	.db #0x00	; 0
    000013F8 00                    5184 	.db #0x00	; 0
    000013F9 5A                    5185 	.db #0x5a	; 90	'Z'
    000013FA 00                    5186 	.db #0x00	; 0
    000013FB 00                    5187 	.db #0x00	; 0
    000013FC 5A                    5188 	.db #0x5a	; 90	'Z'
    000013FD 00                    5189 	.db #0x00	; 0
    000013FE 00                    5190 	.db #0x00	; 0
    000013FF 21                    5191 	.db #0x21	; 33
    00001400 70                    5192 	.db #0x70	; 112	'p'
    00001401 00                    5193 	.db #0x00	; 0
    00001402 5A                    5194 	.db #0x5a	; 90	'Z'
    00001403 0C                    5195 	.db #0x0c	; 12
    00001404 18                    5196 	.db #0x18	; 24
    00001405 21                    5197 	.db #0x21	; 33
    00001406 70                    5198 	.db #0x70	; 112	'p'
    00001407 00                    5199 	.db #0x00	; 0
    00001408 5A                    5200 	.db #0x5a	; 90	'Z'
    00001409 00                    5201 	.db #0x00	; 0
    0000140A 00                    5202 	.db #0x00	; 0
    0000140B 24                    5203 	.db #0x24	; 36
    0000140C 70                    5204 	.db #0x70	; 112	'p'
    0000140D 00                    5205 	.db #0x00	; 0
    0000140E 5A                    5206 	.db #0x5a	; 90	'Z'
    0000140F 00                    5207 	.db #0x00	; 0
    00001410 00                    5208 	.db #0x00	; 0
    00001411 1F                    5209 	.db #0x1f	; 31
    00001412 70                    5210 	.db #0x70	; 112	'p'
    00001413 00                    5211 	.db #0x00	; 0
    00001414 5A                    5212 	.db #0x5a	; 90	'Z'
    00001415 00                    5213 	.db #0x00	; 0
    00001416 00                    5214 	.db #0x00	; 0
    00001417 5A                    5215 	.db #0x5a	; 90	'Z'
    00001418 00                    5216 	.db #0x00	; 0
    00001419 00                    5217 	.db #0x00	; 0
    0000141A 5A                    5218 	.db #0x5a	; 90	'Z'
    0000141B 00                    5219 	.db #0x00	; 0
    0000141C 00                    5220 	.db #0x00	; 0
    0000141D 5A                    5221 	.db #0x5a	; 90	'Z'
    0000141E 00                    5222 	.db #0x00	; 0
    0000141F 00                    5223 	.db #0x00	; 0
    00001420 5A                    5224 	.db #0x5a	; 90	'Z'
    00001421 00                    5225 	.db #0x00	; 0
    00001422 00                    5226 	.db #0x00	; 0
    00001423 5A                    5227 	.db #0x5a	; 90	'Z'
    00001424 0C                    5228 	.db #0x0c	; 12
    00001425 18                    5229 	.db #0x18	; 24
    00001426 5A                    5230 	.db #0x5a	; 90	'Z'
    00001427 00                    5231 	.db #0x00	; 0
    00001428 00                    5232 	.db #0x00	; 0
    00001429 5A                    5233 	.db #0x5a	; 90	'Z'
    0000142A 00                    5234 	.db #0x00	; 0
    0000142B 00                    5235 	.db #0x00	; 0
    0000142C 5A                    5236 	.db #0x5a	; 90	'Z'
    0000142D 00                    5237 	.db #0x00	; 0
    0000142E 00                    5238 	.db #0x00	; 0
    0000142F 1F                    5239 	.db #0x1f	; 31
    00001430 70                    5240 	.db #0x70	; 112	'p'
    00001431 00                    5241 	.db #0x00	; 0
    00001432 5A                    5242 	.db #0x5a	; 90	'Z'
    00001433 00                    5243 	.db #0x00	; 0
    00001434 00                    5244 	.db #0x00	; 0
    00001435 23                    5245 	.db #0x23	; 35
    00001436 70                    5246 	.db #0x70	; 112	'p'
    00001437 00                    5247 	.db #0x00	; 0
    00001438 5A                    5248 	.db #0x5a	; 90	'Z'
    00001439 00                    5249 	.db #0x00	; 0
    0000143A 00                    5250 	.db #0x00	; 0
    0000143B 5A                    5251 	.db #0x5a	; 90	'Z'
    0000143C 00                    5252 	.db #0x00	; 0
    0000143D 00                    5253 	.db #0x00	; 0
    0000143E 5A                    5254 	.db #0x5a	; 90	'Z'
    0000143F 00                    5255 	.db #0x00	; 0
    00001440 00                    5256 	.db #0x00	; 0
    00001441                       5257 _P34:
    00001441 02                    5258 	.db #0x02	; 2
    00001442 80                    5259 	.db #0x80	; 128
    00001443 00                    5260 	.db #0x00	; 0
    00001444 5A                    5261 	.db #0x5a	; 90	'Z'
    00001445 00                    5262 	.db #0x00	; 0
    00001446 00                    5263 	.db #0x00	; 0
    00001447 5A                    5264 	.db #0x5a	; 90	'Z'
    00001448 00                    5265 	.db #0x00	; 0
    00001449 00                    5266 	.db #0x00	; 0
    0000144A 5A                    5267 	.db #0x5a	; 90	'Z'
    0000144B 00                    5268 	.db #0x00	; 0
    0000144C 00                    5269 	.db #0x00	; 0
    0000144D 5A                    5270 	.db #0x5a	; 90	'Z'
    0000144E 00                    5271 	.db #0x00	; 0
    0000144F 00                    5272 	.db #0x00	; 0
    00001450 5A                    5273 	.db #0x5a	; 90	'Z'
    00001451 00                    5274 	.db #0x00	; 0
    00001452 00                    5275 	.db #0x00	; 0
    00001453 5A                    5276 	.db #0x5a	; 90	'Z'
    00001454 00                    5277 	.db #0x00	; 0
    00001455 00                    5278 	.db #0x00	; 0
    00001456 5A                    5279 	.db #0x5a	; 90	'Z'
    00001457 00                    5280 	.db #0x00	; 0
    00001458 00                    5281 	.db #0x00	; 0
    00001459 5A                    5282 	.db #0x5a	; 90	'Z'
    0000145A 00                    5283 	.db #0x00	; 0
    0000145B 00                    5284 	.db #0x00	; 0
    0000145C 5A                    5285 	.db #0x5a	; 90	'Z'
    0000145D 00                    5286 	.db #0x00	; 0
    0000145E 00                    5287 	.db #0x00	; 0
    0000145F 5A                    5288 	.db #0x5a	; 90	'Z'
    00001460 00                    5289 	.db #0x00	; 0
    00001461 00                    5290 	.db #0x00	; 0
    00001462 5A                    5291 	.db #0x5a	; 90	'Z'
    00001463 00                    5292 	.db #0x00	; 0
    00001464 00                    5293 	.db #0x00	; 0
    00001465 5A                    5294 	.db #0x5a	; 90	'Z'
    00001466 00                    5295 	.db #0x00	; 0
    00001467 00                    5296 	.db #0x00	; 0
    00001468 5A                    5297 	.db #0x5a	; 90	'Z'
    00001469 00                    5298 	.db #0x00	; 0
    0000146A 00                    5299 	.db #0x00	; 0
    0000146B 5A                    5300 	.db #0x5a	; 90	'Z'
    0000146C 00                    5301 	.db #0x00	; 0
    0000146D 00                    5302 	.db #0x00	; 0
    0000146E 5A                    5303 	.db #0x5a	; 90	'Z'
    0000146F 00                    5304 	.db #0x00	; 0
    00001470 00                    5305 	.db #0x00	; 0
    00001471 09                    5306 	.db #0x09	; 9
    00001472 80                    5307 	.db #0x80	; 128
    00001473 00                    5308 	.db #0x00	; 0
    00001474 5A                    5309 	.db #0x5a	; 90	'Z'
    00001475 00                    5310 	.db #0x00	; 0
    00001476 00                    5311 	.db #0x00	; 0
    00001477 5A                    5312 	.db #0x5a	; 90	'Z'
    00001478 00                    5313 	.db #0x00	; 0
    00001479 00                    5314 	.db #0x00	; 0
    0000147A 5A                    5315 	.db #0x5a	; 90	'Z'
    0000147B 00                    5316 	.db #0x00	; 0
    0000147C 00                    5317 	.db #0x00	; 0
    0000147D 5A                    5318 	.db #0x5a	; 90	'Z'
    0000147E 00                    5319 	.db #0x00	; 0
    0000147F 00                    5320 	.db #0x00	; 0
    00001480 5A                    5321 	.db #0x5a	; 90	'Z'
    00001481 00                    5322 	.db #0x00	; 0
    00001482 00                    5323 	.db #0x00	; 0
    00001483 5A                    5324 	.db #0x5a	; 90	'Z'
    00001484 00                    5325 	.db #0x00	; 0
    00001485 00                    5326 	.db #0x00	; 0
    00001486 5A                    5327 	.db #0x5a	; 90	'Z'
    00001487 00                    5328 	.db #0x00	; 0
    00001488 00                    5329 	.db #0x00	; 0
    00001489 5A                    5330 	.db #0x5a	; 90	'Z'
    0000148A 00                    5331 	.db #0x00	; 0
    0000148B 00                    5332 	.db #0x00	; 0
    0000148C 5A                    5333 	.db #0x5a	; 90	'Z'
    0000148D 00                    5334 	.db #0x00	; 0
    0000148E 00                    5335 	.db #0x00	; 0
    0000148F 5A                    5336 	.db #0x5a	; 90	'Z'
    00001490 00                    5337 	.db #0x00	; 0
    00001491 00                    5338 	.db #0x00	; 0
    00001492 5A                    5339 	.db #0x5a	; 90	'Z'
    00001493 00                    5340 	.db #0x00	; 0
    00001494 00                    5341 	.db #0x00	; 0
    00001495 5A                    5342 	.db #0x5a	; 90	'Z'
    00001496 00                    5343 	.db #0x00	; 0
    00001497 00                    5344 	.db #0x00	; 0
    00001498 5A                    5345 	.db #0x5a	; 90	'Z'
    00001499 00                    5346 	.db #0x00	; 0
    0000149A 00                    5347 	.db #0x00	; 0
    0000149B 5A                    5348 	.db #0x5a	; 90	'Z'
    0000149C 00                    5349 	.db #0x00	; 0
    0000149D 00                    5350 	.db #0x00	; 0
    0000149E 5A                    5351 	.db #0x5a	; 90	'Z'
    0000149F 00                    5352 	.db #0x00	; 0
    000014A0 00                    5353 	.db #0x00	; 0
    000014A1 5A                    5354 	.db #0x5a	; 90	'Z'
    000014A2 00                    5355 	.db #0x00	; 0
    000014A3 00                    5356 	.db #0x00	; 0
    000014A4 5A                    5357 	.db #0x5a	; 90	'Z'
    000014A5 00                    5358 	.db #0x00	; 0
    000014A6 00                    5359 	.db #0x00	; 0
    000014A7 5A                    5360 	.db #0x5a	; 90	'Z'
    000014A8 00                    5361 	.db #0x00	; 0
    000014A9 00                    5362 	.db #0x00	; 0
    000014AA 5A                    5363 	.db #0x5a	; 90	'Z'
    000014AB 00                    5364 	.db #0x00	; 0
    000014AC 00                    5365 	.db #0x00	; 0
    000014AD 5A                    5366 	.db #0x5a	; 90	'Z'
    000014AE 00                    5367 	.db #0x00	; 0
    000014AF 00                    5368 	.db #0x00	; 0
    000014B0 5A                    5369 	.db #0x5a	; 90	'Z'
    000014B1 00                    5370 	.db #0x00	; 0
    000014B2 00                    5371 	.db #0x00	; 0
    000014B3 5A                    5372 	.db #0x5a	; 90	'Z'
    000014B4 00                    5373 	.db #0x00	; 0
    000014B5 00                    5374 	.db #0x00	; 0
    000014B6 5A                    5375 	.db #0x5a	; 90	'Z'
    000014B7 00                    5376 	.db #0x00	; 0
    000014B8 00                    5377 	.db #0x00	; 0
    000014B9 5A                    5378 	.db #0x5a	; 90	'Z'
    000014BA 00                    5379 	.db #0x00	; 0
    000014BB 00                    5380 	.db #0x00	; 0
    000014BC 5A                    5381 	.db #0x5a	; 90	'Z'
    000014BD 00                    5382 	.db #0x00	; 0
    000014BE 00                    5383 	.db #0x00	; 0
    000014BF 5A                    5384 	.db #0x5a	; 90	'Z'
    000014C0 00                    5385 	.db #0x00	; 0
    000014C1 00                    5386 	.db #0x00	; 0
    000014C2 5A                    5387 	.db #0x5a	; 90	'Z'
    000014C3 00                    5388 	.db #0x00	; 0
    000014C4 00                    5389 	.db #0x00	; 0
    000014C5 5A                    5390 	.db #0x5a	; 90	'Z'
    000014C6 00                    5391 	.db #0x00	; 0
    000014C7 00                    5392 	.db #0x00	; 0
    000014C8 5A                    5393 	.db #0x5a	; 90	'Z'
    000014C9 00                    5394 	.db #0x00	; 0
    000014CA 00                    5395 	.db #0x00	; 0
    000014CB 5A                    5396 	.db #0x5a	; 90	'Z'
    000014CC 00                    5397 	.db #0x00	; 0
    000014CD 00                    5398 	.db #0x00	; 0
    000014CE 5A                    5399 	.db #0x5a	; 90	'Z'
    000014CF 00                    5400 	.db #0x00	; 0
    000014D0 00                    5401 	.db #0x00	; 0
    000014D1 07                    5402 	.db #0x07	; 7
    000014D2 80                    5403 	.db #0x80	; 128
    000014D3 00                    5404 	.db #0x00	; 0
    000014D4 5A                    5405 	.db #0x5a	; 90	'Z'
    000014D5 00                    5406 	.db #0x00	; 0
    000014D6 00                    5407 	.db #0x00	; 0
    000014D7 5A                    5408 	.db #0x5a	; 90	'Z'
    000014D8 00                    5409 	.db #0x00	; 0
    000014D9 00                    5410 	.db #0x00	; 0
    000014DA 5A                    5411 	.db #0x5a	; 90	'Z'
    000014DB 00                    5412 	.db #0x00	; 0
    000014DC 00                    5413 	.db #0x00	; 0
    000014DD 5A                    5414 	.db #0x5a	; 90	'Z'
    000014DE 00                    5415 	.db #0x00	; 0
    000014DF 00                    5416 	.db #0x00	; 0
    000014E0 5A                    5417 	.db #0x5a	; 90	'Z'
    000014E1 00                    5418 	.db #0x00	; 0
    000014E2 00                    5419 	.db #0x00	; 0
    000014E3 5A                    5420 	.db #0x5a	; 90	'Z'
    000014E4 00                    5421 	.db #0x00	; 0
    000014E5 00                    5422 	.db #0x00	; 0
    000014E6 5A                    5423 	.db #0x5a	; 90	'Z'
    000014E7 00                    5424 	.db #0x00	; 0
    000014E8 00                    5425 	.db #0x00	; 0
    000014E9 5A                    5426 	.db #0x5a	; 90	'Z'
    000014EA 00                    5427 	.db #0x00	; 0
    000014EB 00                    5428 	.db #0x00	; 0
    000014EC 5A                    5429 	.db #0x5a	; 90	'Z'
    000014ED 00                    5430 	.db #0x00	; 0
    000014EE 00                    5431 	.db #0x00	; 0
    000014EF 5A                    5432 	.db #0x5a	; 90	'Z'
    000014F0 00                    5433 	.db #0x00	; 0
    000014F1 00                    5434 	.db #0x00	; 0
    000014F2 5A                    5435 	.db #0x5a	; 90	'Z'
    000014F3 00                    5436 	.db #0x00	; 0
    000014F4 00                    5437 	.db #0x00	; 0
    000014F5 5A                    5438 	.db #0x5a	; 90	'Z'
    000014F6 00                    5439 	.db #0x00	; 0
    000014F7 00                    5440 	.db #0x00	; 0
    000014F8 5A                    5441 	.db #0x5a	; 90	'Z'
    000014F9 00                    5442 	.db #0x00	; 0
    000014FA 00                    5443 	.db #0x00	; 0
    000014FB 5A                    5444 	.db #0x5a	; 90	'Z'
    000014FC 00                    5445 	.db #0x00	; 0
    000014FD 00                    5446 	.db #0x00	; 0
    000014FE 5A                    5447 	.db #0x5a	; 90	'Z'
    000014FF 00                    5448 	.db #0x00	; 0
    00001500 00                    5449 	.db #0x00	; 0
    00001501                       5450 _P35:
    00001501 1A                    5451 	.db #0x1a	; 26
    00001502 7C                    5452 	.db #0x7c	; 124
    00001503 04                    5453 	.db #0x04	; 4
    00001504 5A                    5454 	.db #0x5a	; 90	'Z'
    00001505 00                    5455 	.db #0x00	; 0
    00001506 00                    5456 	.db #0x00	; 0
    00001507 1A                    5457 	.db #0x1a	; 26
    00001508 7C                    5458 	.db #0x7c	; 124
    00001509 08                    5459 	.db #0x08	; 8
    0000150A 5A                    5460 	.db #0x5a	; 90	'Z'
    0000150B 00                    5461 	.db #0x00	; 0
    0000150C 00                    5462 	.db #0x00	; 0
    0000150D 1A                    5463 	.db #0x1a	; 26
    0000150E 7C                    5464 	.db #0x7c	; 124
    0000150F 04                    5465 	.db #0x04	; 4
    00001510 5A                    5466 	.db #0x5a	; 90	'Z'
    00001511 00                    5467 	.db #0x00	; 0
    00001512 00                    5468 	.db #0x00	; 0
    00001513 1A                    5469 	.db #0x1a	; 26
    00001514 7C                    5470 	.db #0x7c	; 124
    00001515 08                    5471 	.db #0x08	; 8
    00001516 5A                    5472 	.db #0x5a	; 90	'Z'
    00001517 00                    5473 	.db #0x00	; 0
    00001518 00                    5474 	.db #0x00	; 0
    00001519 1A                    5475 	.db #0x1a	; 26
    0000151A 7C                    5476 	.db #0x7c	; 124
    0000151B 04                    5477 	.db #0x04	; 4
    0000151C 5A                    5478 	.db #0x5a	; 90	'Z'
    0000151D 00                    5479 	.db #0x00	; 0
    0000151E 00                    5480 	.db #0x00	; 0
    0000151F 1A                    5481 	.db #0x1a	; 26
    00001520 7C                    5482 	.db #0x7c	; 124
    00001521 08                    5483 	.db #0x08	; 8
    00001522 5A                    5484 	.db #0x5a	; 90	'Z'
    00001523 00                    5485 	.db #0x00	; 0
    00001524 00                    5486 	.db #0x00	; 0
    00001525 1A                    5487 	.db #0x1a	; 26
    00001526 7C                    5488 	.db #0x7c	; 124
    00001527 04                    5489 	.db #0x04	; 4
    00001528 5A                    5490 	.db #0x5a	; 90	'Z'
    00001529 00                    5491 	.db #0x00	; 0
    0000152A 00                    5492 	.db #0x00	; 0
    0000152B 1A                    5493 	.db #0x1a	; 26
    0000152C 7C                    5494 	.db #0x7c	; 124
    0000152D 08                    5495 	.db #0x08	; 8
    0000152E 5A                    5496 	.db #0x5a	; 90	'Z'
    0000152F 00                    5497 	.db #0x00	; 0
    00001530 00                    5498 	.db #0x00	; 0
    00001531 21                    5499 	.db #0x21	; 33
    00001532 7C                    5500 	.db #0x7c	; 124
    00001533 04                    5501 	.db #0x04	; 4
    00001534 5A                    5502 	.db #0x5a	; 90	'Z'
    00001535 00                    5503 	.db #0x00	; 0
    00001536 00                    5504 	.db #0x00	; 0
    00001537 21                    5505 	.db #0x21	; 33
    00001538 7C                    5506 	.db #0x7c	; 124
    00001539 08                    5507 	.db #0x08	; 8
    0000153A 5A                    5508 	.db #0x5a	; 90	'Z'
    0000153B 00                    5509 	.db #0x00	; 0
    0000153C 00                    5510 	.db #0x00	; 0
    0000153D 21                    5511 	.db #0x21	; 33
    0000153E 7C                    5512 	.db #0x7c	; 124
    0000153F 04                    5513 	.db #0x04	; 4
    00001540 5A                    5514 	.db #0x5a	; 90	'Z'
    00001541 00                    5515 	.db #0x00	; 0
    00001542 00                    5516 	.db #0x00	; 0
    00001543 21                    5517 	.db #0x21	; 33
    00001544 7C                    5518 	.db #0x7c	; 124
    00001545 08                    5519 	.db #0x08	; 8
    00001546 5A                    5520 	.db #0x5a	; 90	'Z'
    00001547 00                    5521 	.db #0x00	; 0
    00001548 00                    5522 	.db #0x00	; 0
    00001549 21                    5523 	.db #0x21	; 33
    0000154A 7C                    5524 	.db #0x7c	; 124
    0000154B 04                    5525 	.db #0x04	; 4
    0000154C 5A                    5526 	.db #0x5a	; 90	'Z'
    0000154D 00                    5527 	.db #0x00	; 0
    0000154E 00                    5528 	.db #0x00	; 0
    0000154F 21                    5529 	.db #0x21	; 33
    00001550 7C                    5530 	.db #0x7c	; 124
    00001551 08                    5531 	.db #0x08	; 8
    00001552 5A                    5532 	.db #0x5a	; 90	'Z'
    00001553 00                    5533 	.db #0x00	; 0
    00001554 00                    5534 	.db #0x00	; 0
    00001555 21                    5535 	.db #0x21	; 33
    00001556 7C                    5536 	.db #0x7c	; 124
    00001557 04                    5537 	.db #0x04	; 4
    00001558 5A                    5538 	.db #0x5a	; 90	'Z'
    00001559 00                    5539 	.db #0x00	; 0
    0000155A 00                    5540 	.db #0x00	; 0
    0000155B 21                    5541 	.db #0x21	; 33
    0000155C 7C                    5542 	.db #0x7c	; 124
    0000155D 08                    5543 	.db #0x08	; 8
    0000155E 5A                    5544 	.db #0x5a	; 90	'Z'
    0000155F 00                    5545 	.db #0x00	; 0
    00001560 00                    5546 	.db #0x00	; 0
    00001561 21                    5547 	.db #0x21	; 33
    00001562 7C                    5548 	.db #0x7c	; 124
    00001563 04                    5549 	.db #0x04	; 4
    00001564 5A                    5550 	.db #0x5a	; 90	'Z'
    00001565 00                    5551 	.db #0x00	; 0
    00001566 00                    5552 	.db #0x00	; 0
    00001567 21                    5553 	.db #0x21	; 33
    00001568 7C                    5554 	.db #0x7c	; 124
    00001569 08                    5555 	.db #0x08	; 8
    0000156A 5A                    5556 	.db #0x5a	; 90	'Z'
    0000156B 00                    5557 	.db #0x00	; 0
    0000156C 00                    5558 	.db #0x00	; 0
    0000156D 21                    5559 	.db #0x21	; 33
    0000156E 7C                    5560 	.db #0x7c	; 124
    0000156F 04                    5561 	.db #0x04	; 4
    00001570 5A                    5562 	.db #0x5a	; 90	'Z'
    00001571 00                    5563 	.db #0x00	; 0
    00001572 00                    5564 	.db #0x00	; 0
    00001573 21                    5565 	.db #0x21	; 33
    00001574 7C                    5566 	.db #0x7c	; 124
    00001575 08                    5567 	.db #0x08	; 8
    00001576 5A                    5568 	.db #0x5a	; 90	'Z'
    00001577 00                    5569 	.db #0x00	; 0
    00001578 00                    5570 	.db #0x00	; 0
    00001579 21                    5571 	.db #0x21	; 33
    0000157A 7C                    5572 	.db #0x7c	; 124
    0000157B 04                    5573 	.db #0x04	; 4
    0000157C 5A                    5574 	.db #0x5a	; 90	'Z'
    0000157D 00                    5575 	.db #0x00	; 0
    0000157E 00                    5576 	.db #0x00	; 0
    0000157F 21                    5577 	.db #0x21	; 33
    00001580 7C                    5578 	.db #0x7c	; 124
    00001581 08                    5579 	.db #0x08	; 8
    00001582 5A                    5580 	.db #0x5a	; 90	'Z'
    00001583 00                    5581 	.db #0x00	; 0
    00001584 00                    5582 	.db #0x00	; 0
    00001585 21                    5583 	.db #0x21	; 33
    00001586 7C                    5584 	.db #0x7c	; 124
    00001587 04                    5585 	.db #0x04	; 4
    00001588 5A                    5586 	.db #0x5a	; 90	'Z'
    00001589 00                    5587 	.db #0x00	; 0
    0000158A 00                    5588 	.db #0x00	; 0
    0000158B 21                    5589 	.db #0x21	; 33
    0000158C 7C                    5590 	.db #0x7c	; 124
    0000158D 08                    5591 	.db #0x08	; 8
    0000158E 5A                    5592 	.db #0x5a	; 90	'Z'
    0000158F 00                    5593 	.db #0x00	; 0
    00001590 00                    5594 	.db #0x00	; 0
    00001591 1F                    5595 	.db #0x1f	; 31
    00001592 7C                    5596 	.db #0x7c	; 124
    00001593 04                    5597 	.db #0x04	; 4
    00001594 5A                    5598 	.db #0x5a	; 90	'Z'
    00001595 00                    5599 	.db #0x00	; 0
    00001596 00                    5600 	.db #0x00	; 0
    00001597 1F                    5601 	.db #0x1f	; 31
    00001598 7C                    5602 	.db #0x7c	; 124
    00001599 08                    5603 	.db #0x08	; 8
    0000159A 5A                    5604 	.db #0x5a	; 90	'Z'
    0000159B 00                    5605 	.db #0x00	; 0
    0000159C 00                    5606 	.db #0x00	; 0
    0000159D 1F                    5607 	.db #0x1f	; 31
    0000159E 7C                    5608 	.db #0x7c	; 124
    0000159F 04                    5609 	.db #0x04	; 4
    000015A0 5A                    5610 	.db #0x5a	; 90	'Z'
    000015A1 00                    5611 	.db #0x00	; 0
    000015A2 00                    5612 	.db #0x00	; 0
    000015A3 1F                    5613 	.db #0x1f	; 31
    000015A4 7C                    5614 	.db #0x7c	; 124
    000015A5 08                    5615 	.db #0x08	; 8
    000015A6 5A                    5616 	.db #0x5a	; 90	'Z'
    000015A7 00                    5617 	.db #0x00	; 0
    000015A8 00                    5618 	.db #0x00	; 0
    000015A9 1F                    5619 	.db #0x1f	; 31
    000015AA 7C                    5620 	.db #0x7c	; 124
    000015AB 04                    5621 	.db #0x04	; 4
    000015AC 5A                    5622 	.db #0x5a	; 90	'Z'
    000015AD 00                    5623 	.db #0x00	; 0
    000015AE 00                    5624 	.db #0x00	; 0
    000015AF 1F                    5625 	.db #0x1f	; 31
    000015B0 7C                    5626 	.db #0x7c	; 124
    000015B1 08                    5627 	.db #0x08	; 8
    000015B2 5A                    5628 	.db #0x5a	; 90	'Z'
    000015B3 00                    5629 	.db #0x00	; 0
    000015B4 00                    5630 	.db #0x00	; 0
    000015B5 1F                    5631 	.db #0x1f	; 31
    000015B6 7C                    5632 	.db #0x7c	; 124
    000015B7 04                    5633 	.db #0x04	; 4
    000015B8 5A                    5634 	.db #0x5a	; 90	'Z'
    000015B9 00                    5635 	.db #0x00	; 0
    000015BA 00                    5636 	.db #0x00	; 0
    000015BB 1F                    5637 	.db #0x1f	; 31
    000015BC 7C                    5638 	.db #0x7c	; 124
    000015BD 08                    5639 	.db #0x08	; 8
    000015BE 5A                    5640 	.db #0x5a	; 90	'Z'
    000015BF 00                    5641 	.db #0x00	; 0
    000015C0 00                    5642 	.db #0x00	; 0
    000015C1                       5643 _P37:
    000015C1 1A                    5644 	.db #0x1a	; 26
    000015C2 70                    5645 	.db #0x70	; 112	'p'
    000015C3 00                    5646 	.db #0x00	; 0
    000015C4 5A                    5647 	.db #0x5a	; 90	'Z'
    000015C5 00                    5648 	.db #0x00	; 0
    000015C6 00                    5649 	.db #0x00	; 0
    000015C7 5A                    5650 	.db #0x5a	; 90	'Z'
    000015C8 00                    5651 	.db #0x00	; 0
    000015C9 00                    5652 	.db #0x00	; 0
    000015CA 5A                    5653 	.db #0x5a	; 90	'Z'
    000015CB 0C                    5654 	.db #0x0c	; 12
    000015CC 18                    5655 	.db #0x18	; 24
    000015CD 1A                    5656 	.db #0x1a	; 26
    000015CE 70                    5657 	.db #0x70	; 112	'p'
    000015CF 00                    5658 	.db #0x00	; 0
    000015D0 5A                    5659 	.db #0x5a	; 90	'Z'
    000015D1 0C                    5660 	.db #0x0c	; 12
    000015D2 18                    5661 	.db #0x18	; 24
    000015D3 1A                    5662 	.db #0x1a	; 26
    000015D4 70                    5663 	.db #0x70	; 112	'p'
    000015D5 00                    5664 	.db #0x00	; 0
    000015D6 5A                    5665 	.db #0x5a	; 90	'Z'
    000015D7 00                    5666 	.db #0x00	; 0
    000015D8 00                    5667 	.db #0x00	; 0
    000015D9 5A                    5668 	.db #0x5a	; 90	'Z'
    000015DA 00                    5669 	.db #0x00	; 0
    000015DB 00                    5670 	.db #0x00	; 0
    000015DC 5A                    5671 	.db #0x5a	; 90	'Z'
    000015DD 0C                    5672 	.db #0x0c	; 12
    000015DE 18                    5673 	.db #0x18	; 24
    000015DF 1A                    5674 	.db #0x1a	; 26
    000015E0 70                    5675 	.db #0x70	; 112	'p'
    000015E1 00                    5676 	.db #0x00	; 0
    000015E2 5A                    5677 	.db #0x5a	; 90	'Z'
    000015E3 0C                    5678 	.db #0x0c	; 12
    000015E4 18                    5679 	.db #0x18	; 24
    000015E5 1A                    5680 	.db #0x1a	; 26
    000015E6 70                    5681 	.db #0x70	; 112	'p'
    000015E7 00                    5682 	.db #0x00	; 0
    000015E8 5A                    5683 	.db #0x5a	; 90	'Z'
    000015E9 0C                    5684 	.db #0x0c	; 12
    000015EA 18                    5685 	.db #0x18	; 24
    000015EB 1F                    5686 	.db #0x1f	; 31
    000015EC 70                    5687 	.db #0x70	; 112	'p'
    000015ED 00                    5688 	.db #0x00	; 0
    000015EE 5A                    5689 	.db #0x5a	; 90	'Z'
    000015EF 0C                    5690 	.db #0x0c	; 12
    000015F0 18                    5691 	.db #0x18	; 24
    000015F1 21                    5692 	.db #0x21	; 33
    000015F2 70                    5693 	.db #0x70	; 112	'p'
    000015F3 00                    5694 	.db #0x00	; 0
    000015F4 5A                    5695 	.db #0x5a	; 90	'Z'
    000015F5 00                    5696 	.db #0x00	; 0
    000015F6 00                    5697 	.db #0x00	; 0
    000015F7 5A                    5698 	.db #0x5a	; 90	'Z'
    000015F8 00                    5699 	.db #0x00	; 0
    000015F9 00                    5700 	.db #0x00	; 0
    000015FA 5A                    5701 	.db #0x5a	; 90	'Z'
    000015FB 0C                    5702 	.db #0x0c	; 12
    000015FC 18                    5703 	.db #0x18	; 24
    000015FD 21                    5704 	.db #0x21	; 33
    000015FE 70                    5705 	.db #0x70	; 112	'p'
    000015FF 00                    5706 	.db #0x00	; 0
    00001600 5A                    5707 	.db #0x5a	; 90	'Z'
    00001601 0C                    5708 	.db #0x0c	; 12
    00001602 18                    5709 	.db #0x18	; 24
    00001603 21                    5710 	.db #0x21	; 33
    00001604 70                    5711 	.db #0x70	; 112	'p'
    00001605 00                    5712 	.db #0x00	; 0
    00001606 5A                    5713 	.db #0x5a	; 90	'Z'
    00001607 00                    5714 	.db #0x00	; 0
    00001608 00                    5715 	.db #0x00	; 0
    00001609 5A                    5716 	.db #0x5a	; 90	'Z'
    0000160A 00                    5717 	.db #0x00	; 0
    0000160B 00                    5718 	.db #0x00	; 0
    0000160C 5A                    5719 	.db #0x5a	; 90	'Z'
    0000160D 0C                    5720 	.db #0x0c	; 12
    0000160E 18                    5721 	.db #0x18	; 24
    0000160F 1F                    5722 	.db #0x1f	; 31
    00001610 70                    5723 	.db #0x70	; 112	'p'
    00001611 00                    5724 	.db #0x00	; 0
    00001612 5A                    5725 	.db #0x5a	; 90	'Z'
    00001613 0C                    5726 	.db #0x0c	; 12
    00001614 18                    5727 	.db #0x18	; 24
    00001615 24                    5728 	.db #0x24	; 36
    00001616 70                    5729 	.db #0x70	; 112	'p'
    00001617 00                    5730 	.db #0x00	; 0
    00001618 5A                    5731 	.db #0x5a	; 90	'Z'
    00001619 0C                    5732 	.db #0x0c	; 12
    0000161A 18                    5733 	.db #0x18	; 24
    0000161B 23                    5734 	.db #0x23	; 35
    0000161C 70                    5735 	.db #0x70	; 112	'p'
    0000161D 00                    5736 	.db #0x00	; 0
    0000161E 5A                    5737 	.db #0x5a	; 90	'Z'
    0000161F 0C                    5738 	.db #0x0c	; 12
    00001620 18                    5739 	.db #0x18	; 24
    00001621 21                    5740 	.db #0x21	; 33
    00001622 70                    5741 	.db #0x70	; 112	'p'
    00001623 00                    5742 	.db #0x00	; 0
    00001624 5A                    5743 	.db #0x5a	; 90	'Z'
    00001625 00                    5744 	.db #0x00	; 0
    00001626 00                    5745 	.db #0x00	; 0
    00001627 5A                    5746 	.db #0x5a	; 90	'Z'
    00001628 00                    5747 	.db #0x00	; 0
    00001629 00                    5748 	.db #0x00	; 0
    0000162A 5A                    5749 	.db #0x5a	; 90	'Z'
    0000162B 00                    5750 	.db #0x00	; 0
    0000162C 00                    5751 	.db #0x00	; 0
    0000162D 5A                    5752 	.db #0x5a	; 90	'Z'
    0000162E 00                    5753 	.db #0x00	; 0
    0000162F 00                    5754 	.db #0x00	; 0
    00001630 5A                    5755 	.db #0x5a	; 90	'Z'
    00001631 00                    5756 	.db #0x00	; 0
    00001632 00                    5757 	.db #0x00	; 0
    00001633 5A                    5758 	.db #0x5a	; 90	'Z'
    00001634 0C                    5759 	.db #0x0c	; 12
    00001635 18                    5760 	.db #0x18	; 24
    00001636 5A                    5761 	.db #0x5a	; 90	'Z'
    00001637 00                    5762 	.db #0x00	; 0
    00001638 00                    5763 	.db #0x00	; 0
    00001639 5A                    5764 	.db #0x5a	; 90	'Z'
    0000163A 00                    5765 	.db #0x00	; 0
    0000163B 00                    5766 	.db #0x00	; 0
    0000163C 5A                    5767 	.db #0x5a	; 90	'Z'
    0000163D 00                    5768 	.db #0x00	; 0
    0000163E 00                    5769 	.db #0x00	; 0
    0000163F 21                    5770 	.db #0x21	; 33
    00001640 70                    5771 	.db #0x70	; 112	'p'
    00001641 00                    5772 	.db #0x00	; 0
    00001642 5A                    5773 	.db #0x5a	; 90	'Z'
    00001643 0C                    5774 	.db #0x0c	; 12
    00001644 18                    5775 	.db #0x18	; 24
    00001645 21                    5776 	.db #0x21	; 33
    00001646 70                    5777 	.db #0x70	; 112	'p'
    00001647 00                    5778 	.db #0x00	; 0
    00001648 5A                    5779 	.db #0x5a	; 90	'Z'
    00001649 00                    5780 	.db #0x00	; 0
    0000164A 00                    5781 	.db #0x00	; 0
    0000164B 24                    5782 	.db #0x24	; 36
    0000164C 70                    5783 	.db #0x70	; 112	'p'
    0000164D 00                    5784 	.db #0x00	; 0
    0000164E 5A                    5785 	.db #0x5a	; 90	'Z'
    0000164F 00                    5786 	.db #0x00	; 0
    00001650 00                    5787 	.db #0x00	; 0
    00001651 1F                    5788 	.db #0x1f	; 31
    00001652 70                    5789 	.db #0x70	; 112	'p'
    00001653 00                    5790 	.db #0x00	; 0
    00001654 5A                    5791 	.db #0x5a	; 90	'Z'
    00001655 00                    5792 	.db #0x00	; 0
    00001656 00                    5793 	.db #0x00	; 0
    00001657 5A                    5794 	.db #0x5a	; 90	'Z'
    00001658 00                    5795 	.db #0x00	; 0
    00001659 00                    5796 	.db #0x00	; 0
    0000165A 5A                    5797 	.db #0x5a	; 90	'Z'
    0000165B 00                    5798 	.db #0x00	; 0
    0000165C 00                    5799 	.db #0x00	; 0
    0000165D 5A                    5800 	.db #0x5a	; 90	'Z'
    0000165E 00                    5801 	.db #0x00	; 0
    0000165F 00                    5802 	.db #0x00	; 0
    00001660 5A                    5803 	.db #0x5a	; 90	'Z'
    00001661 00                    5804 	.db #0x00	; 0
    00001662 00                    5805 	.db #0x00	; 0
    00001663 5A                    5806 	.db #0x5a	; 90	'Z'
    00001664 0C                    5807 	.db #0x0c	; 12
    00001665 18                    5808 	.db #0x18	; 24
    00001666 5A                    5809 	.db #0x5a	; 90	'Z'
    00001667 00                    5810 	.db #0x00	; 0
    00001668 00                    5811 	.db #0x00	; 0
    00001669 5A                    5812 	.db #0x5a	; 90	'Z'
    0000166A 00                    5813 	.db #0x00	; 0
    0000166B 00                    5814 	.db #0x00	; 0
    0000166C 5A                    5815 	.db #0x5a	; 90	'Z'
    0000166D 00                    5816 	.db #0x00	; 0
    0000166E 00                    5817 	.db #0x00	; 0
    0000166F 5A                    5818 	.db #0x5a	; 90	'Z'
    00001670 00                    5819 	.db #0x00	; 0
    00001671 00                    5820 	.db #0x00	; 0
    00001672 5A                    5821 	.db #0x5a	; 90	'Z'
    00001673 00                    5822 	.db #0x00	; 0
    00001674 00                    5823 	.db #0x00	; 0
    00001675 5A                    5824 	.db #0x5a	; 90	'Z'
    00001676 00                    5825 	.db #0x00	; 0
    00001677 00                    5826 	.db #0x00	; 0
    00001678 5A                    5827 	.db #0x5a	; 90	'Z'
    00001679 00                    5828 	.db #0x00	; 0
    0000167A 00                    5829 	.db #0x00	; 0
    0000167B 5A                    5830 	.db #0x5a	; 90	'Z'
    0000167C 00                    5831 	.db #0x00	; 0
    0000167D 00                    5832 	.db #0x00	; 0
    0000167E 5A                    5833 	.db #0x5a	; 90	'Z'
    0000167F 00                    5834 	.db #0x00	; 0
    00001680 00                    5835 	.db #0x00	; 0
    00001681                       5836 _P38:
    00001681 02                    5837 	.db #0x02	; 2
    00001682 80                    5838 	.db #0x80	; 128
    00001683 00                    5839 	.db #0x00	; 0
    00001684 5A                    5840 	.db #0x5a	; 90	'Z'
    00001685 00                    5841 	.db #0x00	; 0
    00001686 00                    5842 	.db #0x00	; 0
    00001687 5A                    5843 	.db #0x5a	; 90	'Z'
    00001688 00                    5844 	.db #0x00	; 0
    00001689 00                    5845 	.db #0x00	; 0
    0000168A 5A                    5846 	.db #0x5a	; 90	'Z'
    0000168B 00                    5847 	.db #0x00	; 0
    0000168C 00                    5848 	.db #0x00	; 0
    0000168D 5A                    5849 	.db #0x5a	; 90	'Z'
    0000168E 00                    5850 	.db #0x00	; 0
    0000168F 00                    5851 	.db #0x00	; 0
    00001690 5A                    5852 	.db #0x5a	; 90	'Z'
    00001691 00                    5853 	.db #0x00	; 0
    00001692 00                    5854 	.db #0x00	; 0
    00001693 5A                    5855 	.db #0x5a	; 90	'Z'
    00001694 00                    5856 	.db #0x00	; 0
    00001695 00                    5857 	.db #0x00	; 0
    00001696 5A                    5858 	.db #0x5a	; 90	'Z'
    00001697 00                    5859 	.db #0x00	; 0
    00001698 00                    5860 	.db #0x00	; 0
    00001699 5A                    5861 	.db #0x5a	; 90	'Z'
    0000169A 00                    5862 	.db #0x00	; 0
    0000169B 00                    5863 	.db #0x00	; 0
    0000169C 5A                    5864 	.db #0x5a	; 90	'Z'
    0000169D 00                    5865 	.db #0x00	; 0
    0000169E 00                    5866 	.db #0x00	; 0
    0000169F 5A                    5867 	.db #0x5a	; 90	'Z'
    000016A0 00                    5868 	.db #0x00	; 0
    000016A1 00                    5869 	.db #0x00	; 0
    000016A2 5A                    5870 	.db #0x5a	; 90	'Z'
    000016A3 00                    5871 	.db #0x00	; 0
    000016A4 00                    5872 	.db #0x00	; 0
    000016A5 5A                    5873 	.db #0x5a	; 90	'Z'
    000016A6 00                    5874 	.db #0x00	; 0
    000016A7 00                    5875 	.db #0x00	; 0
    000016A8 5A                    5876 	.db #0x5a	; 90	'Z'
    000016A9 00                    5877 	.db #0x00	; 0
    000016AA 00                    5878 	.db #0x00	; 0
    000016AB 5A                    5879 	.db #0x5a	; 90	'Z'
    000016AC 00                    5880 	.db #0x00	; 0
    000016AD 00                    5881 	.db #0x00	; 0
    000016AE 5A                    5882 	.db #0x5a	; 90	'Z'
    000016AF 00                    5883 	.db #0x00	; 0
    000016B0 00                    5884 	.db #0x00	; 0
    000016B1 09                    5885 	.db #0x09	; 9
    000016B2 80                    5886 	.db #0x80	; 128
    000016B3 00                    5887 	.db #0x00	; 0
    000016B4 5A                    5888 	.db #0x5a	; 90	'Z'
    000016B5 00                    5889 	.db #0x00	; 0
    000016B6 00                    5890 	.db #0x00	; 0
    000016B7 5A                    5891 	.db #0x5a	; 90	'Z'
    000016B8 00                    5892 	.db #0x00	; 0
    000016B9 00                    5893 	.db #0x00	; 0
    000016BA 5A                    5894 	.db #0x5a	; 90	'Z'
    000016BB 00                    5895 	.db #0x00	; 0
    000016BC 00                    5896 	.db #0x00	; 0
    000016BD 5A                    5897 	.db #0x5a	; 90	'Z'
    000016BE 00                    5898 	.db #0x00	; 0
    000016BF 00                    5899 	.db #0x00	; 0
    000016C0 5A                    5900 	.db #0x5a	; 90	'Z'
    000016C1 00                    5901 	.db #0x00	; 0
    000016C2 00                    5902 	.db #0x00	; 0
    000016C3 5A                    5903 	.db #0x5a	; 90	'Z'
    000016C4 00                    5904 	.db #0x00	; 0
    000016C5 00                    5905 	.db #0x00	; 0
    000016C6 5A                    5906 	.db #0x5a	; 90	'Z'
    000016C7 00                    5907 	.db #0x00	; 0
    000016C8 00                    5908 	.db #0x00	; 0
    000016C9 5A                    5909 	.db #0x5a	; 90	'Z'
    000016CA 00                    5910 	.db #0x00	; 0
    000016CB 00                    5911 	.db #0x00	; 0
    000016CC 5A                    5912 	.db #0x5a	; 90	'Z'
    000016CD 00                    5913 	.db #0x00	; 0
    000016CE 00                    5914 	.db #0x00	; 0
    000016CF 5A                    5915 	.db #0x5a	; 90	'Z'
    000016D0 00                    5916 	.db #0x00	; 0
    000016D1 00                    5917 	.db #0x00	; 0
    000016D2 5A                    5918 	.db #0x5a	; 90	'Z'
    000016D3 00                    5919 	.db #0x00	; 0
    000016D4 00                    5920 	.db #0x00	; 0
    000016D5 5A                    5921 	.db #0x5a	; 90	'Z'
    000016D6 00                    5922 	.db #0x00	; 0
    000016D7 00                    5923 	.db #0x00	; 0
    000016D8 5A                    5924 	.db #0x5a	; 90	'Z'
    000016D9 00                    5925 	.db #0x00	; 0
    000016DA 00                    5926 	.db #0x00	; 0
    000016DB 5A                    5927 	.db #0x5a	; 90	'Z'
    000016DC 00                    5928 	.db #0x00	; 0
    000016DD 00                    5929 	.db #0x00	; 0
    000016DE 5A                    5930 	.db #0x5a	; 90	'Z'
    000016DF 00                    5931 	.db #0x00	; 0
    000016E0 00                    5932 	.db #0x00	; 0
    000016E1 5A                    5933 	.db #0x5a	; 90	'Z'
    000016E2 00                    5934 	.db #0x00	; 0
    000016E3 00                    5935 	.db #0x00	; 0
    000016E4 5A                    5936 	.db #0x5a	; 90	'Z'
    000016E5 00                    5937 	.db #0x00	; 0
    000016E6 00                    5938 	.db #0x00	; 0
    000016E7 5A                    5939 	.db #0x5a	; 90	'Z'
    000016E8 00                    5940 	.db #0x00	; 0
    000016E9 00                    5941 	.db #0x00	; 0
    000016EA 5A                    5942 	.db #0x5a	; 90	'Z'
    000016EB 00                    5943 	.db #0x00	; 0
    000016EC 00                    5944 	.db #0x00	; 0
    000016ED 5A                    5945 	.db #0x5a	; 90	'Z'
    000016EE 00                    5946 	.db #0x00	; 0
    000016EF 00                    5947 	.db #0x00	; 0
    000016F0 5A                    5948 	.db #0x5a	; 90	'Z'
    000016F1 00                    5949 	.db #0x00	; 0
    000016F2 00                    5950 	.db #0x00	; 0
    000016F3 5A                    5951 	.db #0x5a	; 90	'Z'
    000016F4 00                    5952 	.db #0x00	; 0
    000016F5 00                    5953 	.db #0x00	; 0
    000016F6 5A                    5954 	.db #0x5a	; 90	'Z'
    000016F7 00                    5955 	.db #0x00	; 0
    000016F8 00                    5956 	.db #0x00	; 0
    000016F9 5A                    5957 	.db #0x5a	; 90	'Z'
    000016FA 00                    5958 	.db #0x00	; 0
    000016FB 00                    5959 	.db #0x00	; 0
    000016FC 5A                    5960 	.db #0x5a	; 90	'Z'
    000016FD 00                    5961 	.db #0x00	; 0
    000016FE 00                    5962 	.db #0x00	; 0
    000016FF 5A                    5963 	.db #0x5a	; 90	'Z'
    00001700 00                    5964 	.db #0x00	; 0
    00001701 00                    5965 	.db #0x00	; 0
    00001702 5A                    5966 	.db #0x5a	; 90	'Z'
    00001703 00                    5967 	.db #0x00	; 0
    00001704 00                    5968 	.db #0x00	; 0
    00001705 5A                    5969 	.db #0x5a	; 90	'Z'
    00001706 00                    5970 	.db #0x00	; 0
    00001707 00                    5971 	.db #0x00	; 0
    00001708 5A                    5972 	.db #0x5a	; 90	'Z'
    00001709 00                    5973 	.db #0x00	; 0
    0000170A 00                    5974 	.db #0x00	; 0
    0000170B 5A                    5975 	.db #0x5a	; 90	'Z'
    0000170C 00                    5976 	.db #0x00	; 0
    0000170D 00                    5977 	.db #0x00	; 0
    0000170E 5A                    5978 	.db #0x5a	; 90	'Z'
    0000170F 00                    5979 	.db #0x00	; 0
    00001710 00                    5980 	.db #0x00	; 0
    00001711 0C                    5981 	.db #0x0c	; 12
    00001712 20                    5982 	.db #0x20	; 32
    00001713 00                    5983 	.db #0x00	; 0
    00001714 07                    5984 	.db #0x07	; 7
    00001715 80                    5985 	.db #0x80	; 128
    00001716 00                    5986 	.db #0x00	; 0
    00001717 5A                    5987 	.db #0x5a	; 90	'Z'
    00001718 00                    5988 	.db #0x00	; 0
    00001719 00                    5989 	.db #0x00	; 0
    0000171A 5A                    5990 	.db #0x5a	; 90	'Z'
    0000171B 00                    5991 	.db #0x00	; 0
    0000171C 00                    5992 	.db #0x00	; 0
    0000171D 5A                    5993 	.db #0x5a	; 90	'Z'
    0000171E 00                    5994 	.db #0x00	; 0
    0000171F 00                    5995 	.db #0x00	; 0
    00001720 5A                    5996 	.db #0x5a	; 90	'Z'
    00001721 00                    5997 	.db #0x00	; 0
    00001722 00                    5998 	.db #0x00	; 0
    00001723 5A                    5999 	.db #0x5a	; 90	'Z'
    00001724 00                    6000 	.db #0x00	; 0
    00001725 00                    6001 	.db #0x00	; 0
    00001726 5A                    6002 	.db #0x5a	; 90	'Z'
    00001727 00                    6003 	.db #0x00	; 0
    00001728 00                    6004 	.db #0x00	; 0
    00001729 5A                    6005 	.db #0x5a	; 90	'Z'
    0000172A 0C                    6006 	.db #0x0c	; 12
    0000172B 38                    6007 	.db #0x38	; 56	'8'
    0000172C 5A                    6008 	.db #0x5a	; 90	'Z'
    0000172D 00                    6009 	.db #0x00	; 0
    0000172E 00                    6010 	.db #0x00	; 0
    0000172F 5A                    6011 	.db #0x5a	; 90	'Z'
    00001730 00                    6012 	.db #0x00	; 0
    00001731 00                    6013 	.db #0x00	; 0
    00001732 5A                    6014 	.db #0x5a	; 90	'Z'
    00001733 00                    6015 	.db #0x00	; 0
    00001734 00                    6016 	.db #0x00	; 0
    00001735 5A                    6017 	.db #0x5a	; 90	'Z'
    00001736 00                    6018 	.db #0x00	; 0
    00001737 00                    6019 	.db #0x00	; 0
    00001738 5A                    6020 	.db #0x5a	; 90	'Z'
    00001739 00                    6021 	.db #0x00	; 0
    0000173A 00                    6022 	.db #0x00	; 0
    0000173B 5A                    6023 	.db #0x5a	; 90	'Z'
    0000173C 00                    6024 	.db #0x00	; 0
    0000173D 00                    6025 	.db #0x00	; 0
    0000173E 5A                    6026 	.db #0x5a	; 90	'Z'
    0000173F 00                    6027 	.db #0x00	; 0
    00001740 00                    6028 	.db #0x00	; 0
    00001741                       6029 _P39:
    00001741 1A                    6030 	.db #0x1a	; 26
    00001742 7C                    6031 	.db #0x7c	; 124
    00001743 04                    6032 	.db #0x04	; 4
    00001744 5A                    6033 	.db #0x5a	; 90	'Z'
    00001745 00                    6034 	.db #0x00	; 0
    00001746 00                    6035 	.db #0x00	; 0
    00001747 1A                    6036 	.db #0x1a	; 26
    00001748 7C                    6037 	.db #0x7c	; 124
    00001749 08                    6038 	.db #0x08	; 8
    0000174A 5A                    6039 	.db #0x5a	; 90	'Z'
    0000174B 00                    6040 	.db #0x00	; 0
    0000174C 00                    6041 	.db #0x00	; 0
    0000174D 1A                    6042 	.db #0x1a	; 26
    0000174E 7C                    6043 	.db #0x7c	; 124
    0000174F 04                    6044 	.db #0x04	; 4
    00001750 5A                    6045 	.db #0x5a	; 90	'Z'
    00001751 00                    6046 	.db #0x00	; 0
    00001752 00                    6047 	.db #0x00	; 0
    00001753 1A                    6048 	.db #0x1a	; 26
    00001754 7C                    6049 	.db #0x7c	; 124
    00001755 08                    6050 	.db #0x08	; 8
    00001756 5A                    6051 	.db #0x5a	; 90	'Z'
    00001757 00                    6052 	.db #0x00	; 0
    00001758 00                    6053 	.db #0x00	; 0
    00001759 1A                    6054 	.db #0x1a	; 26
    0000175A 7C                    6055 	.db #0x7c	; 124
    0000175B 04                    6056 	.db #0x04	; 4
    0000175C 5A                    6057 	.db #0x5a	; 90	'Z'
    0000175D 00                    6058 	.db #0x00	; 0
    0000175E 00                    6059 	.db #0x00	; 0
    0000175F 1A                    6060 	.db #0x1a	; 26
    00001760 7C                    6061 	.db #0x7c	; 124
    00001761 08                    6062 	.db #0x08	; 8
    00001762 5A                    6063 	.db #0x5a	; 90	'Z'
    00001763 00                    6064 	.db #0x00	; 0
    00001764 00                    6065 	.db #0x00	; 0
    00001765 1A                    6066 	.db #0x1a	; 26
    00001766 7C                    6067 	.db #0x7c	; 124
    00001767 04                    6068 	.db #0x04	; 4
    00001768 5A                    6069 	.db #0x5a	; 90	'Z'
    00001769 00                    6070 	.db #0x00	; 0
    0000176A 00                    6071 	.db #0x00	; 0
    0000176B 1A                    6072 	.db #0x1a	; 26
    0000176C 7C                    6073 	.db #0x7c	; 124
    0000176D 08                    6074 	.db #0x08	; 8
    0000176E 5A                    6075 	.db #0x5a	; 90	'Z'
    0000176F 00                    6076 	.db #0x00	; 0
    00001770 00                    6077 	.db #0x00	; 0
    00001771 21                    6078 	.db #0x21	; 33
    00001772 7C                    6079 	.db #0x7c	; 124
    00001773 04                    6080 	.db #0x04	; 4
    00001774 5A                    6081 	.db #0x5a	; 90	'Z'
    00001775 00                    6082 	.db #0x00	; 0
    00001776 00                    6083 	.db #0x00	; 0
    00001777 21                    6084 	.db #0x21	; 33
    00001778 7C                    6085 	.db #0x7c	; 124
    00001779 08                    6086 	.db #0x08	; 8
    0000177A 5A                    6087 	.db #0x5a	; 90	'Z'
    0000177B 00                    6088 	.db #0x00	; 0
    0000177C 00                    6089 	.db #0x00	; 0
    0000177D 21                    6090 	.db #0x21	; 33
    0000177E 7C                    6091 	.db #0x7c	; 124
    0000177F 04                    6092 	.db #0x04	; 4
    00001780 5A                    6093 	.db #0x5a	; 90	'Z'
    00001781 00                    6094 	.db #0x00	; 0
    00001782 00                    6095 	.db #0x00	; 0
    00001783 21                    6096 	.db #0x21	; 33
    00001784 7C                    6097 	.db #0x7c	; 124
    00001785 08                    6098 	.db #0x08	; 8
    00001786 5A                    6099 	.db #0x5a	; 90	'Z'
    00001787 00                    6100 	.db #0x00	; 0
    00001788 00                    6101 	.db #0x00	; 0
    00001789 21                    6102 	.db #0x21	; 33
    0000178A 7C                    6103 	.db #0x7c	; 124
    0000178B 04                    6104 	.db #0x04	; 4
    0000178C 5A                    6105 	.db #0x5a	; 90	'Z'
    0000178D 00                    6106 	.db #0x00	; 0
    0000178E 00                    6107 	.db #0x00	; 0
    0000178F 21                    6108 	.db #0x21	; 33
    00001790 7C                    6109 	.db #0x7c	; 124
    00001791 08                    6110 	.db #0x08	; 8
    00001792 5A                    6111 	.db #0x5a	; 90	'Z'
    00001793 00                    6112 	.db #0x00	; 0
    00001794 00                    6113 	.db #0x00	; 0
    00001795 21                    6114 	.db #0x21	; 33
    00001796 7C                    6115 	.db #0x7c	; 124
    00001797 04                    6116 	.db #0x04	; 4
    00001798 5A                    6117 	.db #0x5a	; 90	'Z'
    00001799 00                    6118 	.db #0x00	; 0
    0000179A 00                    6119 	.db #0x00	; 0
    0000179B 21                    6120 	.db #0x21	; 33
    0000179C 7C                    6121 	.db #0x7c	; 124
    0000179D 08                    6122 	.db #0x08	; 8
    0000179E 5A                    6123 	.db #0x5a	; 90	'Z'
    0000179F 00                    6124 	.db #0x00	; 0
    000017A0 00                    6125 	.db #0x00	; 0
    000017A1 21                    6126 	.db #0x21	; 33
    000017A2 7C                    6127 	.db #0x7c	; 124
    000017A3 04                    6128 	.db #0x04	; 4
    000017A4 5A                    6129 	.db #0x5a	; 90	'Z'
    000017A5 00                    6130 	.db #0x00	; 0
    000017A6 00                    6131 	.db #0x00	; 0
    000017A7 21                    6132 	.db #0x21	; 33
    000017A8 7C                    6133 	.db #0x7c	; 124
    000017A9 08                    6134 	.db #0x08	; 8
    000017AA 5A                    6135 	.db #0x5a	; 90	'Z'
    000017AB 00                    6136 	.db #0x00	; 0
    000017AC 00                    6137 	.db #0x00	; 0
    000017AD 21                    6138 	.db #0x21	; 33
    000017AE 7C                    6139 	.db #0x7c	; 124
    000017AF 04                    6140 	.db #0x04	; 4
    000017B0 5A                    6141 	.db #0x5a	; 90	'Z'
    000017B1 00                    6142 	.db #0x00	; 0
    000017B2 00                    6143 	.db #0x00	; 0
    000017B3 21                    6144 	.db #0x21	; 33
    000017B4 7C                    6145 	.db #0x7c	; 124
    000017B5 08                    6146 	.db #0x08	; 8
    000017B6 5A                    6147 	.db #0x5a	; 90	'Z'
    000017B7 00                    6148 	.db #0x00	; 0
    000017B8 00                    6149 	.db #0x00	; 0
    000017B9 21                    6150 	.db #0x21	; 33
    000017BA 7C                    6151 	.db #0x7c	; 124
    000017BB 04                    6152 	.db #0x04	; 4
    000017BC 5A                    6153 	.db #0x5a	; 90	'Z'
    000017BD 00                    6154 	.db #0x00	; 0
    000017BE 00                    6155 	.db #0x00	; 0
    000017BF 21                    6156 	.db #0x21	; 33
    000017C0 7C                    6157 	.db #0x7c	; 124
    000017C1 08                    6158 	.db #0x08	; 8
    000017C2 5A                    6159 	.db #0x5a	; 90	'Z'
    000017C3 00                    6160 	.db #0x00	; 0
    000017C4 00                    6161 	.db #0x00	; 0
    000017C5 21                    6162 	.db #0x21	; 33
    000017C6 7C                    6163 	.db #0x7c	; 124
    000017C7 04                    6164 	.db #0x04	; 4
    000017C8 5A                    6165 	.db #0x5a	; 90	'Z'
    000017C9 00                    6166 	.db #0x00	; 0
    000017CA 00                    6167 	.db #0x00	; 0
    000017CB 21                    6168 	.db #0x21	; 33
    000017CC 7C                    6169 	.db #0x7c	; 124
    000017CD 08                    6170 	.db #0x08	; 8
    000017CE 5A                    6171 	.db #0x5a	; 90	'Z'
    000017CF 00                    6172 	.db #0x00	; 0
    000017D0 00                    6173 	.db #0x00	; 0
    000017D1 13                    6174 	.db #0x13	; 19
    000017D2 7C                    6175 	.db #0x7c	; 124
    000017D3 08                    6176 	.db #0x08	; 8
    000017D4 5A                    6177 	.db #0x5a	; 90	'Z'
    000017D5 00                    6178 	.db #0x00	; 0
    000017D6 00                    6179 	.db #0x00	; 0
    000017D7 5A                    6180 	.db #0x5a	; 90	'Z'
    000017D8 00                    6181 	.db #0x00	; 0
    000017D9 00                    6182 	.db #0x00	; 0
    000017DA 5A                    6183 	.db #0x5a	; 90	'Z'
    000017DB 00                    6184 	.db #0x00	; 0
    000017DC 00                    6185 	.db #0x00	; 0
    000017DD 5A                    6186 	.db #0x5a	; 90	'Z'
    000017DE 00                    6187 	.db #0x00	; 0
    000017DF 00                    6188 	.db #0x00	; 0
    000017E0 5A                    6189 	.db #0x5a	; 90	'Z'
    000017E1 00                    6190 	.db #0x00	; 0
    000017E2 00                    6191 	.db #0x00	; 0
    000017E3 5A                    6192 	.db #0x5a	; 90	'Z'
    000017E4 00                    6193 	.db #0x00	; 0
    000017E5 00                    6194 	.db #0x00	; 0
    000017E6 5A                    6195 	.db #0x5a	; 90	'Z'
    000017E7 00                    6196 	.db #0x00	; 0
    000017E8 00                    6197 	.db #0x00	; 0
    000017E9 5A                    6198 	.db #0x5a	; 90	'Z'
    000017EA 0C                    6199 	.db #0x0c	; 12
    000017EB 00                    6200 	.db #0x00	; 0
    000017EC 5A                    6201 	.db #0x5a	; 90	'Z'
    000017ED 00                    6202 	.db #0x00	; 0
    000017EE 00                    6203 	.db #0x00	; 0
    000017EF 5A                    6204 	.db #0x5a	; 90	'Z'
    000017F0 00                    6205 	.db #0x00	; 0
    000017F1 00                    6206 	.db #0x00	; 0
    000017F2 5A                    6207 	.db #0x5a	; 90	'Z'
    000017F3 00                    6208 	.db #0x00	; 0
    000017F4 00                    6209 	.db #0x00	; 0
    000017F5 5A                    6210 	.db #0x5a	; 90	'Z'
    000017F6 00                    6211 	.db #0x00	; 0
    000017F7 00                    6212 	.db #0x00	; 0
    000017F8 5A                    6213 	.db #0x5a	; 90	'Z'
    000017F9 00                    6214 	.db #0x00	; 0
    000017FA 00                    6215 	.db #0x00	; 0
    000017FB 5A                    6216 	.db #0x5a	; 90	'Z'
    000017FC 00                    6217 	.db #0x00	; 0
    000017FD 00                    6218 	.db #0x00	; 0
    000017FE 5A                    6219 	.db #0x5a	; 90	'Z'
    000017FF 00                    6220 	.db #0x00	; 0
    00001800 00                    6221 	.db #0x00	; 0
    00001801                       6222 _P40:
    00001801 39                    6223 	.db #0x39	; 57	'9'
    00001802 10                    6224 	.db #0x10	; 16
    00001803 00                    6225 	.db #0x00	; 0
    00001804 5A                    6226 	.db #0x5a	; 90	'Z'
    00001805 00                    6227 	.db #0x00	; 0
    00001806 00                    6228 	.db #0x00	; 0
    00001807 5A                    6229 	.db #0x5a	; 90	'Z'
    00001808 00                    6230 	.db #0x00	; 0
    00001809 00                    6231 	.db #0x00	; 0
    0000180A 5A                    6232 	.db #0x5a	; 90	'Z'
    0000180B 00                    6233 	.db #0x00	; 0
    0000180C 00                    6234 	.db #0x00	; 0
    0000180D 2B                    6235 	.db #0x2b	; 43
    0000180E 40                    6236 	.db #0x40	; 64
    0000180F 00                    6237 	.db #0x00	; 0
    00001810 5A                    6238 	.db #0x5a	; 90	'Z'
    00001811 00                    6239 	.db #0x00	; 0
    00001812 00                    6240 	.db #0x00	; 0
    00001813 5A                    6241 	.db #0x5a	; 90	'Z'
    00001814 00                    6242 	.db #0x00	; 0
    00001815 00                    6243 	.db #0x00	; 0
    00001816 5A                    6244 	.db #0x5a	; 90	'Z'
    00001817 00                    6245 	.db #0x00	; 0
    00001818 00                    6246 	.db #0x00	; 0
    00001819 2B                    6247 	.db #0x2b	; 43
    0000181A 40                    6248 	.db #0x40	; 64
    0000181B 00                    6249 	.db #0x00	; 0
    0000181C 5A                    6250 	.db #0x5a	; 90	'Z'
    0000181D 00                    6251 	.db #0x00	; 0
    0000181E 00                    6252 	.db #0x00	; 0
    0000181F 5A                    6253 	.db #0x5a	; 90	'Z'
    00001820 00                    6254 	.db #0x00	; 0
    00001821 00                    6255 	.db #0x00	; 0
    00001822 5A                    6256 	.db #0x5a	; 90	'Z'
    00001823 00                    6257 	.db #0x00	; 0
    00001824 00                    6258 	.db #0x00	; 0
    00001825 2B                    6259 	.db #0x2b	; 43
    00001826 40                    6260 	.db #0x40	; 64
    00001827 00                    6261 	.db #0x00	; 0
    00001828 5A                    6262 	.db #0x5a	; 90	'Z'
    00001829 00                    6263 	.db #0x00	; 0
    0000182A 00                    6264 	.db #0x00	; 0
    0000182B 5A                    6265 	.db #0x5a	; 90	'Z'
    0000182C 00                    6266 	.db #0x00	; 0
    0000182D 00                    6267 	.db #0x00	; 0
    0000182E 5A                    6268 	.db #0x5a	; 90	'Z'
    0000182F 00                    6269 	.db #0x00	; 0
    00001830 00                    6270 	.db #0x00	; 0
    00001831 2B                    6271 	.db #0x2b	; 43
    00001832 40                    6272 	.db #0x40	; 64
    00001833 00                    6273 	.db #0x00	; 0
    00001834 5A                    6274 	.db #0x5a	; 90	'Z'
    00001835 00                    6275 	.db #0x00	; 0
    00001836 00                    6276 	.db #0x00	; 0
    00001837 5A                    6277 	.db #0x5a	; 90	'Z'
    00001838 00                    6278 	.db #0x00	; 0
    00001839 00                    6279 	.db #0x00	; 0
    0000183A 5A                    6280 	.db #0x5a	; 90	'Z'
    0000183B 00                    6281 	.db #0x00	; 0
    0000183C 00                    6282 	.db #0x00	; 0
    0000183D 2B                    6283 	.db #0x2b	; 43
    0000183E 40                    6284 	.db #0x40	; 64
    0000183F 00                    6285 	.db #0x00	; 0
    00001840 5A                    6286 	.db #0x5a	; 90	'Z'
    00001841 00                    6287 	.db #0x00	; 0
    00001842 00                    6288 	.db #0x00	; 0
    00001843 2B                    6289 	.db #0x2b	; 43
    00001844 40                    6290 	.db #0x40	; 64
    00001845 00                    6291 	.db #0x00	; 0
    00001846 5A                    6292 	.db #0x5a	; 90	'Z'
    00001847 00                    6293 	.db #0x00	; 0
    00001848 00                    6294 	.db #0x00	; 0
    00001849 2B                    6295 	.db #0x2b	; 43
    0000184A B0                    6296 	.db #0xb0	; 176
    0000184B 00                    6297 	.db #0x00	; 0
    0000184C 2B                    6298 	.db #0x2b	; 43
    0000184D B0                    6299 	.db #0xb0	; 176
    0000184E 00                    6300 	.db #0x00	; 0
    0000184F 2B                    6301 	.db #0x2b	; 43
    00001850 B0                    6302 	.db #0xb0	; 176
    00001851 00                    6303 	.db #0x00	; 0
    00001852 2B                    6304 	.db #0x2b	; 43
    00001853 B0                    6305 	.db #0xb0	; 176
    00001854 00                    6306 	.db #0x00	; 0
    00001855 2B                    6307 	.db #0x2b	; 43
    00001856 40                    6308 	.db #0x40	; 64
    00001857 00                    6309 	.db #0x00	; 0
    00001858 5A                    6310 	.db #0x5a	; 90	'Z'
    00001859 00                    6311 	.db #0x00	; 0
    0000185A 00                    6312 	.db #0x00	; 0
    0000185B 2B                    6313 	.db #0x2b	; 43
    0000185C 40                    6314 	.db #0x40	; 64
    0000185D 00                    6315 	.db #0x00	; 0
    0000185E 5A                    6316 	.db #0x5a	; 90	'Z'
    0000185F 00                    6317 	.db #0x00	; 0
    00001860 00                    6318 	.db #0x00	; 0
    00001861 29                    6319 	.db #0x29	; 41
    00001862 30                    6320 	.db #0x30	; 48	'0'
    00001863 00                    6321 	.db #0x00	; 0
    00001864 5A                    6322 	.db #0x5a	; 90	'Z'
    00001865 00                    6323 	.db #0x00	; 0
    00001866 00                    6324 	.db #0x00	; 0
    00001867 5A                    6325 	.db #0x5a	; 90	'Z'
    00001868 00                    6326 	.db #0x00	; 0
    00001869 00                    6327 	.db #0x00	; 0
    0000186A 5A                    6328 	.db #0x5a	; 90	'Z'
    0000186B 00                    6329 	.db #0x00	; 0
    0000186C 00                    6330 	.db #0x00	; 0
    0000186D 2B                    6331 	.db #0x2b	; 43
    0000186E 40                    6332 	.db #0x40	; 64
    0000186F 00                    6333 	.db #0x00	; 0
    00001870 5A                    6334 	.db #0x5a	; 90	'Z'
    00001871 00                    6335 	.db #0x00	; 0
    00001872 00                    6336 	.db #0x00	; 0
    00001873 5A                    6337 	.db #0x5a	; 90	'Z'
    00001874 00                    6338 	.db #0x00	; 0
    00001875 00                    6339 	.db #0x00	; 0
    00001876 5A                    6340 	.db #0x5a	; 90	'Z'
    00001877 00                    6341 	.db #0x00	; 0
    00001878 00                    6342 	.db #0x00	; 0
    00001879 29                    6343 	.db #0x29	; 41
    0000187A 30                    6344 	.db #0x30	; 48	'0'
    0000187B 00                    6345 	.db #0x00	; 0
    0000187C 5A                    6346 	.db #0x5a	; 90	'Z'
    0000187D 00                    6347 	.db #0x00	; 0
    0000187E 00                    6348 	.db #0x00	; 0
    0000187F 5A                    6349 	.db #0x5a	; 90	'Z'
    00001880 00                    6350 	.db #0x00	; 0
    00001881 00                    6351 	.db #0x00	; 0
    00001882 5A                    6352 	.db #0x5a	; 90	'Z'
    00001883 00                    6353 	.db #0x00	; 0
    00001884 00                    6354 	.db #0x00	; 0
    00001885 29                    6355 	.db #0x29	; 41
    00001886 30                    6356 	.db #0x30	; 48	'0'
    00001887 00                    6357 	.db #0x00	; 0
    00001888 5A                    6358 	.db #0x5a	; 90	'Z'
    00001889 00                    6359 	.db #0x00	; 0
    0000188A 00                    6360 	.db #0x00	; 0
    0000188B 2B                    6361 	.db #0x2b	; 43
    0000188C 40                    6362 	.db #0x40	; 64
    0000188D 00                    6363 	.db #0x00	; 0
    0000188E 5A                    6364 	.db #0x5a	; 90	'Z'
    0000188F 00                    6365 	.db #0x00	; 0
    00001890 00                    6366 	.db #0x00	; 0
    00001891 39                    6367 	.db #0x39	; 57	'9'
    00001892 10                    6368 	.db #0x10	; 16
    00001893 00                    6369 	.db #0x00	; 0
    00001894 5A                    6370 	.db #0x5a	; 90	'Z'
    00001895 00                    6371 	.db #0x00	; 0
    00001896 00                    6372 	.db #0x00	; 0
    00001897 5A                    6373 	.db #0x5a	; 90	'Z'
    00001898 00                    6374 	.db #0x00	; 0
    00001899 00                    6375 	.db #0x00	; 0
    0000189A 5A                    6376 	.db #0x5a	; 90	'Z'
    0000189B 00                    6377 	.db #0x00	; 0
    0000189C 00                    6378 	.db #0x00	; 0
    0000189D 5A                    6379 	.db #0x5a	; 90	'Z'
    0000189E 00                    6380 	.db #0x00	; 0
    0000189F 00                    6381 	.db #0x00	; 0
    000018A0 5A                    6382 	.db #0x5a	; 90	'Z'
    000018A1 00                    6383 	.db #0x00	; 0
    000018A2 00                    6384 	.db #0x00	; 0
    000018A3 5A                    6385 	.db #0x5a	; 90	'Z'
    000018A4 00                    6386 	.db #0x00	; 0
    000018A5 00                    6387 	.db #0x00	; 0
    000018A6 5A                    6388 	.db #0x5a	; 90	'Z'
    000018A7 00                    6389 	.db #0x00	; 0
    000018A8 00                    6390 	.db #0x00	; 0
    000018A9 5A                    6391 	.db #0x5a	; 90	'Z'
    000018AA 00                    6392 	.db #0x00	; 0
    000018AB 00                    6393 	.db #0x00	; 0
    000018AC 5A                    6394 	.db #0x5a	; 90	'Z'
    000018AD 00                    6395 	.db #0x00	; 0
    000018AE 00                    6396 	.db #0x00	; 0
    000018AF 5A                    6397 	.db #0x5a	; 90	'Z'
    000018B0 00                    6398 	.db #0x00	; 0
    000018B1 00                    6399 	.db #0x00	; 0
    000018B2 5A                    6400 	.db #0x5a	; 90	'Z'
    000018B3 00                    6401 	.db #0x00	; 0
    000018B4 00                    6402 	.db #0x00	; 0
    000018B5 5A                    6403 	.db #0x5a	; 90	'Z'
    000018B6 00                    6404 	.db #0x00	; 0
    000018B7 00                    6405 	.db #0x00	; 0
    000018B8 5A                    6406 	.db #0x5a	; 90	'Z'
    000018B9 00                    6407 	.db #0x00	; 0
    000018BA 00                    6408 	.db #0x00	; 0
    000018BB 5A                    6409 	.db #0x5a	; 90	'Z'
    000018BC 00                    6410 	.db #0x00	; 0
    000018BD 00                    6411 	.db #0x00	; 0
    000018BE 5A                    6412 	.db #0x5a	; 90	'Z'
    000018BF 00                    6413 	.db #0x00	; 0
    000018C0 00                    6414 	.db #0x00	; 0
    000018C1                       6415 _P42:
    000018C1 26                    6416 	.db #0x26	; 38
    000018C2 5C                    6417 	.db #0x5c	; 92
    000018C3 0F                    6418 	.db #0x0f	; 15
    000018C4 5A                    6419 	.db #0x5a	; 90	'Z'
    000018C5 00                    6420 	.db #0x00	; 0
    000018C6 00                    6421 	.db #0x00	; 0
    000018C7 26                    6422 	.db #0x26	; 38
    000018C8 5C                    6423 	.db #0x5c	; 92
    000018C9 04                    6424 	.db #0x04	; 4
    000018CA 5A                    6425 	.db #0x5a	; 90	'Z'
    000018CB 00                    6426 	.db #0x00	; 0
    000018CC 00                    6427 	.db #0x00	; 0
    000018CD 26                    6428 	.db #0x26	; 38
    000018CE 50                    6429 	.db #0x50	; 80	'P'
    000018CF 00                    6430 	.db #0x00	; 0
    000018D0 5A                    6431 	.db #0x5a	; 90	'Z'
    000018D1 00                    6432 	.db #0x00	; 0
    000018D2 00                    6433 	.db #0x00	; 0
    000018D3 24                    6434 	.db #0x24	; 36
    000018D4 50                    6435 	.db #0x50	; 80	'P'
    000018D5 00                    6436 	.db #0x00	; 0
    000018D6 5A                    6437 	.db #0x5a	; 90	'Z'
    000018D7 00                    6438 	.db #0x00	; 0
    000018D8 00                    6439 	.db #0x00	; 0
    000018D9 26                    6440 	.db #0x26	; 38
    000018DA 5E                    6441 	.db #0x5e	; 94
    000018DB 03                    6442 	.db #0x03	; 3
    000018DC 26                    6443 	.db #0x26	; 38
    000018DD 5E                    6444 	.db #0x5e	; 94
    000018DE 03                    6445 	.db #0x03	; 3
    000018DF 29                    6446 	.db #0x29	; 41
    000018E0 50                    6447 	.db #0x50	; 80	'P'
    000018E1 00                    6448 	.db #0x00	; 0
    000018E2 5A                    6449 	.db #0x5a	; 90	'Z'
    000018E3 00                    6450 	.db #0x00	; 0
    000018E4 00                    6451 	.db #0x00	; 0
    000018E5 28                    6452 	.db #0x28	; 40
    000018E6 50                    6453 	.db #0x50	; 80	'P'
    000018E7 00                    6454 	.db #0x00	; 0
    000018E8 5A                    6455 	.db #0x5a	; 90	'Z'
    000018E9 00                    6456 	.db #0x00	; 0
    000018EA 00                    6457 	.db #0x00	; 0
    000018EB 2B                    6458 	.db #0x2b	; 43
    000018EC 50                    6459 	.db #0x50	; 80	'P'
    000018ED 00                    6460 	.db #0x00	; 0
    000018EE 5A                    6461 	.db #0x5a	; 90	'Z'
    000018EF 00                    6462 	.db #0x00	; 0
    000018F0 00                    6463 	.db #0x00	; 0
    000018F1 2D                    6464 	.db #0x2d	; 45
    000018F2 50                    6465 	.db #0x50	; 80	'P'
    000018F3 00                    6466 	.db #0x00	; 0
    000018F4 5A                    6467 	.db #0x5a	; 90	'Z'
    000018F5 00                    6468 	.db #0x00	; 0
    000018F6 00                    6469 	.db #0x00	; 0
    000018F7 2D                    6470 	.db #0x2d	; 45
    000018F8 5E                    6471 	.db #0x5e	; 94
    000018F9 03                    6472 	.db #0x03	; 3
    000018FA 2D                    6473 	.db #0x2d	; 45
    000018FB 5E                    6474 	.db #0x5e	; 94
    000018FC 03                    6475 	.db #0x03	; 3
    000018FD 2D                    6476 	.db #0x2d	; 45
    000018FE 5E                    6477 	.db #0x5e	; 94
    000018FF 03                    6478 	.db #0x03	; 3
    00001900 5A                    6479 	.db #0x5a	; 90	'Z'
    00001901 00                    6480 	.db #0x00	; 0
    00001902 00                    6481 	.db #0x00	; 0
    00001903 2B                    6482 	.db #0x2b	; 43
    00001904 50                    6483 	.db #0x50	; 80	'P'
    00001905 00                    6484 	.db #0x00	; 0
    00001906 5A                    6485 	.db #0x5a	; 90	'Z'
    00001907 00                    6486 	.db #0x00	; 0
    00001908 00                    6487 	.db #0x00	; 0
    00001909 2D                    6488 	.db #0x2d	; 45
    0000190A 50                    6489 	.db #0x50	; 80	'P'
    0000190B 00                    6490 	.db #0x00	; 0
    0000190C 5A                    6491 	.db #0x5a	; 90	'Z'
    0000190D 00                    6492 	.db #0x00	; 0
    0000190E 00                    6493 	.db #0x00	; 0
    0000190F 30                    6494 	.db #0x30	; 48	'0'
    00001910 50                    6495 	.db #0x50	; 80	'P'
    00001911 00                    6496 	.db #0x00	; 0
    00001912 5A                    6497 	.db #0x5a	; 90	'Z'
    00001913 00                    6498 	.db #0x00	; 0
    00001914 00                    6499 	.db #0x00	; 0
    00001915 2F                    6500 	.db #0x2f	; 47
    00001916 50                    6501 	.db #0x50	; 80	'P'
    00001917 00                    6502 	.db #0x00	; 0
    00001918 5A                    6503 	.db #0x5a	; 90	'Z'
    00001919 00                    6504 	.db #0x00	; 0
    0000191A 00                    6505 	.db #0x00	; 0
    0000191B 2B                    6506 	.db #0x2b	; 43
    0000191C 50                    6507 	.db #0x50	; 80	'P'
    0000191D 00                    6508 	.db #0x00	; 0
    0000191E 5A                    6509 	.db #0x5a	; 90	'Z'
    0000191F 00                    6510 	.db #0x00	; 0
    00001920 00                    6511 	.db #0x00	; 0
    00001921 2D                    6512 	.db #0x2d	; 45
    00001922 50                    6513 	.db #0x50	; 80	'P'
    00001923 00                    6514 	.db #0x00	; 0
    00001924 5A                    6515 	.db #0x5a	; 90	'Z'
    00001925 00                    6516 	.db #0x00	; 0
    00001926 00                    6517 	.db #0x00	; 0
    00001927 2D                    6518 	.db #0x2d	; 45
    00001928 5C                    6519 	.db #0x5c	; 92
    00001929 04                    6520 	.db #0x04	; 4
    0000192A 5A                    6521 	.db #0x5a	; 90	'Z'
    0000192B 00                    6522 	.db #0x00	; 0
    0000192C 00                    6523 	.db #0x00	; 0
    0000192D 2D                    6524 	.db #0x2d	; 45
    0000192E 50                    6525 	.db #0x50	; 80	'P'
    0000192F 00                    6526 	.db #0x00	; 0
    00001930 5A                    6527 	.db #0x5a	; 90	'Z'
    00001931 00                    6528 	.db #0x00	; 0
    00001932 00                    6529 	.db #0x00	; 0
    00001933 2B                    6530 	.db #0x2b	; 43
    00001934 50                    6531 	.db #0x50	; 80	'P'
    00001935 00                    6532 	.db #0x00	; 0
    00001936 5A                    6533 	.db #0x5a	; 90	'Z'
    00001937 00                    6534 	.db #0x00	; 0
    00001938 00                    6535 	.db #0x00	; 0
    00001939 2D                    6536 	.db #0x2d	; 45
    0000193A 5E                    6537 	.db #0x5e	; 94
    0000193B 03                    6538 	.db #0x03	; 3
    0000193C 2D                    6539 	.db #0x2d	; 45
    0000193D 5E                    6540 	.db #0x5e	; 94
    0000193E 03                    6541 	.db #0x03	; 3
    0000193F 2F                    6542 	.db #0x2f	; 47
    00001940 50                    6543 	.db #0x50	; 80	'P'
    00001941 00                    6544 	.db #0x00	; 0
    00001942 5A                    6545 	.db #0x5a	; 90	'Z'
    00001943 00                    6546 	.db #0x00	; 0
    00001944 00                    6547 	.db #0x00	; 0
    00001945 30                    6548 	.db #0x30	; 48	'0'
    00001946 50                    6549 	.db #0x50	; 80	'P'
    00001947 00                    6550 	.db #0x00	; 0
    00001948 5A                    6551 	.db #0x5a	; 90	'Z'
    00001949 00                    6552 	.db #0x00	; 0
    0000194A 00                    6553 	.db #0x00	; 0
    0000194B 2F                    6554 	.db #0x2f	; 47
    0000194C 50                    6555 	.db #0x50	; 80	'P'
    0000194D 00                    6556 	.db #0x00	; 0
    0000194E 5A                    6557 	.db #0x5a	; 90	'Z'
    0000194F 00                    6558 	.db #0x00	; 0
    00001950 00                    6559 	.db #0x00	; 0
    00001951 2B                    6560 	.db #0x2b	; 43
    00001952 50                    6561 	.db #0x50	; 80	'P'
    00001953 00                    6562 	.db #0x00	; 0
    00001954 5A                    6563 	.db #0x5a	; 90	'Z'
    00001955 00                    6564 	.db #0x00	; 0
    00001956 00                    6565 	.db #0x00	; 0
    00001957 2D                    6566 	.db #0x2d	; 45
    00001958 5E                    6567 	.db #0x5e	; 94
    00001959 03                    6568 	.db #0x03	; 3
    0000195A 2D                    6569 	.db #0x2d	; 45
    0000195B 5E                    6570 	.db #0x5e	; 94
    0000195C 03                    6571 	.db #0x03	; 3
    0000195D 2D                    6572 	.db #0x2d	; 45
    0000195E 5E                    6573 	.db #0x5e	; 94
    0000195F 03                    6574 	.db #0x03	; 3
    00001960 5A                    6575 	.db #0x5a	; 90	'Z'
    00001961 00                    6576 	.db #0x00	; 0
    00001962 00                    6577 	.db #0x00	; 0
    00001963 2B                    6578 	.db #0x2b	; 43
    00001964 50                    6579 	.db #0x50	; 80	'P'
    00001965 00                    6580 	.db #0x00	; 0
    00001966 5A                    6581 	.db #0x5a	; 90	'Z'
    00001967 00                    6582 	.db #0x00	; 0
    00001968 00                    6583 	.db #0x00	; 0
    00001969 2D                    6584 	.db #0x2d	; 45
    0000196A 5E                    6585 	.db #0x5e	; 94
    0000196B 03                    6586 	.db #0x03	; 3
    0000196C 2D                    6587 	.db #0x2d	; 45
    0000196D 5E                    6588 	.db #0x5e	; 94
    0000196E 03                    6589 	.db #0x03	; 3
    0000196F 2B                    6590 	.db #0x2b	; 43
    00001970 50                    6591 	.db #0x50	; 80	'P'
    00001971 00                    6592 	.db #0x00	; 0
    00001972 5A                    6593 	.db #0x5a	; 90	'Z'
    00001973 00                    6594 	.db #0x00	; 0
    00001974 00                    6595 	.db #0x00	; 0
    00001975 2D                    6596 	.db #0x2d	; 45
    00001976 50                    6597 	.db #0x50	; 80	'P'
    00001977 00                    6598 	.db #0x00	; 0
    00001978 5A                    6599 	.db #0x5a	; 90	'Z'
    00001979 00                    6600 	.db #0x00	; 0
    0000197A 00                    6601 	.db #0x00	; 0
    0000197B 2F                    6602 	.db #0x2f	; 47
    0000197C 50                    6603 	.db #0x50	; 80	'P'
    0000197D 00                    6604 	.db #0x00	; 0
    0000197E 5A                    6605 	.db #0x5a	; 90	'Z'
    0000197F 00                    6606 	.db #0x00	; 0
    00001980 00                    6607 	.db #0x00	; 0
    00001981                       6608 _itSquareSP1:
    00001981 5A                    6609 	.db #0x5a	; 90	'Z'
    00001982 09                    6610 	.db #0x09	; 9
    00001983 80                    6611 	.db #0x80	; 128
    00001984 5A                    6612 	.db #0x5a	; 90	'Z'
    00001985 09                    6613 	.db #0x09	; 9
    00001986 80                    6614 	.db #0x80	; 128
    00001987 5A                    6615 	.db #0x5a	; 90	'Z'
    00001988 09                    6616 	.db #0x09	; 9
    00001989 40                    6617 	.db #0x40	; 64
    0000198A 5A                    6618 	.db #0x5a	; 90	'Z'
    0000198B 09                    6619 	.db #0x09	; 9
    0000198C 00                    6620 	.db #0x00	; 0
    0000198D 5A                    6621 	.db #0x5a	; 90	'Z'
    0000198E 09                    6622 	.db #0x09	; 9
    0000198F 00                    6623 	.db #0x00	; 0
    00001990 5A                    6624 	.db #0x5a	; 90	'Z'
    00001991 00                    6625 	.db #0x00	; 0
    00001992 00                    6626 	.db #0x00	; 0
    00001993 5A                    6627 	.db #0x5a	; 90	'Z'
    00001994 00                    6628 	.db #0x00	; 0
    00001995 00                    6629 	.db #0x00	; 0
    00001996 5A                    6630 	.db #0x5a	; 90	'Z'
    00001997 00                    6631 	.db #0x00	; 0
    00001998 00                    6632 	.db #0x00	; 0
    00001999 5A                    6633 	.db #0x5a	; 90	'Z'
    0000199A 00                    6634 	.db #0x00	; 0
    0000199B 00                    6635 	.db #0x00	; 0
    0000199C 5A                    6636 	.db #0x5a	; 90	'Z'
    0000199D 00                    6637 	.db #0x00	; 0
    0000199E 00                    6638 	.db #0x00	; 0
    0000199F 5A                    6639 	.db #0x5a	; 90	'Z'
    000019A0 00                    6640 	.db #0x00	; 0
    000019A1 00                    6641 	.db #0x00	; 0
    000019A2 5A                    6642 	.db #0x5a	; 90	'Z'
    000019A3 00                    6643 	.db #0x00	; 0
    000019A4 00                    6644 	.db #0x00	; 0
    000019A5 5A                    6645 	.db #0x5a	; 90	'Z'
    000019A6 00                    6646 	.db #0x00	; 0
    000019A7 00                    6647 	.db #0x00	; 0
    000019A8 5A                    6648 	.db #0x5a	; 90	'Z'
    000019A9 00                    6649 	.db #0x00	; 0
    000019AA 00                    6650 	.db #0x00	; 0
    000019AB 5A                    6651 	.db #0x5a	; 90	'Z'
    000019AC 00                    6652 	.db #0x00	; 0
    000019AD 00                    6653 	.db #0x00	; 0
    000019AE 5A                    6654 	.db #0x5a	; 90	'Z'
    000019AF 00                    6655 	.db #0x00	; 0
    000019B0 00                    6656 	.db #0x00	; 0
    000019B1 5A                    6657 	.db #0x5a	; 90	'Z'
    000019B2 00                    6658 	.db #0x00	; 0
    000019B3 00                    6659 	.db #0x00	; 0
    000019B4 5A                    6660 	.db #0x5a	; 90	'Z'
    000019B5 00                    6661 	.db #0x00	; 0
    000019B6 00                    6662 	.db #0x00	; 0
    000019B7 5A                    6663 	.db #0x5a	; 90	'Z'
    000019B8 00                    6664 	.db #0x00	; 0
    000019B9 00                    6665 	.db #0x00	; 0
    000019BA 5A                    6666 	.db #0x5a	; 90	'Z'
    000019BB 00                    6667 	.db #0x00	; 0
    000019BC 00                    6668 	.db #0x00	; 0
    000019BD 5A                    6669 	.db #0x5a	; 90	'Z'
    000019BE 00                    6670 	.db #0x00	; 0
    000019BF 00                    6671 	.db #0x00	; 0
    000019C0 5A                    6672 	.db #0x5a	; 90	'Z'
    000019C1 00                    6673 	.db #0x00	; 0
    000019C2 00                    6674 	.db #0x00	; 0
    000019C3 5A                    6675 	.db #0x5a	; 90	'Z'
    000019C4 00                    6676 	.db #0x00	; 0
    000019C5 00                    6677 	.db #0x00	; 0
    000019C6 5A                    6678 	.db #0x5a	; 90	'Z'
    000019C7 00                    6679 	.db #0x00	; 0
    000019C8 00                    6680 	.db #0x00	; 0
    000019C9 5A                    6681 	.db #0x5a	; 90	'Z'
    000019CA 00                    6682 	.db #0x00	; 0
    000019CB 00                    6683 	.db #0x00	; 0
    000019CC 5A                    6684 	.db #0x5a	; 90	'Z'
    000019CD 00                    6685 	.db #0x00	; 0
    000019CE 00                    6686 	.db #0x00	; 0
    000019CF 5A                    6687 	.db #0x5a	; 90	'Z'
    000019D0 00                    6688 	.db #0x00	; 0
    000019D1 00                    6689 	.db #0x00	; 0
    000019D2 5A                    6690 	.db #0x5a	; 90	'Z'
    000019D3 00                    6691 	.db #0x00	; 0
    000019D4 00                    6692 	.db #0x00	; 0
    000019D5 5A                    6693 	.db #0x5a	; 90	'Z'
    000019D6 00                    6694 	.db #0x00	; 0
    000019D7 00                    6695 	.db #0x00	; 0
    000019D8 5A                    6696 	.db #0x5a	; 90	'Z'
    000019D9 00                    6697 	.db #0x00	; 0
    000019DA 00                    6698 	.db #0x00	; 0
    000019DB 5A                    6699 	.db #0x5a	; 90	'Z'
    000019DC 00                    6700 	.db #0x00	; 0
    000019DD 00                    6701 	.db #0x00	; 0
    000019DE 5A                    6702 	.db #0x5a	; 90	'Z'
    000019DF 10                    6703 	.db #0x10	; 16
    000019E0 00                    6704 	.db #0x00	; 0
    000019E1                       6705 _itSquareSP2:
    000019E1 30                    6706 	.db #0x30	; 48	'0'
    000019E2 00                    6707 	.db #0x00	; 0
    000019E3 00                    6708 	.db #0x00	; 0
    000019E4 2D                    6709 	.db #0x2d	; 45
    000019E5 00                    6710 	.db #0x00	; 0
    000019E6 00                    6711 	.db #0x00	; 0
    000019E7 2A                    6712 	.db #0x2a	; 42
    000019E8 00                    6713 	.db #0x00	; 0
    000019E9 00                    6714 	.db #0x00	; 0
    000019EA 27                    6715 	.db #0x27	; 39
    000019EB 00                    6716 	.db #0x00	; 0
    000019EC 00                    6717 	.db #0x00	; 0
    000019ED 24                    6718 	.db #0x24	; 36
    000019EE 00                    6719 	.db #0x00	; 0
    000019EF 00                    6720 	.db #0x00	; 0
    000019F0 21                    6721 	.db #0x21	; 33
    000019F1 00                    6722 	.db #0x00	; 0
    000019F2 00                    6723 	.db #0x00	; 0
    000019F3 1E                    6724 	.db #0x1e	; 30
    000019F4 00                    6725 	.db #0x00	; 0
    000019F5 00                    6726 	.db #0x00	; 0
    000019F6 1B                    6727 	.db #0x1b	; 27
    000019F7 00                    6728 	.db #0x00	; 0
    000019F8 00                    6729 	.db #0x00	; 0
    000019F9 18                    6730 	.db #0x18	; 24
    000019FA 00                    6731 	.db #0x00	; 0
    000019FB 00                    6732 	.db #0x00	; 0
    000019FC 5A                    6733 	.db #0x5a	; 90	'Z'
    000019FD 00                    6734 	.db #0x00	; 0
    000019FE 00                    6735 	.db #0x00	; 0
    000019FF 5A                    6736 	.db #0x5a	; 90	'Z'
    00001A00 00                    6737 	.db #0x00	; 0
    00001A01 00                    6738 	.db #0x00	; 0
    00001A02 5A                    6739 	.db #0x5a	; 90	'Z'
    00001A03 00                    6740 	.db #0x00	; 0
    00001A04 00                    6741 	.db #0x00	; 0
    00001A05 5A                    6742 	.db #0x5a	; 90	'Z'
    00001A06 00                    6743 	.db #0x00	; 0
    00001A07 00                    6744 	.db #0x00	; 0
    00001A08 5A                    6745 	.db #0x5a	; 90	'Z'
    00001A09 00                    6746 	.db #0x00	; 0
    00001A0A 00                    6747 	.db #0x00	; 0
    00001A0B 5A                    6748 	.db #0x5a	; 90	'Z'
    00001A0C 00                    6749 	.db #0x00	; 0
    00001A0D 00                    6750 	.db #0x00	; 0
    00001A0E 5A                    6751 	.db #0x5a	; 90	'Z'
    00001A0F 00                    6752 	.db #0x00	; 0
    00001A10 00                    6753 	.db #0x00	; 0
    00001A11 5A                    6754 	.db #0x5a	; 90	'Z'
    00001A12 00                    6755 	.db #0x00	; 0
    00001A13 00                    6756 	.db #0x00	; 0
    00001A14 5A                    6757 	.db #0x5a	; 90	'Z'
    00001A15 00                    6758 	.db #0x00	; 0
    00001A16 00                    6759 	.db #0x00	; 0
    00001A17 5A                    6760 	.db #0x5a	; 90	'Z'
    00001A18 00                    6761 	.db #0x00	; 0
    00001A19 00                    6762 	.db #0x00	; 0
    00001A1A 5A                    6763 	.db #0x5a	; 90	'Z'
    00001A1B 00                    6764 	.db #0x00	; 0
    00001A1C 00                    6765 	.db #0x00	; 0
    00001A1D 5A                    6766 	.db #0x5a	; 90	'Z'
    00001A1E 00                    6767 	.db #0x00	; 0
    00001A1F 00                    6768 	.db #0x00	; 0
    00001A20 5A                    6769 	.db #0x5a	; 90	'Z'
    00001A21 00                    6770 	.db #0x00	; 0
    00001A22 00                    6771 	.db #0x00	; 0
    00001A23 5A                    6772 	.db #0x5a	; 90	'Z'
    00001A24 00                    6773 	.db #0x00	; 0
    00001A25 00                    6774 	.db #0x00	; 0
    00001A26 5A                    6775 	.db #0x5a	; 90	'Z'
    00001A27 00                    6776 	.db #0x00	; 0
    00001A28 00                    6777 	.db #0x00	; 0
    00001A29 5A                    6778 	.db #0x5a	; 90	'Z'
    00001A2A 00                    6779 	.db #0x00	; 0
    00001A2B 00                    6780 	.db #0x00	; 0
    00001A2C 5A                    6781 	.db #0x5a	; 90	'Z'
    00001A2D 00                    6782 	.db #0x00	; 0
    00001A2E 00                    6783 	.db #0x00	; 0
    00001A2F 5A                    6784 	.db #0x5a	; 90	'Z'
    00001A30 00                    6785 	.db #0x00	; 0
    00001A31 00                    6786 	.db #0x00	; 0
    00001A32 5A                    6787 	.db #0x5a	; 90	'Z'
    00001A33 00                    6788 	.db #0x00	; 0
    00001A34 00                    6789 	.db #0x00	; 0
    00001A35 5A                    6790 	.db #0x5a	; 90	'Z'
    00001A36 00                    6791 	.db #0x00	; 0
    00001A37 00                    6792 	.db #0x00	; 0
    00001A38 5A                    6793 	.db #0x5a	; 90	'Z'
    00001A39 00                    6794 	.db #0x00	; 0
    00001A3A 00                    6795 	.db #0x00	; 0
    00001A3B 5A                    6796 	.db #0x5a	; 90	'Z'
    00001A3C 00                    6797 	.db #0x00	; 0
    00001A3D 00                    6798 	.db #0x00	; 0
    00001A3E 5A                    6799 	.db #0x5a	; 90	'Z'
    00001A3F 10                    6800 	.db #0x10	; 16
    00001A40 00                    6801 	.db #0x00	; 0
    00001A41                       6802 _itSquareSP3:
    00001A41 18                    6803 	.db #0x18	; 24
    00001A42 08                    6804 	.db #0x08	; 8
    00001A43 EF                    6805 	.db #0xef	; 239
    00001A44 5A                    6806 	.db #0x5a	; 90	'Z'
    00001A45 00                    6807 	.db #0x00	; 0
    00001A46 00                    6808 	.db #0x00	; 0
    00001A47 5A                    6809 	.db #0x5a	; 90	'Z'
    00001A48 08                    6810 	.db #0x08	; 8
    00001A49 FF                    6811 	.db #0xff	; 255
    00001A4A 5A                    6812 	.db #0x5a	; 90	'Z'
    00001A4B 00                    6813 	.db #0x00	; 0
    00001A4C 00                    6814 	.db #0x00	; 0
    00001A4D 5A                    6815 	.db #0x5a	; 90	'Z'
    00001A4E 08                    6816 	.db #0x08	; 8
    00001A4F FE                    6817 	.db #0xfe	; 254
    00001A50 5A                    6818 	.db #0x5a	; 90	'Z'
    00001A51 00                    6819 	.db #0x00	; 0
    00001A52 00                    6820 	.db #0x00	; 0
    00001A53 5A                    6821 	.db #0x5a	; 90	'Z'
    00001A54 08                    6822 	.db #0x08	; 8
    00001A55 FF                    6823 	.db #0xff	; 255
    00001A56 5A                    6824 	.db #0x5a	; 90	'Z'
    00001A57 00                    6825 	.db #0x00	; 0
    00001A58 00                    6826 	.db #0x00	; 0
    00001A59 5A                    6827 	.db #0x5a	; 90	'Z'
    00001A5A 00                    6828 	.db #0x00	; 0
    00001A5B 00                    6829 	.db #0x00	; 0
    00001A5C 5A                    6830 	.db #0x5a	; 90	'Z'
    00001A5D 00                    6831 	.db #0x00	; 0
    00001A5E 00                    6832 	.db #0x00	; 0
    00001A5F 5A                    6833 	.db #0x5a	; 90	'Z'
    00001A60 00                    6834 	.db #0x00	; 0
    00001A61 00                    6835 	.db #0x00	; 0
    00001A62 5A                    6836 	.db #0x5a	; 90	'Z'
    00001A63 00                    6837 	.db #0x00	; 0
    00001A64 00                    6838 	.db #0x00	; 0
    00001A65 5A                    6839 	.db #0x5a	; 90	'Z'
    00001A66 00                    6840 	.db #0x00	; 0
    00001A67 00                    6841 	.db #0x00	; 0
    00001A68 5A                    6842 	.db #0x5a	; 90	'Z'
    00001A69 00                    6843 	.db #0x00	; 0
    00001A6A 00                    6844 	.db #0x00	; 0
    00001A6B 5A                    6845 	.db #0x5a	; 90	'Z'
    00001A6C 00                    6846 	.db #0x00	; 0
    00001A6D 00                    6847 	.db #0x00	; 0
    00001A6E 5A                    6848 	.db #0x5a	; 90	'Z'
    00001A6F 00                    6849 	.db #0x00	; 0
    00001A70 00                    6850 	.db #0x00	; 0
    00001A71 5A                    6851 	.db #0x5a	; 90	'Z'
    00001A72 00                    6852 	.db #0x00	; 0
    00001A73 00                    6853 	.db #0x00	; 0
    00001A74 5A                    6854 	.db #0x5a	; 90	'Z'
    00001A75 00                    6855 	.db #0x00	; 0
    00001A76 00                    6856 	.db #0x00	; 0
    00001A77 5A                    6857 	.db #0x5a	; 90	'Z'
    00001A78 00                    6858 	.db #0x00	; 0
    00001A79 00                    6859 	.db #0x00	; 0
    00001A7A 5A                    6860 	.db #0x5a	; 90	'Z'
    00001A7B 00                    6861 	.db #0x00	; 0
    00001A7C 00                    6862 	.db #0x00	; 0
    00001A7D 5A                    6863 	.db #0x5a	; 90	'Z'
    00001A7E 00                    6864 	.db #0x00	; 0
    00001A7F 00                    6865 	.db #0x00	; 0
    00001A80 5A                    6866 	.db #0x5a	; 90	'Z'
    00001A81 00                    6867 	.db #0x00	; 0
    00001A82 00                    6868 	.db #0x00	; 0
    00001A83 5A                    6869 	.db #0x5a	; 90	'Z'
    00001A84 00                    6870 	.db #0x00	; 0
    00001A85 00                    6871 	.db #0x00	; 0
    00001A86 5A                    6872 	.db #0x5a	; 90	'Z'
    00001A87 00                    6873 	.db #0x00	; 0
    00001A88 00                    6874 	.db #0x00	; 0
    00001A89 5A                    6875 	.db #0x5a	; 90	'Z'
    00001A8A 00                    6876 	.db #0x00	; 0
    00001A8B 00                    6877 	.db #0x00	; 0
    00001A8C 5A                    6878 	.db #0x5a	; 90	'Z'
    00001A8D 00                    6879 	.db #0x00	; 0
    00001A8E 00                    6880 	.db #0x00	; 0
    00001A8F 5A                    6881 	.db #0x5a	; 90	'Z'
    00001A90 00                    6882 	.db #0x00	; 0
    00001A91 00                    6883 	.db #0x00	; 0
    00001A92 5A                    6884 	.db #0x5a	; 90	'Z'
    00001A93 00                    6885 	.db #0x00	; 0
    00001A94 00                    6886 	.db #0x00	; 0
    00001A95 5A                    6887 	.db #0x5a	; 90	'Z'
    00001A96 00                    6888 	.db #0x00	; 0
    00001A97 00                    6889 	.db #0x00	; 0
    00001A98 5A                    6890 	.db #0x5a	; 90	'Z'
    00001A99 00                    6891 	.db #0x00	; 0
    00001A9A 00                    6892 	.db #0x00	; 0
    00001A9B 5A                    6893 	.db #0x5a	; 90	'Z'
    00001A9C 00                    6894 	.db #0x00	; 0
    00001A9D 00                    6895 	.db #0x00	; 0
    00001A9E 5A                    6896 	.db #0x5a	; 90	'Z'
    00001A9F 10                    6897 	.db #0x10	; 16
    00001AA0 00                    6898 	.db #0x00	; 0
    00001AA1                       6899 _itSquareSP7:
    00001AA1 5A                    6900 	.db #0x5a	; 90	'Z'
    00001AA2 09                    6901 	.db #0x09	; 9
    00001AA3 80                    6902 	.db #0x80	; 128
    00001AA4 18                    6903 	.db #0x18	; 24
    00001AA5 09                    6904 	.db #0x09	; 9
    00001AA6 80                    6905 	.db #0x80	; 128
    00001AA7 5A                    6906 	.db #0x5a	; 90	'Z'
    00001AA8 09                    6907 	.db #0x09	; 9
    00001AA9 40                    6908 	.db #0x40	; 64
    00001AAA 5A                    6909 	.db #0x5a	; 90	'Z'
    00001AAB 09                    6910 	.db #0x09	; 9
    00001AAC 00                    6911 	.db #0x00	; 0
    00001AAD 18                    6912 	.db #0x18	; 24
    00001AAE 09                    6913 	.db #0x09	; 9
    00001AAF 00                    6914 	.db #0x00	; 0
    00001AB0 5A                    6915 	.db #0x5a	; 90	'Z'
    00001AB1 09                    6916 	.db #0x09	; 9
    00001AB2 40                    6917 	.db #0x40	; 64
    00001AB3 5A                    6918 	.db #0x5a	; 90	'Z'
    00001AB4 09                    6919 	.db #0x09	; 9
    00001AB5 00                    6920 	.db #0x00	; 0
    00001AB6 18                    6921 	.db #0x18	; 24
    00001AB7 09                    6922 	.db #0x09	; 9
    00001AB8 00                    6923 	.db #0x00	; 0
    00001AB9 5A                    6924 	.db #0x5a	; 90	'Z'
    00001ABA 09                    6925 	.db #0x09	; 9
    00001ABB 40                    6926 	.db #0x40	; 64
    00001ABC 5A                    6927 	.db #0x5a	; 90	'Z'
    00001ABD 09                    6928 	.db #0x09	; 9
    00001ABE 00                    6929 	.db #0x00	; 0
    00001ABF 18                    6930 	.db #0x18	; 24
    00001AC0 09                    6931 	.db #0x09	; 9
    00001AC1 00                    6932 	.db #0x00	; 0
    00001AC2 5A                    6933 	.db #0x5a	; 90	'Z'
    00001AC3 09                    6934 	.db #0x09	; 9
    00001AC4 40                    6935 	.db #0x40	; 64
    00001AC5 5A                    6936 	.db #0x5a	; 90	'Z'
    00001AC6 09                    6937 	.db #0x09	; 9
    00001AC7 00                    6938 	.db #0x00	; 0
    00001AC8 18                    6939 	.db #0x18	; 24
    00001AC9 09                    6940 	.db #0x09	; 9
    00001ACA 00                    6941 	.db #0x00	; 0
    00001ACB 5A                    6942 	.db #0x5a	; 90	'Z'
    00001ACC 09                    6943 	.db #0x09	; 9
    00001ACD 40                    6944 	.db #0x40	; 64
    00001ACE 5A                    6945 	.db #0x5a	; 90	'Z'
    00001ACF 09                    6946 	.db #0x09	; 9
    00001AD0 00                    6947 	.db #0x00	; 0
    00001AD1 18                    6948 	.db #0x18	; 24
    00001AD2 09                    6949 	.db #0x09	; 9
    00001AD3 00                    6950 	.db #0x00	; 0
    00001AD4 5A                    6951 	.db #0x5a	; 90	'Z'
    00001AD5 09                    6952 	.db #0x09	; 9
    00001AD6 40                    6953 	.db #0x40	; 64
    00001AD7 5A                    6954 	.db #0x5a	; 90	'Z'
    00001AD8 09                    6955 	.db #0x09	; 9
    00001AD9 00                    6956 	.db #0x00	; 0
    00001ADA 18                    6957 	.db #0x18	; 24
    00001ADB 09                    6958 	.db #0x09	; 9
    00001ADC 00                    6959 	.db #0x00	; 0
    00001ADD 5A                    6960 	.db #0x5a	; 90	'Z'
    00001ADE 09                    6961 	.db #0x09	; 9
    00001ADF 40                    6962 	.db #0x40	; 64
    00001AE0 5A                    6963 	.db #0x5a	; 90	'Z'
    00001AE1 09                    6964 	.db #0x09	; 9
    00001AE2 00                    6965 	.db #0x00	; 0
    00001AE3 18                    6966 	.db #0x18	; 24
    00001AE4 09                    6967 	.db #0x09	; 9
    00001AE5 00                    6968 	.db #0x00	; 0
    00001AE6 5A                    6969 	.db #0x5a	; 90	'Z'
    00001AE7 09                    6970 	.db #0x09	; 9
    00001AE8 40                    6971 	.db #0x40	; 64
    00001AE9 5A                    6972 	.db #0x5a	; 90	'Z'
    00001AEA 09                    6973 	.db #0x09	; 9
    00001AEB 00                    6974 	.db #0x00	; 0
    00001AEC 18                    6975 	.db #0x18	; 24
    00001AED 09                    6976 	.db #0x09	; 9
    00001AEE 00                    6977 	.db #0x00	; 0
    00001AEF 5A                    6978 	.db #0x5a	; 90	'Z'
    00001AF0 09                    6979 	.db #0x09	; 9
    00001AF1 40                    6980 	.db #0x40	; 64
    00001AF2 5A                    6981 	.db #0x5a	; 90	'Z'
    00001AF3 09                    6982 	.db #0x09	; 9
    00001AF4 00                    6983 	.db #0x00	; 0
    00001AF5 18                    6984 	.db #0x18	; 24
    00001AF6 09                    6985 	.db #0x09	; 9
    00001AF7 00                    6986 	.db #0x00	; 0
    00001AF8 5A                    6987 	.db #0x5a	; 90	'Z'
    00001AF9 09                    6988 	.db #0x09	; 9
    00001AFA 40                    6989 	.db #0x40	; 64
    00001AFB 5A                    6990 	.db #0x5a	; 90	'Z'
    00001AFC 09                    6991 	.db #0x09	; 9
    00001AFD 00                    6992 	.db #0x00	; 0
    00001AFE 18                    6993 	.db #0x18	; 24
    00001AFF 19                    6994 	.db #0x19	; 25
    00001B00 00                    6995 	.db #0x00	; 0
    00001B01                       6996 _itWaveSP1:
    00001B01 5A                    6997 	.db #0x5a	; 90	'Z'
    00001B02 00                    6998 	.db #0x00	; 0
    00001B03 00                    6999 	.db #0x00	; 0
    00001B04 5A                    7000 	.db #0x5a	; 90	'Z'
    00001B05 00                    7001 	.db #0x00	; 0
    00001B06 00                    7002 	.db #0x00	; 0
    00001B07 5A                    7003 	.db #0x5a	; 90	'Z'
    00001B08 00                    7004 	.db #0x00	; 0
    00001B09 00                    7005 	.db #0x00	; 0
    00001B0A 5A                    7006 	.db #0x5a	; 90	'Z'
    00001B0B 00                    7007 	.db #0x00	; 0
    00001B0C 00                    7008 	.db #0x00	; 0
    00001B0D 5A                    7009 	.db #0x5a	; 90	'Z'
    00001B0E 00                    7010 	.db #0x00	; 0
    00001B0F 00                    7011 	.db #0x00	; 0
    00001B10 5A                    7012 	.db #0x5a	; 90	'Z'
    00001B11 00                    7013 	.db #0x00	; 0
    00001B12 00                    7014 	.db #0x00	; 0
    00001B13 5A                    7015 	.db #0x5a	; 90	'Z'
    00001B14 00                    7016 	.db #0x00	; 0
    00001B15 00                    7017 	.db #0x00	; 0
    00001B16 5A                    7018 	.db #0x5a	; 90	'Z'
    00001B17 00                    7019 	.db #0x00	; 0
    00001B18 00                    7020 	.db #0x00	; 0
    00001B19 5A                    7021 	.db #0x5a	; 90	'Z'
    00001B1A 00                    7022 	.db #0x00	; 0
    00001B1B 00                    7023 	.db #0x00	; 0
    00001B1C 5A                    7024 	.db #0x5a	; 90	'Z'
    00001B1D 00                    7025 	.db #0x00	; 0
    00001B1E 00                    7026 	.db #0x00	; 0
    00001B1F 5A                    7027 	.db #0x5a	; 90	'Z'
    00001B20 00                    7028 	.db #0x00	; 0
    00001B21 00                    7029 	.db #0x00	; 0
    00001B22 5A                    7030 	.db #0x5a	; 90	'Z'
    00001B23 00                    7031 	.db #0x00	; 0
    00001B24 00                    7032 	.db #0x00	; 0
    00001B25 5A                    7033 	.db #0x5a	; 90	'Z'
    00001B26 00                    7034 	.db #0x00	; 0
    00001B27 00                    7035 	.db #0x00	; 0
    00001B28 5A                    7036 	.db #0x5a	; 90	'Z'
    00001B29 00                    7037 	.db #0x00	; 0
    00001B2A 00                    7038 	.db #0x00	; 0
    00001B2B 5A                    7039 	.db #0x5a	; 90	'Z'
    00001B2C 00                    7040 	.db #0x00	; 0
    00001B2D 00                    7041 	.db #0x00	; 0
    00001B2E 5A                    7042 	.db #0x5a	; 90	'Z'
    00001B2F 00                    7043 	.db #0x00	; 0
    00001B30 00                    7044 	.db #0x00	; 0
    00001B31 DA                    7045 	.db #0xda	; 218
    00001B32 00                    7046 	.db #0x00	; 0
    00001B33 00                    7047 	.db #0x00	; 0
    00001B34 5A                    7048 	.db #0x5a	; 90	'Z'
    00001B35 00                    7049 	.db #0x00	; 0
    00001B36 00                    7050 	.db #0x00	; 0
    00001B37 5A                    7051 	.db #0x5a	; 90	'Z'
    00001B38 00                    7052 	.db #0x00	; 0
    00001B39 00                    7053 	.db #0x00	; 0
    00001B3A 5A                    7054 	.db #0x5a	; 90	'Z'
    00001B3B 00                    7055 	.db #0x00	; 0
    00001B3C 00                    7056 	.db #0x00	; 0
    00001B3D 5A                    7057 	.db #0x5a	; 90	'Z'
    00001B3E 00                    7058 	.db #0x00	; 0
    00001B3F 00                    7059 	.db #0x00	; 0
    00001B40 5A                    7060 	.db #0x5a	; 90	'Z'
    00001B41 00                    7061 	.db #0x00	; 0
    00001B42 00                    7062 	.db #0x00	; 0
    00001B43 5A                    7063 	.db #0x5a	; 90	'Z'
    00001B44 00                    7064 	.db #0x00	; 0
    00001B45 00                    7065 	.db #0x00	; 0
    00001B46 5A                    7066 	.db #0x5a	; 90	'Z'
    00001B47 00                    7067 	.db #0x00	; 0
    00001B48 00                    7068 	.db #0x00	; 0
    00001B49 5A                    7069 	.db #0x5a	; 90	'Z'
    00001B4A 00                    7070 	.db #0x00	; 0
    00001B4B 00                    7071 	.db #0x00	; 0
    00001B4C 5A                    7072 	.db #0x5a	; 90	'Z'
    00001B4D 00                    7073 	.db #0x00	; 0
    00001B4E 00                    7074 	.db #0x00	; 0
    00001B4F 5A                    7075 	.db #0x5a	; 90	'Z'
    00001B50 00                    7076 	.db #0x00	; 0
    00001B51 00                    7077 	.db #0x00	; 0
    00001B52 5A                    7078 	.db #0x5a	; 90	'Z'
    00001B53 00                    7079 	.db #0x00	; 0
    00001B54 00                    7080 	.db #0x00	; 0
    00001B55 5A                    7081 	.db #0x5a	; 90	'Z'
    00001B56 00                    7082 	.db #0x00	; 0
    00001B57 00                    7083 	.db #0x00	; 0
    00001B58 5A                    7084 	.db #0x5a	; 90	'Z'
    00001B59 00                    7085 	.db #0x00	; 0
    00001B5A 00                    7086 	.db #0x00	; 0
    00001B5B 5A                    7087 	.db #0x5a	; 90	'Z'
    00001B5C 00                    7088 	.db #0x00	; 0
    00001B5D 00                    7089 	.db #0x00	; 0
    00001B5E 5A                    7090 	.db #0x5a	; 90	'Z'
    00001B5F 10                    7091 	.db #0x10	; 16
    00001B60 00                    7092 	.db #0x00	; 0
    00001B61                       7093 _itWaveSP2:
    00001B61 5A                    7094 	.db #0x5a	; 90	'Z'
    00001B62 00                    7095 	.db #0x00	; 0
    00001B63 00                    7096 	.db #0x00	; 0
    00001B64 5A                    7097 	.db #0x5a	; 90	'Z'
    00001B65 00                    7098 	.db #0x00	; 0
    00001B66 00                    7099 	.db #0x00	; 0
    00001B67 5A                    7100 	.db #0x5a	; 90	'Z'
    00001B68 00                    7101 	.db #0x00	; 0
    00001B69 00                    7102 	.db #0x00	; 0
    00001B6A 5A                    7103 	.db #0x5a	; 90	'Z'
    00001B6B 00                    7104 	.db #0x00	; 0
    00001B6C 00                    7105 	.db #0x00	; 0
    00001B6D 5A                    7106 	.db #0x5a	; 90	'Z'
    00001B6E 00                    7107 	.db #0x00	; 0
    00001B6F 00                    7108 	.db #0x00	; 0
    00001B70 5A                    7109 	.db #0x5a	; 90	'Z'
    00001B71 00                    7110 	.db #0x00	; 0
    00001B72 00                    7111 	.db #0x00	; 0
    00001B73 5A                    7112 	.db #0x5a	; 90	'Z'
    00001B74 00                    7113 	.db #0x00	; 0
    00001B75 00                    7114 	.db #0x00	; 0
    00001B76 5A                    7115 	.db #0x5a	; 90	'Z'
    00001B77 00                    7116 	.db #0x00	; 0
    00001B78 00                    7117 	.db #0x00	; 0
    00001B79 5A                    7118 	.db #0x5a	; 90	'Z'
    00001B7A 00                    7119 	.db #0x00	; 0
    00001B7B 00                    7120 	.db #0x00	; 0
    00001B7C 5A                    7121 	.db #0x5a	; 90	'Z'
    00001B7D 00                    7122 	.db #0x00	; 0
    00001B7E 00                    7123 	.db #0x00	; 0
    00001B7F 5A                    7124 	.db #0x5a	; 90	'Z'
    00001B80 00                    7125 	.db #0x00	; 0
    00001B81 00                    7126 	.db #0x00	; 0
    00001B82 5A                    7127 	.db #0x5a	; 90	'Z'
    00001B83 00                    7128 	.db #0x00	; 0
    00001B84 00                    7129 	.db #0x00	; 0
    00001B85 5A                    7130 	.db #0x5a	; 90	'Z'
    00001B86 00                    7131 	.db #0x00	; 0
    00001B87 00                    7132 	.db #0x00	; 0
    00001B88 5A                    7133 	.db #0x5a	; 90	'Z'
    00001B89 00                    7134 	.db #0x00	; 0
    00001B8A 00                    7135 	.db #0x00	; 0
    00001B8B 5A                    7136 	.db #0x5a	; 90	'Z'
    00001B8C 00                    7137 	.db #0x00	; 0
    00001B8D 00                    7138 	.db #0x00	; 0
    00001B8E 5A                    7139 	.db #0x5a	; 90	'Z'
    00001B8F 00                    7140 	.db #0x00	; 0
    00001B90 00                    7141 	.db #0x00	; 0
    00001B91 DA                    7142 	.db #0xda	; 218
    00001B92 00                    7143 	.db #0x00	; 0
    00001B93 00                    7144 	.db #0x00	; 0
    00001B94 5A                    7145 	.db #0x5a	; 90	'Z'
    00001B95 00                    7146 	.db #0x00	; 0
    00001B96 00                    7147 	.db #0x00	; 0
    00001B97 5A                    7148 	.db #0x5a	; 90	'Z'
    00001B98 00                    7149 	.db #0x00	; 0
    00001B99 00                    7150 	.db #0x00	; 0
    00001B9A 5A                    7151 	.db #0x5a	; 90	'Z'
    00001B9B 00                    7152 	.db #0x00	; 0
    00001B9C 00                    7153 	.db #0x00	; 0
    00001B9D 5A                    7154 	.db #0x5a	; 90	'Z'
    00001B9E 00                    7155 	.db #0x00	; 0
    00001B9F 00                    7156 	.db #0x00	; 0
    00001BA0 5A                    7157 	.db #0x5a	; 90	'Z'
    00001BA1 00                    7158 	.db #0x00	; 0
    00001BA2 00                    7159 	.db #0x00	; 0
    00001BA3 5A                    7160 	.db #0x5a	; 90	'Z'
    00001BA4 00                    7161 	.db #0x00	; 0
    00001BA5 00                    7162 	.db #0x00	; 0
    00001BA6 5A                    7163 	.db #0x5a	; 90	'Z'
    00001BA7 00                    7164 	.db #0x00	; 0
    00001BA8 00                    7165 	.db #0x00	; 0
    00001BA9 5A                    7166 	.db #0x5a	; 90	'Z'
    00001BAA 00                    7167 	.db #0x00	; 0
    00001BAB 00                    7168 	.db #0x00	; 0
    00001BAC 5A                    7169 	.db #0x5a	; 90	'Z'
    00001BAD 00                    7170 	.db #0x00	; 0
    00001BAE 00                    7171 	.db #0x00	; 0
    00001BAF 5A                    7172 	.db #0x5a	; 90	'Z'
    00001BB0 00                    7173 	.db #0x00	; 0
    00001BB1 00                    7174 	.db #0x00	; 0
    00001BB2 5A                    7175 	.db #0x5a	; 90	'Z'
    00001BB3 00                    7176 	.db #0x00	; 0
    00001BB4 00                    7177 	.db #0x00	; 0
    00001BB5 5A                    7178 	.db #0x5a	; 90	'Z'
    00001BB6 00                    7179 	.db #0x00	; 0
    00001BB7 00                    7180 	.db #0x00	; 0
    00001BB8 5A                    7181 	.db #0x5a	; 90	'Z'
    00001BB9 00                    7182 	.db #0x00	; 0
    00001BBA 00                    7183 	.db #0x00	; 0
    00001BBB 5A                    7184 	.db #0x5a	; 90	'Z'
    00001BBC 00                    7185 	.db #0x00	; 0
    00001BBD 00                    7186 	.db #0x00	; 0
    00001BBE 5A                    7187 	.db #0x5a	; 90	'Z'
    00001BBF 10                    7188 	.db #0x10	; 16
    00001BC0 00                    7189 	.db #0x00	; 0
    00001BC1                       7190 _itWaveSP10:
    00001BC1 5A                    7191 	.db #0x5a	; 90	'Z'
    00001BC2 0C                    7192 	.db #0x0c	; 12
    00001BC3 0F                    7193 	.db #0x0f	; 15
    00001BC4 5A                    7194 	.db #0x5a	; 90	'Z'
    00001BC5 00                    7195 	.db #0x00	; 0
    00001BC6 00                    7196 	.db #0x00	; 0
    00001BC7 5A                    7197 	.db #0x5a	; 90	'Z'
    00001BC8 00                    7198 	.db #0x00	; 0
    00001BC9 00                    7199 	.db #0x00	; 0
    00001BCA 5A                    7200 	.db #0x5a	; 90	'Z'
    00001BCB 0C                    7201 	.db #0x0c	; 12
    00001BCC 08                    7202 	.db #0x08	; 8
    00001BCD 5A                    7203 	.db #0x5a	; 90	'Z'
    00001BCE 0C                    7204 	.db #0x0c	; 12
    00001BCF 04                    7205 	.db #0x04	; 4
    00001BD0 5A                    7206 	.db #0x5a	; 90	'Z'
    00001BD1 00                    7207 	.db #0x00	; 0
    00001BD2 00                    7208 	.db #0x00	; 0
    00001BD3 5A                    7209 	.db #0x5a	; 90	'Z'
    00001BD4 00                    7210 	.db #0x00	; 0
    00001BD5 00                    7211 	.db #0x00	; 0
    00001BD6 5A                    7212 	.db #0x5a	; 90	'Z'
    00001BD7 00                    7213 	.db #0x00	; 0
    00001BD8 00                    7214 	.db #0x00	; 0
    00001BD9 5A                    7215 	.db #0x5a	; 90	'Z'
    00001BDA 00                    7216 	.db #0x00	; 0
    00001BDB 00                    7217 	.db #0x00	; 0
    00001BDC 5A                    7218 	.db #0x5a	; 90	'Z'
    00001BDD 00                    7219 	.db #0x00	; 0
    00001BDE 00                    7220 	.db #0x00	; 0
    00001BDF 5A                    7221 	.db #0x5a	; 90	'Z'
    00001BE0 00                    7222 	.db #0x00	; 0
    00001BE1 00                    7223 	.db #0x00	; 0
    00001BE2 5A                    7224 	.db #0x5a	; 90	'Z'
    00001BE3 00                    7225 	.db #0x00	; 0
    00001BE4 00                    7226 	.db #0x00	; 0
    00001BE5 5A                    7227 	.db #0x5a	; 90	'Z'
    00001BE6 00                    7228 	.db #0x00	; 0
    00001BE7 00                    7229 	.db #0x00	; 0
    00001BE8 5A                    7230 	.db #0x5a	; 90	'Z'
    00001BE9 00                    7231 	.db #0x00	; 0
    00001BEA 00                    7232 	.db #0x00	; 0
    00001BEB 5A                    7233 	.db #0x5a	; 90	'Z'
    00001BEC 00                    7234 	.db #0x00	; 0
    00001BED 00                    7235 	.db #0x00	; 0
    00001BEE 5A                    7236 	.db #0x5a	; 90	'Z'
    00001BEF 00                    7237 	.db #0x00	; 0
    00001BF0 00                    7238 	.db #0x00	; 0
    00001BF1 5A                    7239 	.db #0x5a	; 90	'Z'
    00001BF2 00                    7240 	.db #0x00	; 0
    00001BF3 00                    7241 	.db #0x00	; 0
    00001BF4 5A                    7242 	.db #0x5a	; 90	'Z'
    00001BF5 00                    7243 	.db #0x00	; 0
    00001BF6 00                    7244 	.db #0x00	; 0
    00001BF7 5A                    7245 	.db #0x5a	; 90	'Z'
    00001BF8 00                    7246 	.db #0x00	; 0
    00001BF9 00                    7247 	.db #0x00	; 0
    00001BFA 5A                    7248 	.db #0x5a	; 90	'Z'
    00001BFB 00                    7249 	.db #0x00	; 0
    00001BFC 00                    7250 	.db #0x00	; 0
    00001BFD 5A                    7251 	.db #0x5a	; 90	'Z'
    00001BFE 00                    7252 	.db #0x00	; 0
    00001BFF 00                    7253 	.db #0x00	; 0
    00001C00 5A                    7254 	.db #0x5a	; 90	'Z'
    00001C01 00                    7255 	.db #0x00	; 0
    00001C02 00                    7256 	.db #0x00	; 0
    00001C03 5A                    7257 	.db #0x5a	; 90	'Z'
    00001C04 00                    7258 	.db #0x00	; 0
    00001C05 00                    7259 	.db #0x00	; 0
    00001C06 5A                    7260 	.db #0x5a	; 90	'Z'
    00001C07 00                    7261 	.db #0x00	; 0
    00001C08 00                    7262 	.db #0x00	; 0
    00001C09 5A                    7263 	.db #0x5a	; 90	'Z'
    00001C0A 00                    7264 	.db #0x00	; 0
    00001C0B 00                    7265 	.db #0x00	; 0
    00001C0C 5A                    7266 	.db #0x5a	; 90	'Z'
    00001C0D 00                    7267 	.db #0x00	; 0
    00001C0E 00                    7268 	.db #0x00	; 0
    00001C0F 5A                    7269 	.db #0x5a	; 90	'Z'
    00001C10 00                    7270 	.db #0x00	; 0
    00001C11 00                    7271 	.db #0x00	; 0
    00001C12 5A                    7272 	.db #0x5a	; 90	'Z'
    00001C13 00                    7273 	.db #0x00	; 0
    00001C14 00                    7274 	.db #0x00	; 0
    00001C15 5A                    7275 	.db #0x5a	; 90	'Z'
    00001C16 00                    7276 	.db #0x00	; 0
    00001C17 00                    7277 	.db #0x00	; 0
    00001C18 5A                    7278 	.db #0x5a	; 90	'Z'
    00001C19 00                    7279 	.db #0x00	; 0
    00001C1A 00                    7280 	.db #0x00	; 0
    00001C1B 5A                    7281 	.db #0x5a	; 90	'Z'
    00001C1C 00                    7282 	.db #0x00	; 0
    00001C1D 00                    7283 	.db #0x00	; 0
    00001C1E 5A                    7284 	.db #0x5a	; 90	'Z'
    00001C1F 10                    7285 	.db #0x10	; 16
    00001C20 00                    7286 	.db #0x00	; 0
    00001C21                       7287 _itNoiseSP1:
    00001C21 18                    7288 	.db #0x18	; 24
    00001C22 00                    7289 	.db #0x00	; 0
    00001C23 00                    7290 	.db #0x00	; 0
    00001C24 18                    7291 	.db #0x18	; 24
    00001C25 00                    7292 	.db #0x00	; 0
    00001C26 00                    7293 	.db #0x00	; 0
    00001C27 24                    7294 	.db #0x24	; 36
    00001C28 00                    7295 	.db #0x00	; 0
    00001C29 00                    7296 	.db #0x00	; 0
    00001C2A 5A                    7297 	.db #0x5a	; 90	'Z'
    00001C2B 30                    7298 	.db #0x30	; 48	'0'
    00001C2C 00                    7299 	.db #0x00	; 0
    00001C2D 5A                    7300 	.db #0x5a	; 90	'Z'
    00001C2E 00                    7301 	.db #0x00	; 0
    00001C2F 00                    7302 	.db #0x00	; 0
    00001C30 5A                    7303 	.db #0x5a	; 90	'Z'
    00001C31 00                    7304 	.db #0x00	; 0
    00001C32 00                    7305 	.db #0x00	; 0
    00001C33 5A                    7306 	.db #0x5a	; 90	'Z'
    00001C34 00                    7307 	.db #0x00	; 0
    00001C35 00                    7308 	.db #0x00	; 0
    00001C36 5A                    7309 	.db #0x5a	; 90	'Z'
    00001C37 00                    7310 	.db #0x00	; 0
    00001C38 00                    7311 	.db #0x00	; 0
    00001C39 5A                    7312 	.db #0x5a	; 90	'Z'
    00001C3A 00                    7313 	.db #0x00	; 0
    00001C3B 00                    7314 	.db #0x00	; 0
    00001C3C 5A                    7315 	.db #0x5a	; 90	'Z'
    00001C3D 00                    7316 	.db #0x00	; 0
    00001C3E 00                    7317 	.db #0x00	; 0
    00001C3F 5A                    7318 	.db #0x5a	; 90	'Z'
    00001C40 00                    7319 	.db #0x00	; 0
    00001C41 00                    7320 	.db #0x00	; 0
    00001C42 5A                    7321 	.db #0x5a	; 90	'Z'
    00001C43 00                    7322 	.db #0x00	; 0
    00001C44 00                    7323 	.db #0x00	; 0
    00001C45 5A                    7324 	.db #0x5a	; 90	'Z'
    00001C46 00                    7325 	.db #0x00	; 0
    00001C47 00                    7326 	.db #0x00	; 0
    00001C48 5A                    7327 	.db #0x5a	; 90	'Z'
    00001C49 00                    7328 	.db #0x00	; 0
    00001C4A 00                    7329 	.db #0x00	; 0
    00001C4B 5A                    7330 	.db #0x5a	; 90	'Z'
    00001C4C 00                    7331 	.db #0x00	; 0
    00001C4D 00                    7332 	.db #0x00	; 0
    00001C4E 5A                    7333 	.db #0x5a	; 90	'Z'
    00001C4F 00                    7334 	.db #0x00	; 0
    00001C50 00                    7335 	.db #0x00	; 0
    00001C51 5A                    7336 	.db #0x5a	; 90	'Z'
    00001C52 00                    7337 	.db #0x00	; 0
    00001C53 00                    7338 	.db #0x00	; 0
    00001C54 5A                    7339 	.db #0x5a	; 90	'Z'
    00001C55 00                    7340 	.db #0x00	; 0
    00001C56 00                    7341 	.db #0x00	; 0
    00001C57 5A                    7342 	.db #0x5a	; 90	'Z'
    00001C58 00                    7343 	.db #0x00	; 0
    00001C59 00                    7344 	.db #0x00	; 0
    00001C5A 5A                    7345 	.db #0x5a	; 90	'Z'
    00001C5B 00                    7346 	.db #0x00	; 0
    00001C5C 00                    7347 	.db #0x00	; 0
    00001C5D 5A                    7348 	.db #0x5a	; 90	'Z'
    00001C5E 00                    7349 	.db #0x00	; 0
    00001C5F 00                    7350 	.db #0x00	; 0
    00001C60 5A                    7351 	.db #0x5a	; 90	'Z'
    00001C61 00                    7352 	.db #0x00	; 0
    00001C62 00                    7353 	.db #0x00	; 0
    00001C63 5A                    7354 	.db #0x5a	; 90	'Z'
    00001C64 00                    7355 	.db #0x00	; 0
    00001C65 00                    7356 	.db #0x00	; 0
    00001C66 5A                    7357 	.db #0x5a	; 90	'Z'
    00001C67 00                    7358 	.db #0x00	; 0
    00001C68 00                    7359 	.db #0x00	; 0
    00001C69 5A                    7360 	.db #0x5a	; 90	'Z'
    00001C6A 00                    7361 	.db #0x00	; 0
    00001C6B 00                    7362 	.db #0x00	; 0
    00001C6C 5A                    7363 	.db #0x5a	; 90	'Z'
    00001C6D 00                    7364 	.db #0x00	; 0
    00001C6E 00                    7365 	.db #0x00	; 0
    00001C6F 5A                    7366 	.db #0x5a	; 90	'Z'
    00001C70 00                    7367 	.db #0x00	; 0
    00001C71 00                    7368 	.db #0x00	; 0
    00001C72 5A                    7369 	.db #0x5a	; 90	'Z'
    00001C73 00                    7370 	.db #0x00	; 0
    00001C74 00                    7371 	.db #0x00	; 0
    00001C75 5A                    7372 	.db #0x5a	; 90	'Z'
    00001C76 00                    7373 	.db #0x00	; 0
    00001C77 00                    7374 	.db #0x00	; 0
    00001C78 5A                    7375 	.db #0x5a	; 90	'Z'
    00001C79 00                    7376 	.db #0x00	; 0
    00001C7A 00                    7377 	.db #0x00	; 0
    00001C7B 5A                    7378 	.db #0x5a	; 90	'Z'
    00001C7C 00                    7379 	.db #0x00	; 0
    00001C7D 00                    7380 	.db #0x00	; 0
    00001C7E 5A                    7381 	.db #0x5a	; 90	'Z'
    00001C7F 10                    7382 	.db #0x10	; 16
    00001C80 00                    7383 	.db #0x00	; 0
    00001C81                       7384 _itNoiseSP2:
    00001C81 27                    7385 	.db #0x27	; 39
    00001C82 00                    7386 	.db #0x00	; 0
    00001C83 00                    7387 	.db #0x00	; 0
    00001C84 5A                    7388 	.db #0x5a	; 90	'Z'
    00001C85 00                    7389 	.db #0x00	; 0
    00001C86 00                    7390 	.db #0x00	; 0
    00001C87 5A                    7391 	.db #0x5a	; 90	'Z'
    00001C88 00                    7392 	.db #0x00	; 0
    00001C89 00                    7393 	.db #0x00	; 0
    00001C8A 5A                    7394 	.db #0x5a	; 90	'Z'
    00001C8B 00                    7395 	.db #0x00	; 0
    00001C8C 00                    7396 	.db #0x00	; 0
    00001C8D 5A                    7397 	.db #0x5a	; 90	'Z'
    00001C8E 00                    7398 	.db #0x00	; 0
    00001C8F 00                    7399 	.db #0x00	; 0
    00001C90 5A                    7400 	.db #0x5a	; 90	'Z'
    00001C91 00                    7401 	.db #0x00	; 0
    00001C92 00                    7402 	.db #0x00	; 0
    00001C93 5A                    7403 	.db #0x5a	; 90	'Z'
    00001C94 00                    7404 	.db #0x00	; 0
    00001C95 00                    7405 	.db #0x00	; 0
    00001C96 5A                    7406 	.db #0x5a	; 90	'Z'
    00001C97 00                    7407 	.db #0x00	; 0
    00001C98 00                    7408 	.db #0x00	; 0
    00001C99 5A                    7409 	.db #0x5a	; 90	'Z'
    00001C9A 00                    7410 	.db #0x00	; 0
    00001C9B 00                    7411 	.db #0x00	; 0
    00001C9C 5A                    7412 	.db #0x5a	; 90	'Z'
    00001C9D 00                    7413 	.db #0x00	; 0
    00001C9E 00                    7414 	.db #0x00	; 0
    00001C9F 5A                    7415 	.db #0x5a	; 90	'Z'
    00001CA0 00                    7416 	.db #0x00	; 0
    00001CA1 00                    7417 	.db #0x00	; 0
    00001CA2 5A                    7418 	.db #0x5a	; 90	'Z'
    00001CA3 00                    7419 	.db #0x00	; 0
    00001CA4 00                    7420 	.db #0x00	; 0
    00001CA5 5A                    7421 	.db #0x5a	; 90	'Z'
    00001CA6 00                    7422 	.db #0x00	; 0
    00001CA7 00                    7423 	.db #0x00	; 0
    00001CA8 5A                    7424 	.db #0x5a	; 90	'Z'
    00001CA9 00                    7425 	.db #0x00	; 0
    00001CAA 00                    7426 	.db #0x00	; 0
    00001CAB 5A                    7427 	.db #0x5a	; 90	'Z'
    00001CAC 00                    7428 	.db #0x00	; 0
    00001CAD 00                    7429 	.db #0x00	; 0
    00001CAE 5A                    7430 	.db #0x5a	; 90	'Z'
    00001CAF 00                    7431 	.db #0x00	; 0
    00001CB0 00                    7432 	.db #0x00	; 0
    00001CB1 5A                    7433 	.db #0x5a	; 90	'Z'
    00001CB2 00                    7434 	.db #0x00	; 0
    00001CB3 00                    7435 	.db #0x00	; 0
    00001CB4 5A                    7436 	.db #0x5a	; 90	'Z'
    00001CB5 00                    7437 	.db #0x00	; 0
    00001CB6 00                    7438 	.db #0x00	; 0
    00001CB7 5A                    7439 	.db #0x5a	; 90	'Z'
    00001CB8 00                    7440 	.db #0x00	; 0
    00001CB9 00                    7441 	.db #0x00	; 0
    00001CBA 5A                    7442 	.db #0x5a	; 90	'Z'
    00001CBB 00                    7443 	.db #0x00	; 0
    00001CBC 00                    7444 	.db #0x00	; 0
    00001CBD 5A                    7445 	.db #0x5a	; 90	'Z'
    00001CBE 00                    7446 	.db #0x00	; 0
    00001CBF 00                    7447 	.db #0x00	; 0
    00001CC0 5A                    7448 	.db #0x5a	; 90	'Z'
    00001CC1 00                    7449 	.db #0x00	; 0
    00001CC2 00                    7450 	.db #0x00	; 0
    00001CC3 5A                    7451 	.db #0x5a	; 90	'Z'
    00001CC4 00                    7452 	.db #0x00	; 0
    00001CC5 00                    7453 	.db #0x00	; 0
    00001CC6 5A                    7454 	.db #0x5a	; 90	'Z'
    00001CC7 00                    7455 	.db #0x00	; 0
    00001CC8 00                    7456 	.db #0x00	; 0
    00001CC9 5A                    7457 	.db #0x5a	; 90	'Z'
    00001CCA 00                    7458 	.db #0x00	; 0
    00001CCB 00                    7459 	.db #0x00	; 0
    00001CCC 5A                    7460 	.db #0x5a	; 90	'Z'
    00001CCD 00                    7461 	.db #0x00	; 0
    00001CCE 00                    7462 	.db #0x00	; 0
    00001CCF 5A                    7463 	.db #0x5a	; 90	'Z'
    00001CD0 00                    7464 	.db #0x00	; 0
    00001CD1 00                    7465 	.db #0x00	; 0
    00001CD2 5A                    7466 	.db #0x5a	; 90	'Z'
    00001CD3 00                    7467 	.db #0x00	; 0
    00001CD4 00                    7468 	.db #0x00	; 0
    00001CD5 5A                    7469 	.db #0x5a	; 90	'Z'
    00001CD6 00                    7470 	.db #0x00	; 0
    00001CD7 00                    7471 	.db #0x00	; 0
    00001CD8 5A                    7472 	.db #0x5a	; 90	'Z'
    00001CD9 00                    7473 	.db #0x00	; 0
    00001CDA 00                    7474 	.db #0x00	; 0
    00001CDB 5A                    7475 	.db #0x5a	; 90	'Z'
    00001CDC 00                    7476 	.db #0x00	; 0
    00001CDD 00                    7477 	.db #0x00	; 0
    00001CDE 5A                    7478 	.db #0x5a	; 90	'Z'
    00001CDF 10                    7479 	.db #0x10	; 16
    00001CE0 00                    7480 	.db #0x00	; 0
    00001CE1                       7481 _itNoiseSP3:
    00001CE1 30                    7482 	.db #0x30	; 48	'0'
    00001CE2 09                    7483 	.db #0x09	; 9
    00001CE3 40                    7484 	.db #0x40	; 64
    00001CE4 30                    7485 	.db #0x30	; 48	'0'
    00001CE5 29                    7486 	.db #0x29	; 41
    00001CE6 00                    7487 	.db #0x00	; 0
    00001CE7 5A                    7488 	.db #0x5a	; 90	'Z'
    00001CE8 00                    7489 	.db #0x00	; 0
    00001CE9 00                    7490 	.db #0x00	; 0
    00001CEA 5A                    7491 	.db #0x5a	; 90	'Z'
    00001CEB 00                    7492 	.db #0x00	; 0
    00001CEC 00                    7493 	.db #0x00	; 0
    00001CED 5A                    7494 	.db #0x5a	; 90	'Z'
    00001CEE 00                    7495 	.db #0x00	; 0
    00001CEF 00                    7496 	.db #0x00	; 0
    00001CF0 5A                    7497 	.db #0x5a	; 90	'Z'
    00001CF1 00                    7498 	.db #0x00	; 0
    00001CF2 00                    7499 	.db #0x00	; 0
    00001CF3 5A                    7500 	.db #0x5a	; 90	'Z'
    00001CF4 00                    7501 	.db #0x00	; 0
    00001CF5 00                    7502 	.db #0x00	; 0
    00001CF6 5A                    7503 	.db #0x5a	; 90	'Z'
    00001CF7 00                    7504 	.db #0x00	; 0
    00001CF8 00                    7505 	.db #0x00	; 0
    00001CF9 5A                    7506 	.db #0x5a	; 90	'Z'
    00001CFA 00                    7507 	.db #0x00	; 0
    00001CFB 00                    7508 	.db #0x00	; 0
    00001CFC 5A                    7509 	.db #0x5a	; 90	'Z'
    00001CFD 00                    7510 	.db #0x00	; 0
    00001CFE 00                    7511 	.db #0x00	; 0
    00001CFF 5A                    7512 	.db #0x5a	; 90	'Z'
    00001D00 00                    7513 	.db #0x00	; 0
    00001D01 00                    7514 	.db #0x00	; 0
    00001D02 5A                    7515 	.db #0x5a	; 90	'Z'
    00001D03 00                    7516 	.db #0x00	; 0
    00001D04 00                    7517 	.db #0x00	; 0
    00001D05 5A                    7518 	.db #0x5a	; 90	'Z'
    00001D06 00                    7519 	.db #0x00	; 0
    00001D07 00                    7520 	.db #0x00	; 0
    00001D08 5A                    7521 	.db #0x5a	; 90	'Z'
    00001D09 00                    7522 	.db #0x00	; 0
    00001D0A 00                    7523 	.db #0x00	; 0
    00001D0B 5A                    7524 	.db #0x5a	; 90	'Z'
    00001D0C 00                    7525 	.db #0x00	; 0
    00001D0D 00                    7526 	.db #0x00	; 0
    00001D0E 5A                    7527 	.db #0x5a	; 90	'Z'
    00001D0F 00                    7528 	.db #0x00	; 0
    00001D10 00                    7529 	.db #0x00	; 0
    00001D11 5A                    7530 	.db #0x5a	; 90	'Z'
    00001D12 00                    7531 	.db #0x00	; 0
    00001D13 00                    7532 	.db #0x00	; 0
    00001D14 5A                    7533 	.db #0x5a	; 90	'Z'
    00001D15 00                    7534 	.db #0x00	; 0
    00001D16 00                    7535 	.db #0x00	; 0
    00001D17 5A                    7536 	.db #0x5a	; 90	'Z'
    00001D18 00                    7537 	.db #0x00	; 0
    00001D19 00                    7538 	.db #0x00	; 0
    00001D1A 5A                    7539 	.db #0x5a	; 90	'Z'
    00001D1B 00                    7540 	.db #0x00	; 0
    00001D1C 00                    7541 	.db #0x00	; 0
    00001D1D 5A                    7542 	.db #0x5a	; 90	'Z'
    00001D1E 00                    7543 	.db #0x00	; 0
    00001D1F 00                    7544 	.db #0x00	; 0
    00001D20 5A                    7545 	.db #0x5a	; 90	'Z'
    00001D21 00                    7546 	.db #0x00	; 0
    00001D22 00                    7547 	.db #0x00	; 0
    00001D23 5A                    7548 	.db #0x5a	; 90	'Z'
    00001D24 00                    7549 	.db #0x00	; 0
    00001D25 00                    7550 	.db #0x00	; 0
    00001D26 5A                    7551 	.db #0x5a	; 90	'Z'
    00001D27 00                    7552 	.db #0x00	; 0
    00001D28 00                    7553 	.db #0x00	; 0
    00001D29 5A                    7554 	.db #0x5a	; 90	'Z'
    00001D2A 00                    7555 	.db #0x00	; 0
    00001D2B 00                    7556 	.db #0x00	; 0
    00001D2C 5A                    7557 	.db #0x5a	; 90	'Z'
    00001D2D 00                    7558 	.db #0x00	; 0
    00001D2E 00                    7559 	.db #0x00	; 0
    00001D2F 5A                    7560 	.db #0x5a	; 90	'Z'
    00001D30 00                    7561 	.db #0x00	; 0
    00001D31 00                    7562 	.db #0x00	; 0
    00001D32 5A                    7563 	.db #0x5a	; 90	'Z'
    00001D33 00                    7564 	.db #0x00	; 0
    00001D34 00                    7565 	.db #0x00	; 0
    00001D35 5A                    7566 	.db #0x5a	; 90	'Z'
    00001D36 00                    7567 	.db #0x00	; 0
    00001D37 00                    7568 	.db #0x00	; 0
    00001D38 5A                    7569 	.db #0x5a	; 90	'Z'
    00001D39 00                    7570 	.db #0x00	; 0
    00001D3A 00                    7571 	.db #0x00	; 0
    00001D3B 5A                    7572 	.db #0x5a	; 90	'Z'
    00001D3C 00                    7573 	.db #0x00	; 0
    00001D3D 00                    7574 	.db #0x00	; 0
    00001D3E 5A                    7575 	.db #0x5a	; 90	'Z'
    00001D3F 10                    7576 	.db #0x10	; 16
    00001D40 00                    7577 	.db #0x00	; 0
    00001D41                       7578 _itNoiseSP4:
    00001D41 2A                    7579 	.db #0x2a	; 42
    00001D42 00                    7580 	.db #0x00	; 0
    00001D43 00                    7581 	.db #0x00	; 0
    00001D44 2A                    7582 	.db #0x2a	; 42
    00001D45 00                    7583 	.db #0x00	; 0
    00001D46 00                    7584 	.db #0x00	; 0
    00001D47 29                    7585 	.db #0x29	; 41
    00001D48 00                    7586 	.db #0x00	; 0
    00001D49 00                    7587 	.db #0x00	; 0
    00001D4A 29                    7588 	.db #0x29	; 41
    00001D4B 00                    7589 	.db #0x00	; 0
    00001D4C 00                    7590 	.db #0x00	; 0
    00001D4D 28                    7591 	.db #0x28	; 40
    00001D4E 00                    7592 	.db #0x00	; 0
    00001D4F 00                    7593 	.db #0x00	; 0
    00001D50 28                    7594 	.db #0x28	; 40
    00001D51 00                    7595 	.db #0x00	; 0
    00001D52 00                    7596 	.db #0x00	; 0
    00001D53 27                    7597 	.db #0x27	; 39
    00001D54 00                    7598 	.db #0x00	; 0
    00001D55 00                    7599 	.db #0x00	; 0
    00001D56 26                    7600 	.db #0x26	; 38
    00001D57 00                    7601 	.db #0x00	; 0
    00001D58 00                    7602 	.db #0x00	; 0
    00001D59 25                    7603 	.db #0x25	; 37
    00001D5A 00                    7604 	.db #0x00	; 0
    00001D5B 00                    7605 	.db #0x00	; 0
    00001D5C 24                    7606 	.db #0x24	; 36
    00001D5D 00                    7607 	.db #0x00	; 0
    00001D5E 00                    7608 	.db #0x00	; 0
    00001D5F 24                    7609 	.db #0x24	; 36
    00001D60 00                    7610 	.db #0x00	; 0
    00001D61 00                    7611 	.db #0x00	; 0
    00001D62 24                    7612 	.db #0x24	; 36
    00001D63 00                    7613 	.db #0x00	; 0
    00001D64 00                    7614 	.db #0x00	; 0
    00001D65 24                    7615 	.db #0x24	; 36
    00001D66 00                    7616 	.db #0x00	; 0
    00001D67 00                    7617 	.db #0x00	; 0
    00001D68 24                    7618 	.db #0x24	; 36
    00001D69 00                    7619 	.db #0x00	; 0
    00001D6A 00                    7620 	.db #0x00	; 0
    00001D6B 24                    7621 	.db #0x24	; 36
    00001D6C 00                    7622 	.db #0x00	; 0
    00001D6D 00                    7623 	.db #0x00	; 0
    00001D6E 24                    7624 	.db #0x24	; 36
    00001D6F 00                    7625 	.db #0x00	; 0
    00001D70 00                    7626 	.db #0x00	; 0
    00001D71 24                    7627 	.db #0x24	; 36
    00001D72 00                    7628 	.db #0x00	; 0
    00001D73 00                    7629 	.db #0x00	; 0
    00001D74 24                    7630 	.db #0x24	; 36
    00001D75 00                    7631 	.db #0x00	; 0
    00001D76 00                    7632 	.db #0x00	; 0
    00001D77 24                    7633 	.db #0x24	; 36
    00001D78 00                    7634 	.db #0x00	; 0
    00001D79 00                    7635 	.db #0x00	; 0
    00001D7A 24                    7636 	.db #0x24	; 36
    00001D7B 00                    7637 	.db #0x00	; 0
    00001D7C 00                    7638 	.db #0x00	; 0
    00001D7D 24                    7639 	.db #0x24	; 36
    00001D7E 00                    7640 	.db #0x00	; 0
    00001D7F 00                    7641 	.db #0x00	; 0
    00001D80 24                    7642 	.db #0x24	; 36
    00001D81 00                    7643 	.db #0x00	; 0
    00001D82 00                    7644 	.db #0x00	; 0
    00001D83 24                    7645 	.db #0x24	; 36
    00001D84 40                    7646 	.db #0x40	; 64
    00001D85 00                    7647 	.db #0x00	; 0
    00001D86 5A                    7648 	.db #0x5a	; 90	'Z'
    00001D87 00                    7649 	.db #0x00	; 0
    00001D88 00                    7650 	.db #0x00	; 0
    00001D89 5A                    7651 	.db #0x5a	; 90	'Z'
    00001D8A 00                    7652 	.db #0x00	; 0
    00001D8B 00                    7653 	.db #0x00	; 0
    00001D8C 5A                    7654 	.db #0x5a	; 90	'Z'
    00001D8D 00                    7655 	.db #0x00	; 0
    00001D8E 00                    7656 	.db #0x00	; 0
    00001D8F 5A                    7657 	.db #0x5a	; 90	'Z'
    00001D90 00                    7658 	.db #0x00	; 0
    00001D91 00                    7659 	.db #0x00	; 0
    00001D92 5A                    7660 	.db #0x5a	; 90	'Z'
    00001D93 00                    7661 	.db #0x00	; 0
    00001D94 00                    7662 	.db #0x00	; 0
    00001D95 5A                    7663 	.db #0x5a	; 90	'Z'
    00001D96 00                    7664 	.db #0x00	; 0
    00001D97 00                    7665 	.db #0x00	; 0
    00001D98 5A                    7666 	.db #0x5a	; 90	'Z'
    00001D99 00                    7667 	.db #0x00	; 0
    00001D9A 00                    7668 	.db #0x00	; 0
    00001D9B 5A                    7669 	.db #0x5a	; 90	'Z'
    00001D9C 00                    7670 	.db #0x00	; 0
    00001D9D 00                    7671 	.db #0x00	; 0
    00001D9E 5A                    7672 	.db #0x5a	; 90	'Z'
    00001D9F 10                    7673 	.db #0x10	; 16
    00001DA0 00                    7674 	.db #0x00	; 0
    00001DA1                       7675 _itNoiseSP5:
    00001DA1 30                    7676 	.db #0x30	; 48	'0'
    00001DA2 09                    7677 	.db #0x09	; 9
    00001DA3 40                    7678 	.db #0x40	; 64
    00001DA4 30                    7679 	.db #0x30	; 48	'0'
    00001DA5 29                    7680 	.db #0x29	; 41
    00001DA6 00                    7681 	.db #0x00	; 0
    00001DA7 5A                    7682 	.db #0x5a	; 90	'Z'
    00001DA8 00                    7683 	.db #0x00	; 0
    00001DA9 00                    7684 	.db #0x00	; 0
    00001DAA 5A                    7685 	.db #0x5a	; 90	'Z'
    00001DAB 00                    7686 	.db #0x00	; 0
    00001DAC 00                    7687 	.db #0x00	; 0
    00001DAD 5A                    7688 	.db #0x5a	; 90	'Z'
    00001DAE 00                    7689 	.db #0x00	; 0
    00001DAF 00                    7690 	.db #0x00	; 0
    00001DB0 5A                    7691 	.db #0x5a	; 90	'Z'
    00001DB1 00                    7692 	.db #0x00	; 0
    00001DB2 00                    7693 	.db #0x00	; 0
    00001DB3 5A                    7694 	.db #0x5a	; 90	'Z'
    00001DB4 00                    7695 	.db #0x00	; 0
    00001DB5 00                    7696 	.db #0x00	; 0
    00001DB6 5A                    7697 	.db #0x5a	; 90	'Z'
    00001DB7 00                    7698 	.db #0x00	; 0
    00001DB8 00                    7699 	.db #0x00	; 0
    00001DB9 5A                    7700 	.db #0x5a	; 90	'Z'
    00001DBA 00                    7701 	.db #0x00	; 0
    00001DBB 00                    7702 	.db #0x00	; 0
    00001DBC 5A                    7703 	.db #0x5a	; 90	'Z'
    00001DBD 00                    7704 	.db #0x00	; 0
    00001DBE 00                    7705 	.db #0x00	; 0
    00001DBF 5A                    7706 	.db #0x5a	; 90	'Z'
    00001DC0 00                    7707 	.db #0x00	; 0
    00001DC1 00                    7708 	.db #0x00	; 0
    00001DC2 5A                    7709 	.db #0x5a	; 90	'Z'
    00001DC3 00                    7710 	.db #0x00	; 0
    00001DC4 00                    7711 	.db #0x00	; 0
    00001DC5 5A                    7712 	.db #0x5a	; 90	'Z'
    00001DC6 00                    7713 	.db #0x00	; 0
    00001DC7 00                    7714 	.db #0x00	; 0
    00001DC8 5A                    7715 	.db #0x5a	; 90	'Z'
    00001DC9 00                    7716 	.db #0x00	; 0
    00001DCA 00                    7717 	.db #0x00	; 0
    00001DCB 5A                    7718 	.db #0x5a	; 90	'Z'
    00001DCC 00                    7719 	.db #0x00	; 0
    00001DCD 00                    7720 	.db #0x00	; 0
    00001DCE 5A                    7721 	.db #0x5a	; 90	'Z'
    00001DCF 00                    7722 	.db #0x00	; 0
    00001DD0 00                    7723 	.db #0x00	; 0
    00001DD1 5A                    7724 	.db #0x5a	; 90	'Z'
    00001DD2 00                    7725 	.db #0x00	; 0
    00001DD3 00                    7726 	.db #0x00	; 0
    00001DD4 5A                    7727 	.db #0x5a	; 90	'Z'
    00001DD5 00                    7728 	.db #0x00	; 0
    00001DD6 00                    7729 	.db #0x00	; 0
    00001DD7 5A                    7730 	.db #0x5a	; 90	'Z'
    00001DD8 00                    7731 	.db #0x00	; 0
    00001DD9 00                    7732 	.db #0x00	; 0
    00001DDA 5A                    7733 	.db #0x5a	; 90	'Z'
    00001DDB 00                    7734 	.db #0x00	; 0
    00001DDC 00                    7735 	.db #0x00	; 0
    00001DDD 5A                    7736 	.db #0x5a	; 90	'Z'
    00001DDE 00                    7737 	.db #0x00	; 0
    00001DDF 00                    7738 	.db #0x00	; 0
    00001DE0 5A                    7739 	.db #0x5a	; 90	'Z'
    00001DE1 00                    7740 	.db #0x00	; 0
    00001DE2 00                    7741 	.db #0x00	; 0
    00001DE3 5A                    7742 	.db #0x5a	; 90	'Z'
    00001DE4 00                    7743 	.db #0x00	; 0
    00001DE5 00                    7744 	.db #0x00	; 0
    00001DE6 5A                    7745 	.db #0x5a	; 90	'Z'
    00001DE7 00                    7746 	.db #0x00	; 0
    00001DE8 00                    7747 	.db #0x00	; 0
    00001DE9 5A                    7748 	.db #0x5a	; 90	'Z'
    00001DEA 00                    7749 	.db #0x00	; 0
    00001DEB 00                    7750 	.db #0x00	; 0
    00001DEC 5A                    7751 	.db #0x5a	; 90	'Z'
    00001DED 00                    7752 	.db #0x00	; 0
    00001DEE 00                    7753 	.db #0x00	; 0
    00001DEF 5A                    7754 	.db #0x5a	; 90	'Z'
    00001DF0 00                    7755 	.db #0x00	; 0
    00001DF1 00                    7756 	.db #0x00	; 0
    00001DF2 5A                    7757 	.db #0x5a	; 90	'Z'
    00001DF3 00                    7758 	.db #0x00	; 0
    00001DF4 00                    7759 	.db #0x00	; 0
    00001DF5 5A                    7760 	.db #0x5a	; 90	'Z'
    00001DF6 00                    7761 	.db #0x00	; 0
    00001DF7 00                    7762 	.db #0x00	; 0
    00001DF8 5A                    7763 	.db #0x5a	; 90	'Z'
    00001DF9 00                    7764 	.db #0x00	; 0
    00001DFA 00                    7765 	.db #0x00	; 0
    00001DFB 5A                    7766 	.db #0x5a	; 90	'Z'
    00001DFC 00                    7767 	.db #0x00	; 0
    00001DFD 00                    7768 	.db #0x00	; 0
    00001DFE 5A                    7769 	.db #0x5a	; 90	'Z'
    00001DFF 10                    7770 	.db #0x10	; 16
    00001E00 00                    7771 	.db #0x00	; 0
    00001E01                       7772 _itNoiseSP6:
    00001E01 5A                    7773 	.db #0x5a	; 90	'Z'
    00001E02 00                    7774 	.db #0x00	; 0
    00001E03 00                    7775 	.db #0x00	; 0
    00001E04 5A                    7776 	.db #0x5a	; 90	'Z'
    00001E05 09                    7777 	.db #0x09	; 9
    00001E06 00                    7778 	.db #0x00	; 0
    00001E07 5A                    7779 	.db #0x5a	; 90	'Z'
    00001E08 00                    7780 	.db #0x00	; 0
    00001E09 00                    7781 	.db #0x00	; 0
    00001E0A 5A                    7782 	.db #0x5a	; 90	'Z'
    00001E0B 00                    7783 	.db #0x00	; 0
    00001E0C 00                    7784 	.db #0x00	; 0
    00001E0D 5A                    7785 	.db #0x5a	; 90	'Z'
    00001E0E 00                    7786 	.db #0x00	; 0
    00001E0F 00                    7787 	.db #0x00	; 0
    00001E10 5A                    7788 	.db #0x5a	; 90	'Z'
    00001E11 00                    7789 	.db #0x00	; 0
    00001E12 00                    7790 	.db #0x00	; 0
    00001E13 5A                    7791 	.db #0x5a	; 90	'Z'
    00001E14 00                    7792 	.db #0x00	; 0
    00001E15 00                    7793 	.db #0x00	; 0
    00001E16 5A                    7794 	.db #0x5a	; 90	'Z'
    00001E17 00                    7795 	.db #0x00	; 0
    00001E18 00                    7796 	.db #0x00	; 0
    00001E19 5A                    7797 	.db #0x5a	; 90	'Z'
    00001E1A 00                    7798 	.db #0x00	; 0
    00001E1B 00                    7799 	.db #0x00	; 0
    00001E1C 5A                    7800 	.db #0x5a	; 90	'Z'
    00001E1D 00                    7801 	.db #0x00	; 0
    00001E1E 00                    7802 	.db #0x00	; 0
    00001E1F 5A                    7803 	.db #0x5a	; 90	'Z'
    00001E20 00                    7804 	.db #0x00	; 0
    00001E21 00                    7805 	.db #0x00	; 0
    00001E22 5A                    7806 	.db #0x5a	; 90	'Z'
    00001E23 00                    7807 	.db #0x00	; 0
    00001E24 00                    7808 	.db #0x00	; 0
    00001E25 5A                    7809 	.db #0x5a	; 90	'Z'
    00001E26 00                    7810 	.db #0x00	; 0
    00001E27 00                    7811 	.db #0x00	; 0
    00001E28 5A                    7812 	.db #0x5a	; 90	'Z'
    00001E29 00                    7813 	.db #0x00	; 0
    00001E2A 00                    7814 	.db #0x00	; 0
    00001E2B 5A                    7815 	.db #0x5a	; 90	'Z'
    00001E2C 00                    7816 	.db #0x00	; 0
    00001E2D 00                    7817 	.db #0x00	; 0
    00001E2E 5A                    7818 	.db #0x5a	; 90	'Z'
    00001E2F 00                    7819 	.db #0x00	; 0
    00001E30 00                    7820 	.db #0x00	; 0
    00001E31 5A                    7821 	.db #0x5a	; 90	'Z'
    00001E32 00                    7822 	.db #0x00	; 0
    00001E33 00                    7823 	.db #0x00	; 0
    00001E34 5A                    7824 	.db #0x5a	; 90	'Z'
    00001E35 00                    7825 	.db #0x00	; 0
    00001E36 00                    7826 	.db #0x00	; 0
    00001E37 5A                    7827 	.db #0x5a	; 90	'Z'
    00001E38 00                    7828 	.db #0x00	; 0
    00001E39 00                    7829 	.db #0x00	; 0
    00001E3A 5A                    7830 	.db #0x5a	; 90	'Z'
    00001E3B 00                    7831 	.db #0x00	; 0
    00001E3C 00                    7832 	.db #0x00	; 0
    00001E3D 5A                    7833 	.db #0x5a	; 90	'Z'
    00001E3E 00                    7834 	.db #0x00	; 0
    00001E3F 00                    7835 	.db #0x00	; 0
    00001E40 5A                    7836 	.db #0x5a	; 90	'Z'
    00001E41 00                    7837 	.db #0x00	; 0
    00001E42 00                    7838 	.db #0x00	; 0
    00001E43 5A                    7839 	.db #0x5a	; 90	'Z'
    00001E44 00                    7840 	.db #0x00	; 0
    00001E45 00                    7841 	.db #0x00	; 0
    00001E46 5A                    7842 	.db #0x5a	; 90	'Z'
    00001E47 00                    7843 	.db #0x00	; 0
    00001E48 00                    7844 	.db #0x00	; 0
    00001E49 5A                    7845 	.db #0x5a	; 90	'Z'
    00001E4A 00                    7846 	.db #0x00	; 0
    00001E4B 00                    7847 	.db #0x00	; 0
    00001E4C 5A                    7848 	.db #0x5a	; 90	'Z'
    00001E4D 00                    7849 	.db #0x00	; 0
    00001E4E 00                    7850 	.db #0x00	; 0
    00001E4F 5A                    7851 	.db #0x5a	; 90	'Z'
    00001E50 00                    7852 	.db #0x00	; 0
    00001E51 00                    7853 	.db #0x00	; 0
    00001E52 5A                    7854 	.db #0x5a	; 90	'Z'
    00001E53 00                    7855 	.db #0x00	; 0
    00001E54 00                    7856 	.db #0x00	; 0
    00001E55 5A                    7857 	.db #0x5a	; 90	'Z'
    00001E56 00                    7858 	.db #0x00	; 0
    00001E57 00                    7859 	.db #0x00	; 0
    00001E58 5A                    7860 	.db #0x5a	; 90	'Z'
    00001E59 00                    7861 	.db #0x00	; 0
    00001E5A 00                    7862 	.db #0x00	; 0
    00001E5B 5A                    7863 	.db #0x5a	; 90	'Z'
    00001E5C 00                    7864 	.db #0x00	; 0
    00001E5D 00                    7865 	.db #0x00	; 0
    00001E5E 5A                    7866 	.db #0x5a	; 90	'Z'
    00001E5F 10                    7867 	.db #0x10	; 16
    00001E60 00                    7868 	.db #0x00	; 0
    00001E61                       7869 _itNoiseSP8:
    00001E61 2E                    7870 	.db #0x2e	; 46
    00001E62 00                    7871 	.db #0x00	; 0
    00001E63 00                    7872 	.db #0x00	; 0
    00001E64 2A                    7873 	.db #0x2a	; 42
    00001E65 00                    7874 	.db #0x00	; 0
    00001E66 00                    7875 	.db #0x00	; 0
    00001E67 27                    7876 	.db #0x27	; 39
    00001E68 00                    7877 	.db #0x00	; 0
    00001E69 00                    7878 	.db #0x00	; 0
    00001E6A 25                    7879 	.db #0x25	; 37
    00001E6B 00                    7880 	.db #0x00	; 0
    00001E6C 00                    7881 	.db #0x00	; 0
    00001E6D 24                    7882 	.db #0x24	; 36
    00001E6E 00                    7883 	.db #0x00	; 0
    00001E6F 00                    7884 	.db #0x00	; 0
    00001E70 5A                    7885 	.db #0x5a	; 90	'Z'
    00001E71 00                    7886 	.db #0x00	; 0
    00001E72 00                    7887 	.db #0x00	; 0
    00001E73 5A                    7888 	.db #0x5a	; 90	'Z'
    00001E74 00                    7889 	.db #0x00	; 0
    00001E75 00                    7890 	.db #0x00	; 0
    00001E76 5A                    7891 	.db #0x5a	; 90	'Z'
    00001E77 00                    7892 	.db #0x00	; 0
    00001E78 00                    7893 	.db #0x00	; 0
    00001E79 5A                    7894 	.db #0x5a	; 90	'Z'
    00001E7A 00                    7895 	.db #0x00	; 0
    00001E7B 00                    7896 	.db #0x00	; 0
    00001E7C 5A                    7897 	.db #0x5a	; 90	'Z'
    00001E7D 00                    7898 	.db #0x00	; 0
    00001E7E 00                    7899 	.db #0x00	; 0
    00001E7F 5A                    7900 	.db #0x5a	; 90	'Z'
    00001E80 00                    7901 	.db #0x00	; 0
    00001E81 00                    7902 	.db #0x00	; 0
    00001E82 5A                    7903 	.db #0x5a	; 90	'Z'
    00001E83 00                    7904 	.db #0x00	; 0
    00001E84 00                    7905 	.db #0x00	; 0
    00001E85 5A                    7906 	.db #0x5a	; 90	'Z'
    00001E86 00                    7907 	.db #0x00	; 0
    00001E87 00                    7908 	.db #0x00	; 0
    00001E88 5A                    7909 	.db #0x5a	; 90	'Z'
    00001E89 00                    7910 	.db #0x00	; 0
    00001E8A 00                    7911 	.db #0x00	; 0
    00001E8B 5A                    7912 	.db #0x5a	; 90	'Z'
    00001E8C 00                    7913 	.db #0x00	; 0
    00001E8D 00                    7914 	.db #0x00	; 0
    00001E8E 5A                    7915 	.db #0x5a	; 90	'Z'
    00001E8F 00                    7916 	.db #0x00	; 0
    00001E90 00                    7917 	.db #0x00	; 0
    00001E91 5A                    7918 	.db #0x5a	; 90	'Z'
    00001E92 00                    7919 	.db #0x00	; 0
    00001E93 00                    7920 	.db #0x00	; 0
    00001E94 5A                    7921 	.db #0x5a	; 90	'Z'
    00001E95 00                    7922 	.db #0x00	; 0
    00001E96 00                    7923 	.db #0x00	; 0
    00001E97 5A                    7924 	.db #0x5a	; 90	'Z'
    00001E98 00                    7925 	.db #0x00	; 0
    00001E99 00                    7926 	.db #0x00	; 0
    00001E9A 5A                    7927 	.db #0x5a	; 90	'Z'
    00001E9B 00                    7928 	.db #0x00	; 0
    00001E9C 00                    7929 	.db #0x00	; 0
    00001E9D 5A                    7930 	.db #0x5a	; 90	'Z'
    00001E9E 00                    7931 	.db #0x00	; 0
    00001E9F 00                    7932 	.db #0x00	; 0
    00001EA0 5A                    7933 	.db #0x5a	; 90	'Z'
    00001EA1 00                    7934 	.db #0x00	; 0
    00001EA2 00                    7935 	.db #0x00	; 0
    00001EA3 5A                    7936 	.db #0x5a	; 90	'Z'
    00001EA4 00                    7937 	.db #0x00	; 0
    00001EA5 00                    7938 	.db #0x00	; 0
    00001EA6 5A                    7939 	.db #0x5a	; 90	'Z'
    00001EA7 00                    7940 	.db #0x00	; 0
    00001EA8 00                    7941 	.db #0x00	; 0
    00001EA9 5A                    7942 	.db #0x5a	; 90	'Z'
    00001EAA 00                    7943 	.db #0x00	; 0
    00001EAB 00                    7944 	.db #0x00	; 0
    00001EAC 5A                    7945 	.db #0x5a	; 90	'Z'
    00001EAD 00                    7946 	.db #0x00	; 0
    00001EAE 00                    7947 	.db #0x00	; 0
    00001EAF 5A                    7948 	.db #0x5a	; 90	'Z'
    00001EB0 00                    7949 	.db #0x00	; 0
    00001EB1 00                    7950 	.db #0x00	; 0
    00001EB2 5A                    7951 	.db #0x5a	; 90	'Z'
    00001EB3 00                    7952 	.db #0x00	; 0
    00001EB4 00                    7953 	.db #0x00	; 0
    00001EB5 5A                    7954 	.db #0x5a	; 90	'Z'
    00001EB6 00                    7955 	.db #0x00	; 0
    00001EB7 00                    7956 	.db #0x00	; 0
    00001EB8 5A                    7957 	.db #0x5a	; 90	'Z'
    00001EB9 00                    7958 	.db #0x00	; 0
    00001EBA 00                    7959 	.db #0x00	; 0
    00001EBB 5A                    7960 	.db #0x5a	; 90	'Z'
    00001EBC 00                    7961 	.db #0x00	; 0
    00001EBD 00                    7962 	.db #0x00	; 0
    00001EBE 5A                    7963 	.db #0x5a	; 90	'Z'
    00001EBF 10                    7964 	.db #0x10	; 16
    00001EC0 00                    7965 	.db #0x00	; 0
    00001EC1                       7966 _itNoiseSP9:
    00001EC1 20                    7967 	.db #0x20	; 32
    00001EC2 00                    7968 	.db #0x00	; 0
    00001EC3 00                    7969 	.db #0x00	; 0
    00001EC4 5A                    7970 	.db #0x5a	; 90	'Z'
    00001EC5 00                    7971 	.db #0x00	; 0
    00001EC6 00                    7972 	.db #0x00	; 0
    00001EC7 25                    7973 	.db #0x25	; 37
    00001EC8 00                    7974 	.db #0x00	; 0
    00001EC9 00                    7975 	.db #0x00	; 0
    00001ECA 5A                    7976 	.db #0x5a	; 90	'Z'
    00001ECB 00                    7977 	.db #0x00	; 0
    00001ECC 00                    7978 	.db #0x00	; 0
    00001ECD 5A                    7979 	.db #0x5a	; 90	'Z'
    00001ECE 00                    7980 	.db #0x00	; 0
    00001ECF 00                    7981 	.db #0x00	; 0
    00001ED0 5A                    7982 	.db #0x5a	; 90	'Z'
    00001ED1 00                    7983 	.db #0x00	; 0
    00001ED2 00                    7984 	.db #0x00	; 0
    00001ED3 5A                    7985 	.db #0x5a	; 90	'Z'
    00001ED4 00                    7986 	.db #0x00	; 0
    00001ED5 00                    7987 	.db #0x00	; 0
    00001ED6 5A                    7988 	.db #0x5a	; 90	'Z'
    00001ED7 00                    7989 	.db #0x00	; 0
    00001ED8 00                    7990 	.db #0x00	; 0
    00001ED9 5A                    7991 	.db #0x5a	; 90	'Z'
    00001EDA 00                    7992 	.db #0x00	; 0
    00001EDB 00                    7993 	.db #0x00	; 0
    00001EDC 5A                    7994 	.db #0x5a	; 90	'Z'
    00001EDD 00                    7995 	.db #0x00	; 0
    00001EDE 00                    7996 	.db #0x00	; 0
    00001EDF 5A                    7997 	.db #0x5a	; 90	'Z'
    00001EE0 00                    7998 	.db #0x00	; 0
    00001EE1 00                    7999 	.db #0x00	; 0
    00001EE2 5A                    8000 	.db #0x5a	; 90	'Z'
    00001EE3 00                    8001 	.db #0x00	; 0
    00001EE4 00                    8002 	.db #0x00	; 0
    00001EE5 5A                    8003 	.db #0x5a	; 90	'Z'
    00001EE6 00                    8004 	.db #0x00	; 0
    00001EE7 00                    8005 	.db #0x00	; 0
    00001EE8 5A                    8006 	.db #0x5a	; 90	'Z'
    00001EE9 00                    8007 	.db #0x00	; 0
    00001EEA 00                    8008 	.db #0x00	; 0
    00001EEB 5A                    8009 	.db #0x5a	; 90	'Z'
    00001EEC 00                    8010 	.db #0x00	; 0
    00001EED 00                    8011 	.db #0x00	; 0
    00001EEE 5A                    8012 	.db #0x5a	; 90	'Z'
    00001EEF 00                    8013 	.db #0x00	; 0
    00001EF0 00                    8014 	.db #0x00	; 0
    00001EF1 5A                    8015 	.db #0x5a	; 90	'Z'
    00001EF2 00                    8016 	.db #0x00	; 0
    00001EF3 00                    8017 	.db #0x00	; 0
    00001EF4 5A                    8018 	.db #0x5a	; 90	'Z'
    00001EF5 00                    8019 	.db #0x00	; 0
    00001EF6 00                    8020 	.db #0x00	; 0
    00001EF7 5A                    8021 	.db #0x5a	; 90	'Z'
    00001EF8 00                    8022 	.db #0x00	; 0
    00001EF9 00                    8023 	.db #0x00	; 0
    00001EFA 5A                    8024 	.db #0x5a	; 90	'Z'
    00001EFB 00                    8025 	.db #0x00	; 0
    00001EFC 00                    8026 	.db #0x00	; 0
    00001EFD 5A                    8027 	.db #0x5a	; 90	'Z'
    00001EFE 00                    8028 	.db #0x00	; 0
    00001EFF 00                    8029 	.db #0x00	; 0
    00001F00 5A                    8030 	.db #0x5a	; 90	'Z'
    00001F01 00                    8031 	.db #0x00	; 0
    00001F02 00                    8032 	.db #0x00	; 0
    00001F03 5A                    8033 	.db #0x5a	; 90	'Z'
    00001F04 00                    8034 	.db #0x00	; 0
    00001F05 00                    8035 	.db #0x00	; 0
    00001F06 5A                    8036 	.db #0x5a	; 90	'Z'
    00001F07 00                    8037 	.db #0x00	; 0
    00001F08 00                    8038 	.db #0x00	; 0
    00001F09 5A                    8039 	.db #0x5a	; 90	'Z'
    00001F0A 00                    8040 	.db #0x00	; 0
    00001F0B 00                    8041 	.db #0x00	; 0
    00001F0C 5A                    8042 	.db #0x5a	; 90	'Z'
    00001F0D 00                    8043 	.db #0x00	; 0
    00001F0E 00                    8044 	.db #0x00	; 0
    00001F0F 5A                    8045 	.db #0x5a	; 90	'Z'
    00001F10 00                    8046 	.db #0x00	; 0
    00001F11 00                    8047 	.db #0x00	; 0
    00001F12 5A                    8048 	.db #0x5a	; 90	'Z'
    00001F13 00                    8049 	.db #0x00	; 0
    00001F14 00                    8050 	.db #0x00	; 0
    00001F15 5A                    8051 	.db #0x5a	; 90	'Z'
    00001F16 00                    8052 	.db #0x00	; 0
    00001F17 00                    8053 	.db #0x00	; 0
    00001F18 5A                    8054 	.db #0x5a	; 90	'Z'
    00001F19 00                    8055 	.db #0x00	; 0
    00001F1A 00                    8056 	.db #0x00	; 0
    00001F1B 5A                    8057 	.db #0x5a	; 90	'Z'
    00001F1C 00                    8058 	.db #0x00	; 0
    00001F1D 00                    8059 	.db #0x00	; 0
    00001F1E 5A                    8060 	.db #0x5a	; 90	'Z'
    00001F1F 10                    8061 	.db #0x10	; 16
    00001F20 00                    8062 	.db #0x00	; 0
    00001F21                       8063 _itNoiseSP10:
    00001F21 20                    8064 	.db #0x20	; 32
    00001F22 00                    8065 	.db #0x00	; 0
    00001F23 00                    8066 	.db #0x00	; 0
    00001F24 00                    8067 	.db #0x00	; 0
    00001F25 00                    8068 	.db #0x00	; 0
    00001F26 00                    8069 	.db #0x00	; 0
    00001F27 24                    8070 	.db #0x24	; 36
    00001F28 00                    8071 	.db #0x00	; 0
    00001F29 00                    8072 	.db #0x00	; 0
    00001F2A 5A                    8073 	.db #0x5a	; 90	'Z'
    00001F2B 00                    8074 	.db #0x00	; 0
    00001F2C 00                    8075 	.db #0x00	; 0
    00001F2D 5A                    8076 	.db #0x5a	; 90	'Z'
    00001F2E 00                    8077 	.db #0x00	; 0
    00001F2F 00                    8078 	.db #0x00	; 0
    00001F30 5A                    8079 	.db #0x5a	; 90	'Z'
    00001F31 00                    8080 	.db #0x00	; 0
    00001F32 00                    8081 	.db #0x00	; 0
    00001F33 5A                    8082 	.db #0x5a	; 90	'Z'
    00001F34 00                    8083 	.db #0x00	; 0
    00001F35 00                    8084 	.db #0x00	; 0
    00001F36 5A                    8085 	.db #0x5a	; 90	'Z'
    00001F37 00                    8086 	.db #0x00	; 0
    00001F38 00                    8087 	.db #0x00	; 0
    00001F39 5A                    8088 	.db #0x5a	; 90	'Z'
    00001F3A 00                    8089 	.db #0x00	; 0
    00001F3B 00                    8090 	.db #0x00	; 0
    00001F3C 5A                    8091 	.db #0x5a	; 90	'Z'
    00001F3D 00                    8092 	.db #0x00	; 0
    00001F3E 00                    8093 	.db #0x00	; 0
    00001F3F 5A                    8094 	.db #0x5a	; 90	'Z'
    00001F40 00                    8095 	.db #0x00	; 0
    00001F41 00                    8096 	.db #0x00	; 0
    00001F42 5A                    8097 	.db #0x5a	; 90	'Z'
    00001F43 00                    8098 	.db #0x00	; 0
    00001F44 00                    8099 	.db #0x00	; 0
    00001F45 5A                    8100 	.db #0x5a	; 90	'Z'
    00001F46 00                    8101 	.db #0x00	; 0
    00001F47 00                    8102 	.db #0x00	; 0
    00001F48 5A                    8103 	.db #0x5a	; 90	'Z'
    00001F49 00                    8104 	.db #0x00	; 0
    00001F4A 00                    8105 	.db #0x00	; 0
    00001F4B 5A                    8106 	.db #0x5a	; 90	'Z'
    00001F4C 00                    8107 	.db #0x00	; 0
    00001F4D 00                    8108 	.db #0x00	; 0
    00001F4E 5A                    8109 	.db #0x5a	; 90	'Z'
    00001F4F 00                    8110 	.db #0x00	; 0
    00001F50 00                    8111 	.db #0x00	; 0
    00001F51 5A                    8112 	.db #0x5a	; 90	'Z'
    00001F52 00                    8113 	.db #0x00	; 0
    00001F53 00                    8114 	.db #0x00	; 0
    00001F54 5A                    8115 	.db #0x5a	; 90	'Z'
    00001F55 00                    8116 	.db #0x00	; 0
    00001F56 00                    8117 	.db #0x00	; 0
    00001F57 5A                    8118 	.db #0x5a	; 90	'Z'
    00001F58 00                    8119 	.db #0x00	; 0
    00001F59 00                    8120 	.db #0x00	; 0
    00001F5A 5A                    8121 	.db #0x5a	; 90	'Z'
    00001F5B 00                    8122 	.db #0x00	; 0
    00001F5C 00                    8123 	.db #0x00	; 0
    00001F5D 5A                    8124 	.db #0x5a	; 90	'Z'
    00001F5E 00                    8125 	.db #0x00	; 0
    00001F5F 00                    8126 	.db #0x00	; 0
    00001F60 5A                    8127 	.db #0x5a	; 90	'Z'
    00001F61 00                    8128 	.db #0x00	; 0
    00001F62 00                    8129 	.db #0x00	; 0
    00001F63 5A                    8130 	.db #0x5a	; 90	'Z'
    00001F64 00                    8131 	.db #0x00	; 0
    00001F65 00                    8132 	.db #0x00	; 0
    00001F66 5A                    8133 	.db #0x5a	; 90	'Z'
    00001F67 00                    8134 	.db #0x00	; 0
    00001F68 00                    8135 	.db #0x00	; 0
    00001F69 5A                    8136 	.db #0x5a	; 90	'Z'
    00001F6A 00                    8137 	.db #0x00	; 0
    00001F6B 00                    8138 	.db #0x00	; 0
    00001F6C 5A                    8139 	.db #0x5a	; 90	'Z'
    00001F6D 00                    8140 	.db #0x00	; 0
    00001F6E 00                    8141 	.db #0x00	; 0
    00001F6F 5A                    8142 	.db #0x5a	; 90	'Z'
    00001F70 00                    8143 	.db #0x00	; 0
    00001F71 00                    8144 	.db #0x00	; 0
    00001F72 5A                    8145 	.db #0x5a	; 90	'Z'
    00001F73 00                    8146 	.db #0x00	; 0
    00001F74 00                    8147 	.db #0x00	; 0
    00001F75 5A                    8148 	.db #0x5a	; 90	'Z'
    00001F76 00                    8149 	.db #0x00	; 0
    00001F77 00                    8150 	.db #0x00	; 0
    00001F78 5A                    8151 	.db #0x5a	; 90	'Z'
    00001F79 00                    8152 	.db #0x00	; 0
    00001F7A 00                    8153 	.db #0x00	; 0
    00001F7B 5A                    8154 	.db #0x5a	; 90	'Z'
    00001F7C 00                    8155 	.db #0x00	; 0
    00001F7D 00                    8156 	.db #0x00	; 0
    00001F7E 5A                    8157 	.db #0x5a	; 90	'Z'
    00001F7F 10                    8158 	.db #0x10	; 16
    00001F80 00                    8159 	.db #0x00	; 0
    00001F81                       8160 _itNoiseSP11:
    00001F81 2A                    8161 	.db #0x2a	; 42
    00001F82 00                    8162 	.db #0x00	; 0
    00001F83 00                    8163 	.db #0x00	; 0
    00001F84 29                    8164 	.db #0x29	; 41
    00001F85 00                    8165 	.db #0x00	; 0
    00001F86 00                    8166 	.db #0x00	; 0
    00001F87 27                    8167 	.db #0x27	; 39
    00001F88 00                    8168 	.db #0x00	; 0
    00001F89 00                    8169 	.db #0x00	; 0
    00001F8A 2A                    8170 	.db #0x2a	; 42
    00001F8B 00                    8171 	.db #0x00	; 0
    00001F8C 00                    8172 	.db #0x00	; 0
    00001F8D 2A                    8173 	.db #0x2a	; 42
    00001F8E 00                    8174 	.db #0x00	; 0
    00001F8F 00                    8175 	.db #0x00	; 0
    00001F90 29                    8176 	.db #0x29	; 41
    00001F91 00                    8177 	.db #0x00	; 0
    00001F92 00                    8178 	.db #0x00	; 0
    00001F93 29                    8179 	.db #0x29	; 41
    00001F94 00                    8180 	.db #0x00	; 0
    00001F95 00                    8181 	.db #0x00	; 0
    00001F96 28                    8182 	.db #0x28	; 40
    00001F97 00                    8183 	.db #0x00	; 0
    00001F98 00                    8184 	.db #0x00	; 0
    00001F99 28                    8185 	.db #0x28	; 40
    00001F9A 00                    8186 	.db #0x00	; 0
    00001F9B 00                    8187 	.db #0x00	; 0
    00001F9C 27                    8188 	.db #0x27	; 39
    00001F9D 00                    8189 	.db #0x00	; 0
    00001F9E 00                    8190 	.db #0x00	; 0
    00001F9F 26                    8191 	.db #0x26	; 38
    00001FA0 00                    8192 	.db #0x00	; 0
    00001FA1 00                    8193 	.db #0x00	; 0
    00001FA2 25                    8194 	.db #0x25	; 37
    00001FA3 00                    8195 	.db #0x00	; 0
    00001FA4 00                    8196 	.db #0x00	; 0
    00001FA5 24                    8197 	.db #0x24	; 36
    00001FA6 00                    8198 	.db #0x00	; 0
    00001FA7 00                    8199 	.db #0x00	; 0
    00001FA8 24                    8200 	.db #0x24	; 36
    00001FA9 00                    8201 	.db #0x00	; 0
    00001FAA 00                    8202 	.db #0x00	; 0
    00001FAB 24                    8203 	.db #0x24	; 36
    00001FAC 00                    8204 	.db #0x00	; 0
    00001FAD 00                    8205 	.db #0x00	; 0
    00001FAE 24                    8206 	.db #0x24	; 36
    00001FAF 00                    8207 	.db #0x00	; 0
    00001FB0 00                    8208 	.db #0x00	; 0
    00001FB1 24                    8209 	.db #0x24	; 36
    00001FB2 00                    8210 	.db #0x00	; 0
    00001FB3 00                    8211 	.db #0x00	; 0
    00001FB4 24                    8212 	.db #0x24	; 36
    00001FB5 00                    8213 	.db #0x00	; 0
    00001FB6 00                    8214 	.db #0x00	; 0
    00001FB7 24                    8215 	.db #0x24	; 36
    00001FB8 00                    8216 	.db #0x00	; 0
    00001FB9 00                    8217 	.db #0x00	; 0
    00001FBA 24                    8218 	.db #0x24	; 36
    00001FBB 00                    8219 	.db #0x00	; 0
    00001FBC 00                    8220 	.db #0x00	; 0
    00001FBD 24                    8221 	.db #0x24	; 36
    00001FBE 00                    8222 	.db #0x00	; 0
    00001FBF 00                    8223 	.db #0x00	; 0
    00001FC0 24                    8224 	.db #0x24	; 36
    00001FC1 00                    8225 	.db #0x00	; 0
    00001FC2 00                    8226 	.db #0x00	; 0
    00001FC3 24                    8227 	.db #0x24	; 36
    00001FC4 00                    8228 	.db #0x00	; 0
    00001FC5 00                    8229 	.db #0x00	; 0
    00001FC6 5A                    8230 	.db #0x5a	; 90	'Z'
    00001FC7 00                    8231 	.db #0x00	; 0
    00001FC8 00                    8232 	.db #0x00	; 0
    00001FC9 5A                    8233 	.db #0x5a	; 90	'Z'
    00001FCA 00                    8234 	.db #0x00	; 0
    00001FCB 00                    8235 	.db #0x00	; 0
    00001FCC 5A                    8236 	.db #0x5a	; 90	'Z'
    00001FCD 00                    8237 	.db #0x00	; 0
    00001FCE 00                    8238 	.db #0x00	; 0
    00001FCF 5A                    8239 	.db #0x5a	; 90	'Z'
    00001FD0 00                    8240 	.db #0x00	; 0
    00001FD1 00                    8241 	.db #0x00	; 0
    00001FD2 5A                    8242 	.db #0x5a	; 90	'Z'
    00001FD3 00                    8243 	.db #0x00	; 0
    00001FD4 00                    8244 	.db #0x00	; 0
    00001FD5 5A                    8245 	.db #0x5a	; 90	'Z'
    00001FD6 00                    8246 	.db #0x00	; 0
    00001FD7 00                    8247 	.db #0x00	; 0
    00001FD8 5A                    8248 	.db #0x5a	; 90	'Z'
    00001FD9 00                    8249 	.db #0x00	; 0
    00001FDA 00                    8250 	.db #0x00	; 0
    00001FDB 5A                    8251 	.db #0x5a	; 90	'Z'
    00001FDC 00                    8252 	.db #0x00	; 0
    00001FDD 00                    8253 	.db #0x00	; 0
    00001FDE 5A                    8254 	.db #0x5a	; 90	'Z'
    00001FDF 10                    8255 	.db #0x10	; 16
    00001FE0 00                    8256 	.db #0x00	; 0
    00001FE1                       8257 _order1:
    00001FE1rC1r00                 8258 	.dw _P3
    00001FE3rC1r03                 8259 	.dw _P4
    00001FE5r41r05                 8260 	.dw _P5
    00001FE7r81r07                 8261 	.dw _P6
    00001FE9rC1r09                 8262 	.dw _P7
    00001FEBr01r0C                 8263 	.dw _P16
    00001FEDr01r0C                 8264 	.dw _P16
    00001FEFr01r0C                 8265 	.dw _P16
    00001FF1r41r11                 8266 	.dw _P26
    00001FF3r01r0C                 8267 	.dw _P16
    00001FF5r41r11                 8268 	.dw _P26
    00001FF7r81r13                 8269 	.dw _P33
    00001FF9rC1r15                 8270 	.dw _P37
    00001FFB                       8271 _order2:
    00001FFBr01r00                 8272 	.dw _P0
    00001FFDr01r03                 8273 	.dw _P1
    00001FFFr01r03                 8274 	.dw _P1
    00002001r01r03                 8275 	.dw _P1
    00002003r01r09                 8276 	.dw _P2
    00002005r01r03                 8277 	.dw _P1
    00002007r01r03                 8278 	.dw _P1
    00002009r01r03                 8279 	.dw _P1
    0000200Br01r03                 8280 	.dw _P1
    0000200Dr01r03                 8281 	.dw _P1
    0000200Fr01r03                 8282 	.dw _P1
    00002011r41r14                 8283 	.dw _P34
    00002013r81r16                 8284 	.dw _P38
    00002015                       8285 _order3:
    00002015r81r01                 8286 	.dw _P8
    00002017rC1r18                 8287 	.dw _P42
    00002019r01r06                 8288 	.dw _P9
    0000201Br01r06                 8289 	.dw _P9
    0000201Dr81r0A                 8290 	.dw _P10
    0000201Fr41r0E                 8291 	.dw _P21
    00002021r81r0D                 8292 	.dw _P20
    00002023r41r0E                 8293 	.dw _P21
    00002025rC1r0F                 8294 	.dw _P23
    00002027r01r12                 8295 	.dw _P31
    00002029rC1r12                 8296 	.dw _P32
    0000202Br01r15                 8297 	.dw _P35
    0000202Dr41r17                 8298 	.dw _P39
    0000202F                       8299 _order4:
    0000202Fr41r02                 8300 	.dw _P11
    00002031r81r04                 8301 	.dw _P12
    00002033rC1r06                 8302 	.dw _P13
    00002035r41r08                 8303 	.dw _P14
    00002037r41r0B                 8304 	.dw _P15
    00002039rC1r0C                 8305 	.dw _P19
    0000203BrC1r0C                 8306 	.dw _P19
    0000203Dr81r10                 8307 	.dw _P25
    0000203Fr01r0F                 8308 	.dw _P22
    00002041r81r10                 8309 	.dw _P25
    00002043r01r0F                 8310 	.dw _P22
    00002045rC1r06                 8311 	.dw _P13
    00002047r01r18                 8312 	.dw _P40
    00002049                       8313 _duty_instruments:
    00002049 08                    8314 	.db #0x08	; 8
    0000204A BF                    8315 	.db #0xbf	; 191
    0000204B F0                    8316 	.db #0xf0	; 240
    0000204Cr81r19                 8317 	.dw _itSquareSP1
    0000204E 80                    8318 	.db #0x80	; 128
    0000204F 08                    8319 	.db #0x08	; 8
    00002050 80                    8320 	.db #0x80	; 128
    00002051 F2                    8321 	.db #0xf2	; 242
    00002052rE1r19                 8322 	.dw _itSquareSP2
    00002054 C0                    8323 	.db #0xc0	; 192
    00002055 08                    8324 	.db #0x08	; 8
    00002056 3F                    8325 	.db #0x3f	; 63
    00002057 9B                    8326 	.db #0x9b	; 155
    00002058r41r1A                 8327 	.dw _itSquareSP3
    0000205A 80                    8328 	.db #0x80	; 128
    0000205B 2B                    8329 	.db #0x2b	; 43
    0000205C BF                    8330 	.db #0xbf	; 191
    0000205D D1                    8331 	.db #0xd1	; 209
    0000205E 00 00                 8332 	.dw #0x0000
    00002060 80                    8333 	.db #0x80	; 128
    00002061 08                    8334 	.db #0x08	; 8
    00002062 3F                    8335 	.db #0x3f	; 63
    00002063 F0                    8336 	.db #0xf0	; 240
    00002064 00 00                 8337 	.dw #0x0000
    00002066 80                    8338 	.db #0x80	; 128
    00002067 08                    8339 	.db #0x08	; 8
    00002068 3F                    8340 	.db #0x3f	; 63
    00002069 F0                    8341 	.db #0xf0	; 240
    0000206A 00 00                 8342 	.dw #0x0000
    0000206C 80                    8343 	.db #0x80	; 128
    0000206D 08                    8344 	.db #0x08	; 8
    0000206E 3F                    8345 	.db #0x3f	; 63
    0000206F F0                    8346 	.db #0xf0	; 240
    00002070rA1r1A                 8347 	.dw _itSquareSP7
    00002072 80                    8348 	.db #0x80	; 128
    00002073 08                    8349 	.db #0x08	; 8
    00002074 3F                    8350 	.db #0x3f	; 63
    00002075 B0                    8351 	.db #0xb0	; 176
    00002076 00 00                 8352 	.dw #0x0000
    00002078 80                    8353 	.db #0x80	; 128
    00002079 08                    8354 	.db #0x08	; 8
    0000207A 7F                    8355 	.db #0x7f	; 127
    0000207B 20                    8356 	.db #0x20	; 32
    0000207C 00 00                 8357 	.dw #0x0000
    0000207E 80                    8358 	.db #0x80	; 128
    0000207F 08                    8359 	.db #0x08	; 8
    00002080 3F                    8360 	.db #0x3f	; 63
    00002081 20                    8361 	.db #0x20	; 32
    00002082 00 00                 8362 	.dw #0x0000
    00002084 80                    8363 	.db #0x80	; 128
    00002085                       8364 _wave_instruments:
    00002085 3F                    8365 	.db #0x3f	; 63
    00002086 20                    8366 	.db #0x20	; 32
    00002087 0F                    8367 	.db #0x0f	; 15
    00002088r01r1B                 8368 	.dw _itWaveSP1
    0000208A 80                    8369 	.db #0x80	; 128
    0000208B 3F                    8370 	.db #0x3f	; 63
    0000208C 20                    8371 	.db #0x20	; 32
    0000208D 0E                    8372 	.db #0x0e	; 14
    0000208Er61r1B                 8373 	.dw _itWaveSP2
    00002090 80                    8374 	.db #0x80	; 128
    00002091 3F                    8375 	.db #0x3f	; 63
    00002092 20                    8376 	.db #0x20	; 32
    00002093 0B                    8377 	.db #0x0b	; 11
    00002094 00 00                 8378 	.dw #0x0000
    00002096 80                    8379 	.db #0x80	; 128
    00002097 3F                    8380 	.db #0x3f	; 63
    00002098 20                    8381 	.db #0x20	; 32
    00002099 00                    8382 	.db #0x00	; 0
    0000209A 00 00                 8383 	.dw #0x0000
    0000209C 80                    8384 	.db #0x80	; 128
    0000209D 3F                    8385 	.db #0x3f	; 63
    0000209E 20                    8386 	.db #0x20	; 32
    0000209F 01                    8387 	.db #0x01	; 1
    000020A0 00 00                 8388 	.dw #0x0000
    000020A2 80                    8389 	.db #0x80	; 128
    000020A3 3F                    8390 	.db #0x3f	; 63
    000020A4 20                    8391 	.db #0x20	; 32
    000020A5 00                    8392 	.db #0x00	; 0
    000020A6 00 00                 8393 	.dw #0x0000
    000020A8 80                    8394 	.db #0x80	; 128
    000020A9 3F                    8395 	.db #0x3f	; 63
    000020AA 20                    8396 	.db #0x20	; 32
    000020AB 07                    8397 	.db #0x07	; 7
    000020AC 00 00                 8398 	.dw #0x0000
    000020AE 80                    8399 	.db #0x80	; 128
    000020AF 3F                    8400 	.db #0x3f	; 63
    000020B0 20                    8401 	.db #0x20	; 32
    000020B1 00                    8402 	.db #0x00	; 0
    000020B2 00 00                 8403 	.dw #0x0000
    000020B4 80                    8404 	.db #0x80	; 128
    000020B5 3F                    8405 	.db #0x3f	; 63
    000020B6 20                    8406 	.db #0x20	; 32
    000020B7 00                    8407 	.db #0x00	; 0
    000020B8 00 00                 8408 	.dw #0x0000
    000020BA 80                    8409 	.db #0x80	; 128
    000020BB 3F                    8410 	.db #0x3f	; 63
    000020BC 20                    8411 	.db #0x20	; 32
    000020BD 0E                    8412 	.db #0x0e	; 14
    000020BErC1r1B                 8413 	.dw _itWaveSP10
    000020C0 80                    8414 	.db #0x80	; 128
    000020C1                       8415 _noise_instruments:
    000020C1 F2                    8416 	.db #0xf2	; 242
    000020C2r21r1C                 8417 	.dw _itNoiseSP1
    000020C4 02                    8418 	.db #0x02	; 2
    000020C5 00                    8419 	.db #0x00	; 0
    000020C6 00                    8420 	.db #0x00	; 0
    000020C7 1C                    8421 	.db #0x1c	; 28
    000020C8r81r1C                 8422 	.dw _itNoiseSP2
    000020CA 3F                    8423 	.db #0x3f	; 63
    000020CB 00                    8424 	.db #0x00	; 0
    000020CC 00                    8425 	.db #0x00	; 0
    000020CD E2                    8426 	.db #0xe2	; 226
    000020CErE1r1C                 8427 	.dw _itNoiseSP3
    000020D0 02                    8428 	.db #0x02	; 2
    000020D1 00                    8429 	.db #0x00	; 0
    000020D2 00                    8430 	.db #0x00	; 0
    000020D3 A1                    8431 	.db #0xa1	; 161
    000020D4r41r1D                 8432 	.dw _itNoiseSP4
    000020D6 67                    8433 	.db #0x67	; 103	'g'
    000020D7 00                    8434 	.db #0x00	; 0
    000020D8 00                    8435 	.db #0x00	; 0
    000020D9 F1                    8436 	.db #0xf1	; 241
    000020DArA1r1D                 8437 	.dw _itNoiseSP5
    000020DC 3F                    8438 	.db #0x3f	; 63
    000020DD 00                    8439 	.db #0x00	; 0
    000020DE 00                    8440 	.db #0x00	; 0
    000020DF 81                    8441 	.db #0x81	; 129
    000020E0r01r1E                 8442 	.dw _itNoiseSP6
    000020E2 F1                    8443 	.db #0xf1	; 241
    000020E3 00                    8444 	.db #0x00	; 0
    000020E4 00                    8445 	.db #0x00	; 0
    000020E5 82                    8446 	.db #0x82	; 130
    000020E6 00 00                 8447 	.dw #0x0000
    000020E8 4C                    8448 	.db #0x4c	; 76	'L'
    000020E9 00                    8449 	.db #0x00	; 0
    000020EA 00                    8450 	.db #0x00	; 0
    000020EB 91                    8451 	.db #0x91	; 145
    000020ECr61r1E                 8452 	.dw _itNoiseSP8
    000020EE 00                    8453 	.db #0x00	; 0
    000020EF 00                    8454 	.db #0x00	; 0
    000020F0 00                    8455 	.db #0x00	; 0
    000020F1 D1                    8456 	.db #0xd1	; 209
    000020F2rC1r1E                 8457 	.dw _itNoiseSP9
    000020F4 00                    8458 	.db #0x00	; 0
    000020F5 00                    8459 	.db #0x00	; 0
    000020F6 00                    8460 	.db #0x00	; 0
    000020F7 B2                    8461 	.db #0xb2	; 178
    000020F8r21r1F                 8462 	.dw _itNoiseSP10
    000020FA 00                    8463 	.db #0x00	; 0
    000020FB 00                    8464 	.db #0x00	; 0
    000020FC 00                    8465 	.db #0x00	; 0
    000020FD A1                    8466 	.db #0xa1	; 161
    000020FEr81r1F                 8467 	.dw _itNoiseSP11
    00002100 29                    8468 	.db #0x29	; 41
    00002101 00                    8469 	.db #0x00	; 0
    00002102 00                    8470 	.db #0x00	; 0
    00002103                       8471 _waves:
    00002103 02                    8472 	.db #0x02	; 2
    00002104 2C                    8473 	.db #0x2c	; 44
    00002105 12                    8474 	.db #0x12	; 18
    00002106 24                    8475 	.db #0x24	; 36
    00002107 45                    8476 	.db #0x45	; 69	'E'
    00002108 7A                    8477 	.db #0x7a	; 122	'z'
    00002109 BC                    8478 	.db #0xbc	; 188
    0000210A CD                    8479 	.db #0xcd	; 205
    0000210B EF                    8480 	.db #0xef	; 239
    0000210C F2                    8481 	.db #0xf2	; 242
    0000210D 34                    8482 	.db #0x34	; 52	'4'
    0000210E 57                    8483 	.db #0x57	; 87	'W'
    0000210F 8A                    8484 	.db #0x8a	; 138
    00002110 CE                    8485 	.db #0xce	; 206
    00002111 FF                    8486 	.db #0xff	; 255
    00002112 FF                    8487 	.db #0xff	; 255
    00002113 00                    8488 	.db #0x00	; 0
    00002114 00                    8489 	.db #0x00	; 0
    00002115 11                    8490 	.db #0x11	; 17
    00002116 22                    8491 	.db #0x22	; 34
    00002117 23                    8492 	.db #0x23	; 35
    00002118 33                    8493 	.db #0x33	; 51	'3'
    00002119 44                    8494 	.db #0x44	; 68	'D'
    0000211A 46                    8495 	.db #0x46	; 70	'F'
    0000211B 77                    8496 	.db #0x77	; 119	'w'
    0000211C 8A                    8497 	.db #0x8a	; 138
    0000211D BC                    8498 	.db #0xbc	; 188
    0000211E CD                    8499 	.db #0xcd	; 205
    0000211F EE                    8500 	.db #0xee	; 238
    00002120 EE                    8501 	.db #0xee	; 238
    00002121 DE                    8502 	.db #0xde	; 222
    00002122 FC                    8503 	.db #0xfc	; 252
    00002123 04                    8504 	.db #0x04	; 4
    00002124 53                    8505 	.db #0x53	; 83	'S'
    00002125 25                    8506 	.db #0x25	; 37
    00002126 54                    8507 	.db #0x54	; 84	'T'
    00002127 D9                    8508 	.db #0xd9	; 217
    00002128 AB                    8509 	.db #0xab	; 171
    00002129 CD                    8510 	.db #0xcd	; 205
    0000212A EF                    8511 	.db #0xef	; 239
    0000212B CB                    8512 	.db #0xcb	; 203
    0000212C 79                    8513 	.db #0x79	; 121	'y'
    0000212D BA                    8514 	.db #0xba	; 186
    0000212E ED                    8515 	.db #0xed	; 237
    0000212F 77                    8516 	.db #0x77	; 119	'w'
    00002130 83                    8517 	.db #0x83	; 131
    00002131 31                    8518 	.db #0x31	; 49	'1'
    00002132 10                    8519 	.db #0x10	; 16
    00002133 03                    8520 	.db #0x03	; 3
    00002134 46                    8521 	.db #0x46	; 70	'F'
    00002135 89                    8522 	.db #0x89	; 137
    00002136 BC                    8523 	.db #0xbc	; 188
    00002137 EE                    8524 	.db #0xee	; 238
    00002138 FF                    8525 	.db #0xff	; 255
    00002139 EC                    8526 	.db #0xec	; 236
    0000213A 98                    8527 	.db #0x98	; 152
    0000213B 53                    8528 	.db #0x53	; 83	'S'
    0000213C 21                    8529 	.db #0x21	; 33
    0000213D 00                    8530 	.db #0x00	; 0
    0000213E 01                    8531 	.db #0x01	; 1
    0000213F 13                    8532 	.db #0x13	; 19
    00002140 46                    8533 	.db #0x46	; 70	'F'
    00002141 8C                    8534 	.db #0x8c	; 140
    00002142 FF                    8535 	.db #0xff	; 255
    00002143 FF                    8536 	.db #0xff	; 255
    00002144 FF                    8537 	.db #0xff	; 255
    00002145 FF                    8538 	.db #0xff	; 255
    00002146 FF                    8539 	.db #0xff	; 255
    00002147 FF                    8540 	.db #0xff	; 255
    00002148 FF                    8541 	.db #0xff	; 255
    00002149 FF                    8542 	.db #0xff	; 255
    0000214A FF                    8543 	.db #0xff	; 255
    0000214B 00                    8544 	.db #0x00	; 0
    0000214C 00                    8545 	.db #0x00	; 0
    0000214D 00                    8546 	.db #0x00	; 0
    0000214E 00                    8547 	.db #0x00	; 0
    0000214F 00                    8548 	.db #0x00	; 0
    00002150 00                    8549 	.db #0x00	; 0
    00002151 00                    8550 	.db #0x00	; 0
    00002152 00                    8551 	.db #0x00	; 0
    00002153 FF                    8552 	.db #0xff	; 255
    00002154 FF                    8553 	.db #0xff	; 255
    00002155 FF                    8554 	.db #0xff	; 255
    00002156 FF                    8555 	.db #0xff	; 255
    00002157 00                    8556 	.db #0x00	; 0
    00002158 00                    8557 	.db #0x00	; 0
    00002159 00                    8558 	.db #0x00	; 0
    0000215A 00                    8559 	.db #0x00	; 0
    0000215B 00                    8560 	.db #0x00	; 0
    0000215C 00                    8561 	.db #0x00	; 0
    0000215D 00                    8562 	.db #0x00	; 0
    0000215E 00                    8563 	.db #0x00	; 0
    0000215F 00                    8564 	.db #0x00	; 0
    00002160 00                    8565 	.db #0x00	; 0
    00002161 00                    8566 	.db #0x00	; 0
    00002162 00                    8567 	.db #0x00	; 0
    00002163 FF                    8568 	.db #0xff	; 255
    00002164 FF                    8569 	.db #0xff	; 255
    00002165 00                    8570 	.db #0x00	; 0
    00002166 00                    8571 	.db #0x00	; 0
    00002167 00                    8572 	.db #0x00	; 0
    00002168 00                    8573 	.db #0x00	; 0
    00002169 00                    8574 	.db #0x00	; 0
    0000216A 00                    8575 	.db #0x00	; 0
    0000216B 00                    8576 	.db #0x00	; 0
    0000216C 00                    8577 	.db #0x00	; 0
    0000216D 00                    8578 	.db #0x00	; 0
    0000216E 00                    8579 	.db #0x00	; 0
    0000216F 00                    8580 	.db #0x00	; 0
    00002170 00                    8581 	.db #0x00	; 0
    00002171 00                    8582 	.db #0x00	; 0
    00002172 00                    8583 	.db #0x00	; 0
    00002173 00                    8584 	.db #0x00	; 0
    00002174 11                    8585 	.db #0x11	; 17
    00002175 11                    8586 	.db #0x11	; 17
    00002176 16                    8587 	.db #0x16	; 22
    00002177 66                    8588 	.db #0x66	; 102	'f'
    00002178 44                    8589 	.db #0x44	; 68	'D'
    00002179 44                    8590 	.db #0x44	; 68	'D'
    0000217A 55                    8591 	.db #0x55	; 85	'U'
    0000217B 86                    8592 	.db #0x86	; 134
    0000217C 77                    8593 	.db #0x77	; 119	'w'
    0000217D 83                    8594 	.db #0x83	; 131
    0000217E 11                    8595 	.db #0x11	; 17
    0000217F 16                    8596 	.db #0x16	; 22
    00002180 BB                    8597 	.db #0xbb	; 187
    00002181 CF                    8598 	.db #0xcf	; 207
    00002182 CF                    8599 	.db #0xcf	; 207
    00002183 88                    8600 	.db #0x88	; 136
    00002184 76                    8601 	.db #0x76	; 118	'v'
    00002185 32                    8602 	.db #0x32	; 50	'2'
    00002186 11                    8603 	.db #0x11	; 17
    00002187 00                    8604 	.db #0x00	; 0
    00002188 01                    8605 	.db #0x01	; 1
    00002189 23                    8606 	.db #0x23	; 35
    0000218A 45                    8607 	.db #0x45	; 69	'E'
    0000218B 78                    8608 	.db #0x78	; 120	'x'
    0000218C 9B                    8609 	.db #0x9b	; 155
    0000218D EF                    8610 	.db #0xef	; 239
    0000218E FF                    8611 	.db #0xff	; 255
    0000218F EC                    8612 	.db #0xec	; 236
    00002190 BA                    8613 	.db #0xba	; 186
    00002191 77                    8614 	.db #0x77	; 119	'w'
    00002192 77                    8615 	.db #0x77	; 119	'w'
    00002193 46                    8616 	.db #0x46	; 70	'F'
    00002194 8A                    8617 	.db #0x8a	; 138
    00002195 BD                    8618 	.db #0xbd	; 189
    00002196 EE                    8619 	.db #0xee	; 238
    00002197 FF                    8620 	.db #0xff	; 255
    00002198 FF                    8621 	.db #0xff	; 255
    00002199 FF                    8622 	.db #0xff	; 255
    0000219A FF                    8623 	.db #0xff	; 255
    0000219B 01                    8624 	.db #0x01	; 1
    0000219C 23                    8625 	.db #0x23	; 35
    0000219D 45                    8626 	.db #0x45	; 69	'E'
    0000219E 67                    8627 	.db #0x67	; 103	'g'
    0000219F 89                    8628 	.db #0x89	; 137
    000021A0 AB                    8629 	.db #0xab	; 171
    000021A1 CD                    8630 	.db #0xcd	; 205
    000021A2 EF                    8631 	.db #0xef	; 239
    000021A3 FF                    8632 	.db #0xff	; 255
    000021A4 EE                    8633 	.db #0xee	; 238
    000021A5 DB                    8634 	.db #0xdb	; 219
    000021A6 99                    8635 	.db #0x99	; 153
    000021A7 88                    8636 	.db #0x88	; 136
    000021A8 87                    8637 	.db #0x87	; 135
    000021A9 77                    8638 	.db #0x77	; 119	'w'
    000021AA 66                    8639 	.db #0x66	; 102	'f'
    000021AB 77                    8640 	.db #0x77	; 119	'w'
    000021AC 66                    8641 	.db #0x66	; 102	'f'
    000021AD 55                    8642 	.db #0x55	; 85	'U'
    000021AE 43                    8643 	.db #0x43	; 67	'C'
    000021AF 11                    8644 	.db #0x11	; 17
    000021B0 11                    8645 	.db #0x11	; 17
    000021B1 11                    8646 	.db #0x11	; 17
    000021B2 00                    8647 	.db #0x00	; 0
    000021B3 00                    8648 	.db #0x00	; 0
    000021B4 00                    8649 	.db #0x00	; 0
    000021B5 00                    8650 	.db #0x00	; 0
    000021B6 00                    8651 	.db #0x00	; 0
    000021B7 00                    8652 	.db #0x00	; 0
    000021B8 06                    8653 	.db #0x06	; 6
    000021B9 CF                    8654 	.db #0xcf	; 207
    000021BA FF                    8655 	.db #0xff	; 255
    000021BB 01                    8656 	.db #0x01	; 1
    000021BC 11                    8657 	.db #0x11	; 17
    000021BD 35                    8658 	.db #0x35	; 53	'5'
    000021BE 67                    8659 	.db #0x67	; 103	'g'
    000021BF 88                    8660 	.db #0x88	; 136
    000021C0 78                    8661 	.db #0x78	; 120	'x'
    000021C1 BD                    8662 	.db #0xbd	; 189
    000021C2 EF                    8663 	.db #0xef	; 239
    000021C3 03                    8664 	.db #0x03	; 3
    000021C4 5B                    8665 	.db #0x5b	; 91
    000021C5 FF                    8666 	.db #0xff	; 255
    000021C6 FE                    8667 	.db #0xfe	; 254
    000021C7 B7                    8668 	.db #0xb7	; 183
    000021C8 41                    8669 	.db #0x41	; 65	'A'
    000021C9 0F                    8670 	.db #0x0f	; 15
    000021CA FF                    8671 	.db #0xff	; 255
    000021CB FC                    8672 	.db #0xfc	; 252
    000021CC EC                    8673 	.db #0xec	; 236
    000021CD FF                    8674 	.db #0xff	; 255
    000021CE FD                    8675 	.db #0xfd	; 253
    000021CF 84                    8676 	.db #0x84	; 132
    000021D0 AF                    8677 	.db #0xaf	; 175
    000021D1 F6                    8678 	.db #0xf6	; 246
    000021D2 0F                    8679 	.db #0x0f	; 15
    000021D3 99                    8680 	.db #0x99	; 153
    000021D4 99                    8681 	.db #0x99	; 153
    000021D5 99                    8682 	.db #0x99	; 153
    000021D6 99                    8683 	.db #0x99	; 153
    000021D7 99                    8684 	.db #0x99	; 153
    000021D8 99                    8685 	.db #0x99	; 153
    000021D9 99                    8686 	.db #0x99	; 153
    000021DA 99                    8687 	.db #0x99	; 153
    000021DB 99                    8688 	.db #0x99	; 153
    000021DC 99                    8689 	.db #0x99	; 153
    000021DD 99                    8690 	.db #0x99	; 153
    000021DE 99                    8691 	.db #0x99	; 153
    000021DF 99                    8692 	.db #0x99	; 153
    000021E0 99                    8693 	.db #0x99	; 153
    000021E1 99                    8694 	.db #0x99	; 153
    000021E2 99                    8695 	.db #0x99	; 153
    000021E3 FE                    8696 	.db #0xfe	; 254
    000021E4 DD                    8697 	.db #0xdd	; 221
    000021E5 DC                    8698 	.db #0xdc	; 220
    000021E6 AB                    8699 	.db #0xab	; 171
    000021E7 B8                    8700 	.db #0xb8	; 184
    000021E8 87                    8701 	.db #0x87	; 135
    000021E9 77                    8702 	.db #0x77	; 119	'w'
    000021EA 98                    8703 	.db #0x98	; 152
    000021EB 76                    8704 	.db #0x76	; 118	'v'
    000021EC 54                    8705 	.db #0x54	; 84	'T'
    000021ED 33                    8706 	.db #0x33	; 51	'3'
    000021EE 22                    8707 	.db #0x22	; 34
    000021EF 11                    8708 	.db #0x11	; 17
    000021F0 11                    8709 	.db #0x11	; 17
    000021F1 11                    8710 	.db #0x11	; 17
    000021F2 10                    8711 	.db #0x10	; 16
    000021F3 1A                    8712 	.db #0x1a	; 26
    000021F4 CE                    8713 	.db #0xce	; 206
    000021F5 FF                    8714 	.db #0xff	; 255
    000021F6 FE                    8715 	.db #0xfe	; 254
    000021F7 DC                    8716 	.db #0xdc	; 220
    000021F8 CB                    8717 	.db #0xcb	; 203
    000021F9 A9                    8718 	.db #0xa9	; 169
    000021FA 88                    8719 	.db #0x88	; 136
    000021FB 76                    8720 	.db #0x76	; 118	'v'
    000021FC 65                    8721 	.db #0x65	; 101	'e'
    000021FD 54                    8722 	.db #0x54	; 84	'T'
    000021FE 33                    8723 	.db #0x33	; 51	'3'
    000021FF 21                    8724 	.db #0x21	; 33
    00002200 10                    8725 	.db #0x10	; 16
    00002201 00                    8726 	.db #0x00	; 0
    00002202 00                    8727 	.db #0x00	; 0
    00002203                       8728 _baseafterbase:
    00002203 06                    8729 	.db #0x06	; 6
    00002204r00r00                 8730 	.dw _order_cnt
    00002206rE1r1F                 8731 	.dw _order1
    00002208rFBr1F                 8732 	.dw _order2
    0000220Ar15r20                 8733 	.dw _order3
    0000220Cr2Fr20                 8734 	.dw _order4
    0000220Er49r20                 8735 	.dw _duty_instruments
    00002210r85r20                 8736 	.dw _wave_instruments
    00002212rC1r20                 8737 	.dw _noise_instruments
    00002214 00 00                 8738 	.dw #0x0000
    00002216r03r21                 8739 	.dw _waves
                                   8740 	.area _INITIALIZER
                                   8741 	.area _CABS (ABS)
