                                      1 ;--------------------------------------------------------
                                      2 ; File Created by SDCC : free open source ISO C Compiler
                                      3 ; Version 4.5.1 #15267 (MINGW64)
                                      4 ;--------------------------------------------------------
                                      5 	.module cantletgo
                                      6 	
                                      7 ;--------------------------------------------------------
                                      8 ; Public variables in this module
                                      9 ;--------------------------------------------------------
                                     10 	.globl _cantletgo
                                     11 ;--------------------------------------------------------
                                     12 ; special function registers
                                     13 ;--------------------------------------------------------
                                     14 	.area _HRAM
                                     15 ;--------------------------------------------------------
                                     16 ; ram data
                                     17 ;--------------------------------------------------------
                                     18 	.area _DATA
                                     19 ;--------------------------------------------------------
                                     20 ; ram data
                                     21 ;--------------------------------------------------------
                                     22 	.area _INITIALIZED
                                     23 ;--------------------------------------------------------
                                     24 ; absolute external ram data
                                     25 ;--------------------------------------------------------
                                     26 	.area _DABS (ABS)
                                     27 ;--------------------------------------------------------
                                     28 ; global & static initialisations
                                     29 ;--------------------------------------------------------
                                     30 	.area _HOME
                                     31 	.area _GSINIT
                                     32 	.area _GSFINAL
                                     33 	.area _GSINIT
                                     34 ;--------------------------------------------------------
                                     35 ; Home
                                     36 ;--------------------------------------------------------
                                     37 	.area _HOME
                                     38 	.area _HOME
                                     39 ;--------------------------------------------------------
                                     40 ; code
                                     41 ;--------------------------------------------------------
                                     42 	.area _CODE_250
                                     43 	.area _CODE_250
    00000000                         44 _order_cnt:
    00000000 20                      45 	.db #0x20	; 32
    00000001                         46 _P0:
    00000001 28                      47 	.db #0x28	; 40
    00000002 20                      48 	.db #0x20	; 32
    00000003 00                      49 	.db #0x00	; 0
    00000004 5A                      50 	.db #0x5a	; 90	'Z'
    00000005 00                      51 	.db #0x00	; 0
    00000006 00                      52 	.db #0x00	; 0
    00000007 5A                      53 	.db #0x5a	; 90	'Z'
    00000008 00                      54 	.db #0x00	; 0
    00000009 00                      55 	.db #0x00	; 0
    0000000A 5A                      56 	.db #0x5a	; 90	'Z'
    0000000B 00                      57 	.db #0x00	; 0
    0000000C 00                      58 	.db #0x00	; 0
    0000000D 28                      59 	.db #0x28	; 40
    0000000E 20                      60 	.db #0x20	; 32
    0000000F 00                      61 	.db #0x00	; 0
    00000010 5A                      62 	.db #0x5a	; 90	'Z'
    00000011 00                      63 	.db #0x00	; 0
    00000012 00                      64 	.db #0x00	; 0
    00000013 5A                      65 	.db #0x5a	; 90	'Z'
    00000014 00                      66 	.db #0x00	; 0
    00000015 00                      67 	.db #0x00	; 0
    00000016 5A                      68 	.db #0x5a	; 90	'Z'
    00000017 00                      69 	.db #0x00	; 0
    00000018 00                      70 	.db #0x00	; 0
    00000019 2B                      71 	.db #0x2b	; 43
    0000001A 20                      72 	.db #0x20	; 32
    0000001B 00                      73 	.db #0x00	; 0
    0000001C 5A                      74 	.db #0x5a	; 90	'Z'
    0000001D 00                      75 	.db #0x00	; 0
    0000001E 00                      76 	.db #0x00	; 0
    0000001F 5A                      77 	.db #0x5a	; 90	'Z'
    00000020 00                      78 	.db #0x00	; 0
    00000021 00                      79 	.db #0x00	; 0
    00000022 5A                      80 	.db #0x5a	; 90	'Z'
    00000023 00                      81 	.db #0x00	; 0
    00000024 00                      82 	.db #0x00	; 0
    00000025 2B                      83 	.db #0x2b	; 43
    00000026 20                      84 	.db #0x20	; 32
    00000027 00                      85 	.db #0x00	; 0
    00000028 5A                      86 	.db #0x5a	; 90	'Z'
    00000029 00                      87 	.db #0x00	; 0
    0000002A 00                      88 	.db #0x00	; 0
    0000002B 5A                      89 	.db #0x5a	; 90	'Z'
    0000002C 00                      90 	.db #0x00	; 0
    0000002D 00                      91 	.db #0x00	; 0
    0000002E 5A                      92 	.db #0x5a	; 90	'Z'
    0000002F 00                      93 	.db #0x00	; 0
    00000030 00                      94 	.db #0x00	; 0
    00000031 2B                      95 	.db #0x2b	; 43
    00000032 20                      96 	.db #0x20	; 32
    00000033 00                      97 	.db #0x00	; 0
    00000034 5A                      98 	.db #0x5a	; 90	'Z'
    00000035 00                      99 	.db #0x00	; 0
    00000036 00                     100 	.db #0x00	; 0
    00000037 26                     101 	.db #0x26	; 38
    00000038 20                     102 	.db #0x20	; 32
    00000039 00                     103 	.db #0x00	; 0
    0000003A 5A                     104 	.db #0x5a	; 90	'Z'
    0000003B 00                     105 	.db #0x00	; 0
    0000003C 00                     106 	.db #0x00	; 0
    0000003D 5A                     107 	.db #0x5a	; 90	'Z'
    0000003E 00                     108 	.db #0x00	; 0
    0000003F 00                     109 	.db #0x00	; 0
    00000040 5A                     110 	.db #0x5a	; 90	'Z'
    00000041 00                     111 	.db #0x00	; 0
    00000042 00                     112 	.db #0x00	; 0
    00000043 26                     113 	.db #0x26	; 38
    00000044 20                     114 	.db #0x20	; 32
    00000045 00                     115 	.db #0x00	; 0
    00000046 5A                     116 	.db #0x5a	; 90	'Z'
    00000047 00                     117 	.db #0x00	; 0
    00000048 00                     118 	.db #0x00	; 0
    00000049 5A                     119 	.db #0x5a	; 90	'Z'
    0000004A 00                     120 	.db #0x00	; 0
    0000004B 00                     121 	.db #0x00	; 0
    0000004C 5A                     122 	.db #0x5a	; 90	'Z'
    0000004D 00                     123 	.db #0x00	; 0
    0000004E 00                     124 	.db #0x00	; 0
    0000004F 24                     125 	.db #0x24	; 36
    00000050 20                     126 	.db #0x20	; 32
    00000051 00                     127 	.db #0x00	; 0
    00000052 5A                     128 	.db #0x5a	; 90	'Z'
    00000053 00                     129 	.db #0x00	; 0
    00000054 00                     130 	.db #0x00	; 0
    00000055 21                     131 	.db #0x21	; 33
    00000056 20                     132 	.db #0x20	; 32
    00000057 00                     133 	.db #0x00	; 0
    00000058 5A                     134 	.db #0x5a	; 90	'Z'
    00000059 00                     135 	.db #0x00	; 0
    0000005A 00                     136 	.db #0x00	; 0
    0000005B 24                     137 	.db #0x24	; 36
    0000005C 20                     138 	.db #0x20	; 32
    0000005D 00                     139 	.db #0x00	; 0
    0000005E 5A                     140 	.db #0x5a	; 90	'Z'
    0000005F 00                     141 	.db #0x00	; 0
    00000060 00                     142 	.db #0x00	; 0
    00000061 24                     143 	.db #0x24	; 36
    00000062 20                     144 	.db #0x20	; 32
    00000063 00                     145 	.db #0x00	; 0
    00000064 5A                     146 	.db #0x5a	; 90	'Z'
    00000065 00                     147 	.db #0x00	; 0
    00000066 00                     148 	.db #0x00	; 0
    00000067 5A                     149 	.db #0x5a	; 90	'Z'
    00000068 00                     150 	.db #0x00	; 0
    00000069 00                     151 	.db #0x00	; 0
    0000006A 5A                     152 	.db #0x5a	; 90	'Z'
    0000006B 00                     153 	.db #0x00	; 0
    0000006C 00                     154 	.db #0x00	; 0
    0000006D 24                     155 	.db #0x24	; 36
    0000006E 20                     156 	.db #0x20	; 32
    0000006F 00                     157 	.db #0x00	; 0
    00000070 5A                     158 	.db #0x5a	; 90	'Z'
    00000071 00                     159 	.db #0x00	; 0
    00000072 00                     160 	.db #0x00	; 0
    00000073 5A                     161 	.db #0x5a	; 90	'Z'
    00000074 00                     162 	.db #0x00	; 0
    00000075 00                     163 	.db #0x00	; 0
    00000076 5A                     164 	.db #0x5a	; 90	'Z'
    00000077 00                     165 	.db #0x00	; 0
    00000078 00                     166 	.db #0x00	; 0
    00000079 28                     167 	.db #0x28	; 40
    0000007A 20                     168 	.db #0x20	; 32
    0000007B 00                     169 	.db #0x00	; 0
    0000007C 5A                     170 	.db #0x5a	; 90	'Z'
    0000007D 00                     171 	.db #0x00	; 0
    0000007E 00                     172 	.db #0x00	; 0
    0000007F 5A                     173 	.db #0x5a	; 90	'Z'
    00000080 00                     174 	.db #0x00	; 0
    00000081 00                     175 	.db #0x00	; 0
    00000082 5A                     176 	.db #0x5a	; 90	'Z'
    00000083 00                     177 	.db #0x00	; 0
    00000084 00                     178 	.db #0x00	; 0
    00000085 28                     179 	.db #0x28	; 40
    00000086 20                     180 	.db #0x20	; 32
    00000087 00                     181 	.db #0x00	; 0
    00000088 5A                     182 	.db #0x5a	; 90	'Z'
    00000089 00                     183 	.db #0x00	; 0
    0000008A 00                     184 	.db #0x00	; 0
    0000008B 28                     185 	.db #0x28	; 40
    0000008C 20                     186 	.db #0x20	; 32
    0000008D 00                     187 	.db #0x00	; 0
    0000008E 5A                     188 	.db #0x5a	; 90	'Z'
    0000008F 00                     189 	.db #0x00	; 0
    00000090 00                     190 	.db #0x00	; 0
    00000091 21                     191 	.db #0x21	; 33
    00000092 20                     192 	.db #0x20	; 32
    00000093 00                     193 	.db #0x00	; 0
    00000094 5A                     194 	.db #0x5a	; 90	'Z'
    00000095 00                     195 	.db #0x00	; 0
    00000096 00                     196 	.db #0x00	; 0
    00000097 26                     197 	.db #0x26	; 38
    00000098 20                     198 	.db #0x20	; 32
    00000099 00                     199 	.db #0x00	; 0
    0000009A 5A                     200 	.db #0x5a	; 90	'Z'
    0000009B 00                     201 	.db #0x00	; 0
    0000009C 00                     202 	.db #0x00	; 0
    0000009D 5A                     203 	.db #0x5a	; 90	'Z'
    0000009E 00                     204 	.db #0x00	; 0
    0000009F 00                     205 	.db #0x00	; 0
    000000A0 5A                     206 	.db #0x5a	; 90	'Z'
    000000A1 00                     207 	.db #0x00	; 0
    000000A2 00                     208 	.db #0x00	; 0
    000000A3 26                     209 	.db #0x26	; 38
    000000A4 20                     210 	.db #0x20	; 32
    000000A5 00                     211 	.db #0x00	; 0
    000000A6 5A                     212 	.db #0x5a	; 90	'Z'
    000000A7 00                     213 	.db #0x00	; 0
    000000A8 00                     214 	.db #0x00	; 0
    000000A9 5A                     215 	.db #0x5a	; 90	'Z'
    000000AA 00                     216 	.db #0x00	; 0
    000000AB 00                     217 	.db #0x00	; 0
    000000AC 5A                     218 	.db #0x5a	; 90	'Z'
    000000AD 00                     219 	.db #0x00	; 0
    000000AE 00                     220 	.db #0x00	; 0
    000000AF 24                     221 	.db #0x24	; 36
    000000B0 20                     222 	.db #0x20	; 32
    000000B1 00                     223 	.db #0x00	; 0
    000000B2 5A                     224 	.db #0x5a	; 90	'Z'
    000000B3 00                     225 	.db #0x00	; 0
    000000B4 00                     226 	.db #0x00	; 0
    000000B5 2B                     227 	.db #0x2b	; 43
    000000B6 20                     228 	.db #0x20	; 32
    000000B7 00                     229 	.db #0x00	; 0
    000000B8 5A                     230 	.db #0x5a	; 90	'Z'
    000000B9 00                     231 	.db #0x00	; 0
    000000BA 00                     232 	.db #0x00	; 0
    000000BB 2A                     233 	.db #0x2a	; 42
    000000BC 20                     234 	.db #0x20	; 32
    000000BD 00                     235 	.db #0x00	; 0
    000000BE 5A                     236 	.db #0x5a	; 90	'Z'
    000000BF 00                     237 	.db #0x00	; 0
    000000C0 00                     238 	.db #0x00	; 0
    000000C1                        239 _P1:
    000000C1 1C                     240 	.db #0x1c	; 28
    000000C2 10                     241 	.db #0x10	; 16
    000000C3 00                     242 	.db #0x00	; 0
    000000C4 5A                     243 	.db #0x5a	; 90	'Z'
    000000C5 00                     244 	.db #0x00	; 0
    000000C6 00                     245 	.db #0x00	; 0
    000000C7 5A                     246 	.db #0x5a	; 90	'Z'
    000000C8 0C                     247 	.db #0x0c	; 12
    000000C9 08                     248 	.db #0x08	; 8
    000000CA 5A                     249 	.db #0x5a	; 90	'Z'
    000000CB 00                     250 	.db #0x00	; 0
    000000CC 00                     251 	.db #0x00	; 0
    000000CD 1C                     252 	.db #0x1c	; 28
    000000CE 10                     253 	.db #0x10	; 16
    000000CF 00                     254 	.db #0x00	; 0
    000000D0 5A                     255 	.db #0x5a	; 90	'Z'
    000000D1 00                     256 	.db #0x00	; 0
    000000D2 00                     257 	.db #0x00	; 0
    000000D3 5A                     258 	.db #0x5a	; 90	'Z'
    000000D4 0C                     259 	.db #0x0c	; 12
    000000D5 08                     260 	.db #0x08	; 8
    000000D6 5A                     261 	.db #0x5a	; 90	'Z'
    000000D7 00                     262 	.db #0x00	; 0
    000000D8 00                     263 	.db #0x00	; 0
    000000D9 1F                     264 	.db #0x1f	; 31
    000000DA 10                     265 	.db #0x10	; 16
    000000DB 00                     266 	.db #0x00	; 0
    000000DC 5A                     267 	.db #0x5a	; 90	'Z'
    000000DD 00                     268 	.db #0x00	; 0
    000000DE 00                     269 	.db #0x00	; 0
    000000DF 5A                     270 	.db #0x5a	; 90	'Z'
    000000E0 0C                     271 	.db #0x0c	; 12
    000000E1 08                     272 	.db #0x08	; 8
    000000E2 5A                     273 	.db #0x5a	; 90	'Z'
    000000E3 00                     274 	.db #0x00	; 0
    000000E4 00                     275 	.db #0x00	; 0
    000000E5 1F                     276 	.db #0x1f	; 31
    000000E6 10                     277 	.db #0x10	; 16
    000000E7 00                     278 	.db #0x00	; 0
    000000E8 5A                     279 	.db #0x5a	; 90	'Z'
    000000E9 00                     280 	.db #0x00	; 0
    000000EA 00                     281 	.db #0x00	; 0
    000000EB 5A                     282 	.db #0x5a	; 90	'Z'
    000000EC 0C                     283 	.db #0x0c	; 12
    000000ED 08                     284 	.db #0x08	; 8
    000000EE 5A                     285 	.db #0x5a	; 90	'Z'
    000000EF 00                     286 	.db #0x00	; 0
    000000F0 00                     287 	.db #0x00	; 0
    000000F1 1F                     288 	.db #0x1f	; 31
    000000F2 10                     289 	.db #0x10	; 16
    000000F3 00                     290 	.db #0x00	; 0
    000000F4 5A                     291 	.db #0x5a	; 90	'Z'
    000000F5 00                     292 	.db #0x00	; 0
    000000F6 00                     293 	.db #0x00	; 0
    000000F7 1A                     294 	.db #0x1a	; 26
    000000F8 10                     295 	.db #0x10	; 16
    000000F9 00                     296 	.db #0x00	; 0
    000000FA 5A                     297 	.db #0x5a	; 90	'Z'
    000000FB 00                     298 	.db #0x00	; 0
    000000FC 00                     299 	.db #0x00	; 0
    000000FD 5A                     300 	.db #0x5a	; 90	'Z'
    000000FE 0C                     301 	.db #0x0c	; 12
    000000FF 08                     302 	.db #0x08	; 8
    00000100 5A                     303 	.db #0x5a	; 90	'Z'
    00000101 00                     304 	.db #0x00	; 0
    00000102 00                     305 	.db #0x00	; 0
    00000103 1A                     306 	.db #0x1a	; 26
    00000104 10                     307 	.db #0x10	; 16
    00000105 00                     308 	.db #0x00	; 0
    00000106 5A                     309 	.db #0x5a	; 90	'Z'
    00000107 00                     310 	.db #0x00	; 0
    00000108 00                     311 	.db #0x00	; 0
    00000109 5A                     312 	.db #0x5a	; 90	'Z'
    0000010A 0C                     313 	.db #0x0c	; 12
    0000010B 08                     314 	.db #0x08	; 8
    0000010C 5A                     315 	.db #0x5a	; 90	'Z'
    0000010D 00                     316 	.db #0x00	; 0
    0000010E 00                     317 	.db #0x00	; 0
    0000010F 18                     318 	.db #0x18	; 24
    00000110 10                     319 	.db #0x10	; 16
    00000111 00                     320 	.db #0x00	; 0
    00000112 5A                     321 	.db #0x5a	; 90	'Z'
    00000113 00                     322 	.db #0x00	; 0
    00000114 00                     323 	.db #0x00	; 0
    00000115 15                     324 	.db #0x15	; 21
    00000116 10                     325 	.db #0x10	; 16
    00000117 00                     326 	.db #0x00	; 0
    00000118 5A                     327 	.db #0x5a	; 90	'Z'
    00000119 00                     328 	.db #0x00	; 0
    0000011A 00                     329 	.db #0x00	; 0
    0000011B 18                     330 	.db #0x18	; 24
    0000011C 10                     331 	.db #0x10	; 16
    0000011D 00                     332 	.db #0x00	; 0
    0000011E 5A                     333 	.db #0x5a	; 90	'Z'
    0000011F 00                     334 	.db #0x00	; 0
    00000120 00                     335 	.db #0x00	; 0
    00000121 18                     336 	.db #0x18	; 24
    00000122 10                     337 	.db #0x10	; 16
    00000123 00                     338 	.db #0x00	; 0
    00000124 5A                     339 	.db #0x5a	; 90	'Z'
    00000125 00                     340 	.db #0x00	; 0
    00000126 00                     341 	.db #0x00	; 0
    00000127 5A                     342 	.db #0x5a	; 90	'Z'
    00000128 0C                     343 	.db #0x0c	; 12
    00000129 08                     344 	.db #0x08	; 8
    0000012A 5A                     345 	.db #0x5a	; 90	'Z'
    0000012B 00                     346 	.db #0x00	; 0
    0000012C 00                     347 	.db #0x00	; 0
    0000012D 18                     348 	.db #0x18	; 24
    0000012E 10                     349 	.db #0x10	; 16
    0000012F 00                     350 	.db #0x00	; 0
    00000130 5A                     351 	.db #0x5a	; 90	'Z'
    00000131 00                     352 	.db #0x00	; 0
    00000132 00                     353 	.db #0x00	; 0
    00000133 5A                     354 	.db #0x5a	; 90	'Z'
    00000134 0C                     355 	.db #0x0c	; 12
    00000135 08                     356 	.db #0x08	; 8
    00000136 5A                     357 	.db #0x5a	; 90	'Z'
    00000137 00                     358 	.db #0x00	; 0
    00000138 00                     359 	.db #0x00	; 0
    00000139 1C                     360 	.db #0x1c	; 28
    0000013A 10                     361 	.db #0x10	; 16
    0000013B 00                     362 	.db #0x00	; 0
    0000013C 5A                     363 	.db #0x5a	; 90	'Z'
    0000013D 00                     364 	.db #0x00	; 0
    0000013E 00                     365 	.db #0x00	; 0
    0000013F 5A                     366 	.db #0x5a	; 90	'Z'
    00000140 0C                     367 	.db #0x0c	; 12
    00000141 08                     368 	.db #0x08	; 8
    00000142 5A                     369 	.db #0x5a	; 90	'Z'
    00000143 00                     370 	.db #0x00	; 0
    00000144 00                     371 	.db #0x00	; 0
    00000145 1C                     372 	.db #0x1c	; 28
    00000146 10                     373 	.db #0x10	; 16
    00000147 00                     374 	.db #0x00	; 0
    00000148 5A                     375 	.db #0x5a	; 90	'Z'
    00000149 00                     376 	.db #0x00	; 0
    0000014A 00                     377 	.db #0x00	; 0
    0000014B 1C                     378 	.db #0x1c	; 28
    0000014C 10                     379 	.db #0x10	; 16
    0000014D 00                     380 	.db #0x00	; 0
    0000014E 5A                     381 	.db #0x5a	; 90	'Z'
    0000014F 00                     382 	.db #0x00	; 0
    00000150 00                     383 	.db #0x00	; 0
    00000151 15                     384 	.db #0x15	; 21
    00000152 10                     385 	.db #0x10	; 16
    00000153 00                     386 	.db #0x00	; 0
    00000154 5A                     387 	.db #0x5a	; 90	'Z'
    00000155 00                     388 	.db #0x00	; 0
    00000156 00                     389 	.db #0x00	; 0
    00000157 1A                     390 	.db #0x1a	; 26
    00000158 10                     391 	.db #0x10	; 16
    00000159 00                     392 	.db #0x00	; 0
    0000015A 5A                     393 	.db #0x5a	; 90	'Z'
    0000015B 00                     394 	.db #0x00	; 0
    0000015C 00                     395 	.db #0x00	; 0
    0000015D 5A                     396 	.db #0x5a	; 90	'Z'
    0000015E 0C                     397 	.db #0x0c	; 12
    0000015F 08                     398 	.db #0x08	; 8
    00000160 5A                     399 	.db #0x5a	; 90	'Z'
    00000161 00                     400 	.db #0x00	; 0
    00000162 00                     401 	.db #0x00	; 0
    00000163 1A                     402 	.db #0x1a	; 26
    00000164 10                     403 	.db #0x10	; 16
    00000165 00                     404 	.db #0x00	; 0
    00000166 5A                     405 	.db #0x5a	; 90	'Z'
    00000167 00                     406 	.db #0x00	; 0
    00000168 00                     407 	.db #0x00	; 0
    00000169 5A                     408 	.db #0x5a	; 90	'Z'
    0000016A 0C                     409 	.db #0x0c	; 12
    0000016B 08                     410 	.db #0x08	; 8
    0000016C 5A                     411 	.db #0x5a	; 90	'Z'
    0000016D 00                     412 	.db #0x00	; 0
    0000016E 00                     413 	.db #0x00	; 0
    0000016F 18                     414 	.db #0x18	; 24
    00000170 10                     415 	.db #0x10	; 16
    00000171 00                     416 	.db #0x00	; 0
    00000172 5A                     417 	.db #0x5a	; 90	'Z'
    00000173 00                     418 	.db #0x00	; 0
    00000174 00                     419 	.db #0x00	; 0
    00000175 1F                     420 	.db #0x1f	; 31
    00000176 10                     421 	.db #0x10	; 16
    00000177 00                     422 	.db #0x00	; 0
    00000178 5A                     423 	.db #0x5a	; 90	'Z'
    00000179 00                     424 	.db #0x00	; 0
    0000017A 00                     425 	.db #0x00	; 0
    0000017B 1E                     426 	.db #0x1e	; 30
    0000017C 10                     427 	.db #0x10	; 16
    0000017D 00                     428 	.db #0x00	; 0
    0000017E 5A                     429 	.db #0x5a	; 90	'Z'
    0000017F 00                     430 	.db #0x00	; 0
    00000180 00                     431 	.db #0x00	; 0
    00000181                        432 _P2:
    00000181 10                     433 	.db #0x10	; 16
    00000182 C0                     434 	.db #0xc0	; 192
    00000183 00                     435 	.db #0x00	; 0
    00000184 5A                     436 	.db #0x5a	; 90	'Z'
    00000185 00                     437 	.db #0x00	; 0
    00000186 00                     438 	.db #0x00	; 0
    00000187 5A                     439 	.db #0x5a	; 90	'Z'
    00000188 00                     440 	.db #0x00	; 0
    00000189 00                     441 	.db #0x00	; 0
    0000018A 5A                     442 	.db #0x5a	; 90	'Z'
    0000018B 00                     443 	.db #0x00	; 0
    0000018C 00                     444 	.db #0x00	; 0
    0000018D 5A                     445 	.db #0x5a	; 90	'Z'
    0000018E 00                     446 	.db #0x00	; 0
    0000018F 00                     447 	.db #0x00	; 0
    00000190 5A                     448 	.db #0x5a	; 90	'Z'
    00000191 00                     449 	.db #0x00	; 0
    00000192 00                     450 	.db #0x00	; 0
    00000193 5A                     451 	.db #0x5a	; 90	'Z'
    00000194 00                     452 	.db #0x00	; 0
    00000195 00                     453 	.db #0x00	; 0
    00000196 5A                     454 	.db #0x5a	; 90	'Z'
    00000197 00                     455 	.db #0x00	; 0
    00000198 00                     456 	.db #0x00	; 0
    00000199 5A                     457 	.db #0x5a	; 90	'Z'
    0000019A 00                     458 	.db #0x00	; 0
    0000019B 00                     459 	.db #0x00	; 0
    0000019C 5A                     460 	.db #0x5a	; 90	'Z'
    0000019D 00                     461 	.db #0x00	; 0
    0000019E 00                     462 	.db #0x00	; 0
    0000019F 5A                     463 	.db #0x5a	; 90	'Z'
    000001A0 00                     464 	.db #0x00	; 0
    000001A1 00                     465 	.db #0x00	; 0
    000001A2 5A                     466 	.db #0x5a	; 90	'Z'
    000001A3 00                     467 	.db #0x00	; 0
    000001A4 00                     468 	.db #0x00	; 0
    000001A5 13                     469 	.db #0x13	; 19
    000001A6 C0                     470 	.db #0xc0	; 192
    000001A7 00                     471 	.db #0x00	; 0
    000001A8 5A                     472 	.db #0x5a	; 90	'Z'
    000001A9 00                     473 	.db #0x00	; 0
    000001AA 00                     474 	.db #0x00	; 0
    000001AB 5A                     475 	.db #0x5a	; 90	'Z'
    000001AC 00                     476 	.db #0x00	; 0
    000001AD 00                     477 	.db #0x00	; 0
    000001AE 5A                     478 	.db #0x5a	; 90	'Z'
    000001AF 00                     479 	.db #0x00	; 0
    000001B0 00                     480 	.db #0x00	; 0
    000001B1 0E                     481 	.db #0x0e	; 14
    000001B2 C0                     482 	.db #0xc0	; 192
    000001B3 00                     483 	.db #0x00	; 0
    000001B4 5A                     484 	.db #0x5a	; 90	'Z'
    000001B5 00                     485 	.db #0x00	; 0
    000001B6 00                     486 	.db #0x00	; 0
    000001B7 5A                     487 	.db #0x5a	; 90	'Z'
    000001B8 00                     488 	.db #0x00	; 0
    000001B9 00                     489 	.db #0x00	; 0
    000001BA 5A                     490 	.db #0x5a	; 90	'Z'
    000001BB 00                     491 	.db #0x00	; 0
    000001BC 00                     492 	.db #0x00	; 0
    000001BD 5A                     493 	.db #0x5a	; 90	'Z'
    000001BE 00                     494 	.db #0x00	; 0
    000001BF 00                     495 	.db #0x00	; 0
    000001C0 5A                     496 	.db #0x5a	; 90	'Z'
    000001C1 00                     497 	.db #0x00	; 0
    000001C2 00                     498 	.db #0x00	; 0
    000001C3 5A                     499 	.db #0x5a	; 90	'Z'
    000001C4 00                     500 	.db #0x00	; 0
    000001C5 00                     501 	.db #0x00	; 0
    000001C6 5A                     502 	.db #0x5a	; 90	'Z'
    000001C7 00                     503 	.db #0x00	; 0
    000001C8 00                     504 	.db #0x00	; 0
    000001C9 5A                     505 	.db #0x5a	; 90	'Z'
    000001CA 00                     506 	.db #0x00	; 0
    000001CB 00                     507 	.db #0x00	; 0
    000001CC 5A                     508 	.db #0x5a	; 90	'Z'
    000001CD 00                     509 	.db #0x00	; 0
    000001CE 00                     510 	.db #0x00	; 0
    000001CF 5A                     511 	.db #0x5a	; 90	'Z'
    000001D0 00                     512 	.db #0x00	; 0
    000001D1 00                     513 	.db #0x00	; 0
    000001D2 5A                     514 	.db #0x5a	; 90	'Z'
    000001D3 00                     515 	.db #0x00	; 0
    000001D4 00                     516 	.db #0x00	; 0
    000001D5 15                     517 	.db #0x15	; 21
    000001D6 C0                     518 	.db #0xc0	; 192
    000001D7 00                     519 	.db #0x00	; 0
    000001D8 5A                     520 	.db #0x5a	; 90	'Z'
    000001D9 00                     521 	.db #0x00	; 0
    000001DA 00                     522 	.db #0x00	; 0
    000001DB 5A                     523 	.db #0x5a	; 90	'Z'
    000001DC 00                     524 	.db #0x00	; 0
    000001DD 00                     525 	.db #0x00	; 0
    000001DE 5A                     526 	.db #0x5a	; 90	'Z'
    000001DF 00                     527 	.db #0x00	; 0
    000001E0 00                     528 	.db #0x00	; 0
    000001E1 0C                     529 	.db #0x0c	; 12
    000001E2 C0                     530 	.db #0xc0	; 192
    000001E3 00                     531 	.db #0x00	; 0
    000001E4 5A                     532 	.db #0x5a	; 90	'Z'
    000001E5 00                     533 	.db #0x00	; 0
    000001E6 00                     534 	.db #0x00	; 0
    000001E7 5A                     535 	.db #0x5a	; 90	'Z'
    000001E8 00                     536 	.db #0x00	; 0
    000001E9 00                     537 	.db #0x00	; 0
    000001EA 5A                     538 	.db #0x5a	; 90	'Z'
    000001EB 00                     539 	.db #0x00	; 0
    000001EC 00                     540 	.db #0x00	; 0
    000001ED 5A                     541 	.db #0x5a	; 90	'Z'
    000001EE 00                     542 	.db #0x00	; 0
    000001EF 00                     543 	.db #0x00	; 0
    000001F0 5A                     544 	.db #0x5a	; 90	'Z'
    000001F1 00                     545 	.db #0x00	; 0
    000001F2 00                     546 	.db #0x00	; 0
    000001F3 5A                     547 	.db #0x5a	; 90	'Z'
    000001F4 00                     548 	.db #0x00	; 0
    000001F5 00                     549 	.db #0x00	; 0
    000001F6 5A                     550 	.db #0x5a	; 90	'Z'
    000001F7 00                     551 	.db #0x00	; 0
    000001F8 00                     552 	.db #0x00	; 0
    000001F9 5A                     553 	.db #0x5a	; 90	'Z'
    000001FA 00                     554 	.db #0x00	; 0
    000001FB 00                     555 	.db #0x00	; 0
    000001FC 5A                     556 	.db #0x5a	; 90	'Z'
    000001FD 00                     557 	.db #0x00	; 0
    000001FE 00                     558 	.db #0x00	; 0
    000001FF 5A                     559 	.db #0x5a	; 90	'Z'
    00000200 00                     560 	.db #0x00	; 0
    00000201 00                     561 	.db #0x00	; 0
    00000202 5A                     562 	.db #0x5a	; 90	'Z'
    00000203 00                     563 	.db #0x00	; 0
    00000204 00                     564 	.db #0x00	; 0
    00000205 5A                     565 	.db #0x5a	; 90	'Z'
    00000206 00                     566 	.db #0x00	; 0
    00000207 00                     567 	.db #0x00	; 0
    00000208 5A                     568 	.db #0x5a	; 90	'Z'
    00000209 00                     569 	.db #0x00	; 0
    0000020A 00                     570 	.db #0x00	; 0
    0000020B 5A                     571 	.db #0x5a	; 90	'Z'
    0000020C 00                     572 	.db #0x00	; 0
    0000020D 00                     573 	.db #0x00	; 0
    0000020E 5A                     574 	.db #0x5a	; 90	'Z'
    0000020F 00                     575 	.db #0x00	; 0
    00000210 00                     576 	.db #0x00	; 0
    00000211 0E                     577 	.db #0x0e	; 14
    00000212 C0                     578 	.db #0xc0	; 192
    00000213 00                     579 	.db #0x00	; 0
    00000214 5A                     580 	.db #0x5a	; 90	'Z'
    00000215 00                     581 	.db #0x00	; 0
    00000216 00                     582 	.db #0x00	; 0
    00000217 5A                     583 	.db #0x5a	; 90	'Z'
    00000218 00                     584 	.db #0x00	; 0
    00000219 00                     585 	.db #0x00	; 0
    0000021A 5A                     586 	.db #0x5a	; 90	'Z'
    0000021B 00                     587 	.db #0x00	; 0
    0000021C 00                     588 	.db #0x00	; 0
    0000021D 5A                     589 	.db #0x5a	; 90	'Z'
    0000021E 00                     590 	.db #0x00	; 0
    0000021F 00                     591 	.db #0x00	; 0
    00000220 5A                     592 	.db #0x5a	; 90	'Z'
    00000221 00                     593 	.db #0x00	; 0
    00000222 00                     594 	.db #0x00	; 0
    00000223 5A                     595 	.db #0x5a	; 90	'Z'
    00000224 00                     596 	.db #0x00	; 0
    00000225 00                     597 	.db #0x00	; 0
    00000226 5A                     598 	.db #0x5a	; 90	'Z'
    00000227 00                     599 	.db #0x00	; 0
    00000228 00                     600 	.db #0x00	; 0
    00000229 5A                     601 	.db #0x5a	; 90	'Z'
    0000022A 00                     602 	.db #0x00	; 0
    0000022B 00                     603 	.db #0x00	; 0
    0000022C 5A                     604 	.db #0x5a	; 90	'Z'
    0000022D 00                     605 	.db #0x00	; 0
    0000022E 00                     606 	.db #0x00	; 0
    0000022F 5A                     607 	.db #0x5a	; 90	'Z'
    00000230 00                     608 	.db #0x00	; 0
    00000231 00                     609 	.db #0x00	; 0
    00000232 5A                     610 	.db #0x5a	; 90	'Z'
    00000233 00                     611 	.db #0x00	; 0
    00000234 00                     612 	.db #0x00	; 0
    00000235 13                     613 	.db #0x13	; 19
    00000236 C0                     614 	.db #0xc0	; 192
    00000237 00                     615 	.db #0x00	; 0
    00000238 5A                     616 	.db #0x5a	; 90	'Z'
    00000239 00                     617 	.db #0x00	; 0
    0000023A 00                     618 	.db #0x00	; 0
    0000023B 5A                     619 	.db #0x5a	; 90	'Z'
    0000023C 00                     620 	.db #0x00	; 0
    0000023D 00                     621 	.db #0x00	; 0
    0000023E 5A                     622 	.db #0x5a	; 90	'Z'
    0000023F 00                     623 	.db #0x00	; 0
    00000240 00                     624 	.db #0x00	; 0
    00000241                        625 _P3:
    00000241 5A                     626 	.db #0x5a	; 90	'Z'
    00000242 00                     627 	.db #0x00	; 0
    00000243 00                     628 	.db #0x00	; 0
    00000244 5A                     629 	.db #0x5a	; 90	'Z'
    00000245 00                     630 	.db #0x00	; 0
    00000246 00                     631 	.db #0x00	; 0
    00000247 5A                     632 	.db #0x5a	; 90	'Z'
    00000248 00                     633 	.db #0x00	; 0
    00000249 00                     634 	.db #0x00	; 0
    0000024A 5A                     635 	.db #0x5a	; 90	'Z'
    0000024B 00                     636 	.db #0x00	; 0
    0000024C 00                     637 	.db #0x00	; 0
    0000024D 5A                     638 	.db #0x5a	; 90	'Z'
    0000024E 00                     639 	.db #0x00	; 0
    0000024F 00                     640 	.db #0x00	; 0
    00000250 5A                     641 	.db #0x5a	; 90	'Z'
    00000251 00                     642 	.db #0x00	; 0
    00000252 00                     643 	.db #0x00	; 0
    00000253 5A                     644 	.db #0x5a	; 90	'Z'
    00000254 00                     645 	.db #0x00	; 0
    00000255 00                     646 	.db #0x00	; 0
    00000256 5A                     647 	.db #0x5a	; 90	'Z'
    00000257 00                     648 	.db #0x00	; 0
    00000258 00                     649 	.db #0x00	; 0
    00000259 5A                     650 	.db #0x5a	; 90	'Z'
    0000025A 00                     651 	.db #0x00	; 0
    0000025B 00                     652 	.db #0x00	; 0
    0000025C 5A                     653 	.db #0x5a	; 90	'Z'
    0000025D 00                     654 	.db #0x00	; 0
    0000025E 00                     655 	.db #0x00	; 0
    0000025F 5A                     656 	.db #0x5a	; 90	'Z'
    00000260 00                     657 	.db #0x00	; 0
    00000261 00                     658 	.db #0x00	; 0
    00000262 5A                     659 	.db #0x5a	; 90	'Z'
    00000263 00                     660 	.db #0x00	; 0
    00000264 00                     661 	.db #0x00	; 0
    00000265 5A                     662 	.db #0x5a	; 90	'Z'
    00000266 00                     663 	.db #0x00	; 0
    00000267 00                     664 	.db #0x00	; 0
    00000268 5A                     665 	.db #0x5a	; 90	'Z'
    00000269 00                     666 	.db #0x00	; 0
    0000026A 00                     667 	.db #0x00	; 0
    0000026B 5A                     668 	.db #0x5a	; 90	'Z'
    0000026C 00                     669 	.db #0x00	; 0
    0000026D 00                     670 	.db #0x00	; 0
    0000026E 5A                     671 	.db #0x5a	; 90	'Z'
    0000026F 00                     672 	.db #0x00	; 0
    00000270 00                     673 	.db #0x00	; 0
    00000271 5A                     674 	.db #0x5a	; 90	'Z'
    00000272 00                     675 	.db #0x00	; 0
    00000273 00                     676 	.db #0x00	; 0
    00000274 5A                     677 	.db #0x5a	; 90	'Z'
    00000275 00                     678 	.db #0x00	; 0
    00000276 00                     679 	.db #0x00	; 0
    00000277 5A                     680 	.db #0x5a	; 90	'Z'
    00000278 00                     681 	.db #0x00	; 0
    00000279 00                     682 	.db #0x00	; 0
    0000027A 5A                     683 	.db #0x5a	; 90	'Z'
    0000027B 00                     684 	.db #0x00	; 0
    0000027C 00                     685 	.db #0x00	; 0
    0000027D 5A                     686 	.db #0x5a	; 90	'Z'
    0000027E 00                     687 	.db #0x00	; 0
    0000027F 00                     688 	.db #0x00	; 0
    00000280 5A                     689 	.db #0x5a	; 90	'Z'
    00000281 00                     690 	.db #0x00	; 0
    00000282 00                     691 	.db #0x00	; 0
    00000283 5A                     692 	.db #0x5a	; 90	'Z'
    00000284 00                     693 	.db #0x00	; 0
    00000285 00                     694 	.db #0x00	; 0
    00000286 5A                     695 	.db #0x5a	; 90	'Z'
    00000287 00                     696 	.db #0x00	; 0
    00000288 00                     697 	.db #0x00	; 0
    00000289 5A                     698 	.db #0x5a	; 90	'Z'
    0000028A 00                     699 	.db #0x00	; 0
    0000028B 00                     700 	.db #0x00	; 0
    0000028C 5A                     701 	.db #0x5a	; 90	'Z'
    0000028D 00                     702 	.db #0x00	; 0
    0000028E 00                     703 	.db #0x00	; 0
    0000028F 5A                     704 	.db #0x5a	; 90	'Z'
    00000290 00                     705 	.db #0x00	; 0
    00000291 00                     706 	.db #0x00	; 0
    00000292 5A                     707 	.db #0x5a	; 90	'Z'
    00000293 00                     708 	.db #0x00	; 0
    00000294 00                     709 	.db #0x00	; 0
    00000295 5A                     710 	.db #0x5a	; 90	'Z'
    00000296 00                     711 	.db #0x00	; 0
    00000297 00                     712 	.db #0x00	; 0
    00000298 5A                     713 	.db #0x5a	; 90	'Z'
    00000299 00                     714 	.db #0x00	; 0
    0000029A 00                     715 	.db #0x00	; 0
    0000029B 5A                     716 	.db #0x5a	; 90	'Z'
    0000029C 00                     717 	.db #0x00	; 0
    0000029D 00                     718 	.db #0x00	; 0
    0000029E 5A                     719 	.db #0x5a	; 90	'Z'
    0000029F 00                     720 	.db #0x00	; 0
    000002A0 00                     721 	.db #0x00	; 0
    000002A1 5A                     722 	.db #0x5a	; 90	'Z'
    000002A2 00                     723 	.db #0x00	; 0
    000002A3 00                     724 	.db #0x00	; 0
    000002A4 5A                     725 	.db #0x5a	; 90	'Z'
    000002A5 00                     726 	.db #0x00	; 0
    000002A6 00                     727 	.db #0x00	; 0
    000002A7 5A                     728 	.db #0x5a	; 90	'Z'
    000002A8 00                     729 	.db #0x00	; 0
    000002A9 00                     730 	.db #0x00	; 0
    000002AA 5A                     731 	.db #0x5a	; 90	'Z'
    000002AB 00                     732 	.db #0x00	; 0
    000002AC 00                     733 	.db #0x00	; 0
    000002AD 5A                     734 	.db #0x5a	; 90	'Z'
    000002AE 00                     735 	.db #0x00	; 0
    000002AF 00                     736 	.db #0x00	; 0
    000002B0 5A                     737 	.db #0x5a	; 90	'Z'
    000002B1 00                     738 	.db #0x00	; 0
    000002B2 00                     739 	.db #0x00	; 0
    000002B3 5A                     740 	.db #0x5a	; 90	'Z'
    000002B4 00                     741 	.db #0x00	; 0
    000002B5 00                     742 	.db #0x00	; 0
    000002B6 5A                     743 	.db #0x5a	; 90	'Z'
    000002B7 00                     744 	.db #0x00	; 0
    000002B8 00                     745 	.db #0x00	; 0
    000002B9 5A                     746 	.db #0x5a	; 90	'Z'
    000002BA 00                     747 	.db #0x00	; 0
    000002BB 00                     748 	.db #0x00	; 0
    000002BC 5A                     749 	.db #0x5a	; 90	'Z'
    000002BD 00                     750 	.db #0x00	; 0
    000002BE 00                     751 	.db #0x00	; 0
    000002BF 5A                     752 	.db #0x5a	; 90	'Z'
    000002C0 00                     753 	.db #0x00	; 0
    000002C1 00                     754 	.db #0x00	; 0
    000002C2 5A                     755 	.db #0x5a	; 90	'Z'
    000002C3 00                     756 	.db #0x00	; 0
    000002C4 00                     757 	.db #0x00	; 0
    000002C5 5A                     758 	.db #0x5a	; 90	'Z'
    000002C6 00                     759 	.db #0x00	; 0
    000002C7 00                     760 	.db #0x00	; 0
    000002C8 5A                     761 	.db #0x5a	; 90	'Z'
    000002C9 00                     762 	.db #0x00	; 0
    000002CA 00                     763 	.db #0x00	; 0
    000002CB 5A                     764 	.db #0x5a	; 90	'Z'
    000002CC 00                     765 	.db #0x00	; 0
    000002CD 00                     766 	.db #0x00	; 0
    000002CE 5A                     767 	.db #0x5a	; 90	'Z'
    000002CF 00                     768 	.db #0x00	; 0
    000002D0 00                     769 	.db #0x00	; 0
    000002D1 5A                     770 	.db #0x5a	; 90	'Z'
    000002D2 00                     771 	.db #0x00	; 0
    000002D3 00                     772 	.db #0x00	; 0
    000002D4 5A                     773 	.db #0x5a	; 90	'Z'
    000002D5 00                     774 	.db #0x00	; 0
    000002D6 00                     775 	.db #0x00	; 0
    000002D7 5A                     776 	.db #0x5a	; 90	'Z'
    000002D8 00                     777 	.db #0x00	; 0
    000002D9 00                     778 	.db #0x00	; 0
    000002DA 5A                     779 	.db #0x5a	; 90	'Z'
    000002DB 00                     780 	.db #0x00	; 0
    000002DC 00                     781 	.db #0x00	; 0
    000002DD 5A                     782 	.db #0x5a	; 90	'Z'
    000002DE 00                     783 	.db #0x00	; 0
    000002DF 00                     784 	.db #0x00	; 0
    000002E0 5A                     785 	.db #0x5a	; 90	'Z'
    000002E1 00                     786 	.db #0x00	; 0
    000002E2 00                     787 	.db #0x00	; 0
    000002E3 5A                     788 	.db #0x5a	; 90	'Z'
    000002E4 00                     789 	.db #0x00	; 0
    000002E5 00                     790 	.db #0x00	; 0
    000002E6 5A                     791 	.db #0x5a	; 90	'Z'
    000002E7 00                     792 	.db #0x00	; 0
    000002E8 00                     793 	.db #0x00	; 0
    000002E9 5A                     794 	.db #0x5a	; 90	'Z'
    000002EA 00                     795 	.db #0x00	; 0
    000002EB 00                     796 	.db #0x00	; 0
    000002EC 5A                     797 	.db #0x5a	; 90	'Z'
    000002ED 00                     798 	.db #0x00	; 0
    000002EE 00                     799 	.db #0x00	; 0
    000002EF 5A                     800 	.db #0x5a	; 90	'Z'
    000002F0 00                     801 	.db #0x00	; 0
    000002F1 00                     802 	.db #0x00	; 0
    000002F2 5A                     803 	.db #0x5a	; 90	'Z'
    000002F3 00                     804 	.db #0x00	; 0
    000002F4 00                     805 	.db #0x00	; 0
    000002F5 5A                     806 	.db #0x5a	; 90	'Z'
    000002F6 00                     807 	.db #0x00	; 0
    000002F7 00                     808 	.db #0x00	; 0
    000002F8 5A                     809 	.db #0x5a	; 90	'Z'
    000002F9 00                     810 	.db #0x00	; 0
    000002FA 00                     811 	.db #0x00	; 0
    000002FB 5A                     812 	.db #0x5a	; 90	'Z'
    000002FC 00                     813 	.db #0x00	; 0
    000002FD 00                     814 	.db #0x00	; 0
    000002FE 5A                     815 	.db #0x5a	; 90	'Z'
    000002FF 00                     816 	.db #0x00	; 0
    00000300 00                     817 	.db #0x00	; 0
    00000301                        818 _P4:
    00000301 28                     819 	.db #0x28	; 40
    00000302 20                     820 	.db #0x20	; 32
    00000303 00                     821 	.db #0x00	; 0
    00000304 5A                     822 	.db #0x5a	; 90	'Z'
    00000305 00                     823 	.db #0x00	; 0
    00000306 00                     824 	.db #0x00	; 0
    00000307 5A                     825 	.db #0x5a	; 90	'Z'
    00000308 00                     826 	.db #0x00	; 0
    00000309 00                     827 	.db #0x00	; 0
    0000030A 5A                     828 	.db #0x5a	; 90	'Z'
    0000030B 00                     829 	.db #0x00	; 0
    0000030C 00                     830 	.db #0x00	; 0
    0000030D 28                     831 	.db #0x28	; 40
    0000030E 20                     832 	.db #0x20	; 32
    0000030F 00                     833 	.db #0x00	; 0
    00000310 5A                     834 	.db #0x5a	; 90	'Z'
    00000311 00                     835 	.db #0x00	; 0
    00000312 00                     836 	.db #0x00	; 0
    00000313 5A                     837 	.db #0x5a	; 90	'Z'
    00000314 00                     838 	.db #0x00	; 0
    00000315 00                     839 	.db #0x00	; 0
    00000316 5A                     840 	.db #0x5a	; 90	'Z'
    00000317 00                     841 	.db #0x00	; 0
    00000318 00                     842 	.db #0x00	; 0
    00000319 2B                     843 	.db #0x2b	; 43
    0000031A 20                     844 	.db #0x20	; 32
    0000031B 00                     845 	.db #0x00	; 0
    0000031C 5A                     846 	.db #0x5a	; 90	'Z'
    0000031D 00                     847 	.db #0x00	; 0
    0000031E 00                     848 	.db #0x00	; 0
    0000031F 5A                     849 	.db #0x5a	; 90	'Z'
    00000320 00                     850 	.db #0x00	; 0
    00000321 00                     851 	.db #0x00	; 0
    00000322 5A                     852 	.db #0x5a	; 90	'Z'
    00000323 00                     853 	.db #0x00	; 0
    00000324 00                     854 	.db #0x00	; 0
    00000325 2B                     855 	.db #0x2b	; 43
    00000326 20                     856 	.db #0x20	; 32
    00000327 00                     857 	.db #0x00	; 0
    00000328 5A                     858 	.db #0x5a	; 90	'Z'
    00000329 00                     859 	.db #0x00	; 0
    0000032A 00                     860 	.db #0x00	; 0
    0000032B 2B                     861 	.db #0x2b	; 43
    0000032C 20                     862 	.db #0x20	; 32
    0000032D 00                     863 	.db #0x00	; 0
    0000032E 5A                     864 	.db #0x5a	; 90	'Z'
    0000032F 00                     865 	.db #0x00	; 0
    00000330 00                     866 	.db #0x00	; 0
    00000331 2B                     867 	.db #0x2b	; 43
    00000332 20                     868 	.db #0x20	; 32
    00000333 00                     869 	.db #0x00	; 0
    00000334 5A                     870 	.db #0x5a	; 90	'Z'
    00000335 00                     871 	.db #0x00	; 0
    00000336 00                     872 	.db #0x00	; 0
    00000337 26                     873 	.db #0x26	; 38
    00000338 20                     874 	.db #0x20	; 32
    00000339 00                     875 	.db #0x00	; 0
    0000033A 5A                     876 	.db #0x5a	; 90	'Z'
    0000033B 00                     877 	.db #0x00	; 0
    0000033C 00                     878 	.db #0x00	; 0
    0000033D 5A                     879 	.db #0x5a	; 90	'Z'
    0000033E 00                     880 	.db #0x00	; 0
    0000033F 00                     881 	.db #0x00	; 0
    00000340 5A                     882 	.db #0x5a	; 90	'Z'
    00000341 00                     883 	.db #0x00	; 0
    00000342 00                     884 	.db #0x00	; 0
    00000343 26                     885 	.db #0x26	; 38
    00000344 20                     886 	.db #0x20	; 32
    00000345 00                     887 	.db #0x00	; 0
    00000346 5A                     888 	.db #0x5a	; 90	'Z'
    00000347 00                     889 	.db #0x00	; 0
    00000348 00                     890 	.db #0x00	; 0
    00000349 5A                     891 	.db #0x5a	; 90	'Z'
    0000034A 00                     892 	.db #0x00	; 0
    0000034B 00                     893 	.db #0x00	; 0
    0000034C 5A                     894 	.db #0x5a	; 90	'Z'
    0000034D 00                     895 	.db #0x00	; 0
    0000034E 00                     896 	.db #0x00	; 0
    0000034F 24                     897 	.db #0x24	; 36
    00000350 20                     898 	.db #0x20	; 32
    00000351 00                     899 	.db #0x00	; 0
    00000352 5A                     900 	.db #0x5a	; 90	'Z'
    00000353 00                     901 	.db #0x00	; 0
    00000354 00                     902 	.db #0x00	; 0
    00000355 21                     903 	.db #0x21	; 33
    00000356 20                     904 	.db #0x20	; 32
    00000357 00                     905 	.db #0x00	; 0
    00000358 5A                     906 	.db #0x5a	; 90	'Z'
    00000359 00                     907 	.db #0x00	; 0
    0000035A 00                     908 	.db #0x00	; 0
    0000035B 24                     909 	.db #0x24	; 36
    0000035C 20                     910 	.db #0x20	; 32
    0000035D 00                     911 	.db #0x00	; 0
    0000035E 5A                     912 	.db #0x5a	; 90	'Z'
    0000035F 00                     913 	.db #0x00	; 0
    00000360 00                     914 	.db #0x00	; 0
    00000361 24                     915 	.db #0x24	; 36
    00000362 20                     916 	.db #0x20	; 32
    00000363 00                     917 	.db #0x00	; 0
    00000364 5A                     918 	.db #0x5a	; 90	'Z'
    00000365 00                     919 	.db #0x00	; 0
    00000366 00                     920 	.db #0x00	; 0
    00000367 5A                     921 	.db #0x5a	; 90	'Z'
    00000368 00                     922 	.db #0x00	; 0
    00000369 00                     923 	.db #0x00	; 0
    0000036A 5A                     924 	.db #0x5a	; 90	'Z'
    0000036B 00                     925 	.db #0x00	; 0
    0000036C 00                     926 	.db #0x00	; 0
    0000036D 24                     927 	.db #0x24	; 36
    0000036E 20                     928 	.db #0x20	; 32
    0000036F 00                     929 	.db #0x00	; 0
    00000370 5A                     930 	.db #0x5a	; 90	'Z'
    00000371 00                     931 	.db #0x00	; 0
    00000372 00                     932 	.db #0x00	; 0
    00000373 26                     933 	.db #0x26	; 38
    00000374 20                     934 	.db #0x20	; 32
    00000375 00                     935 	.db #0x00	; 0
    00000376 5A                     936 	.db #0x5a	; 90	'Z'
    00000377 00                     937 	.db #0x00	; 0
    00000378 00                     938 	.db #0x00	; 0
    00000379 28                     939 	.db #0x28	; 40
    0000037A 20                     940 	.db #0x20	; 32
    0000037B 00                     941 	.db #0x00	; 0
    0000037C 5A                     942 	.db #0x5a	; 90	'Z'
    0000037D 00                     943 	.db #0x00	; 0
    0000037E 00                     944 	.db #0x00	; 0
    0000037F 5A                     945 	.db #0x5a	; 90	'Z'
    00000380 00                     946 	.db #0x00	; 0
    00000381 00                     947 	.db #0x00	; 0
    00000382 5A                     948 	.db #0x5a	; 90	'Z'
    00000383 00                     949 	.db #0x00	; 0
    00000384 00                     950 	.db #0x00	; 0
    00000385 28                     951 	.db #0x28	; 40
    00000386 20                     952 	.db #0x20	; 32
    00000387 00                     953 	.db #0x00	; 0
    00000388 5A                     954 	.db #0x5a	; 90	'Z'
    00000389 00                     955 	.db #0x00	; 0
    0000038A 00                     956 	.db #0x00	; 0
    0000038B 28                     957 	.db #0x28	; 40
    0000038C 20                     958 	.db #0x20	; 32
    0000038D 00                     959 	.db #0x00	; 0
    0000038E 5A                     960 	.db #0x5a	; 90	'Z'
    0000038F 00                     961 	.db #0x00	; 0
    00000390 00                     962 	.db #0x00	; 0
    00000391 21                     963 	.db #0x21	; 33
    00000392 20                     964 	.db #0x20	; 32
    00000393 00                     965 	.db #0x00	; 0
    00000394 5A                     966 	.db #0x5a	; 90	'Z'
    00000395 00                     967 	.db #0x00	; 0
    00000396 00                     968 	.db #0x00	; 0
    00000397 26                     969 	.db #0x26	; 38
    00000398 20                     970 	.db #0x20	; 32
    00000399 00                     971 	.db #0x00	; 0
    0000039A 5A                     972 	.db #0x5a	; 90	'Z'
    0000039B 00                     973 	.db #0x00	; 0
    0000039C 00                     974 	.db #0x00	; 0
    0000039D 5A                     975 	.db #0x5a	; 90	'Z'
    0000039E 00                     976 	.db #0x00	; 0
    0000039F 00                     977 	.db #0x00	; 0
    000003A0 5A                     978 	.db #0x5a	; 90	'Z'
    000003A1 00                     979 	.db #0x00	; 0
    000003A2 00                     980 	.db #0x00	; 0
    000003A3 26                     981 	.db #0x26	; 38
    000003A4 20                     982 	.db #0x20	; 32
    000003A5 00                     983 	.db #0x00	; 0
    000003A6 5A                     984 	.db #0x5a	; 90	'Z'
    000003A7 00                     985 	.db #0x00	; 0
    000003A8 00                     986 	.db #0x00	; 0
    000003A9 5A                     987 	.db #0x5a	; 90	'Z'
    000003AA 00                     988 	.db #0x00	; 0
    000003AB 00                     989 	.db #0x00	; 0
    000003AC 5A                     990 	.db #0x5a	; 90	'Z'
    000003AD 00                     991 	.db #0x00	; 0
    000003AE 00                     992 	.db #0x00	; 0
    000003AF 2D                     993 	.db #0x2d	; 45
    000003B0 20                     994 	.db #0x20	; 32
    000003B1 00                     995 	.db #0x00	; 0
    000003B2 5A                     996 	.db #0x5a	; 90	'Z'
    000003B3 00                     997 	.db #0x00	; 0
    000003B4 00                     998 	.db #0x00	; 0
    000003B5 2B                     999 	.db #0x2b	; 43
    000003B6 20                    1000 	.db #0x20	; 32
    000003B7 00                    1001 	.db #0x00	; 0
    000003B8 5A                    1002 	.db #0x5a	; 90	'Z'
    000003B9 00                    1003 	.db #0x00	; 0
    000003BA 00                    1004 	.db #0x00	; 0
    000003BB 2A                    1005 	.db #0x2a	; 42
    000003BC 20                    1006 	.db #0x20	; 32
    000003BD 00                    1007 	.db #0x00	; 0
    000003BE 5A                    1008 	.db #0x5a	; 90	'Z'
    000003BF 00                    1009 	.db #0x00	; 0
    000003C0 00                    1010 	.db #0x00	; 0
    000003C1                       1011 _P5:
    000003C1 1C                    1012 	.db #0x1c	; 28
    000003C2 10                    1013 	.db #0x10	; 16
    000003C3 00                    1014 	.db #0x00	; 0
    000003C4 5A                    1015 	.db #0x5a	; 90	'Z'
    000003C5 00                    1016 	.db #0x00	; 0
    000003C6 00                    1017 	.db #0x00	; 0
    000003C7 5A                    1018 	.db #0x5a	; 90	'Z'
    000003C8 0C                    1019 	.db #0x0c	; 12
    000003C9 08                    1020 	.db #0x08	; 8
    000003CA 5A                    1021 	.db #0x5a	; 90	'Z'
    000003CB 00                    1022 	.db #0x00	; 0
    000003CC 00                    1023 	.db #0x00	; 0
    000003CD 1C                    1024 	.db #0x1c	; 28
    000003CE 10                    1025 	.db #0x10	; 16
    000003CF 00                    1026 	.db #0x00	; 0
    000003D0 5A                    1027 	.db #0x5a	; 90	'Z'
    000003D1 00                    1028 	.db #0x00	; 0
    000003D2 00                    1029 	.db #0x00	; 0
    000003D3 5A                    1030 	.db #0x5a	; 90	'Z'
    000003D4 0C                    1031 	.db #0x0c	; 12
    000003D5 08                    1032 	.db #0x08	; 8
    000003D6 5A                    1033 	.db #0x5a	; 90	'Z'
    000003D7 00                    1034 	.db #0x00	; 0
    000003D8 00                    1035 	.db #0x00	; 0
    000003D9 1F                    1036 	.db #0x1f	; 31
    000003DA 10                    1037 	.db #0x10	; 16
    000003DB 00                    1038 	.db #0x00	; 0
    000003DC 5A                    1039 	.db #0x5a	; 90	'Z'
    000003DD 00                    1040 	.db #0x00	; 0
    000003DE 00                    1041 	.db #0x00	; 0
    000003DF 5A                    1042 	.db #0x5a	; 90	'Z'
    000003E0 0C                    1043 	.db #0x0c	; 12
    000003E1 08                    1044 	.db #0x08	; 8
    000003E2 5A                    1045 	.db #0x5a	; 90	'Z'
    000003E3 00                    1046 	.db #0x00	; 0
    000003E4 00                    1047 	.db #0x00	; 0
    000003E5 1F                    1048 	.db #0x1f	; 31
    000003E6 10                    1049 	.db #0x10	; 16
    000003E7 00                    1050 	.db #0x00	; 0
    000003E8 5A                    1051 	.db #0x5a	; 90	'Z'
    000003E9 00                    1052 	.db #0x00	; 0
    000003EA 00                    1053 	.db #0x00	; 0
    000003EB 5A                    1054 	.db #0x5a	; 90	'Z'
    000003EC 0C                    1055 	.db #0x0c	; 12
    000003ED 08                    1056 	.db #0x08	; 8
    000003EE 5A                    1057 	.db #0x5a	; 90	'Z'
    000003EF 00                    1058 	.db #0x00	; 0
    000003F0 00                    1059 	.db #0x00	; 0
    000003F1 1F                    1060 	.db #0x1f	; 31
    000003F2 10                    1061 	.db #0x10	; 16
    000003F3 00                    1062 	.db #0x00	; 0
    000003F4 5A                    1063 	.db #0x5a	; 90	'Z'
    000003F5 00                    1064 	.db #0x00	; 0
    000003F6 00                    1065 	.db #0x00	; 0
    000003F7 1A                    1066 	.db #0x1a	; 26
    000003F8 10                    1067 	.db #0x10	; 16
    000003F9 00                    1068 	.db #0x00	; 0
    000003FA 5A                    1069 	.db #0x5a	; 90	'Z'
    000003FB 00                    1070 	.db #0x00	; 0
    000003FC 00                    1071 	.db #0x00	; 0
    000003FD 5A                    1072 	.db #0x5a	; 90	'Z'
    000003FE 0C                    1073 	.db #0x0c	; 12
    000003FF 08                    1074 	.db #0x08	; 8
    00000400 5A                    1075 	.db #0x5a	; 90	'Z'
    00000401 00                    1076 	.db #0x00	; 0
    00000402 00                    1077 	.db #0x00	; 0
    00000403 1A                    1078 	.db #0x1a	; 26
    00000404 10                    1079 	.db #0x10	; 16
    00000405 00                    1080 	.db #0x00	; 0
    00000406 5A                    1081 	.db #0x5a	; 90	'Z'
    00000407 00                    1082 	.db #0x00	; 0
    00000408 00                    1083 	.db #0x00	; 0
    00000409 5A                    1084 	.db #0x5a	; 90	'Z'
    0000040A 0C                    1085 	.db #0x0c	; 12
    0000040B 08                    1086 	.db #0x08	; 8
    0000040C 5A                    1087 	.db #0x5a	; 90	'Z'
    0000040D 00                    1088 	.db #0x00	; 0
    0000040E 00                    1089 	.db #0x00	; 0
    0000040F 18                    1090 	.db #0x18	; 24
    00000410 10                    1091 	.db #0x10	; 16
    00000411 00                    1092 	.db #0x00	; 0
    00000412 5A                    1093 	.db #0x5a	; 90	'Z'
    00000413 00                    1094 	.db #0x00	; 0
    00000414 00                    1095 	.db #0x00	; 0
    00000415 15                    1096 	.db #0x15	; 21
    00000416 10                    1097 	.db #0x10	; 16
    00000417 00                    1098 	.db #0x00	; 0
    00000418 5A                    1099 	.db #0x5a	; 90	'Z'
    00000419 00                    1100 	.db #0x00	; 0
    0000041A 00                    1101 	.db #0x00	; 0
    0000041B 18                    1102 	.db #0x18	; 24
    0000041C 10                    1103 	.db #0x10	; 16
    0000041D 00                    1104 	.db #0x00	; 0
    0000041E 5A                    1105 	.db #0x5a	; 90	'Z'
    0000041F 00                    1106 	.db #0x00	; 0
    00000420 00                    1107 	.db #0x00	; 0
    00000421 18                    1108 	.db #0x18	; 24
    00000422 10                    1109 	.db #0x10	; 16
    00000423 00                    1110 	.db #0x00	; 0
    00000424 5A                    1111 	.db #0x5a	; 90	'Z'
    00000425 00                    1112 	.db #0x00	; 0
    00000426 00                    1113 	.db #0x00	; 0
    00000427 5A                    1114 	.db #0x5a	; 90	'Z'
    00000428 0C                    1115 	.db #0x0c	; 12
    00000429 08                    1116 	.db #0x08	; 8
    0000042A 5A                    1117 	.db #0x5a	; 90	'Z'
    0000042B 00                    1118 	.db #0x00	; 0
    0000042C 00                    1119 	.db #0x00	; 0
    0000042D 18                    1120 	.db #0x18	; 24
    0000042E 10                    1121 	.db #0x10	; 16
    0000042F 00                    1122 	.db #0x00	; 0
    00000430 5A                    1123 	.db #0x5a	; 90	'Z'
    00000431 00                    1124 	.db #0x00	; 0
    00000432 00                    1125 	.db #0x00	; 0
    00000433 1A                    1126 	.db #0x1a	; 26
    00000434 10                    1127 	.db #0x10	; 16
    00000435 00                    1128 	.db #0x00	; 0
    00000436 5A                    1129 	.db #0x5a	; 90	'Z'
    00000437 00                    1130 	.db #0x00	; 0
    00000438 00                    1131 	.db #0x00	; 0
    00000439 1C                    1132 	.db #0x1c	; 28
    0000043A 10                    1133 	.db #0x10	; 16
    0000043B 00                    1134 	.db #0x00	; 0
    0000043C 5A                    1135 	.db #0x5a	; 90	'Z'
    0000043D 00                    1136 	.db #0x00	; 0
    0000043E 00                    1137 	.db #0x00	; 0
    0000043F 5A                    1138 	.db #0x5a	; 90	'Z'
    00000440 0C                    1139 	.db #0x0c	; 12
    00000441 08                    1140 	.db #0x08	; 8
    00000442 5A                    1141 	.db #0x5a	; 90	'Z'
    00000443 00                    1142 	.db #0x00	; 0
    00000444 00                    1143 	.db #0x00	; 0
    00000445 1C                    1144 	.db #0x1c	; 28
    00000446 10                    1145 	.db #0x10	; 16
    00000447 00                    1146 	.db #0x00	; 0
    00000448 5A                    1147 	.db #0x5a	; 90	'Z'
    00000449 00                    1148 	.db #0x00	; 0
    0000044A 00                    1149 	.db #0x00	; 0
    0000044B 1C                    1150 	.db #0x1c	; 28
    0000044C 10                    1151 	.db #0x10	; 16
    0000044D 00                    1152 	.db #0x00	; 0
    0000044E 5A                    1153 	.db #0x5a	; 90	'Z'
    0000044F 00                    1154 	.db #0x00	; 0
    00000450 00                    1155 	.db #0x00	; 0
    00000451 15                    1156 	.db #0x15	; 21
    00000452 10                    1157 	.db #0x10	; 16
    00000453 00                    1158 	.db #0x00	; 0
    00000454 5A                    1159 	.db #0x5a	; 90	'Z'
    00000455 00                    1160 	.db #0x00	; 0
    00000456 00                    1161 	.db #0x00	; 0
    00000457 1A                    1162 	.db #0x1a	; 26
    00000458 10                    1163 	.db #0x10	; 16
    00000459 00                    1164 	.db #0x00	; 0
    0000045A 5A                    1165 	.db #0x5a	; 90	'Z'
    0000045B 00                    1166 	.db #0x00	; 0
    0000045C 00                    1167 	.db #0x00	; 0
    0000045D 5A                    1168 	.db #0x5a	; 90	'Z'
    0000045E 0C                    1169 	.db #0x0c	; 12
    0000045F 08                    1170 	.db #0x08	; 8
    00000460 5A                    1171 	.db #0x5a	; 90	'Z'
    00000461 00                    1172 	.db #0x00	; 0
    00000462 00                    1173 	.db #0x00	; 0
    00000463 1A                    1174 	.db #0x1a	; 26
    00000464 10                    1175 	.db #0x10	; 16
    00000465 00                    1176 	.db #0x00	; 0
    00000466 5A                    1177 	.db #0x5a	; 90	'Z'
    00000467 00                    1178 	.db #0x00	; 0
    00000468 00                    1179 	.db #0x00	; 0
    00000469 5A                    1180 	.db #0x5a	; 90	'Z'
    0000046A 0C                    1181 	.db #0x0c	; 12
    0000046B 07                    1182 	.db #0x07	; 7
    0000046C 5A                    1183 	.db #0x5a	; 90	'Z'
    0000046D 00                    1184 	.db #0x00	; 0
    0000046E 00                    1185 	.db #0x00	; 0
    0000046F 21                    1186 	.db #0x21	; 33
    00000470 10                    1187 	.db #0x10	; 16
    00000471 00                    1188 	.db #0x00	; 0
    00000472 5A                    1189 	.db #0x5a	; 90	'Z'
    00000473 00                    1190 	.db #0x00	; 0
    00000474 00                    1191 	.db #0x00	; 0
    00000475 1F                    1192 	.db #0x1f	; 31
    00000476 10                    1193 	.db #0x10	; 16
    00000477 00                    1194 	.db #0x00	; 0
    00000478 5A                    1195 	.db #0x5a	; 90	'Z'
    00000479 00                    1196 	.db #0x00	; 0
    0000047A 00                    1197 	.db #0x00	; 0
    0000047B 1E                    1198 	.db #0x1e	; 30
    0000047C 10                    1199 	.db #0x10	; 16
    0000047D 00                    1200 	.db #0x00	; 0
    0000047E 5A                    1201 	.db #0x5a	; 90	'Z'
    0000047F 00                    1202 	.db #0x00	; 0
    00000480 00                    1203 	.db #0x00	; 0
    00000481                       1204 _P10:
    00000481 1F                    1205 	.db #0x1f	; 31
    00000482 20                    1206 	.db #0x20	; 32
    00000483 00                    1207 	.db #0x00	; 0
    00000484 5A                    1208 	.db #0x5a	; 90	'Z'
    00000485 00                    1209 	.db #0x00	; 0
    00000486 00                    1210 	.db #0x00	; 0
    00000487 1D                    1211 	.db #0x1d	; 29
    00000488 10                    1212 	.db #0x10	; 16
    00000489 00                    1213 	.db #0x00	; 0
    0000048A 5A                    1214 	.db #0x5a	; 90	'Z'
    0000048B 00                    1215 	.db #0x00	; 0
    0000048C 00                    1216 	.db #0x00	; 0
    0000048D 1F                    1217 	.db #0x1f	; 31
    0000048E 70                    1218 	.db #0x70	; 112	'p'
    0000048F 00                    1219 	.db #0x00	; 0
    00000490 5A                    1220 	.db #0x5a	; 90	'Z'
    00000491 00                    1221 	.db #0x00	; 0
    00000492 00                    1222 	.db #0x00	; 0
    00000493 1D                    1223 	.db #0x1d	; 29
    00000494 10                    1224 	.db #0x10	; 16
    00000495 00                    1225 	.db #0x00	; 0
    00000496 5A                    1226 	.db #0x5a	; 90	'Z'
    00000497 00                    1227 	.db #0x00	; 0
    00000498 00                    1228 	.db #0x00	; 0
    00000499 1F                    1229 	.db #0x1f	; 31
    0000049A 20                    1230 	.db #0x20	; 32
    0000049B 00                    1231 	.db #0x00	; 0
    0000049C 5A                    1232 	.db #0x5a	; 90	'Z'
    0000049D 00                    1233 	.db #0x00	; 0
    0000049E 00                    1234 	.db #0x00	; 0
    0000049F 1D                    1235 	.db #0x1d	; 29
    000004A0 10                    1236 	.db #0x10	; 16
    000004A1 00                    1237 	.db #0x00	; 0
    000004A2 5A                    1238 	.db #0x5a	; 90	'Z'
    000004A3 00                    1239 	.db #0x00	; 0
    000004A4 00                    1240 	.db #0x00	; 0
    000004A5 1F                    1241 	.db #0x1f	; 31
    000004A6 70                    1242 	.db #0x70	; 112	'p'
    000004A7 00                    1243 	.db #0x00	; 0
    000004A8 5A                    1244 	.db #0x5a	; 90	'Z'
    000004A9 00                    1245 	.db #0x00	; 0
    000004AA 00                    1246 	.db #0x00	; 0
    000004AB 1D                    1247 	.db #0x1d	; 29
    000004AC 10                    1248 	.db #0x10	; 16
    000004AD 00                    1249 	.db #0x00	; 0
    000004AE 5A                    1250 	.db #0x5a	; 90	'Z'
    000004AF 00                    1251 	.db #0x00	; 0
    000004B0 00                    1252 	.db #0x00	; 0
    000004B1 1F                    1253 	.db #0x1f	; 31
    000004B2 20                    1254 	.db #0x20	; 32
    000004B3 00                    1255 	.db #0x00	; 0
    000004B4 5A                    1256 	.db #0x5a	; 90	'Z'
    000004B5 00                    1257 	.db #0x00	; 0
    000004B6 00                    1258 	.db #0x00	; 0
    000004B7 1D                    1259 	.db #0x1d	; 29
    000004B8 10                    1260 	.db #0x10	; 16
    000004B9 00                    1261 	.db #0x00	; 0
    000004BA 5A                    1262 	.db #0x5a	; 90	'Z'
    000004BB 00                    1263 	.db #0x00	; 0
    000004BC 00                    1264 	.db #0x00	; 0
    000004BD 1F                    1265 	.db #0x1f	; 31
    000004BE 70                    1266 	.db #0x70	; 112	'p'
    000004BF 00                    1267 	.db #0x00	; 0
    000004C0 5A                    1268 	.db #0x5a	; 90	'Z'
    000004C1 00                    1269 	.db #0x00	; 0
    000004C2 00                    1270 	.db #0x00	; 0
    000004C3 1D                    1271 	.db #0x1d	; 29
    000004C4 10                    1272 	.db #0x10	; 16
    000004C5 00                    1273 	.db #0x00	; 0
    000004C6 5A                    1274 	.db #0x5a	; 90	'Z'
    000004C7 00                    1275 	.db #0x00	; 0
    000004C8 00                    1276 	.db #0x00	; 0
    000004C9 1F                    1277 	.db #0x1f	; 31
    000004CA 20                    1278 	.db #0x20	; 32
    000004CB 00                    1279 	.db #0x00	; 0
    000004CC 5A                    1280 	.db #0x5a	; 90	'Z'
    000004CD 00                    1281 	.db #0x00	; 0
    000004CE 00                    1282 	.db #0x00	; 0
    000004CF 1D                    1283 	.db #0x1d	; 29
    000004D0 10                    1284 	.db #0x10	; 16
    000004D1 00                    1285 	.db #0x00	; 0
    000004D2 5A                    1286 	.db #0x5a	; 90	'Z'
    000004D3 00                    1287 	.db #0x00	; 0
    000004D4 00                    1288 	.db #0x00	; 0
    000004D5 1F                    1289 	.db #0x1f	; 31
    000004D6 70                    1290 	.db #0x70	; 112	'p'
    000004D7 00                    1291 	.db #0x00	; 0
    000004D8 5A                    1292 	.db #0x5a	; 90	'Z'
    000004D9 00                    1293 	.db #0x00	; 0
    000004DA 00                    1294 	.db #0x00	; 0
    000004DB 1D                    1295 	.db #0x1d	; 29
    000004DC 10                    1296 	.db #0x10	; 16
    000004DD 00                    1297 	.db #0x00	; 0
    000004DE 5A                    1298 	.db #0x5a	; 90	'Z'
    000004DF 00                    1299 	.db #0x00	; 0
    000004E0 00                    1300 	.db #0x00	; 0
    000004E1 1F                    1301 	.db #0x1f	; 31
    000004E2 20                    1302 	.db #0x20	; 32
    000004E3 00                    1303 	.db #0x00	; 0
    000004E4 5A                    1304 	.db #0x5a	; 90	'Z'
    000004E5 00                    1305 	.db #0x00	; 0
    000004E6 00                    1306 	.db #0x00	; 0
    000004E7 1D                    1307 	.db #0x1d	; 29
    000004E8 10                    1308 	.db #0x10	; 16
    000004E9 00                    1309 	.db #0x00	; 0
    000004EA 5A                    1310 	.db #0x5a	; 90	'Z'
    000004EB 00                    1311 	.db #0x00	; 0
    000004EC 00                    1312 	.db #0x00	; 0
    000004ED 1F                    1313 	.db #0x1f	; 31
    000004EE 70                    1314 	.db #0x70	; 112	'p'
    000004EF 00                    1315 	.db #0x00	; 0
    000004F0 5A                    1316 	.db #0x5a	; 90	'Z'
    000004F1 00                    1317 	.db #0x00	; 0
    000004F2 00                    1318 	.db #0x00	; 0
    000004F3 1D                    1319 	.db #0x1d	; 29
    000004F4 10                    1320 	.db #0x10	; 16
    000004F5 00                    1321 	.db #0x00	; 0
    000004F6 5A                    1322 	.db #0x5a	; 90	'Z'
    000004F7 00                    1323 	.db #0x00	; 0
    000004F8 00                    1324 	.db #0x00	; 0
    000004F9 1F                    1325 	.db #0x1f	; 31
    000004FA 20                    1326 	.db #0x20	; 32
    000004FB 00                    1327 	.db #0x00	; 0
    000004FC 5A                    1328 	.db #0x5a	; 90	'Z'
    000004FD 00                    1329 	.db #0x00	; 0
    000004FE 00                    1330 	.db #0x00	; 0
    000004FF 1D                    1331 	.db #0x1d	; 29
    00000500 10                    1332 	.db #0x10	; 16
    00000501 00                    1333 	.db #0x00	; 0
    00000502 5A                    1334 	.db #0x5a	; 90	'Z'
    00000503 00                    1335 	.db #0x00	; 0
    00000504 00                    1336 	.db #0x00	; 0
    00000505 1F                    1337 	.db #0x1f	; 31
    00000506 70                    1338 	.db #0x70	; 112	'p'
    00000507 00                    1339 	.db #0x00	; 0
    00000508 5A                    1340 	.db #0x5a	; 90	'Z'
    00000509 00                    1341 	.db #0x00	; 0
    0000050A 00                    1342 	.db #0x00	; 0
    0000050B 1D                    1343 	.db #0x1d	; 29
    0000050C 10                    1344 	.db #0x10	; 16
    0000050D 00                    1345 	.db #0x00	; 0
    0000050E 5A                    1346 	.db #0x5a	; 90	'Z'
    0000050F 00                    1347 	.db #0x00	; 0
    00000510 00                    1348 	.db #0x00	; 0
    00000511 1F                    1349 	.db #0x1f	; 31
    00000512 20                    1350 	.db #0x20	; 32
    00000513 00                    1351 	.db #0x00	; 0
    00000514 5A                    1352 	.db #0x5a	; 90	'Z'
    00000515 00                    1353 	.db #0x00	; 0
    00000516 00                    1354 	.db #0x00	; 0
    00000517 1D                    1355 	.db #0x1d	; 29
    00000518 10                    1356 	.db #0x10	; 16
    00000519 00                    1357 	.db #0x00	; 0
    0000051A 5A                    1358 	.db #0x5a	; 90	'Z'
    0000051B 00                    1359 	.db #0x00	; 0
    0000051C 00                    1360 	.db #0x00	; 0
    0000051D 1F                    1361 	.db #0x1f	; 31
    0000051E 70                    1362 	.db #0x70	; 112	'p'
    0000051F 00                    1363 	.db #0x00	; 0
    00000520 5A                    1364 	.db #0x5a	; 90	'Z'
    00000521 00                    1365 	.db #0x00	; 0
    00000522 00                    1366 	.db #0x00	; 0
    00000523 1D                    1367 	.db #0x1d	; 29
    00000524 10                    1368 	.db #0x10	; 16
    00000525 00                    1369 	.db #0x00	; 0
    00000526 5A                    1370 	.db #0x5a	; 90	'Z'
    00000527 00                    1371 	.db #0x00	; 0
    00000528 00                    1372 	.db #0x00	; 0
    00000529 1F                    1373 	.db #0x1f	; 31
    0000052A 20                    1374 	.db #0x20	; 32
    0000052B 00                    1375 	.db #0x00	; 0
    0000052C 5A                    1376 	.db #0x5a	; 90	'Z'
    0000052D 00                    1377 	.db #0x00	; 0
    0000052E 00                    1378 	.db #0x00	; 0
    0000052F 1D                    1379 	.db #0x1d	; 29
    00000530 10                    1380 	.db #0x10	; 16
    00000531 00                    1381 	.db #0x00	; 0
    00000532 5A                    1382 	.db #0x5a	; 90	'Z'
    00000533 00                    1383 	.db #0x00	; 0
    00000534 00                    1384 	.db #0x00	; 0
    00000535 1F                    1385 	.db #0x1f	; 31
    00000536 70                    1386 	.db #0x70	; 112	'p'
    00000537 00                    1387 	.db #0x00	; 0
    00000538 5A                    1388 	.db #0x5a	; 90	'Z'
    00000539 00                    1389 	.db #0x00	; 0
    0000053A 00                    1390 	.db #0x00	; 0
    0000053B 1D                    1391 	.db #0x1d	; 29
    0000053C 10                    1392 	.db #0x10	; 16
    0000053D 00                    1393 	.db #0x00	; 0
    0000053E 5A                    1394 	.db #0x5a	; 90	'Z'
    0000053F 00                    1395 	.db #0x00	; 0
    00000540 00                    1396 	.db #0x00	; 0
    00000541                       1397 _P11:
    00000541 10                    1398 	.db #0x10	; 16
    00000542 C0                    1399 	.db #0xc0	; 192
    00000543 00                    1400 	.db #0x00	; 0
    00000544 5A                    1401 	.db #0x5a	; 90	'Z'
    00000545 00                    1402 	.db #0x00	; 0
    00000546 00                    1403 	.db #0x00	; 0
    00000547 10                    1404 	.db #0x10	; 16
    00000548 90                    1405 	.db #0x90	; 144
    00000549 00                    1406 	.db #0x00	; 0
    0000054A 5A                    1407 	.db #0x5a	; 90	'Z'
    0000054B 00                    1408 	.db #0x00	; 0
    0000054C 00                    1409 	.db #0x00	; 0
    0000054D 10                    1410 	.db #0x10	; 16
    0000054E C0                    1411 	.db #0xc0	; 192
    0000054F 00                    1412 	.db #0x00	; 0
    00000550 5A                    1413 	.db #0x5a	; 90	'Z'
    00000551 00                    1414 	.db #0x00	; 0
    00000552 00                    1415 	.db #0x00	; 0
    00000553 10                    1416 	.db #0x10	; 16
    00000554 90                    1417 	.db #0x90	; 144
    00000555 00                    1418 	.db #0x00	; 0
    00000556 5A                    1419 	.db #0x5a	; 90	'Z'
    00000557 00                    1420 	.db #0x00	; 0
    00000558 00                    1421 	.db #0x00	; 0
    00000559 10                    1422 	.db #0x10	; 16
    0000055A C0                    1423 	.db #0xc0	; 192
    0000055B 00                    1424 	.db #0x00	; 0
    0000055C 5A                    1425 	.db #0x5a	; 90	'Z'
    0000055D 00                    1426 	.db #0x00	; 0
    0000055E 00                    1427 	.db #0x00	; 0
    0000055F 10                    1428 	.db #0x10	; 16
    00000560 90                    1429 	.db #0x90	; 144
    00000561 00                    1430 	.db #0x00	; 0
    00000562 5A                    1431 	.db #0x5a	; 90	'Z'
    00000563 00                    1432 	.db #0x00	; 0
    00000564 00                    1433 	.db #0x00	; 0
    00000565 13                    1434 	.db #0x13	; 19
    00000566 C0                    1435 	.db #0xc0	; 192
    00000567 00                    1436 	.db #0x00	; 0
    00000568 5A                    1437 	.db #0x5a	; 90	'Z'
    00000569 00                    1438 	.db #0x00	; 0
    0000056A 00                    1439 	.db #0x00	; 0
    0000056B 13                    1440 	.db #0x13	; 19
    0000056C 90                    1441 	.db #0x90	; 144
    0000056D 00                    1442 	.db #0x00	; 0
    0000056E 5A                    1443 	.db #0x5a	; 90	'Z'
    0000056F 00                    1444 	.db #0x00	; 0
    00000570 00                    1445 	.db #0x00	; 0
    00000571 0E                    1446 	.db #0x0e	; 14
    00000572 C0                    1447 	.db #0xc0	; 192
    00000573 00                    1448 	.db #0x00	; 0
    00000574 5A                    1449 	.db #0x5a	; 90	'Z'
    00000575 00                    1450 	.db #0x00	; 0
    00000576 00                    1451 	.db #0x00	; 0
    00000577 0E                    1452 	.db #0x0e	; 14
    00000578 90                    1453 	.db #0x90	; 144
    00000579 00                    1454 	.db #0x00	; 0
    0000057A 5A                    1455 	.db #0x5a	; 90	'Z'
    0000057B 00                    1456 	.db #0x00	; 0
    0000057C 00                    1457 	.db #0x00	; 0
    0000057D 0E                    1458 	.db #0x0e	; 14
    0000057E C0                    1459 	.db #0xc0	; 192
    0000057F 00                    1460 	.db #0x00	; 0
    00000580 5A                    1461 	.db #0x5a	; 90	'Z'
    00000581 00                    1462 	.db #0x00	; 0
    00000582 00                    1463 	.db #0x00	; 0
    00000583 0E                    1464 	.db #0x0e	; 14
    00000584 90                    1465 	.db #0x90	; 144
    00000585 00                    1466 	.db #0x00	; 0
    00000586 5A                    1467 	.db #0x5a	; 90	'Z'
    00000587 00                    1468 	.db #0x00	; 0
    00000588 00                    1469 	.db #0x00	; 0
    00000589 0E                    1470 	.db #0x0e	; 14
    0000058A C0                    1471 	.db #0xc0	; 192
    0000058B 00                    1472 	.db #0x00	; 0
    0000058C 5A                    1473 	.db #0x5a	; 90	'Z'
    0000058D 00                    1474 	.db #0x00	; 0
    0000058E 00                    1475 	.db #0x00	; 0
    0000058F 0E                    1476 	.db #0x0e	; 14
    00000590 90                    1477 	.db #0x90	; 144
    00000591 00                    1478 	.db #0x00	; 0
    00000592 5A                    1479 	.db #0x5a	; 90	'Z'
    00000593 00                    1480 	.db #0x00	; 0
    00000594 00                    1481 	.db #0x00	; 0
    00000595 0E                    1482 	.db #0x0e	; 14
    00000596 C0                    1483 	.db #0xc0	; 192
    00000597 00                    1484 	.db #0x00	; 0
    00000598 5A                    1485 	.db #0x5a	; 90	'Z'
    00000599 00                    1486 	.db #0x00	; 0
    0000059A 00                    1487 	.db #0x00	; 0
    0000059B 0E                    1488 	.db #0x0e	; 14
    0000059C 90                    1489 	.db #0x90	; 144
    0000059D 00                    1490 	.db #0x00	; 0
    0000059E 5A                    1491 	.db #0x5a	; 90	'Z'
    0000059F 00                    1492 	.db #0x00	; 0
    000005A0 00                    1493 	.db #0x00	; 0
    000005A1 0C                    1494 	.db #0x0c	; 12
    000005A2 C0                    1495 	.db #0xc0	; 192
    000005A3 00                    1496 	.db #0x00	; 0
    000005A4 5A                    1497 	.db #0x5a	; 90	'Z'
    000005A5 00                    1498 	.db #0x00	; 0
    000005A6 00                    1499 	.db #0x00	; 0
    000005A7 0C                    1500 	.db #0x0c	; 12
    000005A8 90                    1501 	.db #0x90	; 144
    000005A9 00                    1502 	.db #0x00	; 0
    000005AA 5A                    1503 	.db #0x5a	; 90	'Z'
    000005AB 00                    1504 	.db #0x00	; 0
    000005AC 00                    1505 	.db #0x00	; 0
    000005AD 0C                    1506 	.db #0x0c	; 12
    000005AE C0                    1507 	.db #0xc0	; 192
    000005AF 00                    1508 	.db #0x00	; 0
    000005B0 5A                    1509 	.db #0x5a	; 90	'Z'
    000005B1 00                    1510 	.db #0x00	; 0
    000005B2 00                    1511 	.db #0x00	; 0
    000005B3 0C                    1512 	.db #0x0c	; 12
    000005B4 90                    1513 	.db #0x90	; 144
    000005B5 00                    1514 	.db #0x00	; 0
    000005B6 5A                    1515 	.db #0x5a	; 90	'Z'
    000005B7 00                    1516 	.db #0x00	; 0
    000005B8 00                    1517 	.db #0x00	; 0
    000005B9 0C                    1518 	.db #0x0c	; 12
    000005BA C0                    1519 	.db #0xc0	; 192
    000005BB 00                    1520 	.db #0x00	; 0
    000005BC 5A                    1521 	.db #0x5a	; 90	'Z'
    000005BD 00                    1522 	.db #0x00	; 0
    000005BE 00                    1523 	.db #0x00	; 0
    000005BF 0C                    1524 	.db #0x0c	; 12
    000005C0 90                    1525 	.db #0x90	; 144
    000005C1 00                    1526 	.db #0x00	; 0
    000005C2 5A                    1527 	.db #0x5a	; 90	'Z'
    000005C3 00                    1528 	.db #0x00	; 0
    000005C4 00                    1529 	.db #0x00	; 0
    000005C5 0C                    1530 	.db #0x0c	; 12
    000005C6 C0                    1531 	.db #0xc0	; 192
    000005C7 00                    1532 	.db #0x00	; 0
    000005C8 5A                    1533 	.db #0x5a	; 90	'Z'
    000005C9 00                    1534 	.db #0x00	; 0
    000005CA 00                    1535 	.db #0x00	; 0
    000005CB 0C                    1536 	.db #0x0c	; 12
    000005CC 90                    1537 	.db #0x90	; 144
    000005CD 00                    1538 	.db #0x00	; 0
    000005CE 5A                    1539 	.db #0x5a	; 90	'Z'
    000005CF 00                    1540 	.db #0x00	; 0
    000005D0 00                    1541 	.db #0x00	; 0
    000005D1 0E                    1542 	.db #0x0e	; 14
    000005D2 C0                    1543 	.db #0xc0	; 192
    000005D3 00                    1544 	.db #0x00	; 0
    000005D4 5A                    1545 	.db #0x5a	; 90	'Z'
    000005D5 00                    1546 	.db #0x00	; 0
    000005D6 00                    1547 	.db #0x00	; 0
    000005D7 0E                    1548 	.db #0x0e	; 14
    000005D8 90                    1549 	.db #0x90	; 144
    000005D9 00                    1550 	.db #0x00	; 0
    000005DA 5A                    1551 	.db #0x5a	; 90	'Z'
    000005DB 00                    1552 	.db #0x00	; 0
    000005DC 00                    1553 	.db #0x00	; 0
    000005DD 0E                    1554 	.db #0x0e	; 14
    000005DE C0                    1555 	.db #0xc0	; 192
    000005DF 00                    1556 	.db #0x00	; 0
    000005E0 5A                    1557 	.db #0x5a	; 90	'Z'
    000005E1 00                    1558 	.db #0x00	; 0
    000005E2 00                    1559 	.db #0x00	; 0
    000005E3 0E                    1560 	.db #0x0e	; 14
    000005E4 90                    1561 	.db #0x90	; 144
    000005E5 00                    1562 	.db #0x00	; 0
    000005E6 5A                    1563 	.db #0x5a	; 90	'Z'
    000005E7 00                    1564 	.db #0x00	; 0
    000005E8 00                    1565 	.db #0x00	; 0
    000005E9 0E                    1566 	.db #0x0e	; 14
    000005EA C0                    1567 	.db #0xc0	; 192
    000005EB 00                    1568 	.db #0x00	; 0
    000005EC 5A                    1569 	.db #0x5a	; 90	'Z'
    000005ED 00                    1570 	.db #0x00	; 0
    000005EE 00                    1571 	.db #0x00	; 0
    000005EF 0E                    1572 	.db #0x0e	; 14
    000005F0 90                    1573 	.db #0x90	; 144
    000005F1 00                    1574 	.db #0x00	; 0
    000005F2 5A                    1575 	.db #0x5a	; 90	'Z'
    000005F3 00                    1576 	.db #0x00	; 0
    000005F4 00                    1577 	.db #0x00	; 0
    000005F5 13                    1578 	.db #0x13	; 19
    000005F6 C0                    1579 	.db #0xc0	; 192
    000005F7 00                    1580 	.db #0x00	; 0
    000005F8 5A                    1581 	.db #0x5a	; 90	'Z'
    000005F9 00                    1582 	.db #0x00	; 0
    000005FA 00                    1583 	.db #0x00	; 0
    000005FB 13                    1584 	.db #0x13	; 19
    000005FC 90                    1585 	.db #0x90	; 144
    000005FD 00                    1586 	.db #0x00	; 0
    000005FE 5A                    1587 	.db #0x5a	; 90	'Z'
    000005FF 00                    1588 	.db #0x00	; 0
    00000600 00                    1589 	.db #0x00	; 0
    00000601                       1590 _P13:
    00000601 28                    1591 	.db #0x28	; 40
    00000602 20                    1592 	.db #0x20	; 32
    00000603 00                    1593 	.db #0x00	; 0
    00000604 5A                    1594 	.db #0x5a	; 90	'Z'
    00000605 00                    1595 	.db #0x00	; 0
    00000606 00                    1596 	.db #0x00	; 0
    00000607 5A                    1597 	.db #0x5a	; 90	'Z'
    00000608 00                    1598 	.db #0x00	; 0
    00000609 00                    1599 	.db #0x00	; 0
    0000060A 5A                    1600 	.db #0x5a	; 90	'Z'
    0000060B 00                    1601 	.db #0x00	; 0
    0000060C 00                    1602 	.db #0x00	; 0
    0000060D 5A                    1603 	.db #0x5a	; 90	'Z'
    0000060E 00                    1604 	.db #0x00	; 0
    0000060F 00                    1605 	.db #0x00	; 0
    00000610 5A                    1606 	.db #0x5a	; 90	'Z'
    00000611 00                    1607 	.db #0x00	; 0
    00000612 00                    1608 	.db #0x00	; 0
    00000613 5A                    1609 	.db #0x5a	; 90	'Z'
    00000614 00                    1610 	.db #0x00	; 0
    00000615 00                    1611 	.db #0x00	; 0
    00000616 5A                    1612 	.db #0x5a	; 90	'Z'
    00000617 00                    1613 	.db #0x00	; 0
    00000618 00                    1614 	.db #0x00	; 0
    00000619 5A                    1615 	.db #0x5a	; 90	'Z'
    0000061A 00                    1616 	.db #0x00	; 0
    0000061B 00                    1617 	.db #0x00	; 0
    0000061C 5A                    1618 	.db #0x5a	; 90	'Z'
    0000061D 00                    1619 	.db #0x00	; 0
    0000061E 00                    1620 	.db #0x00	; 0
    0000061F 5A                    1621 	.db #0x5a	; 90	'Z'
    00000620 00                    1622 	.db #0x00	; 0
    00000621 00                    1623 	.db #0x00	; 0
    00000622 5A                    1624 	.db #0x5a	; 90	'Z'
    00000623 00                    1625 	.db #0x00	; 0
    00000624 00                    1626 	.db #0x00	; 0
    00000625 5A                    1627 	.db #0x5a	; 90	'Z'
    00000626 00                    1628 	.db #0x00	; 0
    00000627 00                    1629 	.db #0x00	; 0
    00000628 5A                    1630 	.db #0x5a	; 90	'Z'
    00000629 00                    1631 	.db #0x00	; 0
    0000062A 00                    1632 	.db #0x00	; 0
    0000062B 5A                    1633 	.db #0x5a	; 90	'Z'
    0000062C 00                    1634 	.db #0x00	; 0
    0000062D 00                    1635 	.db #0x00	; 0
    0000062E 5A                    1636 	.db #0x5a	; 90	'Z'
    0000062F 00                    1637 	.db #0x00	; 0
    00000630 00                    1638 	.db #0x00	; 0
    00000631 5A                    1639 	.db #0x5a	; 90	'Z'
    00000632 00                    1640 	.db #0x00	; 0
    00000633 00                    1641 	.db #0x00	; 0
    00000634 5A                    1642 	.db #0x5a	; 90	'Z'
    00000635 00                    1643 	.db #0x00	; 0
    00000636 00                    1644 	.db #0x00	; 0
    00000637 5A                    1645 	.db #0x5a	; 90	'Z'
    00000638 00                    1646 	.db #0x00	; 0
    00000639 00                    1647 	.db #0x00	; 0
    0000063A 5A                    1648 	.db #0x5a	; 90	'Z'
    0000063B 00                    1649 	.db #0x00	; 0
    0000063C 00                    1650 	.db #0x00	; 0
    0000063D 5A                    1651 	.db #0x5a	; 90	'Z'
    0000063E 00                    1652 	.db #0x00	; 0
    0000063F 00                    1653 	.db #0x00	; 0
    00000640 5A                    1654 	.db #0x5a	; 90	'Z'
    00000641 00                    1655 	.db #0x00	; 0
    00000642 00                    1656 	.db #0x00	; 0
    00000643 5A                    1657 	.db #0x5a	; 90	'Z'
    00000644 00                    1658 	.db #0x00	; 0
    00000645 00                    1659 	.db #0x00	; 0
    00000646 5A                    1660 	.db #0x5a	; 90	'Z'
    00000647 00                    1661 	.db #0x00	; 0
    00000648 00                    1662 	.db #0x00	; 0
    00000649 5A                    1663 	.db #0x5a	; 90	'Z'
    0000064A 00                    1664 	.db #0x00	; 0
    0000064B 00                    1665 	.db #0x00	; 0
    0000064C 5A                    1666 	.db #0x5a	; 90	'Z'
    0000064D 00                    1667 	.db #0x00	; 0
    0000064E 00                    1668 	.db #0x00	; 0
    0000064F 5A                    1669 	.db #0x5a	; 90	'Z'
    00000650 00                    1670 	.db #0x00	; 0
    00000651 00                    1671 	.db #0x00	; 0
    00000652 5A                    1672 	.db #0x5a	; 90	'Z'
    00000653 00                    1673 	.db #0x00	; 0
    00000654 00                    1674 	.db #0x00	; 0
    00000655 5A                    1675 	.db #0x5a	; 90	'Z'
    00000656 00                    1676 	.db #0x00	; 0
    00000657 00                    1677 	.db #0x00	; 0
    00000658 5A                    1678 	.db #0x5a	; 90	'Z'
    00000659 00                    1679 	.db #0x00	; 0
    0000065A 00                    1680 	.db #0x00	; 0
    0000065B 5A                    1681 	.db #0x5a	; 90	'Z'
    0000065C 00                    1682 	.db #0x00	; 0
    0000065D 00                    1683 	.db #0x00	; 0
    0000065E 5A                    1684 	.db #0x5a	; 90	'Z'
    0000065F 00                    1685 	.db #0x00	; 0
    00000660 00                    1686 	.db #0x00	; 0
    00000661 5A                    1687 	.db #0x5a	; 90	'Z'
    00000662 00                    1688 	.db #0x00	; 0
    00000663 00                    1689 	.db #0x00	; 0
    00000664 5A                    1690 	.db #0x5a	; 90	'Z'
    00000665 00                    1691 	.db #0x00	; 0
    00000666 00                    1692 	.db #0x00	; 0
    00000667 5A                    1693 	.db #0x5a	; 90	'Z'
    00000668 00                    1694 	.db #0x00	; 0
    00000669 00                    1695 	.db #0x00	; 0
    0000066A 5A                    1696 	.db #0x5a	; 90	'Z'
    0000066B 00                    1697 	.db #0x00	; 0
    0000066C 00                    1698 	.db #0x00	; 0
    0000066D 5A                    1699 	.db #0x5a	; 90	'Z'
    0000066E 00                    1700 	.db #0x00	; 0
    0000066F 00                    1701 	.db #0x00	; 0
    00000670 5A                    1702 	.db #0x5a	; 90	'Z'
    00000671 00                    1703 	.db #0x00	; 0
    00000672 00                    1704 	.db #0x00	; 0
    00000673 5A                    1705 	.db #0x5a	; 90	'Z'
    00000674 00                    1706 	.db #0x00	; 0
    00000675 00                    1707 	.db #0x00	; 0
    00000676 5A                    1708 	.db #0x5a	; 90	'Z'
    00000677 00                    1709 	.db #0x00	; 0
    00000678 00                    1710 	.db #0x00	; 0
    00000679 5A                    1711 	.db #0x5a	; 90	'Z'
    0000067A 00                    1712 	.db #0x00	; 0
    0000067B 00                    1713 	.db #0x00	; 0
    0000067C 5A                    1714 	.db #0x5a	; 90	'Z'
    0000067D 00                    1715 	.db #0x00	; 0
    0000067E 00                    1716 	.db #0x00	; 0
    0000067F 5A                    1717 	.db #0x5a	; 90	'Z'
    00000680 00                    1718 	.db #0x00	; 0
    00000681 00                    1719 	.db #0x00	; 0
    00000682 5A                    1720 	.db #0x5a	; 90	'Z'
    00000683 00                    1721 	.db #0x00	; 0
    00000684 00                    1722 	.db #0x00	; 0
    00000685 5A                    1723 	.db #0x5a	; 90	'Z'
    00000686 00                    1724 	.db #0x00	; 0
    00000687 00                    1725 	.db #0x00	; 0
    00000688 5A                    1726 	.db #0x5a	; 90	'Z'
    00000689 00                    1727 	.db #0x00	; 0
    0000068A 00                    1728 	.db #0x00	; 0
    0000068B 5A                    1729 	.db #0x5a	; 90	'Z'
    0000068C 00                    1730 	.db #0x00	; 0
    0000068D 00                    1731 	.db #0x00	; 0
    0000068E 5A                    1732 	.db #0x5a	; 90	'Z'
    0000068F 00                    1733 	.db #0x00	; 0
    00000690 00                    1734 	.db #0x00	; 0
    00000691 5A                    1735 	.db #0x5a	; 90	'Z'
    00000692 00                    1736 	.db #0x00	; 0
    00000693 00                    1737 	.db #0x00	; 0
    00000694 5A                    1738 	.db #0x5a	; 90	'Z'
    00000695 00                    1739 	.db #0x00	; 0
    00000696 00                    1740 	.db #0x00	; 0
    00000697 5A                    1741 	.db #0x5a	; 90	'Z'
    00000698 00                    1742 	.db #0x00	; 0
    00000699 00                    1743 	.db #0x00	; 0
    0000069A 5A                    1744 	.db #0x5a	; 90	'Z'
    0000069B 00                    1745 	.db #0x00	; 0
    0000069C 00                    1746 	.db #0x00	; 0
    0000069D 5A                    1747 	.db #0x5a	; 90	'Z'
    0000069E 00                    1748 	.db #0x00	; 0
    0000069F 00                    1749 	.db #0x00	; 0
    000006A0 5A                    1750 	.db #0x5a	; 90	'Z'
    000006A1 00                    1751 	.db #0x00	; 0
    000006A2 00                    1752 	.db #0x00	; 0
    000006A3 5A                    1753 	.db #0x5a	; 90	'Z'
    000006A4 00                    1754 	.db #0x00	; 0
    000006A5 00                    1755 	.db #0x00	; 0
    000006A6 5A                    1756 	.db #0x5a	; 90	'Z'
    000006A7 00                    1757 	.db #0x00	; 0
    000006A8 00                    1758 	.db #0x00	; 0
    000006A9 5A                    1759 	.db #0x5a	; 90	'Z'
    000006AA 00                    1760 	.db #0x00	; 0
    000006AB 00                    1761 	.db #0x00	; 0
    000006AC 5A                    1762 	.db #0x5a	; 90	'Z'
    000006AD 00                    1763 	.db #0x00	; 0
    000006AE 00                    1764 	.db #0x00	; 0
    000006AF 5A                    1765 	.db #0x5a	; 90	'Z'
    000006B0 00                    1766 	.db #0x00	; 0
    000006B1 00                    1767 	.db #0x00	; 0
    000006B2 5A                    1768 	.db #0x5a	; 90	'Z'
    000006B3 00                    1769 	.db #0x00	; 0
    000006B4 00                    1770 	.db #0x00	; 0
    000006B5 5A                    1771 	.db #0x5a	; 90	'Z'
    000006B6 00                    1772 	.db #0x00	; 0
    000006B7 00                    1773 	.db #0x00	; 0
    000006B8 5A                    1774 	.db #0x5a	; 90	'Z'
    000006B9 00                    1775 	.db #0x00	; 0
    000006BA 00                    1776 	.db #0x00	; 0
    000006BB 5A                    1777 	.db #0x5a	; 90	'Z'
    000006BC 00                    1778 	.db #0x00	; 0
    000006BD 00                    1779 	.db #0x00	; 0
    000006BE 5A                    1780 	.db #0x5a	; 90	'Z'
    000006BF 00                    1781 	.db #0x00	; 0
    000006C0 00                    1782 	.db #0x00	; 0
    000006C1                       1783 _P14:
    000006C1 1C                    1784 	.db #0x1c	; 28
    000006C2 10                    1785 	.db #0x10	; 16
    000006C3 00                    1786 	.db #0x00	; 0
    000006C4 5A                    1787 	.db #0x5a	; 90	'Z'
    000006C5 00                    1788 	.db #0x00	; 0
    000006C6 00                    1789 	.db #0x00	; 0
    000006C7 5A                    1790 	.db #0x5a	; 90	'Z'
    000006C8 0C                    1791 	.db #0x0c	; 12
    000006C9 08                    1792 	.db #0x08	; 8
    000006CA 5A                    1793 	.db #0x5a	; 90	'Z'
    000006CB 00                    1794 	.db #0x00	; 0
    000006CC 00                    1795 	.db #0x00	; 0
    000006CD 5A                    1796 	.db #0x5a	; 90	'Z'
    000006CE 00                    1797 	.db #0x00	; 0
    000006CF 00                    1798 	.db #0x00	; 0
    000006D0 5A                    1799 	.db #0x5a	; 90	'Z'
    000006D1 00                    1800 	.db #0x00	; 0
    000006D2 00                    1801 	.db #0x00	; 0
    000006D3 1C                    1802 	.db #0x1c	; 28
    000006D4 1C                    1803 	.db #0x1c	; 28
    000006D5 08                    1804 	.db #0x08	; 8
    000006D6 5A                    1805 	.db #0x5a	; 90	'Z'
    000006D7 00                    1806 	.db #0x00	; 0
    000006D8 00                    1807 	.db #0x00	; 0
    000006D9 5A                    1808 	.db #0x5a	; 90	'Z'
    000006DA 00                    1809 	.db #0x00	; 0
    000006DB 00                    1810 	.db #0x00	; 0
    000006DC 5A                    1811 	.db #0x5a	; 90	'Z'
    000006DD 00                    1812 	.db #0x00	; 0
    000006DE 00                    1813 	.db #0x00	; 0
    000006DF 5A                    1814 	.db #0x5a	; 90	'Z'
    000006E0 00                    1815 	.db #0x00	; 0
    000006E1 00                    1816 	.db #0x00	; 0
    000006E2 5A                    1817 	.db #0x5a	; 90	'Z'
    000006E3 00                    1818 	.db #0x00	; 0
    000006E4 00                    1819 	.db #0x00	; 0
    000006E5 5A                    1820 	.db #0x5a	; 90	'Z'
    000006E6 00                    1821 	.db #0x00	; 0
    000006E7 00                    1822 	.db #0x00	; 0
    000006E8 5A                    1823 	.db #0x5a	; 90	'Z'
    000006E9 00                    1824 	.db #0x00	; 0
    000006EA 00                    1825 	.db #0x00	; 0
    000006EB 5A                    1826 	.db #0x5a	; 90	'Z'
    000006EC 00                    1827 	.db #0x00	; 0
    000006ED 00                    1828 	.db #0x00	; 0
    000006EE 5A                    1829 	.db #0x5a	; 90	'Z'
    000006EF 00                    1830 	.db #0x00	; 0
    000006F0 00                    1831 	.db #0x00	; 0
    000006F1 5A                    1832 	.db #0x5a	; 90	'Z'
    000006F2 00                    1833 	.db #0x00	; 0
    000006F3 00                    1834 	.db #0x00	; 0
    000006F4 5A                    1835 	.db #0x5a	; 90	'Z'
    000006F5 00                    1836 	.db #0x00	; 0
    000006F6 00                    1837 	.db #0x00	; 0
    000006F7 5A                    1838 	.db #0x5a	; 90	'Z'
    000006F8 00                    1839 	.db #0x00	; 0
    000006F9 00                    1840 	.db #0x00	; 0
    000006FA 5A                    1841 	.db #0x5a	; 90	'Z'
    000006FB 00                    1842 	.db #0x00	; 0
    000006FC 00                    1843 	.db #0x00	; 0
    000006FD 5A                    1844 	.db #0x5a	; 90	'Z'
    000006FE 00                    1845 	.db #0x00	; 0
    000006FF 00                    1846 	.db #0x00	; 0
    00000700 5A                    1847 	.db #0x5a	; 90	'Z'
    00000701 00                    1848 	.db #0x00	; 0
    00000702 00                    1849 	.db #0x00	; 0
    00000703 5A                    1850 	.db #0x5a	; 90	'Z'
    00000704 00                    1851 	.db #0x00	; 0
    00000705 00                    1852 	.db #0x00	; 0
    00000706 5A                    1853 	.db #0x5a	; 90	'Z'
    00000707 00                    1854 	.db #0x00	; 0
    00000708 00                    1855 	.db #0x00	; 0
    00000709 5A                    1856 	.db #0x5a	; 90	'Z'
    0000070A 00                    1857 	.db #0x00	; 0
    0000070B 00                    1858 	.db #0x00	; 0
    0000070C 5A                    1859 	.db #0x5a	; 90	'Z'
    0000070D 00                    1860 	.db #0x00	; 0
    0000070E 00                    1861 	.db #0x00	; 0
    0000070F 5A                    1862 	.db #0x5a	; 90	'Z'
    00000710 00                    1863 	.db #0x00	; 0
    00000711 00                    1864 	.db #0x00	; 0
    00000712 5A                    1865 	.db #0x5a	; 90	'Z'
    00000713 00                    1866 	.db #0x00	; 0
    00000714 00                    1867 	.db #0x00	; 0
    00000715 5A                    1868 	.db #0x5a	; 90	'Z'
    00000716 00                    1869 	.db #0x00	; 0
    00000717 00                    1870 	.db #0x00	; 0
    00000718 5A                    1871 	.db #0x5a	; 90	'Z'
    00000719 00                    1872 	.db #0x00	; 0
    0000071A 00                    1873 	.db #0x00	; 0
    0000071B 5A                    1874 	.db #0x5a	; 90	'Z'
    0000071C 00                    1875 	.db #0x00	; 0
    0000071D 00                    1876 	.db #0x00	; 0
    0000071E 5A                    1877 	.db #0x5a	; 90	'Z'
    0000071F 00                    1878 	.db #0x00	; 0
    00000720 00                    1879 	.db #0x00	; 0
    00000721 5A                    1880 	.db #0x5a	; 90	'Z'
    00000722 00                    1881 	.db #0x00	; 0
    00000723 00                    1882 	.db #0x00	; 0
    00000724 5A                    1883 	.db #0x5a	; 90	'Z'
    00000725 00                    1884 	.db #0x00	; 0
    00000726 00                    1885 	.db #0x00	; 0
    00000727 5A                    1886 	.db #0x5a	; 90	'Z'
    00000728 00                    1887 	.db #0x00	; 0
    00000729 00                    1888 	.db #0x00	; 0
    0000072A 5A                    1889 	.db #0x5a	; 90	'Z'
    0000072B 00                    1890 	.db #0x00	; 0
    0000072C 00                    1891 	.db #0x00	; 0
    0000072D 5A                    1892 	.db #0x5a	; 90	'Z'
    0000072E 00                    1893 	.db #0x00	; 0
    0000072F 00                    1894 	.db #0x00	; 0
    00000730 5A                    1895 	.db #0x5a	; 90	'Z'
    00000731 00                    1896 	.db #0x00	; 0
    00000732 00                    1897 	.db #0x00	; 0
    00000733 5A                    1898 	.db #0x5a	; 90	'Z'
    00000734 00                    1899 	.db #0x00	; 0
    00000735 00                    1900 	.db #0x00	; 0
    00000736 5A                    1901 	.db #0x5a	; 90	'Z'
    00000737 00                    1902 	.db #0x00	; 0
    00000738 00                    1903 	.db #0x00	; 0
    00000739 5A                    1904 	.db #0x5a	; 90	'Z'
    0000073A 00                    1905 	.db #0x00	; 0
    0000073B 00                    1906 	.db #0x00	; 0
    0000073C 5A                    1907 	.db #0x5a	; 90	'Z'
    0000073D 00                    1908 	.db #0x00	; 0
    0000073E 00                    1909 	.db #0x00	; 0
    0000073F 5A                    1910 	.db #0x5a	; 90	'Z'
    00000740 00                    1911 	.db #0x00	; 0
    00000741 00                    1912 	.db #0x00	; 0
    00000742 5A                    1913 	.db #0x5a	; 90	'Z'
    00000743 00                    1914 	.db #0x00	; 0
    00000744 00                    1915 	.db #0x00	; 0
    00000745 5A                    1916 	.db #0x5a	; 90	'Z'
    00000746 00                    1917 	.db #0x00	; 0
    00000747 00                    1918 	.db #0x00	; 0
    00000748 5A                    1919 	.db #0x5a	; 90	'Z'
    00000749 00                    1920 	.db #0x00	; 0
    0000074A 00                    1921 	.db #0x00	; 0
    0000074B 5A                    1922 	.db #0x5a	; 90	'Z'
    0000074C 00                    1923 	.db #0x00	; 0
    0000074D 00                    1924 	.db #0x00	; 0
    0000074E 5A                    1925 	.db #0x5a	; 90	'Z'
    0000074F 00                    1926 	.db #0x00	; 0
    00000750 00                    1927 	.db #0x00	; 0
    00000751 5A                    1928 	.db #0x5a	; 90	'Z'
    00000752 00                    1929 	.db #0x00	; 0
    00000753 00                    1930 	.db #0x00	; 0
    00000754 5A                    1931 	.db #0x5a	; 90	'Z'
    00000755 00                    1932 	.db #0x00	; 0
    00000756 00                    1933 	.db #0x00	; 0
    00000757 5A                    1934 	.db #0x5a	; 90	'Z'
    00000758 00                    1935 	.db #0x00	; 0
    00000759 00                    1936 	.db #0x00	; 0
    0000075A 5A                    1937 	.db #0x5a	; 90	'Z'
    0000075B 00                    1938 	.db #0x00	; 0
    0000075C 00                    1939 	.db #0x00	; 0
    0000075D 5A                    1940 	.db #0x5a	; 90	'Z'
    0000075E 00                    1941 	.db #0x00	; 0
    0000075F 00                    1942 	.db #0x00	; 0
    00000760 5A                    1943 	.db #0x5a	; 90	'Z'
    00000761 00                    1944 	.db #0x00	; 0
    00000762 00                    1945 	.db #0x00	; 0
    00000763 5A                    1946 	.db #0x5a	; 90	'Z'
    00000764 00                    1947 	.db #0x00	; 0
    00000765 00                    1948 	.db #0x00	; 0
    00000766 5A                    1949 	.db #0x5a	; 90	'Z'
    00000767 00                    1950 	.db #0x00	; 0
    00000768 00                    1951 	.db #0x00	; 0
    00000769 5A                    1952 	.db #0x5a	; 90	'Z'
    0000076A 00                    1953 	.db #0x00	; 0
    0000076B 00                    1954 	.db #0x00	; 0
    0000076C 5A                    1955 	.db #0x5a	; 90	'Z'
    0000076D 00                    1956 	.db #0x00	; 0
    0000076E 00                    1957 	.db #0x00	; 0
    0000076F 5A                    1958 	.db #0x5a	; 90	'Z'
    00000770 00                    1959 	.db #0x00	; 0
    00000771 00                    1960 	.db #0x00	; 0
    00000772 5A                    1961 	.db #0x5a	; 90	'Z'
    00000773 00                    1962 	.db #0x00	; 0
    00000774 00                    1963 	.db #0x00	; 0
    00000775 5A                    1964 	.db #0x5a	; 90	'Z'
    00000776 00                    1965 	.db #0x00	; 0
    00000777 00                    1966 	.db #0x00	; 0
    00000778 5A                    1967 	.db #0x5a	; 90	'Z'
    00000779 00                    1968 	.db #0x00	; 0
    0000077A 00                    1969 	.db #0x00	; 0
    0000077B 5A                    1970 	.db #0x5a	; 90	'Z'
    0000077C 00                    1971 	.db #0x00	; 0
    0000077D 00                    1972 	.db #0x00	; 0
    0000077E 5A                    1973 	.db #0x5a	; 90	'Z'
    0000077F 00                    1974 	.db #0x00	; 0
    00000780 00                    1975 	.db #0x00	; 0
    00000781                       1976 _P15:
    00000781 5A                    1977 	.db #0x5a	; 90	'Z'
    00000782 0C                    1978 	.db #0x0c	; 12
    00000783 00                    1979 	.db #0x00	; 0
    00000784 5A                    1980 	.db #0x5a	; 90	'Z'
    00000785 00                    1981 	.db #0x00	; 0
    00000786 00                    1982 	.db #0x00	; 0
    00000787 5A                    1983 	.db #0x5a	; 90	'Z'
    00000788 00                    1984 	.db #0x00	; 0
    00000789 00                    1985 	.db #0x00	; 0
    0000078A 5A                    1986 	.db #0x5a	; 90	'Z'
    0000078B 00                    1987 	.db #0x00	; 0
    0000078C 00                    1988 	.db #0x00	; 0
    0000078D 5A                    1989 	.db #0x5a	; 90	'Z'
    0000078E 00                    1990 	.db #0x00	; 0
    0000078F 00                    1991 	.db #0x00	; 0
    00000790 5A                    1992 	.db #0x5a	; 90	'Z'
    00000791 00                    1993 	.db #0x00	; 0
    00000792 00                    1994 	.db #0x00	; 0
    00000793 5A                    1995 	.db #0x5a	; 90	'Z'
    00000794 00                    1996 	.db #0x00	; 0
    00000795 00                    1997 	.db #0x00	; 0
    00000796 5A                    1998 	.db #0x5a	; 90	'Z'
    00000797 00                    1999 	.db #0x00	; 0
    00000798 00                    2000 	.db #0x00	; 0
    00000799 5A                    2001 	.db #0x5a	; 90	'Z'
    0000079A 00                    2002 	.db #0x00	; 0
    0000079B 00                    2003 	.db #0x00	; 0
    0000079C 5A                    2004 	.db #0x5a	; 90	'Z'
    0000079D 00                    2005 	.db #0x00	; 0
    0000079E 00                    2006 	.db #0x00	; 0
    0000079F 5A                    2007 	.db #0x5a	; 90	'Z'
    000007A0 00                    2008 	.db #0x00	; 0
    000007A1 00                    2009 	.db #0x00	; 0
    000007A2 5A                    2010 	.db #0x5a	; 90	'Z'
    000007A3 00                    2011 	.db #0x00	; 0
    000007A4 00                    2012 	.db #0x00	; 0
    000007A5 5A                    2013 	.db #0x5a	; 90	'Z'
    000007A6 00                    2014 	.db #0x00	; 0
    000007A7 00                    2015 	.db #0x00	; 0
    000007A8 5A                    2016 	.db #0x5a	; 90	'Z'
    000007A9 00                    2017 	.db #0x00	; 0
    000007AA 00                    2018 	.db #0x00	; 0
    000007AB 5A                    2019 	.db #0x5a	; 90	'Z'
    000007AC 00                    2020 	.db #0x00	; 0
    000007AD 00                    2021 	.db #0x00	; 0
    000007AE 5A                    2022 	.db #0x5a	; 90	'Z'
    000007AF 00                    2023 	.db #0x00	; 0
    000007B0 00                    2024 	.db #0x00	; 0
    000007B1 5A                    2025 	.db #0x5a	; 90	'Z'
    000007B2 00                    2026 	.db #0x00	; 0
    000007B3 00                    2027 	.db #0x00	; 0
    000007B4 5A                    2028 	.db #0x5a	; 90	'Z'
    000007B5 00                    2029 	.db #0x00	; 0
    000007B6 00                    2030 	.db #0x00	; 0
    000007B7 5A                    2031 	.db #0x5a	; 90	'Z'
    000007B8 00                    2032 	.db #0x00	; 0
    000007B9 00                    2033 	.db #0x00	; 0
    000007BA 5A                    2034 	.db #0x5a	; 90	'Z'
    000007BB 00                    2035 	.db #0x00	; 0
    000007BC 00                    2036 	.db #0x00	; 0
    000007BD 5A                    2037 	.db #0x5a	; 90	'Z'
    000007BE 00                    2038 	.db #0x00	; 0
    000007BF 00                    2039 	.db #0x00	; 0
    000007C0 5A                    2040 	.db #0x5a	; 90	'Z'
    000007C1 00                    2041 	.db #0x00	; 0
    000007C2 00                    2042 	.db #0x00	; 0
    000007C3 5A                    2043 	.db #0x5a	; 90	'Z'
    000007C4 00                    2044 	.db #0x00	; 0
    000007C5 00                    2045 	.db #0x00	; 0
    000007C6 5A                    2046 	.db #0x5a	; 90	'Z'
    000007C7 00                    2047 	.db #0x00	; 0
    000007C8 00                    2048 	.db #0x00	; 0
    000007C9 5A                    2049 	.db #0x5a	; 90	'Z'
    000007CA 00                    2050 	.db #0x00	; 0
    000007CB 00                    2051 	.db #0x00	; 0
    000007CC 5A                    2052 	.db #0x5a	; 90	'Z'
    000007CD 00                    2053 	.db #0x00	; 0
    000007CE 00                    2054 	.db #0x00	; 0
    000007CF 5A                    2055 	.db #0x5a	; 90	'Z'
    000007D0 00                    2056 	.db #0x00	; 0
    000007D1 00                    2057 	.db #0x00	; 0
    000007D2 5A                    2058 	.db #0x5a	; 90	'Z'
    000007D3 00                    2059 	.db #0x00	; 0
    000007D4 00                    2060 	.db #0x00	; 0
    000007D5 5A                    2061 	.db #0x5a	; 90	'Z'
    000007D6 00                    2062 	.db #0x00	; 0
    000007D7 00                    2063 	.db #0x00	; 0
    000007D8 5A                    2064 	.db #0x5a	; 90	'Z'
    000007D9 00                    2065 	.db #0x00	; 0
    000007DA 00                    2066 	.db #0x00	; 0
    000007DB 5A                    2067 	.db #0x5a	; 90	'Z'
    000007DC 00                    2068 	.db #0x00	; 0
    000007DD 00                    2069 	.db #0x00	; 0
    000007DE 5A                    2070 	.db #0x5a	; 90	'Z'
    000007DF 00                    2071 	.db #0x00	; 0
    000007E0 00                    2072 	.db #0x00	; 0
    000007E1 5A                    2073 	.db #0x5a	; 90	'Z'
    000007E2 00                    2074 	.db #0x00	; 0
    000007E3 00                    2075 	.db #0x00	; 0
    000007E4 5A                    2076 	.db #0x5a	; 90	'Z'
    000007E5 00                    2077 	.db #0x00	; 0
    000007E6 00                    2078 	.db #0x00	; 0
    000007E7 5A                    2079 	.db #0x5a	; 90	'Z'
    000007E8 00                    2080 	.db #0x00	; 0
    000007E9 00                    2081 	.db #0x00	; 0
    000007EA 5A                    2082 	.db #0x5a	; 90	'Z'
    000007EB 00                    2083 	.db #0x00	; 0
    000007EC 00                    2084 	.db #0x00	; 0
    000007ED 5A                    2085 	.db #0x5a	; 90	'Z'
    000007EE 00                    2086 	.db #0x00	; 0
    000007EF 00                    2087 	.db #0x00	; 0
    000007F0 5A                    2088 	.db #0x5a	; 90	'Z'
    000007F1 00                    2089 	.db #0x00	; 0
    000007F2 00                    2090 	.db #0x00	; 0
    000007F3 5A                    2091 	.db #0x5a	; 90	'Z'
    000007F4 00                    2092 	.db #0x00	; 0
    000007F5 00                    2093 	.db #0x00	; 0
    000007F6 5A                    2094 	.db #0x5a	; 90	'Z'
    000007F7 00                    2095 	.db #0x00	; 0
    000007F8 00                    2096 	.db #0x00	; 0
    000007F9 5A                    2097 	.db #0x5a	; 90	'Z'
    000007FA 00                    2098 	.db #0x00	; 0
    000007FB 00                    2099 	.db #0x00	; 0
    000007FC 5A                    2100 	.db #0x5a	; 90	'Z'
    000007FD 00                    2101 	.db #0x00	; 0
    000007FE 00                    2102 	.db #0x00	; 0
    000007FF 5A                    2103 	.db #0x5a	; 90	'Z'
    00000800 00                    2104 	.db #0x00	; 0
    00000801 00                    2105 	.db #0x00	; 0
    00000802 5A                    2106 	.db #0x5a	; 90	'Z'
    00000803 00                    2107 	.db #0x00	; 0
    00000804 00                    2108 	.db #0x00	; 0
    00000805 5A                    2109 	.db #0x5a	; 90	'Z'
    00000806 00                    2110 	.db #0x00	; 0
    00000807 00                    2111 	.db #0x00	; 0
    00000808 5A                    2112 	.db #0x5a	; 90	'Z'
    00000809 00                    2113 	.db #0x00	; 0
    0000080A 00                    2114 	.db #0x00	; 0
    0000080B 5A                    2115 	.db #0x5a	; 90	'Z'
    0000080C 00                    2116 	.db #0x00	; 0
    0000080D 00                    2117 	.db #0x00	; 0
    0000080E 5A                    2118 	.db #0x5a	; 90	'Z'
    0000080F 00                    2119 	.db #0x00	; 0
    00000810 00                    2120 	.db #0x00	; 0
    00000811 5A                    2121 	.db #0x5a	; 90	'Z'
    00000812 00                    2122 	.db #0x00	; 0
    00000813 00                    2123 	.db #0x00	; 0
    00000814 5A                    2124 	.db #0x5a	; 90	'Z'
    00000815 00                    2125 	.db #0x00	; 0
    00000816 00                    2126 	.db #0x00	; 0
    00000817 5A                    2127 	.db #0x5a	; 90	'Z'
    00000818 00                    2128 	.db #0x00	; 0
    00000819 00                    2129 	.db #0x00	; 0
    0000081A 5A                    2130 	.db #0x5a	; 90	'Z'
    0000081B 00                    2131 	.db #0x00	; 0
    0000081C 00                    2132 	.db #0x00	; 0
    0000081D 5A                    2133 	.db #0x5a	; 90	'Z'
    0000081E 00                    2134 	.db #0x00	; 0
    0000081F 00                    2135 	.db #0x00	; 0
    00000820 5A                    2136 	.db #0x5a	; 90	'Z'
    00000821 00                    2137 	.db #0x00	; 0
    00000822 00                    2138 	.db #0x00	; 0
    00000823 5A                    2139 	.db #0x5a	; 90	'Z'
    00000824 00                    2140 	.db #0x00	; 0
    00000825 00                    2141 	.db #0x00	; 0
    00000826 5A                    2142 	.db #0x5a	; 90	'Z'
    00000827 00                    2143 	.db #0x00	; 0
    00000828 00                    2144 	.db #0x00	; 0
    00000829 5A                    2145 	.db #0x5a	; 90	'Z'
    0000082A 00                    2146 	.db #0x00	; 0
    0000082B 00                    2147 	.db #0x00	; 0
    0000082C 5A                    2148 	.db #0x5a	; 90	'Z'
    0000082D 00                    2149 	.db #0x00	; 0
    0000082E 00                    2150 	.db #0x00	; 0
    0000082F 5A                    2151 	.db #0x5a	; 90	'Z'
    00000830 00                    2152 	.db #0x00	; 0
    00000831 00                    2153 	.db #0x00	; 0
    00000832 5A                    2154 	.db #0x5a	; 90	'Z'
    00000833 00                    2155 	.db #0x00	; 0
    00000834 00                    2156 	.db #0x00	; 0
    00000835 5A                    2157 	.db #0x5a	; 90	'Z'
    00000836 00                    2158 	.db #0x00	; 0
    00000837 00                    2159 	.db #0x00	; 0
    00000838 5A                    2160 	.db #0x5a	; 90	'Z'
    00000839 00                    2161 	.db #0x00	; 0
    0000083A 00                    2162 	.db #0x00	; 0
    0000083B 5A                    2163 	.db #0x5a	; 90	'Z'
    0000083C 00                    2164 	.db #0x00	; 0
    0000083D 00                    2165 	.db #0x00	; 0
    0000083E 5A                    2166 	.db #0x5a	; 90	'Z'
    0000083F 00                    2167 	.db #0x00	; 0
    00000840 00                    2168 	.db #0x00	; 0
    00000841                       2169 _P16:
    00000841 1F                    2170 	.db #0x1f	; 31
    00000842 50                    2171 	.db #0x50	; 80	'P'
    00000843 00                    2172 	.db #0x00	; 0
    00000844 5A                    2173 	.db #0x5a	; 90	'Z'
    00000845 00                    2174 	.db #0x00	; 0
    00000846 00                    2175 	.db #0x00	; 0
    00000847 5A                    2176 	.db #0x5a	; 90	'Z'
    00000848 00                    2177 	.db #0x00	; 0
    00000849 00                    2178 	.db #0x00	; 0
    0000084A 5A                    2179 	.db #0x5a	; 90	'Z'
    0000084B 00                    2180 	.db #0x00	; 0
    0000084C 00                    2181 	.db #0x00	; 0
    0000084D 1F                    2182 	.db #0x1f	; 31
    0000084E 70                    2183 	.db #0x70	; 112	'p'
    0000084F 00                    2184 	.db #0x00	; 0
    00000850 5A                    2185 	.db #0x5a	; 90	'Z'
    00000851 00                    2186 	.db #0x00	; 0
    00000852 00                    2187 	.db #0x00	; 0
    00000853 1D                    2188 	.db #0x1d	; 29
    00000854 10                    2189 	.db #0x10	; 16
    00000855 00                    2190 	.db #0x00	; 0
    00000856 5A                    2191 	.db #0x5a	; 90	'Z'
    00000857 00                    2192 	.db #0x00	; 0
    00000858 00                    2193 	.db #0x00	; 0
    00000859 1D                    2194 	.db #0x1d	; 29
    0000085A 10                    2195 	.db #0x10	; 16
    0000085B 00                    2196 	.db #0x00	; 0
    0000085C 5A                    2197 	.db #0x5a	; 90	'Z'
    0000085D 00                    2198 	.db #0x00	; 0
    0000085E 00                    2199 	.db #0x00	; 0
    0000085F 1F                    2200 	.db #0x1f	; 31
    00000860 20                    2201 	.db #0x20	; 32
    00000861 00                    2202 	.db #0x00	; 0
    00000862 5A                    2203 	.db #0x5a	; 90	'Z'
    00000863 00                    2204 	.db #0x00	; 0
    00000864 00                    2205 	.db #0x00	; 0
    00000865 1F                    2206 	.db #0x1f	; 31
    00000866 70                    2207 	.db #0x70	; 112	'p'
    00000867 00                    2208 	.db #0x00	; 0
    00000868 1F                    2209 	.db #0x1f	; 31
    00000869 70                    2210 	.db #0x70	; 112	'p'
    0000086A 00                    2211 	.db #0x00	; 0
    0000086B 1F                    2212 	.db #0x1f	; 31
    0000086C 70                    2213 	.db #0x70	; 112	'p'
    0000086D 00                    2214 	.db #0x00	; 0
    0000086E 1F                    2215 	.db #0x1f	; 31
    0000086F 7D                    2216 	.db #0x7d	; 125
    00000870 01                    2217 	.db #0x01	; 1
    00000871 5A                    2218 	.db #0x5a	; 90	'Z'
    00000872 00                    2219 	.db #0x00	; 0
    00000873 00                    2220 	.db #0x00	; 0
    00000874 5A                    2221 	.db #0x5a	; 90	'Z'
    00000875 00                    2222 	.db #0x00	; 0
    00000876 00                    2223 	.db #0x00	; 0
    00000877 5A                    2224 	.db #0x5a	; 90	'Z'
    00000878 00                    2225 	.db #0x00	; 0
    00000879 00                    2226 	.db #0x00	; 0
    0000087A 5A                    2227 	.db #0x5a	; 90	'Z'
    0000087B 00                    2228 	.db #0x00	; 0
    0000087C 00                    2229 	.db #0x00	; 0
    0000087D 5A                    2230 	.db #0x5a	; 90	'Z'
    0000087E 00                    2231 	.db #0x00	; 0
    0000087F 00                    2232 	.db #0x00	; 0
    00000880 5A                    2233 	.db #0x5a	; 90	'Z'
    00000881 00                    2234 	.db #0x00	; 0
    00000882 00                    2235 	.db #0x00	; 0
    00000883 5A                    2236 	.db #0x5a	; 90	'Z'
    00000884 00                    2237 	.db #0x00	; 0
    00000885 00                    2238 	.db #0x00	; 0
    00000886 5A                    2239 	.db #0x5a	; 90	'Z'
    00000887 00                    2240 	.db #0x00	; 0
    00000888 00                    2241 	.db #0x00	; 0
    00000889 5A                    2242 	.db #0x5a	; 90	'Z'
    0000088A 00                    2243 	.db #0x00	; 0
    0000088B 00                    2244 	.db #0x00	; 0
    0000088C 5A                    2245 	.db #0x5a	; 90	'Z'
    0000088D 00                    2246 	.db #0x00	; 0
    0000088E 00                    2247 	.db #0x00	; 0
    0000088F 5A                    2248 	.db #0x5a	; 90	'Z'
    00000890 00                    2249 	.db #0x00	; 0
    00000891 00                    2250 	.db #0x00	; 0
    00000892 5A                    2251 	.db #0x5a	; 90	'Z'
    00000893 00                    2252 	.db #0x00	; 0
    00000894 00                    2253 	.db #0x00	; 0
    00000895 5A                    2254 	.db #0x5a	; 90	'Z'
    00000896 00                    2255 	.db #0x00	; 0
    00000897 00                    2256 	.db #0x00	; 0
    00000898 5A                    2257 	.db #0x5a	; 90	'Z'
    00000899 00                    2258 	.db #0x00	; 0
    0000089A 00                    2259 	.db #0x00	; 0
    0000089B 5A                    2260 	.db #0x5a	; 90	'Z'
    0000089C 00                    2261 	.db #0x00	; 0
    0000089D 00                    2262 	.db #0x00	; 0
    0000089E 5A                    2263 	.db #0x5a	; 90	'Z'
    0000089F 00                    2264 	.db #0x00	; 0
    000008A0 00                    2265 	.db #0x00	; 0
    000008A1 5A                    2266 	.db #0x5a	; 90	'Z'
    000008A2 00                    2267 	.db #0x00	; 0
    000008A3 00                    2268 	.db #0x00	; 0
    000008A4 5A                    2269 	.db #0x5a	; 90	'Z'
    000008A5 00                    2270 	.db #0x00	; 0
    000008A6 00                    2271 	.db #0x00	; 0
    000008A7 5A                    2272 	.db #0x5a	; 90	'Z'
    000008A8 00                    2273 	.db #0x00	; 0
    000008A9 00                    2274 	.db #0x00	; 0
    000008AA 5A                    2275 	.db #0x5a	; 90	'Z'
    000008AB 00                    2276 	.db #0x00	; 0
    000008AC 00                    2277 	.db #0x00	; 0
    000008AD 5A                    2278 	.db #0x5a	; 90	'Z'
    000008AE 00                    2279 	.db #0x00	; 0
    000008AF 00                    2280 	.db #0x00	; 0
    000008B0 5A                    2281 	.db #0x5a	; 90	'Z'
    000008B1 00                    2282 	.db #0x00	; 0
    000008B2 00                    2283 	.db #0x00	; 0
    000008B3 5A                    2284 	.db #0x5a	; 90	'Z'
    000008B4 00                    2285 	.db #0x00	; 0
    000008B5 00                    2286 	.db #0x00	; 0
    000008B6 5A                    2287 	.db #0x5a	; 90	'Z'
    000008B7 00                    2288 	.db #0x00	; 0
    000008B8 00                    2289 	.db #0x00	; 0
    000008B9 5A                    2290 	.db #0x5a	; 90	'Z'
    000008BA 00                    2291 	.db #0x00	; 0
    000008BB 00                    2292 	.db #0x00	; 0
    000008BC 5A                    2293 	.db #0x5a	; 90	'Z'
    000008BD 00                    2294 	.db #0x00	; 0
    000008BE 00                    2295 	.db #0x00	; 0
    000008BF 5A                    2296 	.db #0x5a	; 90	'Z'
    000008C0 00                    2297 	.db #0x00	; 0
    000008C1 00                    2298 	.db #0x00	; 0
    000008C2 5A                    2299 	.db #0x5a	; 90	'Z'
    000008C3 00                    2300 	.db #0x00	; 0
    000008C4 00                    2301 	.db #0x00	; 0
    000008C5 5A                    2302 	.db #0x5a	; 90	'Z'
    000008C6 00                    2303 	.db #0x00	; 0
    000008C7 00                    2304 	.db #0x00	; 0
    000008C8 5A                    2305 	.db #0x5a	; 90	'Z'
    000008C9 00                    2306 	.db #0x00	; 0
    000008CA 00                    2307 	.db #0x00	; 0
    000008CB 5A                    2308 	.db #0x5a	; 90	'Z'
    000008CC 00                    2309 	.db #0x00	; 0
    000008CD 00                    2310 	.db #0x00	; 0
    000008CE 5A                    2311 	.db #0x5a	; 90	'Z'
    000008CF 00                    2312 	.db #0x00	; 0
    000008D0 00                    2313 	.db #0x00	; 0
    000008D1 5A                    2314 	.db #0x5a	; 90	'Z'
    000008D2 00                    2315 	.db #0x00	; 0
    000008D3 00                    2316 	.db #0x00	; 0
    000008D4 5A                    2317 	.db #0x5a	; 90	'Z'
    000008D5 00                    2318 	.db #0x00	; 0
    000008D6 00                    2319 	.db #0x00	; 0
    000008D7 5A                    2320 	.db #0x5a	; 90	'Z'
    000008D8 00                    2321 	.db #0x00	; 0
    000008D9 00                    2322 	.db #0x00	; 0
    000008DA 5A                    2323 	.db #0x5a	; 90	'Z'
    000008DB 00                    2324 	.db #0x00	; 0
    000008DC 00                    2325 	.db #0x00	; 0
    000008DD 5A                    2326 	.db #0x5a	; 90	'Z'
    000008DE 00                    2327 	.db #0x00	; 0
    000008DF 00                    2328 	.db #0x00	; 0
    000008E0 5A                    2329 	.db #0x5a	; 90	'Z'
    000008E1 00                    2330 	.db #0x00	; 0
    000008E2 00                    2331 	.db #0x00	; 0
    000008E3 5A                    2332 	.db #0x5a	; 90	'Z'
    000008E4 00                    2333 	.db #0x00	; 0
    000008E5 00                    2334 	.db #0x00	; 0
    000008E6 5A                    2335 	.db #0x5a	; 90	'Z'
    000008E7 00                    2336 	.db #0x00	; 0
    000008E8 00                    2337 	.db #0x00	; 0
    000008E9 5A                    2338 	.db #0x5a	; 90	'Z'
    000008EA 00                    2339 	.db #0x00	; 0
    000008EB 00                    2340 	.db #0x00	; 0
    000008EC 5A                    2341 	.db #0x5a	; 90	'Z'
    000008ED 00                    2342 	.db #0x00	; 0
    000008EE 00                    2343 	.db #0x00	; 0
    000008EF 5A                    2344 	.db #0x5a	; 90	'Z'
    000008F0 00                    2345 	.db #0x00	; 0
    000008F1 00                    2346 	.db #0x00	; 0
    000008F2 5A                    2347 	.db #0x5a	; 90	'Z'
    000008F3 00                    2348 	.db #0x00	; 0
    000008F4 00                    2349 	.db #0x00	; 0
    000008F5 5A                    2350 	.db #0x5a	; 90	'Z'
    000008F6 00                    2351 	.db #0x00	; 0
    000008F7 00                    2352 	.db #0x00	; 0
    000008F8 5A                    2353 	.db #0x5a	; 90	'Z'
    000008F9 00                    2354 	.db #0x00	; 0
    000008FA 00                    2355 	.db #0x00	; 0
    000008FB 5A                    2356 	.db #0x5a	; 90	'Z'
    000008FC 00                    2357 	.db #0x00	; 0
    000008FD 00                    2358 	.db #0x00	; 0
    000008FE 5A                    2359 	.db #0x5a	; 90	'Z'
    000008FF 00                    2360 	.db #0x00	; 0
    00000900 00                    2361 	.db #0x00	; 0
    00000901                       2362 _P17:
    00000901 10                    2363 	.db #0x10	; 16
    00000902 22                    2364 	.db #0x22	; 34
    00000903 C0                    2365 	.db #0xc0	; 192
    00000904 5A                    2366 	.db #0x5a	; 90	'Z'
    00000905 0C                    2367 	.db #0x0c	; 12
    00000906 00                    2368 	.db #0x00	; 0
    00000907 5A                    2369 	.db #0x5a	; 90	'Z'
    00000908 00                    2370 	.db #0x00	; 0
    00000909 00                    2371 	.db #0x00	; 0
    0000090A 5A                    2372 	.db #0x5a	; 90	'Z'
    0000090B 00                    2373 	.db #0x00	; 0
    0000090C 00                    2374 	.db #0x00	; 0
    0000090D 5A                    2375 	.db #0x5a	; 90	'Z'
    0000090E 00                    2376 	.db #0x00	; 0
    0000090F 00                    2377 	.db #0x00	; 0
    00000910 5A                    2378 	.db #0x5a	; 90	'Z'
    00000911 00                    2379 	.db #0x00	; 0
    00000912 00                    2380 	.db #0x00	; 0
    00000913 5A                    2381 	.db #0x5a	; 90	'Z'
    00000914 00                    2382 	.db #0x00	; 0
    00000915 00                    2383 	.db #0x00	; 0
    00000916 5A                    2384 	.db #0x5a	; 90	'Z'
    00000917 00                    2385 	.db #0x00	; 0
    00000918 00                    2386 	.db #0x00	; 0
    00000919 10                    2387 	.db #0x10	; 16
    0000091A 22                    2388 	.db #0x22	; 34
    0000091B C0                    2389 	.db #0xc0	; 192
    0000091C 5A                    2390 	.db #0x5a	; 90	'Z'
    0000091D 0C                    2391 	.db #0x0c	; 12
    0000091E 00                    2392 	.db #0x00	; 0
    0000091F 5A                    2393 	.db #0x5a	; 90	'Z'
    00000920 00                    2394 	.db #0x00	; 0
    00000921 00                    2395 	.db #0x00	; 0
    00000922 5A                    2396 	.db #0x5a	; 90	'Z'
    00000923 00                    2397 	.db #0x00	; 0
    00000924 00                    2398 	.db #0x00	; 0
    00000925 5A                    2399 	.db #0x5a	; 90	'Z'
    00000926 00                    2400 	.db #0x00	; 0
    00000927 00                    2401 	.db #0x00	; 0
    00000928 5A                    2402 	.db #0x5a	; 90	'Z'
    00000929 00                    2403 	.db #0x00	; 0
    0000092A 00                    2404 	.db #0x00	; 0
    0000092B 5A                    2405 	.db #0x5a	; 90	'Z'
    0000092C 00                    2406 	.db #0x00	; 0
    0000092D 00                    2407 	.db #0x00	; 0
    0000092E 5A                    2408 	.db #0x5a	; 90	'Z'
    0000092F 00                    2409 	.db #0x00	; 0
    00000930 00                    2410 	.db #0x00	; 0
    00000931 10                    2411 	.db #0x10	; 16
    00000932 22                    2412 	.db #0x22	; 34
    00000933 C0                    2413 	.db #0xc0	; 192
    00000934 5A                    2414 	.db #0x5a	; 90	'Z'
    00000935 0C                    2415 	.db #0x0c	; 12
    00000936 00                    2416 	.db #0x00	; 0
    00000937 5A                    2417 	.db #0x5a	; 90	'Z'
    00000938 00                    2418 	.db #0x00	; 0
    00000939 00                    2419 	.db #0x00	; 0
    0000093A 5A                    2420 	.db #0x5a	; 90	'Z'
    0000093B 00                    2421 	.db #0x00	; 0
    0000093C 00                    2422 	.db #0x00	; 0
    0000093D 5A                    2423 	.db #0x5a	; 90	'Z'
    0000093E 00                    2424 	.db #0x00	; 0
    0000093F 00                    2425 	.db #0x00	; 0
    00000940 5A                    2426 	.db #0x5a	; 90	'Z'
    00000941 00                    2427 	.db #0x00	; 0
    00000942 00                    2428 	.db #0x00	; 0
    00000943 5A                    2429 	.db #0x5a	; 90	'Z'
    00000944 00                    2430 	.db #0x00	; 0
    00000945 00                    2431 	.db #0x00	; 0
    00000946 5A                    2432 	.db #0x5a	; 90	'Z'
    00000947 00                    2433 	.db #0x00	; 0
    00000948 00                    2434 	.db #0x00	; 0
    00000949 0E                    2435 	.db #0x0e	; 14
    0000094A 22                    2436 	.db #0x22	; 34
    0000094B C0                    2437 	.db #0xc0	; 192
    0000094C 5A                    2438 	.db #0x5a	; 90	'Z'
    0000094D 0C                    2439 	.db #0x0c	; 12
    0000094E 00                    2440 	.db #0x00	; 0
    0000094F 5A                    2441 	.db #0x5a	; 90	'Z'
    00000950 00                    2442 	.db #0x00	; 0
    00000951 00                    2443 	.db #0x00	; 0
    00000952 5A                    2444 	.db #0x5a	; 90	'Z'
    00000953 00                    2445 	.db #0x00	; 0
    00000954 00                    2446 	.db #0x00	; 0
    00000955 5A                    2447 	.db #0x5a	; 90	'Z'
    00000956 00                    2448 	.db #0x00	; 0
    00000957 00                    2449 	.db #0x00	; 0
    00000958 5A                    2450 	.db #0x5a	; 90	'Z'
    00000959 00                    2451 	.db #0x00	; 0
    0000095A 00                    2452 	.db #0x00	; 0
    0000095B 5A                    2453 	.db #0x5a	; 90	'Z'
    0000095C 00                    2454 	.db #0x00	; 0
    0000095D 00                    2455 	.db #0x00	; 0
    0000095E 5A                    2456 	.db #0x5a	; 90	'Z'
    0000095F 00                    2457 	.db #0x00	; 0
    00000960 00                    2458 	.db #0x00	; 0
    00000961 0C                    2459 	.db #0x0c	; 12
    00000962 22                    2460 	.db #0x22	; 34
    00000963 C0                    2461 	.db #0xc0	; 192
    00000964 5A                    2462 	.db #0x5a	; 90	'Z'
    00000965 0C                    2463 	.db #0x0c	; 12
    00000966 00                    2464 	.db #0x00	; 0
    00000967 5A                    2465 	.db #0x5a	; 90	'Z'
    00000968 00                    2466 	.db #0x00	; 0
    00000969 00                    2467 	.db #0x00	; 0
    0000096A 5A                    2468 	.db #0x5a	; 90	'Z'
    0000096B 00                    2469 	.db #0x00	; 0
    0000096C 00                    2470 	.db #0x00	; 0
    0000096D 5A                    2471 	.db #0x5a	; 90	'Z'
    0000096E 00                    2472 	.db #0x00	; 0
    0000096F 00                    2473 	.db #0x00	; 0
    00000970 5A                    2474 	.db #0x5a	; 90	'Z'
    00000971 00                    2475 	.db #0x00	; 0
    00000972 00                    2476 	.db #0x00	; 0
    00000973 5A                    2477 	.db #0x5a	; 90	'Z'
    00000974 00                    2478 	.db #0x00	; 0
    00000975 00                    2479 	.db #0x00	; 0
    00000976 5A                    2480 	.db #0x5a	; 90	'Z'
    00000977 00                    2481 	.db #0x00	; 0
    00000978 00                    2482 	.db #0x00	; 0
    00000979 0C                    2483 	.db #0x0c	; 12
    0000097A 22                    2484 	.db #0x22	; 34
    0000097B C0                    2485 	.db #0xc0	; 192
    0000097C 5A                    2486 	.db #0x5a	; 90	'Z'
    0000097D 0C                    2487 	.db #0x0c	; 12
    0000097E 00                    2488 	.db #0x00	; 0
    0000097F 5A                    2489 	.db #0x5a	; 90	'Z'
    00000980 00                    2490 	.db #0x00	; 0
    00000981 00                    2491 	.db #0x00	; 0
    00000982 5A                    2492 	.db #0x5a	; 90	'Z'
    00000983 00                    2493 	.db #0x00	; 0
    00000984 00                    2494 	.db #0x00	; 0
    00000985 5A                    2495 	.db #0x5a	; 90	'Z'
    00000986 00                    2496 	.db #0x00	; 0
    00000987 00                    2497 	.db #0x00	; 0
    00000988 5A                    2498 	.db #0x5a	; 90	'Z'
    00000989 00                    2499 	.db #0x00	; 0
    0000098A 00                    2500 	.db #0x00	; 0
    0000098B 5A                    2501 	.db #0x5a	; 90	'Z'
    0000098C 00                    2502 	.db #0x00	; 0
    0000098D 00                    2503 	.db #0x00	; 0
    0000098E 5A                    2504 	.db #0x5a	; 90	'Z'
    0000098F 00                    2505 	.db #0x00	; 0
    00000990 00                    2506 	.db #0x00	; 0
    00000991 0E                    2507 	.db #0x0e	; 14
    00000992 22                    2508 	.db #0x22	; 34
    00000993 C0                    2509 	.db #0xc0	; 192
    00000994 5A                    2510 	.db #0x5a	; 90	'Z'
    00000995 0C                    2511 	.db #0x0c	; 12
    00000996 00                    2512 	.db #0x00	; 0
    00000997 5A                    2513 	.db #0x5a	; 90	'Z'
    00000998 00                    2514 	.db #0x00	; 0
    00000999 00                    2515 	.db #0x00	; 0
    0000099A 5A                    2516 	.db #0x5a	; 90	'Z'
    0000099B 00                    2517 	.db #0x00	; 0
    0000099C 00                    2518 	.db #0x00	; 0
    0000099D 5A                    2519 	.db #0x5a	; 90	'Z'
    0000099E 00                    2520 	.db #0x00	; 0
    0000099F 00                    2521 	.db #0x00	; 0
    000009A0 5A                    2522 	.db #0x5a	; 90	'Z'
    000009A1 00                    2523 	.db #0x00	; 0
    000009A2 00                    2524 	.db #0x00	; 0
    000009A3 5A                    2525 	.db #0x5a	; 90	'Z'
    000009A4 00                    2526 	.db #0x00	; 0
    000009A5 00                    2527 	.db #0x00	; 0
    000009A6 5A                    2528 	.db #0x5a	; 90	'Z'
    000009A7 00                    2529 	.db #0x00	; 0
    000009A8 00                    2530 	.db #0x00	; 0
    000009A9 10                    2531 	.db #0x10	; 16
    000009AA 22                    2532 	.db #0x22	; 34
    000009AB C0                    2533 	.db #0xc0	; 192
    000009AC 5A                    2534 	.db #0x5a	; 90	'Z'
    000009AD 0C                    2535 	.db #0x0c	; 12
    000009AE 00                    2536 	.db #0x00	; 0
    000009AF 5A                    2537 	.db #0x5a	; 90	'Z'
    000009B0 00                    2538 	.db #0x00	; 0
    000009B1 00                    2539 	.db #0x00	; 0
    000009B2 5A                    2540 	.db #0x5a	; 90	'Z'
    000009B3 00                    2541 	.db #0x00	; 0
    000009B4 00                    2542 	.db #0x00	; 0
    000009B5 5A                    2543 	.db #0x5a	; 90	'Z'
    000009B6 00                    2544 	.db #0x00	; 0
    000009B7 00                    2545 	.db #0x00	; 0
    000009B8 5A                    2546 	.db #0x5a	; 90	'Z'
    000009B9 00                    2547 	.db #0x00	; 0
    000009BA 00                    2548 	.db #0x00	; 0
    000009BB 5A                    2549 	.db #0x5a	; 90	'Z'
    000009BC 00                    2550 	.db #0x00	; 0
    000009BD 00                    2551 	.db #0x00	; 0
    000009BE 5A                    2552 	.db #0x5a	; 90	'Z'
    000009BF 00                    2553 	.db #0x00	; 0
    000009C0 00                    2554 	.db #0x00	; 0
    000009C1                       2555 _P18:
    000009C1 04                    2556 	.db #0x04	; 4
    000009C2 80                    2557 	.db #0x80	; 128
    000009C3 00                    2558 	.db #0x00	; 0
    000009C4 5A                    2559 	.db #0x5a	; 90	'Z'
    000009C5 00                    2560 	.db #0x00	; 0
    000009C6 00                    2561 	.db #0x00	; 0
    000009C7 5A                    2562 	.db #0x5a	; 90	'Z'
    000009C8 00                    2563 	.db #0x00	; 0
    000009C9 00                    2564 	.db #0x00	; 0
    000009CA 5A                    2565 	.db #0x5a	; 90	'Z'
    000009CB 00                    2566 	.db #0x00	; 0
    000009CC 00                    2567 	.db #0x00	; 0
    000009CD 04                    2568 	.db #0x04	; 4
    000009CE 80                    2569 	.db #0x80	; 128
    000009CF 00                    2570 	.db #0x00	; 0
    000009D0 5A                    2571 	.db #0x5a	; 90	'Z'
    000009D1 00                    2572 	.db #0x00	; 0
    000009D2 00                    2573 	.db #0x00	; 0
    000009D3 5A                    2574 	.db #0x5a	; 90	'Z'
    000009D4 00                    2575 	.db #0x00	; 0
    000009D5 00                    2576 	.db #0x00	; 0
    000009D6 5A                    2577 	.db #0x5a	; 90	'Z'
    000009D7 00                    2578 	.db #0x00	; 0
    000009D8 00                    2579 	.db #0x00	; 0
    000009D9 04                    2580 	.db #0x04	; 4
    000009DA 80                    2581 	.db #0x80	; 128
    000009DB 00                    2582 	.db #0x00	; 0
    000009DC 5A                    2583 	.db #0x5a	; 90	'Z'
    000009DD 00                    2584 	.db #0x00	; 0
    000009DE 00                    2585 	.db #0x00	; 0
    000009DF 5A                    2586 	.db #0x5a	; 90	'Z'
    000009E0 00                    2587 	.db #0x00	; 0
    000009E1 00                    2588 	.db #0x00	; 0
    000009E2 5A                    2589 	.db #0x5a	; 90	'Z'
    000009E3 00                    2590 	.db #0x00	; 0
    000009E4 00                    2591 	.db #0x00	; 0
    000009E5 07                    2592 	.db #0x07	; 7
    000009E6 80                    2593 	.db #0x80	; 128
    000009E7 00                    2594 	.db #0x00	; 0
    000009E8 5A                    2595 	.db #0x5a	; 90	'Z'
    000009E9 00                    2596 	.db #0x00	; 0
    000009EA 00                    2597 	.db #0x00	; 0
    000009EB 5A                    2598 	.db #0x5a	; 90	'Z'
    000009EC 00                    2599 	.db #0x00	; 0
    000009ED 00                    2600 	.db #0x00	; 0
    000009EE 5A                    2601 	.db #0x5a	; 90	'Z'
    000009EF 00                    2602 	.db #0x00	; 0
    000009F0 00                    2603 	.db #0x00	; 0
    000009F1 02                    2604 	.db #0x02	; 2
    000009F2 80                    2605 	.db #0x80	; 128
    000009F3 00                    2606 	.db #0x00	; 0
    000009F4 5A                    2607 	.db #0x5a	; 90	'Z'
    000009F5 00                    2608 	.db #0x00	; 0
    000009F6 00                    2609 	.db #0x00	; 0
    000009F7 5A                    2610 	.db #0x5a	; 90	'Z'
    000009F8 00                    2611 	.db #0x00	; 0
    000009F9 00                    2612 	.db #0x00	; 0
    000009FA 5A                    2613 	.db #0x5a	; 90	'Z'
    000009FB 00                    2614 	.db #0x00	; 0
    000009FC 00                    2615 	.db #0x00	; 0
    000009FD 5A                    2616 	.db #0x5a	; 90	'Z'
    000009FE 0C                    2617 	.db #0x0c	; 12
    000009FF 06                    2618 	.db #0x06	; 6
    00000A00 5A                    2619 	.db #0x5a	; 90	'Z'
    00000A01 00                    2620 	.db #0x00	; 0
    00000A02 00                    2621 	.db #0x00	; 0
    00000A03 02                    2622 	.db #0x02	; 2
    00000A04 80                    2623 	.db #0x80	; 128
    00000A05 00                    2624 	.db #0x00	; 0
    00000A06 5A                    2625 	.db #0x5a	; 90	'Z'
    00000A07 00                    2626 	.db #0x00	; 0
    00000A08 00                    2627 	.db #0x00	; 0
    00000A09 5A                    2628 	.db #0x5a	; 90	'Z'
    00000A0A 00                    2629 	.db #0x00	; 0
    00000A0B 00                    2630 	.db #0x00	; 0
    00000A0C 5A                    2631 	.db #0x5a	; 90	'Z'
    00000A0D 00                    2632 	.db #0x00	; 0
    00000A0E 00                    2633 	.db #0x00	; 0
    00000A0F 5A                    2634 	.db #0x5a	; 90	'Z'
    00000A10 0C                    2635 	.db #0x0c	; 12
    00000A11 06                    2636 	.db #0x06	; 6
    00000A12 5A                    2637 	.db #0x5a	; 90	'Z'
    00000A13 00                    2638 	.db #0x00	; 0
    00000A14 00                    2639 	.db #0x00	; 0
    00000A15 09                    2640 	.db #0x09	; 9
    00000A16 80                    2641 	.db #0x80	; 128
    00000A17 00                    2642 	.db #0x00	; 0
    00000A18 5A                    2643 	.db #0x5a	; 90	'Z'
    00000A19 00                    2644 	.db #0x00	; 0
    00000A1A 00                    2645 	.db #0x00	; 0
    00000A1B 5A                    2646 	.db #0x5a	; 90	'Z'
    00000A1C 00                    2647 	.db #0x00	; 0
    00000A1D 00                    2648 	.db #0x00	; 0
    00000A1E 5A                    2649 	.db #0x5a	; 90	'Z'
    00000A1F 0C                    2650 	.db #0x0c	; 12
    00000A20 06                    2651 	.db #0x06	; 6
    00000A21 00                    2652 	.db #0x00	; 0
    00000A22 80                    2653 	.db #0x80	; 128
    00000A23 00                    2654 	.db #0x00	; 0
    00000A24 5A                    2655 	.db #0x5a	; 90	'Z'
    00000A25 00                    2656 	.db #0x00	; 0
    00000A26 00                    2657 	.db #0x00	; 0
    00000A27 5A                    2658 	.db #0x5a	; 90	'Z'
    00000A28 00                    2659 	.db #0x00	; 0
    00000A29 00                    2660 	.db #0x00	; 0
    00000A2A 5A                    2661 	.db #0x5a	; 90	'Z'
    00000A2B 00                    2662 	.db #0x00	; 0
    00000A2C 00                    2663 	.db #0x00	; 0
    00000A2D 00                    2664 	.db #0x00	; 0
    00000A2E 80                    2665 	.db #0x80	; 128
    00000A2F 00                    2666 	.db #0x00	; 0
    00000A30 5A                    2667 	.db #0x5a	; 90	'Z'
    00000A31 00                    2668 	.db #0x00	; 0
    00000A32 00                    2669 	.db #0x00	; 0
    00000A33 5A                    2670 	.db #0x5a	; 90	'Z'
    00000A34 00                    2671 	.db #0x00	; 0
    00000A35 00                    2672 	.db #0x00	; 0
    00000A36 5A                    2673 	.db #0x5a	; 90	'Z'
    00000A37 00                    2674 	.db #0x00	; 0
    00000A38 00                    2675 	.db #0x00	; 0
    00000A39 00                    2676 	.db #0x00	; 0
    00000A3A 80                    2677 	.db #0x80	; 128
    00000A3B 00                    2678 	.db #0x00	; 0
    00000A3C 5A                    2679 	.db #0x5a	; 90	'Z'
    00000A3D 00                    2680 	.db #0x00	; 0
    00000A3E 00                    2681 	.db #0x00	; 0
    00000A3F 5A                    2682 	.db #0x5a	; 90	'Z'
    00000A40 00                    2683 	.db #0x00	; 0
    00000A41 00                    2684 	.db #0x00	; 0
    00000A42 5A                    2685 	.db #0x5a	; 90	'Z'
    00000A43 00                    2686 	.db #0x00	; 0
    00000A44 00                    2687 	.db #0x00	; 0
    00000A45 00                    2688 	.db #0x00	; 0
    00000A46 80                    2689 	.db #0x80	; 128
    00000A47 00                    2690 	.db #0x00	; 0
    00000A48 5A                    2691 	.db #0x5a	; 90	'Z'
    00000A49 00                    2692 	.db #0x00	; 0
    00000A4A 00                    2693 	.db #0x00	; 0
    00000A4B 5A                    2694 	.db #0x5a	; 90	'Z'
    00000A4C 00                    2695 	.db #0x00	; 0
    00000A4D 00                    2696 	.db #0x00	; 0
    00000A4E 5A                    2697 	.db #0x5a	; 90	'Z'
    00000A4F 00                    2698 	.db #0x00	; 0
    00000A50 00                    2699 	.db #0x00	; 0
    00000A51 02                    2700 	.db #0x02	; 2
    00000A52 80                    2701 	.db #0x80	; 128
    00000A53 00                    2702 	.db #0x00	; 0
    00000A54 5A                    2703 	.db #0x5a	; 90	'Z'
    00000A55 00                    2704 	.db #0x00	; 0
    00000A56 00                    2705 	.db #0x00	; 0
    00000A57 5A                    2706 	.db #0x5a	; 90	'Z'
    00000A58 00                    2707 	.db #0x00	; 0
    00000A59 00                    2708 	.db #0x00	; 0
    00000A5A 5A                    2709 	.db #0x5a	; 90	'Z'
    00000A5B 00                    2710 	.db #0x00	; 0
    00000A5C 00                    2711 	.db #0x00	; 0
    00000A5D 5A                    2712 	.db #0x5a	; 90	'Z'
    00000A5E 0C                    2713 	.db #0x0c	; 12
    00000A5F 06                    2714 	.db #0x06	; 6
    00000A60 5A                    2715 	.db #0x5a	; 90	'Z'
    00000A61 00                    2716 	.db #0x00	; 0
    00000A62 00                    2717 	.db #0x00	; 0
    00000A63 02                    2718 	.db #0x02	; 2
    00000A64 80                    2719 	.db #0x80	; 128
    00000A65 00                    2720 	.db #0x00	; 0
    00000A66 5A                    2721 	.db #0x5a	; 90	'Z'
    00000A67 00                    2722 	.db #0x00	; 0
    00000A68 00                    2723 	.db #0x00	; 0
    00000A69 5A                    2724 	.db #0x5a	; 90	'Z'
    00000A6A 00                    2725 	.db #0x00	; 0
    00000A6B 00                    2726 	.db #0x00	; 0
    00000A6C 5A                    2727 	.db #0x5a	; 90	'Z'
    00000A6D 00                    2728 	.db #0x00	; 0
    00000A6E 00                    2729 	.db #0x00	; 0
    00000A6F 5A                    2730 	.db #0x5a	; 90	'Z'
    00000A70 0C                    2731 	.db #0x0c	; 12
    00000A71 06                    2732 	.db #0x06	; 6
    00000A72 5A                    2733 	.db #0x5a	; 90	'Z'
    00000A73 00                    2734 	.db #0x00	; 0
    00000A74 00                    2735 	.db #0x00	; 0
    00000A75 07                    2736 	.db #0x07	; 7
    00000A76 80                    2737 	.db #0x80	; 128
    00000A77 00                    2738 	.db #0x00	; 0
    00000A78 5A                    2739 	.db #0x5a	; 90	'Z'
    00000A79 00                    2740 	.db #0x00	; 0
    00000A7A 00                    2741 	.db #0x00	; 0
    00000A7B 5A                    2742 	.db #0x5a	; 90	'Z'
    00000A7C 00                    2743 	.db #0x00	; 0
    00000A7D 00                    2744 	.db #0x00	; 0
    00000A7E 5A                    2745 	.db #0x5a	; 90	'Z'
    00000A7F 00                    2746 	.db #0x00	; 0
    00000A80 00                    2747 	.db #0x00	; 0
    00000A81                       2748 _P19:
    00000A81 10                    2749 	.db #0x10	; 16
    00000A82 D0                    2750 	.db #0xd0	; 208
    00000A83 00                    2751 	.db #0x00	; 0
    00000A84 5A                    2752 	.db #0x5a	; 90	'Z'
    00000A85 00                    2753 	.db #0x00	; 0
    00000A86 00                    2754 	.db #0x00	; 0
    00000A87 5A                    2755 	.db #0x5a	; 90	'Z'
    00000A88 00                    2756 	.db #0x00	; 0
    00000A89 00                    2757 	.db #0x00	; 0
    00000A8A 5A                    2758 	.db #0x5a	; 90	'Z'
    00000A8B 0C                    2759 	.db #0x0c	; 12
    00000A8C 09                    2760 	.db #0x09	; 9
    00000A8D 10                    2761 	.db #0x10	; 16
    00000A8E D0                    2762 	.db #0xd0	; 208
    00000A8F 00                    2763 	.db #0x00	; 0
    00000A90 5A                    2764 	.db #0x5a	; 90	'Z'
    00000A91 00                    2765 	.db #0x00	; 0
    00000A92 00                    2766 	.db #0x00	; 0
    00000A93 5A                    2767 	.db #0x5a	; 90	'Z'
    00000A94 00                    2768 	.db #0x00	; 0
    00000A95 00                    2769 	.db #0x00	; 0
    00000A96 5A                    2770 	.db #0x5a	; 90	'Z'
    00000A97 0C                    2771 	.db #0x0c	; 12
    00000A98 09                    2772 	.db #0x09	; 9
    00000A99 10                    2773 	.db #0x10	; 16
    00000A9A D0                    2774 	.db #0xd0	; 208
    00000A9B 00                    2775 	.db #0x00	; 0
    00000A9C 5A                    2776 	.db #0x5a	; 90	'Z'
    00000A9D 00                    2777 	.db #0x00	; 0
    00000A9E 00                    2778 	.db #0x00	; 0
    00000A9F 5A                    2779 	.db #0x5a	; 90	'Z'
    00000AA0 00                    2780 	.db #0x00	; 0
    00000AA1 00                    2781 	.db #0x00	; 0
    00000AA2 5A                    2782 	.db #0x5a	; 90	'Z'
    00000AA3 0C                    2783 	.db #0x0c	; 12
    00000AA4 09                    2784 	.db #0x09	; 9
    00000AA5 13                    2785 	.db #0x13	; 19
    00000AA6 D0                    2786 	.db #0xd0	; 208
    00000AA7 00                    2787 	.db #0x00	; 0
    00000AA8 5A                    2788 	.db #0x5a	; 90	'Z'
    00000AA9 00                    2789 	.db #0x00	; 0
    00000AAA 00                    2790 	.db #0x00	; 0
    00000AAB 5A                    2791 	.db #0x5a	; 90	'Z'
    00000AAC 00                    2792 	.db #0x00	; 0
    00000AAD 00                    2793 	.db #0x00	; 0
    00000AAE 5A                    2794 	.db #0x5a	; 90	'Z'
    00000AAF 0C                    2795 	.db #0x0c	; 12
    00000AB0 09                    2796 	.db #0x09	; 9
    00000AB1 0E                    2797 	.db #0x0e	; 14
    00000AB2 D0                    2798 	.db #0xd0	; 208
    00000AB3 00                    2799 	.db #0x00	; 0
    00000AB4 5A                    2800 	.db #0x5a	; 90	'Z'
    00000AB5 00                    2801 	.db #0x00	; 0
    00000AB6 00                    2802 	.db #0x00	; 0
    00000AB7 5A                    2803 	.db #0x5a	; 90	'Z'
    00000AB8 00                    2804 	.db #0x00	; 0
    00000AB9 00                    2805 	.db #0x00	; 0
    00000ABA 5A                    2806 	.db #0x5a	; 90	'Z'
    00000ABB 0C                    2807 	.db #0x0c	; 12
    00000ABC 09                    2808 	.db #0x09	; 9
    00000ABD 5A                    2809 	.db #0x5a	; 90	'Z'
    00000ABE 00                    2810 	.db #0x00	; 0
    00000ABF 00                    2811 	.db #0x00	; 0
    00000AC0 5A                    2812 	.db #0x5a	; 90	'Z'
    00000AC1 00                    2813 	.db #0x00	; 0
    00000AC2 00                    2814 	.db #0x00	; 0
    00000AC3 0E                    2815 	.db #0x0e	; 14
    00000AC4 D0                    2816 	.db #0xd0	; 208
    00000AC5 00                    2817 	.db #0x00	; 0
    00000AC6 5A                    2818 	.db #0x5a	; 90	'Z'
    00000AC7 00                    2819 	.db #0x00	; 0
    00000AC8 00                    2820 	.db #0x00	; 0
    00000AC9 5A                    2821 	.db #0x5a	; 90	'Z'
    00000ACA 00                    2822 	.db #0x00	; 0
    00000ACB 00                    2823 	.db #0x00	; 0
    00000ACC 5A                    2824 	.db #0x5a	; 90	'Z'
    00000ACD 0C                    2825 	.db #0x0c	; 12
    00000ACE 09                    2826 	.db #0x09	; 9
    00000ACF 5A                    2827 	.db #0x5a	; 90	'Z'
    00000AD0 00                    2828 	.db #0x00	; 0
    00000AD1 00                    2829 	.db #0x00	; 0
    00000AD2 5A                    2830 	.db #0x5a	; 90	'Z'
    00000AD3 00                    2831 	.db #0x00	; 0
    00000AD4 00                    2832 	.db #0x00	; 0
    00000AD5 15                    2833 	.db #0x15	; 21
    00000AD6 D0                    2834 	.db #0xd0	; 208
    00000AD7 00                    2835 	.db #0x00	; 0
    00000AD8 5A                    2836 	.db #0x5a	; 90	'Z'
    00000AD9 00                    2837 	.db #0x00	; 0
    00000ADA 00                    2838 	.db #0x00	; 0
    00000ADB 5A                    2839 	.db #0x5a	; 90	'Z'
    00000ADC 00                    2840 	.db #0x00	; 0
    00000ADD 00                    2841 	.db #0x00	; 0
    00000ADE 5A                    2842 	.db #0x5a	; 90	'Z'
    00000ADF 0C                    2843 	.db #0x0c	; 12
    00000AE0 09                    2844 	.db #0x09	; 9
    00000AE1 0C                    2845 	.db #0x0c	; 12
    00000AE2 D0                    2846 	.db #0xd0	; 208
    00000AE3 00                    2847 	.db #0x00	; 0
    00000AE4 5A                    2848 	.db #0x5a	; 90	'Z'
    00000AE5 00                    2849 	.db #0x00	; 0
    00000AE6 00                    2850 	.db #0x00	; 0
    00000AE7 5A                    2851 	.db #0x5a	; 90	'Z'
    00000AE8 00                    2852 	.db #0x00	; 0
    00000AE9 00                    2853 	.db #0x00	; 0
    00000AEA 5A                    2854 	.db #0x5a	; 90	'Z'
    00000AEB 0C                    2855 	.db #0x0c	; 12
    00000AEC 09                    2856 	.db #0x09	; 9
    00000AED 0C                    2857 	.db #0x0c	; 12
    00000AEE D0                    2858 	.db #0xd0	; 208
    00000AEF 00                    2859 	.db #0x00	; 0
    00000AF0 5A                    2860 	.db #0x5a	; 90	'Z'
    00000AF1 00                    2861 	.db #0x00	; 0
    00000AF2 00                    2862 	.db #0x00	; 0
    00000AF3 5A                    2863 	.db #0x5a	; 90	'Z'
    00000AF4 00                    2864 	.db #0x00	; 0
    00000AF5 00                    2865 	.db #0x00	; 0
    00000AF6 5A                    2866 	.db #0x5a	; 90	'Z'
    00000AF7 0C                    2867 	.db #0x0c	; 12
    00000AF8 09                    2868 	.db #0x09	; 9
    00000AF9 0C                    2869 	.db #0x0c	; 12
    00000AFA D0                    2870 	.db #0xd0	; 208
    00000AFB 00                    2871 	.db #0x00	; 0
    00000AFC 5A                    2872 	.db #0x5a	; 90	'Z'
    00000AFD 00                    2873 	.db #0x00	; 0
    00000AFE 00                    2874 	.db #0x00	; 0
    00000AFF 5A                    2875 	.db #0x5a	; 90	'Z'
    00000B00 00                    2876 	.db #0x00	; 0
    00000B01 00                    2877 	.db #0x00	; 0
    00000B02 5A                    2878 	.db #0x5a	; 90	'Z'
    00000B03 0C                    2879 	.db #0x0c	; 12
    00000B04 09                    2880 	.db #0x09	; 9
    00000B05 0C                    2881 	.db #0x0c	; 12
    00000B06 D0                    2882 	.db #0xd0	; 208
    00000B07 00                    2883 	.db #0x00	; 0
    00000B08 5A                    2884 	.db #0x5a	; 90	'Z'
    00000B09 00                    2885 	.db #0x00	; 0
    00000B0A 00                    2886 	.db #0x00	; 0
    00000B0B 5A                    2887 	.db #0x5a	; 90	'Z'
    00000B0C 00                    2888 	.db #0x00	; 0
    00000B0D 00                    2889 	.db #0x00	; 0
    00000B0E 5A                    2890 	.db #0x5a	; 90	'Z'
    00000B0F 0C                    2891 	.db #0x0c	; 12
    00000B10 09                    2892 	.db #0x09	; 9
    00000B11 0E                    2893 	.db #0x0e	; 14
    00000B12 D0                    2894 	.db #0xd0	; 208
    00000B13 00                    2895 	.db #0x00	; 0
    00000B14 5A                    2896 	.db #0x5a	; 90	'Z'
    00000B15 00                    2897 	.db #0x00	; 0
    00000B16 00                    2898 	.db #0x00	; 0
    00000B17 5A                    2899 	.db #0x5a	; 90	'Z'
    00000B18 00                    2900 	.db #0x00	; 0
    00000B19 00                    2901 	.db #0x00	; 0
    00000B1A 5A                    2902 	.db #0x5a	; 90	'Z'
    00000B1B 0C                    2903 	.db #0x0c	; 12
    00000B1C 09                    2904 	.db #0x09	; 9
    00000B1D 5A                    2905 	.db #0x5a	; 90	'Z'
    00000B1E 00                    2906 	.db #0x00	; 0
    00000B1F 00                    2907 	.db #0x00	; 0
    00000B20 5A                    2908 	.db #0x5a	; 90	'Z'
    00000B21 00                    2909 	.db #0x00	; 0
    00000B22 00                    2910 	.db #0x00	; 0
    00000B23 0E                    2911 	.db #0x0e	; 14
    00000B24 D0                    2912 	.db #0xd0	; 208
    00000B25 00                    2913 	.db #0x00	; 0
    00000B26 5A                    2914 	.db #0x5a	; 90	'Z'
    00000B27 00                    2915 	.db #0x00	; 0
    00000B28 00                    2916 	.db #0x00	; 0
    00000B29 5A                    2917 	.db #0x5a	; 90	'Z'
    00000B2A 00                    2918 	.db #0x00	; 0
    00000B2B 00                    2919 	.db #0x00	; 0
    00000B2C 5A                    2920 	.db #0x5a	; 90	'Z'
    00000B2D 0C                    2921 	.db #0x0c	; 12
    00000B2E 09                    2922 	.db #0x09	; 9
    00000B2F 5A                    2923 	.db #0x5a	; 90	'Z'
    00000B30 00                    2924 	.db #0x00	; 0
    00000B31 00                    2925 	.db #0x00	; 0
    00000B32 5A                    2926 	.db #0x5a	; 90	'Z'
    00000B33 00                    2927 	.db #0x00	; 0
    00000B34 00                    2928 	.db #0x00	; 0
    00000B35 13                    2929 	.db #0x13	; 19
    00000B36 D0                    2930 	.db #0xd0	; 208
    00000B37 00                    2931 	.db #0x00	; 0
    00000B38 5A                    2932 	.db #0x5a	; 90	'Z'
    00000B39 00                    2933 	.db #0x00	; 0
    00000B3A 00                    2934 	.db #0x00	; 0
    00000B3B 5A                    2935 	.db #0x5a	; 90	'Z'
    00000B3C 00                    2936 	.db #0x00	; 0
    00000B3D 00                    2937 	.db #0x00	; 0
    00000B3E 5A                    2938 	.db #0x5a	; 90	'Z'
    00000B3F 0C                    2939 	.db #0x0c	; 12
    00000B40 09                    2940 	.db #0x09	; 9
    00000B41                       2941 _P21:
    00000B41 04                    2942 	.db #0x04	; 4
    00000B42 80                    2943 	.db #0x80	; 128
    00000B43 00                    2944 	.db #0x00	; 0
    00000B44 5A                    2945 	.db #0x5a	; 90	'Z'
    00000B45 00                    2946 	.db #0x00	; 0
    00000B46 00                    2947 	.db #0x00	; 0
    00000B47 5A                    2948 	.db #0x5a	; 90	'Z'
    00000B48 00                    2949 	.db #0x00	; 0
    00000B49 00                    2950 	.db #0x00	; 0
    00000B4A 5A                    2951 	.db #0x5a	; 90	'Z'
    00000B4B 00                    2952 	.db #0x00	; 0
    00000B4C 00                    2953 	.db #0x00	; 0
    00000B4D 04                    2954 	.db #0x04	; 4
    00000B4E 80                    2955 	.db #0x80	; 128
    00000B4F 00                    2956 	.db #0x00	; 0
    00000B50 5A                    2957 	.db #0x5a	; 90	'Z'
    00000B51 00                    2958 	.db #0x00	; 0
    00000B52 00                    2959 	.db #0x00	; 0
    00000B53 5A                    2960 	.db #0x5a	; 90	'Z'
    00000B54 00                    2961 	.db #0x00	; 0
    00000B55 00                    2962 	.db #0x00	; 0
    00000B56 5A                    2963 	.db #0x5a	; 90	'Z'
    00000B57 00                    2964 	.db #0x00	; 0
    00000B58 00                    2965 	.db #0x00	; 0
    00000B59 04                    2966 	.db #0x04	; 4
    00000B5A 80                    2967 	.db #0x80	; 128
    00000B5B 00                    2968 	.db #0x00	; 0
    00000B5C 5A                    2969 	.db #0x5a	; 90	'Z'
    00000B5D 00                    2970 	.db #0x00	; 0
    00000B5E 00                    2971 	.db #0x00	; 0
    00000B5F 5A                    2972 	.db #0x5a	; 90	'Z'
    00000B60 00                    2973 	.db #0x00	; 0
    00000B61 00                    2974 	.db #0x00	; 0
    00000B62 5A                    2975 	.db #0x5a	; 90	'Z'
    00000B63 00                    2976 	.db #0x00	; 0
    00000B64 00                    2977 	.db #0x00	; 0
    00000B65 07                    2978 	.db #0x07	; 7
    00000B66 80                    2979 	.db #0x80	; 128
    00000B67 00                    2980 	.db #0x00	; 0
    00000B68 5A                    2981 	.db #0x5a	; 90	'Z'
    00000B69 00                    2982 	.db #0x00	; 0
    00000B6A 00                    2983 	.db #0x00	; 0
    00000B6B 5A                    2984 	.db #0x5a	; 90	'Z'
    00000B6C 00                    2985 	.db #0x00	; 0
    00000B6D 00                    2986 	.db #0x00	; 0
    00000B6E 5A                    2987 	.db #0x5a	; 90	'Z'
    00000B6F 00                    2988 	.db #0x00	; 0
    00000B70 00                    2989 	.db #0x00	; 0
    00000B71 02                    2990 	.db #0x02	; 2
    00000B72 80                    2991 	.db #0x80	; 128
    00000B73 00                    2992 	.db #0x00	; 0
    00000B74 5A                    2993 	.db #0x5a	; 90	'Z'
    00000B75 00                    2994 	.db #0x00	; 0
    00000B76 00                    2995 	.db #0x00	; 0
    00000B77 5A                    2996 	.db #0x5a	; 90	'Z'
    00000B78 00                    2997 	.db #0x00	; 0
    00000B79 00                    2998 	.db #0x00	; 0
    00000B7A 5A                    2999 	.db #0x5a	; 90	'Z'
    00000B7B 00                    3000 	.db #0x00	; 0
    00000B7C 00                    3001 	.db #0x00	; 0
    00000B7D 5A                    3002 	.db #0x5a	; 90	'Z'
    00000B7E 0C                    3003 	.db #0x0c	; 12
    00000B7F 06                    3004 	.db #0x06	; 6
    00000B80 5A                    3005 	.db #0x5a	; 90	'Z'
    00000B81 00                    3006 	.db #0x00	; 0
    00000B82 00                    3007 	.db #0x00	; 0
    00000B83 02                    3008 	.db #0x02	; 2
    00000B84 80                    3009 	.db #0x80	; 128
    00000B85 00                    3010 	.db #0x00	; 0
    00000B86 5A                    3011 	.db #0x5a	; 90	'Z'
    00000B87 00                    3012 	.db #0x00	; 0
    00000B88 00                    3013 	.db #0x00	; 0
    00000B89 5A                    3014 	.db #0x5a	; 90	'Z'
    00000B8A 00                    3015 	.db #0x00	; 0
    00000B8B 00                    3016 	.db #0x00	; 0
    00000B8C 5A                    3017 	.db #0x5a	; 90	'Z'
    00000B8D 00                    3018 	.db #0x00	; 0
    00000B8E 00                    3019 	.db #0x00	; 0
    00000B8F 5A                    3020 	.db #0x5a	; 90	'Z'
    00000B90 0C                    3021 	.db #0x0c	; 12
    00000B91 06                    3022 	.db #0x06	; 6
    00000B92 5A                    3023 	.db #0x5a	; 90	'Z'
    00000B93 00                    3024 	.db #0x00	; 0
    00000B94 00                    3025 	.db #0x00	; 0
    00000B95 09                    3026 	.db #0x09	; 9
    00000B96 80                    3027 	.db #0x80	; 128
    00000B97 00                    3028 	.db #0x00	; 0
    00000B98 5A                    3029 	.db #0x5a	; 90	'Z'
    00000B99 00                    3030 	.db #0x00	; 0
    00000B9A 00                    3031 	.db #0x00	; 0
    00000B9B 5A                    3032 	.db #0x5a	; 90	'Z'
    00000B9C 00                    3033 	.db #0x00	; 0
    00000B9D 00                    3034 	.db #0x00	; 0
    00000B9E 5A                    3035 	.db #0x5a	; 90	'Z'
    00000B9F 0C                    3036 	.db #0x0c	; 12
    00000BA0 06                    3037 	.db #0x06	; 6
    00000BA1 00                    3038 	.db #0x00	; 0
    00000BA2 80                    3039 	.db #0x80	; 128
    00000BA3 00                    3040 	.db #0x00	; 0
    00000BA4 5A                    3041 	.db #0x5a	; 90	'Z'
    00000BA5 00                    3042 	.db #0x00	; 0
    00000BA6 00                    3043 	.db #0x00	; 0
    00000BA7 5A                    3044 	.db #0x5a	; 90	'Z'
    00000BA8 00                    3045 	.db #0x00	; 0
    00000BA9 00                    3046 	.db #0x00	; 0
    00000BAA 5A                    3047 	.db #0x5a	; 90	'Z'
    00000BAB 00                    3048 	.db #0x00	; 0
    00000BAC 00                    3049 	.db #0x00	; 0
    00000BAD 00                    3050 	.db #0x00	; 0
    00000BAE 80                    3051 	.db #0x80	; 128
    00000BAF 00                    3052 	.db #0x00	; 0
    00000BB0 5A                    3053 	.db #0x5a	; 90	'Z'
    00000BB1 00                    3054 	.db #0x00	; 0
    00000BB2 00                    3055 	.db #0x00	; 0
    00000BB3 5A                    3056 	.db #0x5a	; 90	'Z'
    00000BB4 00                    3057 	.db #0x00	; 0
    00000BB5 00                    3058 	.db #0x00	; 0
    00000BB6 5A                    3059 	.db #0x5a	; 90	'Z'
    00000BB7 00                    3060 	.db #0x00	; 0
    00000BB8 00                    3061 	.db #0x00	; 0
    00000BB9 00                    3062 	.db #0x00	; 0
    00000BBA 80                    3063 	.db #0x80	; 128
    00000BBB 00                    3064 	.db #0x00	; 0
    00000BBC 5A                    3065 	.db #0x5a	; 90	'Z'
    00000BBD 00                    3066 	.db #0x00	; 0
    00000BBE 00                    3067 	.db #0x00	; 0
    00000BBF 5A                    3068 	.db #0x5a	; 90	'Z'
    00000BC0 00                    3069 	.db #0x00	; 0
    00000BC1 00                    3070 	.db #0x00	; 0
    00000BC2 5A                    3071 	.db #0x5a	; 90	'Z'
    00000BC3 00                    3072 	.db #0x00	; 0
    00000BC4 00                    3073 	.db #0x00	; 0
    00000BC5 00                    3074 	.db #0x00	; 0
    00000BC6 80                    3075 	.db #0x80	; 128
    00000BC7 00                    3076 	.db #0x00	; 0
    00000BC8 5A                    3077 	.db #0x5a	; 90	'Z'
    00000BC9 00                    3078 	.db #0x00	; 0
    00000BCA 00                    3079 	.db #0x00	; 0
    00000BCB 5A                    3080 	.db #0x5a	; 90	'Z'
    00000BCC 00                    3081 	.db #0x00	; 0
    00000BCD 00                    3082 	.db #0x00	; 0
    00000BCE 5A                    3083 	.db #0x5a	; 90	'Z'
    00000BCF 00                    3084 	.db #0x00	; 0
    00000BD0 00                    3085 	.db #0x00	; 0
    00000BD1 02                    3086 	.db #0x02	; 2
    00000BD2 80                    3087 	.db #0x80	; 128
    00000BD3 00                    3088 	.db #0x00	; 0
    00000BD4 5A                    3089 	.db #0x5a	; 90	'Z'
    00000BD5 00                    3090 	.db #0x00	; 0
    00000BD6 00                    3091 	.db #0x00	; 0
    00000BD7 5A                    3092 	.db #0x5a	; 90	'Z'
    00000BD8 00                    3093 	.db #0x00	; 0
    00000BD9 00                    3094 	.db #0x00	; 0
    00000BDA 5A                    3095 	.db #0x5a	; 90	'Z'
    00000BDB 0C                    3096 	.db #0x0c	; 12
    00000BDC 06                    3097 	.db #0x06	; 6
    00000BDD 5A                    3098 	.db #0x5a	; 90	'Z'
    00000BDE 00                    3099 	.db #0x00	; 0
    00000BDF 00                    3100 	.db #0x00	; 0
    00000BE0 5A                    3101 	.db #0x5a	; 90	'Z'
    00000BE1 00                    3102 	.db #0x00	; 0
    00000BE2 00                    3103 	.db #0x00	; 0
    00000BE3 0E                    3104 	.db #0x0e	; 14
    00000BE4 80                    3105 	.db #0x80	; 128
    00000BE5 00                    3106 	.db #0x00	; 0
    00000BE6 5A                    3107 	.db #0x5a	; 90	'Z'
    00000BE7 00                    3108 	.db #0x00	; 0
    00000BE8 00                    3109 	.db #0x00	; 0
    00000BE9 5A                    3110 	.db #0x5a	; 90	'Z'
    00000BEA 00                    3111 	.db #0x00	; 0
    00000BEB 00                    3112 	.db #0x00	; 0
    00000BEC 5A                    3113 	.db #0x5a	; 90	'Z'
    00000BED 00                    3114 	.db #0x00	; 0
    00000BEE 00                    3115 	.db #0x00	; 0
    00000BEF 5A                    3116 	.db #0x5a	; 90	'Z'
    00000BF0 0C                    3117 	.db #0x0c	; 12
    00000BF1 06                    3118 	.db #0x06	; 6
    00000BF2 5A                    3119 	.db #0x5a	; 90	'Z'
    00000BF3 00                    3120 	.db #0x00	; 0
    00000BF4 00                    3121 	.db #0x00	; 0
    00000BF5 07                    3122 	.db #0x07	; 7
    00000BF6 80                    3123 	.db #0x80	; 128
    00000BF7 00                    3124 	.db #0x00	; 0
    00000BF8 5A                    3125 	.db #0x5a	; 90	'Z'
    00000BF9 00                    3126 	.db #0x00	; 0
    00000BFA 00                    3127 	.db #0x00	; 0
    00000BFB 5A                    3128 	.db #0x5a	; 90	'Z'
    00000BFC 00                    3129 	.db #0x00	; 0
    00000BFD 00                    3130 	.db #0x00	; 0
    00000BFE 5A                    3131 	.db #0x5a	; 90	'Z'
    00000BFF 00                    3132 	.db #0x00	; 0
    00000C00 00                    3133 	.db #0x00	; 0
    00000C01                       3134 _P22:
    00000C01 10                    3135 	.db #0x10	; 16
    00000C02 D0                    3136 	.db #0xd0	; 208
    00000C03 00                    3137 	.db #0x00	; 0
    00000C04 5A                    3138 	.db #0x5a	; 90	'Z'
    00000C05 00                    3139 	.db #0x00	; 0
    00000C06 00                    3140 	.db #0x00	; 0
    00000C07 5A                    3141 	.db #0x5a	; 90	'Z'
    00000C08 00                    3142 	.db #0x00	; 0
    00000C09 00                    3143 	.db #0x00	; 0
    00000C0A 5A                    3144 	.db #0x5a	; 90	'Z'
    00000C0B 0C                    3145 	.db #0x0c	; 12
    00000C0C 09                    3146 	.db #0x09	; 9
    00000C0D 10                    3147 	.db #0x10	; 16
    00000C0E D0                    3148 	.db #0xd0	; 208
    00000C0F 00                    3149 	.db #0x00	; 0
    00000C10 5A                    3150 	.db #0x5a	; 90	'Z'
    00000C11 00                    3151 	.db #0x00	; 0
    00000C12 00                    3152 	.db #0x00	; 0
    00000C13 5A                    3153 	.db #0x5a	; 90	'Z'
    00000C14 00                    3154 	.db #0x00	; 0
    00000C15 00                    3155 	.db #0x00	; 0
    00000C16 5A                    3156 	.db #0x5a	; 90	'Z'
    00000C17 0C                    3157 	.db #0x0c	; 12
    00000C18 09                    3158 	.db #0x09	; 9
    00000C19 10                    3159 	.db #0x10	; 16
    00000C1A D0                    3160 	.db #0xd0	; 208
    00000C1B 00                    3161 	.db #0x00	; 0
    00000C1C 5A                    3162 	.db #0x5a	; 90	'Z'
    00000C1D 00                    3163 	.db #0x00	; 0
    00000C1E 00                    3164 	.db #0x00	; 0
    00000C1F 5A                    3165 	.db #0x5a	; 90	'Z'
    00000C20 00                    3166 	.db #0x00	; 0
    00000C21 00                    3167 	.db #0x00	; 0
    00000C22 5A                    3168 	.db #0x5a	; 90	'Z'
    00000C23 0C                    3169 	.db #0x0c	; 12
    00000C24 09                    3170 	.db #0x09	; 9
    00000C25 13                    3171 	.db #0x13	; 19
    00000C26 D0                    3172 	.db #0xd0	; 208
    00000C27 00                    3173 	.db #0x00	; 0
    00000C28 5A                    3174 	.db #0x5a	; 90	'Z'
    00000C29 00                    3175 	.db #0x00	; 0
    00000C2A 00                    3176 	.db #0x00	; 0
    00000C2B 5A                    3177 	.db #0x5a	; 90	'Z'
    00000C2C 00                    3178 	.db #0x00	; 0
    00000C2D 00                    3179 	.db #0x00	; 0
    00000C2E 5A                    3180 	.db #0x5a	; 90	'Z'
    00000C2F 0C                    3181 	.db #0x0c	; 12
    00000C30 09                    3182 	.db #0x09	; 9
    00000C31 0E                    3183 	.db #0x0e	; 14
    00000C32 D0                    3184 	.db #0xd0	; 208
    00000C33 00                    3185 	.db #0x00	; 0
    00000C34 5A                    3186 	.db #0x5a	; 90	'Z'
    00000C35 00                    3187 	.db #0x00	; 0
    00000C36 00                    3188 	.db #0x00	; 0
    00000C37 5A                    3189 	.db #0x5a	; 90	'Z'
    00000C38 00                    3190 	.db #0x00	; 0
    00000C39 00                    3191 	.db #0x00	; 0
    00000C3A 5A                    3192 	.db #0x5a	; 90	'Z'
    00000C3B 0C                    3193 	.db #0x0c	; 12
    00000C3C 09                    3194 	.db #0x09	; 9
    00000C3D 5A                    3195 	.db #0x5a	; 90	'Z'
    00000C3E 00                    3196 	.db #0x00	; 0
    00000C3F 00                    3197 	.db #0x00	; 0
    00000C40 5A                    3198 	.db #0x5a	; 90	'Z'
    00000C41 00                    3199 	.db #0x00	; 0
    00000C42 00                    3200 	.db #0x00	; 0
    00000C43 0E                    3201 	.db #0x0e	; 14
    00000C44 D0                    3202 	.db #0xd0	; 208
    00000C45 00                    3203 	.db #0x00	; 0
    00000C46 5A                    3204 	.db #0x5a	; 90	'Z'
    00000C47 00                    3205 	.db #0x00	; 0
    00000C48 00                    3206 	.db #0x00	; 0
    00000C49 5A                    3207 	.db #0x5a	; 90	'Z'
    00000C4A 00                    3208 	.db #0x00	; 0
    00000C4B 00                    3209 	.db #0x00	; 0
    00000C4C 5A                    3210 	.db #0x5a	; 90	'Z'
    00000C4D 0C                    3211 	.db #0x0c	; 12
    00000C4E 09                    3212 	.db #0x09	; 9
    00000C4F 5A                    3213 	.db #0x5a	; 90	'Z'
    00000C50 00                    3214 	.db #0x00	; 0
    00000C51 00                    3215 	.db #0x00	; 0
    00000C52 5A                    3216 	.db #0x5a	; 90	'Z'
    00000C53 00                    3217 	.db #0x00	; 0
    00000C54 00                    3218 	.db #0x00	; 0
    00000C55 15                    3219 	.db #0x15	; 21
    00000C56 D0                    3220 	.db #0xd0	; 208
    00000C57 00                    3221 	.db #0x00	; 0
    00000C58 5A                    3222 	.db #0x5a	; 90	'Z'
    00000C59 00                    3223 	.db #0x00	; 0
    00000C5A 00                    3224 	.db #0x00	; 0
    00000C5B 5A                    3225 	.db #0x5a	; 90	'Z'
    00000C5C 00                    3226 	.db #0x00	; 0
    00000C5D 00                    3227 	.db #0x00	; 0
    00000C5E 5A                    3228 	.db #0x5a	; 90	'Z'
    00000C5F 0C                    3229 	.db #0x0c	; 12
    00000C60 09                    3230 	.db #0x09	; 9
    00000C61 0C                    3231 	.db #0x0c	; 12
    00000C62 D0                    3232 	.db #0xd0	; 208
    00000C63 00                    3233 	.db #0x00	; 0
    00000C64 5A                    3234 	.db #0x5a	; 90	'Z'
    00000C65 00                    3235 	.db #0x00	; 0
    00000C66 00                    3236 	.db #0x00	; 0
    00000C67 5A                    3237 	.db #0x5a	; 90	'Z'
    00000C68 00                    3238 	.db #0x00	; 0
    00000C69 00                    3239 	.db #0x00	; 0
    00000C6A 5A                    3240 	.db #0x5a	; 90	'Z'
    00000C6B 0C                    3241 	.db #0x0c	; 12
    00000C6C 09                    3242 	.db #0x09	; 9
    00000C6D 0C                    3243 	.db #0x0c	; 12
    00000C6E D0                    3244 	.db #0xd0	; 208
    00000C6F 00                    3245 	.db #0x00	; 0
    00000C70 5A                    3246 	.db #0x5a	; 90	'Z'
    00000C71 00                    3247 	.db #0x00	; 0
    00000C72 00                    3248 	.db #0x00	; 0
    00000C73 5A                    3249 	.db #0x5a	; 90	'Z'
    00000C74 00                    3250 	.db #0x00	; 0
    00000C75 00                    3251 	.db #0x00	; 0
    00000C76 5A                    3252 	.db #0x5a	; 90	'Z'
    00000C77 0C                    3253 	.db #0x0c	; 12
    00000C78 09                    3254 	.db #0x09	; 9
    00000C79 0C                    3255 	.db #0x0c	; 12
    00000C7A D0                    3256 	.db #0xd0	; 208
    00000C7B 00                    3257 	.db #0x00	; 0
    00000C7C 5A                    3258 	.db #0x5a	; 90	'Z'
    00000C7D 00                    3259 	.db #0x00	; 0
    00000C7E 00                    3260 	.db #0x00	; 0
    00000C7F 5A                    3261 	.db #0x5a	; 90	'Z'
    00000C80 00                    3262 	.db #0x00	; 0
    00000C81 00                    3263 	.db #0x00	; 0
    00000C82 5A                    3264 	.db #0x5a	; 90	'Z'
    00000C83 0C                    3265 	.db #0x0c	; 12
    00000C84 09                    3266 	.db #0x09	; 9
    00000C85 0C                    3267 	.db #0x0c	; 12
    00000C86 D0                    3268 	.db #0xd0	; 208
    00000C87 00                    3269 	.db #0x00	; 0
    00000C88 5A                    3270 	.db #0x5a	; 90	'Z'
    00000C89 00                    3271 	.db #0x00	; 0
    00000C8A 00                    3272 	.db #0x00	; 0
    00000C8B 5A                    3273 	.db #0x5a	; 90	'Z'
    00000C8C 00                    3274 	.db #0x00	; 0
    00000C8D 00                    3275 	.db #0x00	; 0
    00000C8E 5A                    3276 	.db #0x5a	; 90	'Z'
    00000C8F 0C                    3277 	.db #0x0c	; 12
    00000C90 09                    3278 	.db #0x09	; 9
    00000C91 0E                    3279 	.db #0x0e	; 14
    00000C92 D0                    3280 	.db #0xd0	; 208
    00000C93 00                    3281 	.db #0x00	; 0
    00000C94 5A                    3282 	.db #0x5a	; 90	'Z'
    00000C95 00                    3283 	.db #0x00	; 0
    00000C96 00                    3284 	.db #0x00	; 0
    00000C97 5A                    3285 	.db #0x5a	; 90	'Z'
    00000C98 00                    3286 	.db #0x00	; 0
    00000C99 00                    3287 	.db #0x00	; 0
    00000C9A 5A                    3288 	.db #0x5a	; 90	'Z'
    00000C9B 0C                    3289 	.db #0x0c	; 12
    00000C9C 09                    3290 	.db #0x09	; 9
    00000C9D 5A                    3291 	.db #0x5a	; 90	'Z'
    00000C9E 00                    3292 	.db #0x00	; 0
    00000C9F 00                    3293 	.db #0x00	; 0
    00000CA0 5A                    3294 	.db #0x5a	; 90	'Z'
    00000CA1 00                    3295 	.db #0x00	; 0
    00000CA2 00                    3296 	.db #0x00	; 0
    00000CA3 1A                    3297 	.db #0x1a	; 26
    00000CA4 D0                    3298 	.db #0xd0	; 208
    00000CA5 00                    3299 	.db #0x00	; 0
    00000CA6 5A                    3300 	.db #0x5a	; 90	'Z'
    00000CA7 00                    3301 	.db #0x00	; 0
    00000CA8 00                    3302 	.db #0x00	; 0
    00000CA9 5A                    3303 	.db #0x5a	; 90	'Z'
    00000CAA 00                    3304 	.db #0x00	; 0
    00000CAB 00                    3305 	.db #0x00	; 0
    00000CAC 5A                    3306 	.db #0x5a	; 90	'Z'
    00000CAD 0C                    3307 	.db #0x0c	; 12
    00000CAE 09                    3308 	.db #0x09	; 9
    00000CAF 5A                    3309 	.db #0x5a	; 90	'Z'
    00000CB0 00                    3310 	.db #0x00	; 0
    00000CB1 00                    3311 	.db #0x00	; 0
    00000CB2 5A                    3312 	.db #0x5a	; 90	'Z'
    00000CB3 00                    3313 	.db #0x00	; 0
    00000CB4 00                    3314 	.db #0x00	; 0
    00000CB5 13                    3315 	.db #0x13	; 19
    00000CB6 D0                    3316 	.db #0xd0	; 208
    00000CB7 00                    3317 	.db #0x00	; 0
    00000CB8 5A                    3318 	.db #0x5a	; 90	'Z'
    00000CB9 00                    3319 	.db #0x00	; 0
    00000CBA 00                    3320 	.db #0x00	; 0
    00000CBB 5A                    3321 	.db #0x5a	; 90	'Z'
    00000CBC 00                    3322 	.db #0x00	; 0
    00000CBD 00                    3323 	.db #0x00	; 0
    00000CBE 5A                    3324 	.db #0x5a	; 90	'Z'
    00000CBF 0C                    3325 	.db #0x0c	; 12
    00000CC0 09                    3326 	.db #0x09	; 9
    00000CC1                       3327 _P23:
    00000CC1 28                    3328 	.db #0x28	; 40
    00000CC2 30                    3329 	.db #0x30	; 48	'0'
    00000CC3 00                    3330 	.db #0x00	; 0
    00000CC4 5A                    3331 	.db #0x5a	; 90	'Z'
    00000CC5 00                    3332 	.db #0x00	; 0
    00000CC6 00                    3333 	.db #0x00	; 0
    00000CC7 5A                    3334 	.db #0x5a	; 90	'Z'
    00000CC8 0C                    3335 	.db #0x0c	; 12
    00000CC9 08                    3336 	.db #0x08	; 8
    00000CCA 5A                    3337 	.db #0x5a	; 90	'Z'
    00000CCB 00                    3338 	.db #0x00	; 0
    00000CCC 00                    3339 	.db #0x00	; 0
    00000CCD 28                    3340 	.db #0x28	; 40
    00000CCE 30                    3341 	.db #0x30	; 48	'0'
    00000CCF 00                    3342 	.db #0x00	; 0
    00000CD0 5A                    3343 	.db #0x5a	; 90	'Z'
    00000CD1 00                    3344 	.db #0x00	; 0
    00000CD2 00                    3345 	.db #0x00	; 0
    00000CD3 5A                    3346 	.db #0x5a	; 90	'Z'
    00000CD4 0C                    3347 	.db #0x0c	; 12
    00000CD5 08                    3348 	.db #0x08	; 8
    00000CD6 5A                    3349 	.db #0x5a	; 90	'Z'
    00000CD7 00                    3350 	.db #0x00	; 0
    00000CD8 00                    3351 	.db #0x00	; 0
    00000CD9 2B                    3352 	.db #0x2b	; 43
    00000CDA 30                    3353 	.db #0x30	; 48	'0'
    00000CDB 00                    3354 	.db #0x00	; 0
    00000CDC 5A                    3355 	.db #0x5a	; 90	'Z'
    00000CDD 00                    3356 	.db #0x00	; 0
    00000CDE 00                    3357 	.db #0x00	; 0
    00000CDF 5A                    3358 	.db #0x5a	; 90	'Z'
    00000CE0 0C                    3359 	.db #0x0c	; 12
    00000CE1 08                    3360 	.db #0x08	; 8
    00000CE2 5A                    3361 	.db #0x5a	; 90	'Z'
    00000CE3 00                    3362 	.db #0x00	; 0
    00000CE4 00                    3363 	.db #0x00	; 0
    00000CE5 2B                    3364 	.db #0x2b	; 43
    00000CE6 30                    3365 	.db #0x30	; 48	'0'
    00000CE7 00                    3366 	.db #0x00	; 0
    00000CE8 5A                    3367 	.db #0x5a	; 90	'Z'
    00000CE9 00                    3368 	.db #0x00	; 0
    00000CEA 00                    3369 	.db #0x00	; 0
    00000CEB 5A                    3370 	.db #0x5a	; 90	'Z'
    00000CEC 0C                    3371 	.db #0x0c	; 12
    00000CED 08                    3372 	.db #0x08	; 8
    00000CEE 5A                    3373 	.db #0x5a	; 90	'Z'
    00000CEF 00                    3374 	.db #0x00	; 0
    00000CF0 00                    3375 	.db #0x00	; 0
    00000CF1 2B                    3376 	.db #0x2b	; 43
    00000CF2 30                    3377 	.db #0x30	; 48	'0'
    00000CF3 00                    3378 	.db #0x00	; 0
    00000CF4 5A                    3379 	.db #0x5a	; 90	'Z'
    00000CF5 00                    3380 	.db #0x00	; 0
    00000CF6 00                    3381 	.db #0x00	; 0
    00000CF7 26                    3382 	.db #0x26	; 38
    00000CF8 30                    3383 	.db #0x30	; 48	'0'
    00000CF9 00                    3384 	.db #0x00	; 0
    00000CFA 5A                    3385 	.db #0x5a	; 90	'Z'
    00000CFB 00                    3386 	.db #0x00	; 0
    00000CFC 00                    3387 	.db #0x00	; 0
    00000CFD 5A                    3388 	.db #0x5a	; 90	'Z'
    00000CFE 0C                    3389 	.db #0x0c	; 12
    00000CFF 08                    3390 	.db #0x08	; 8
    00000D00 5A                    3391 	.db #0x5a	; 90	'Z'
    00000D01 00                    3392 	.db #0x00	; 0
    00000D02 00                    3393 	.db #0x00	; 0
    00000D03 26                    3394 	.db #0x26	; 38
    00000D04 30                    3395 	.db #0x30	; 48	'0'
    00000D05 00                    3396 	.db #0x00	; 0
    00000D06 5A                    3397 	.db #0x5a	; 90	'Z'
    00000D07 00                    3398 	.db #0x00	; 0
    00000D08 00                    3399 	.db #0x00	; 0
    00000D09 5A                    3400 	.db #0x5a	; 90	'Z'
    00000D0A 0C                    3401 	.db #0x0c	; 12
    00000D0B 08                    3402 	.db #0x08	; 8
    00000D0C 5A                    3403 	.db #0x5a	; 90	'Z'
    00000D0D 00                    3404 	.db #0x00	; 0
    00000D0E 00                    3405 	.db #0x00	; 0
    00000D0F 24                    3406 	.db #0x24	; 36
    00000D10 30                    3407 	.db #0x30	; 48	'0'
    00000D11 00                    3408 	.db #0x00	; 0
    00000D12 5A                    3409 	.db #0x5a	; 90	'Z'
    00000D13 00                    3410 	.db #0x00	; 0
    00000D14 00                    3411 	.db #0x00	; 0
    00000D15 21                    3412 	.db #0x21	; 33
    00000D16 30                    3413 	.db #0x30	; 48	'0'
    00000D17 00                    3414 	.db #0x00	; 0
    00000D18 5A                    3415 	.db #0x5a	; 90	'Z'
    00000D19 00                    3416 	.db #0x00	; 0
    00000D1A 00                    3417 	.db #0x00	; 0
    00000D1B 24                    3418 	.db #0x24	; 36
    00000D1C 30                    3419 	.db #0x30	; 48	'0'
    00000D1D 00                    3420 	.db #0x00	; 0
    00000D1E 5A                    3421 	.db #0x5a	; 90	'Z'
    00000D1F 00                    3422 	.db #0x00	; 0
    00000D20 00                    3423 	.db #0x00	; 0
    00000D21 24                    3424 	.db #0x24	; 36
    00000D22 30                    3425 	.db #0x30	; 48	'0'
    00000D23 00                    3426 	.db #0x00	; 0
    00000D24 5A                    3427 	.db #0x5a	; 90	'Z'
    00000D25 00                    3428 	.db #0x00	; 0
    00000D26 00                    3429 	.db #0x00	; 0
    00000D27 5A                    3430 	.db #0x5a	; 90	'Z'
    00000D28 0C                    3431 	.db #0x0c	; 12
    00000D29 08                    3432 	.db #0x08	; 8
    00000D2A 5A                    3433 	.db #0x5a	; 90	'Z'
    00000D2B 00                    3434 	.db #0x00	; 0
    00000D2C 00                    3435 	.db #0x00	; 0
    00000D2D 24                    3436 	.db #0x24	; 36
    00000D2E 30                    3437 	.db #0x30	; 48	'0'
    00000D2F 00                    3438 	.db #0x00	; 0
    00000D30 5A                    3439 	.db #0x5a	; 90	'Z'
    00000D31 00                    3440 	.db #0x00	; 0
    00000D32 00                    3441 	.db #0x00	; 0
    00000D33 5A                    3442 	.db #0x5a	; 90	'Z'
    00000D34 0C                    3443 	.db #0x0c	; 12
    00000D35 08                    3444 	.db #0x08	; 8
    00000D36 5A                    3445 	.db #0x5a	; 90	'Z'
    00000D37 00                    3446 	.db #0x00	; 0
    00000D38 00                    3447 	.db #0x00	; 0
    00000D39 28                    3448 	.db #0x28	; 40
    00000D3A 30                    3449 	.db #0x30	; 48	'0'
    00000D3B 00                    3450 	.db #0x00	; 0
    00000D3C 5A                    3451 	.db #0x5a	; 90	'Z'
    00000D3D 00                    3452 	.db #0x00	; 0
    00000D3E 00                    3453 	.db #0x00	; 0
    00000D3F 5A                    3454 	.db #0x5a	; 90	'Z'
    00000D40 0C                    3455 	.db #0x0c	; 12
    00000D41 08                    3456 	.db #0x08	; 8
    00000D42 5A                    3457 	.db #0x5a	; 90	'Z'
    00000D43 00                    3458 	.db #0x00	; 0
    00000D44 00                    3459 	.db #0x00	; 0
    00000D45 28                    3460 	.db #0x28	; 40
    00000D46 30                    3461 	.db #0x30	; 48	'0'
    00000D47 00                    3462 	.db #0x00	; 0
    00000D48 5A                    3463 	.db #0x5a	; 90	'Z'
    00000D49 00                    3464 	.db #0x00	; 0
    00000D4A 00                    3465 	.db #0x00	; 0
    00000D4B 28                    3466 	.db #0x28	; 40
    00000D4C 30                    3467 	.db #0x30	; 48	'0'
    00000D4D 00                    3468 	.db #0x00	; 0
    00000D4E 5A                    3469 	.db #0x5a	; 90	'Z'
    00000D4F 00                    3470 	.db #0x00	; 0
    00000D50 00                    3471 	.db #0x00	; 0
    00000D51 21                    3472 	.db #0x21	; 33
    00000D52 30                    3473 	.db #0x30	; 48	'0'
    00000D53 00                    3474 	.db #0x00	; 0
    00000D54 5A                    3475 	.db #0x5a	; 90	'Z'
    00000D55 00                    3476 	.db #0x00	; 0
    00000D56 00                    3477 	.db #0x00	; 0
    00000D57 26                    3478 	.db #0x26	; 38
    00000D58 30                    3479 	.db #0x30	; 48	'0'
    00000D59 00                    3480 	.db #0x00	; 0
    00000D5A 5A                    3481 	.db #0x5a	; 90	'Z'
    00000D5B 00                    3482 	.db #0x00	; 0
    00000D5C 00                    3483 	.db #0x00	; 0
    00000D5D 5A                    3484 	.db #0x5a	; 90	'Z'
    00000D5E 0C                    3485 	.db #0x0c	; 12
    00000D5F 08                    3486 	.db #0x08	; 8
    00000D60 5A                    3487 	.db #0x5a	; 90	'Z'
    00000D61 00                    3488 	.db #0x00	; 0
    00000D62 00                    3489 	.db #0x00	; 0
    00000D63 26                    3490 	.db #0x26	; 38
    00000D64 30                    3491 	.db #0x30	; 48	'0'
    00000D65 00                    3492 	.db #0x00	; 0
    00000D66 5A                    3493 	.db #0x5a	; 90	'Z'
    00000D67 00                    3494 	.db #0x00	; 0
    00000D68 00                    3495 	.db #0x00	; 0
    00000D69 5A                    3496 	.db #0x5a	; 90	'Z'
    00000D6A 0C                    3497 	.db #0x0c	; 12
    00000D6B 08                    3498 	.db #0x08	; 8
    00000D6C 5A                    3499 	.db #0x5a	; 90	'Z'
    00000D6D 00                    3500 	.db #0x00	; 0
    00000D6E 00                    3501 	.db #0x00	; 0
    00000D6F 24                    3502 	.db #0x24	; 36
    00000D70 30                    3503 	.db #0x30	; 48	'0'
    00000D71 00                    3504 	.db #0x00	; 0
    00000D72 5A                    3505 	.db #0x5a	; 90	'Z'
    00000D73 00                    3506 	.db #0x00	; 0
    00000D74 00                    3507 	.db #0x00	; 0
    00000D75 2B                    3508 	.db #0x2b	; 43
    00000D76 30                    3509 	.db #0x30	; 48	'0'
    00000D77 00                    3510 	.db #0x00	; 0
    00000D78 5A                    3511 	.db #0x5a	; 90	'Z'
    00000D79 00                    3512 	.db #0x00	; 0
    00000D7A 00                    3513 	.db #0x00	; 0
    00000D7B 2A                    3514 	.db #0x2a	; 42
    00000D7C 30                    3515 	.db #0x30	; 48	'0'
    00000D7D 00                    3516 	.db #0x00	; 0
    00000D7E 5A                    3517 	.db #0x5a	; 90	'Z'
    00000D7F 00                    3518 	.db #0x00	; 0
    00000D80 00                    3519 	.db #0x00	; 0
    00000D81                       3520 _P24:
    00000D81 28                    3521 	.db #0x28	; 40
    00000D82 30                    3522 	.db #0x30	; 48	'0'
    00000D83 00                    3523 	.db #0x00	; 0
    00000D84 5A                    3524 	.db #0x5a	; 90	'Z'
    00000D85 00                    3525 	.db #0x00	; 0
    00000D86 00                    3526 	.db #0x00	; 0
    00000D87 5A                    3527 	.db #0x5a	; 90	'Z'
    00000D88 0C                    3528 	.db #0x0c	; 12
    00000D89 08                    3529 	.db #0x08	; 8
    00000D8A 5A                    3530 	.db #0x5a	; 90	'Z'
    00000D8B 00                    3531 	.db #0x00	; 0
    00000D8C 00                    3532 	.db #0x00	; 0
    00000D8D 28                    3533 	.db #0x28	; 40
    00000D8E 30                    3534 	.db #0x30	; 48	'0'
    00000D8F 00                    3535 	.db #0x00	; 0
    00000D90 5A                    3536 	.db #0x5a	; 90	'Z'
    00000D91 00                    3537 	.db #0x00	; 0
    00000D92 00                    3538 	.db #0x00	; 0
    00000D93 5A                    3539 	.db #0x5a	; 90	'Z'
    00000D94 0C                    3540 	.db #0x0c	; 12
    00000D95 08                    3541 	.db #0x08	; 8
    00000D96 5A                    3542 	.db #0x5a	; 90	'Z'
    00000D97 00                    3543 	.db #0x00	; 0
    00000D98 00                    3544 	.db #0x00	; 0
    00000D99 2B                    3545 	.db #0x2b	; 43
    00000D9A 30                    3546 	.db #0x30	; 48	'0'
    00000D9B 00                    3547 	.db #0x00	; 0
    00000D9C 5A                    3548 	.db #0x5a	; 90	'Z'
    00000D9D 00                    3549 	.db #0x00	; 0
    00000D9E 00                    3550 	.db #0x00	; 0
    00000D9F 5A                    3551 	.db #0x5a	; 90	'Z'
    00000DA0 0C                    3552 	.db #0x0c	; 12
    00000DA1 08                    3553 	.db #0x08	; 8
    00000DA2 5A                    3554 	.db #0x5a	; 90	'Z'
    00000DA3 00                    3555 	.db #0x00	; 0
    00000DA4 00                    3556 	.db #0x00	; 0
    00000DA5 2B                    3557 	.db #0x2b	; 43
    00000DA6 30                    3558 	.db #0x30	; 48	'0'
    00000DA7 00                    3559 	.db #0x00	; 0
    00000DA8 5A                    3560 	.db #0x5a	; 90	'Z'
    00000DA9 00                    3561 	.db #0x00	; 0
    00000DAA 00                    3562 	.db #0x00	; 0
    00000DAB 5A                    3563 	.db #0x5a	; 90	'Z'
    00000DAC 0C                    3564 	.db #0x0c	; 12
    00000DAD 08                    3565 	.db #0x08	; 8
    00000DAE 5A                    3566 	.db #0x5a	; 90	'Z'
    00000DAF 00                    3567 	.db #0x00	; 0
    00000DB0 00                    3568 	.db #0x00	; 0
    00000DB1 2B                    3569 	.db #0x2b	; 43
    00000DB2 30                    3570 	.db #0x30	; 48	'0'
    00000DB3 00                    3571 	.db #0x00	; 0
    00000DB4 5A                    3572 	.db #0x5a	; 90	'Z'
    00000DB5 00                    3573 	.db #0x00	; 0
    00000DB6 00                    3574 	.db #0x00	; 0
    00000DB7 26                    3575 	.db #0x26	; 38
    00000DB8 30                    3576 	.db #0x30	; 48	'0'
    00000DB9 00                    3577 	.db #0x00	; 0
    00000DBA 5A                    3578 	.db #0x5a	; 90	'Z'
    00000DBB 00                    3579 	.db #0x00	; 0
    00000DBC 00                    3580 	.db #0x00	; 0
    00000DBD 5A                    3581 	.db #0x5a	; 90	'Z'
    00000DBE 0C                    3582 	.db #0x0c	; 12
    00000DBF 08                    3583 	.db #0x08	; 8
    00000DC0 5A                    3584 	.db #0x5a	; 90	'Z'
    00000DC1 00                    3585 	.db #0x00	; 0
    00000DC2 00                    3586 	.db #0x00	; 0
    00000DC3 26                    3587 	.db #0x26	; 38
    00000DC4 30                    3588 	.db #0x30	; 48	'0'
    00000DC5 00                    3589 	.db #0x00	; 0
    00000DC6 5A                    3590 	.db #0x5a	; 90	'Z'
    00000DC7 00                    3591 	.db #0x00	; 0
    00000DC8 00                    3592 	.db #0x00	; 0
    00000DC9 5A                    3593 	.db #0x5a	; 90	'Z'
    00000DCA 0C                    3594 	.db #0x0c	; 12
    00000DCB 08                    3595 	.db #0x08	; 8
    00000DCC 5A                    3596 	.db #0x5a	; 90	'Z'
    00000DCD 00                    3597 	.db #0x00	; 0
    00000DCE 00                    3598 	.db #0x00	; 0
    00000DCF 24                    3599 	.db #0x24	; 36
    00000DD0 30                    3600 	.db #0x30	; 48	'0'
    00000DD1 00                    3601 	.db #0x00	; 0
    00000DD2 5A                    3602 	.db #0x5a	; 90	'Z'
    00000DD3 00                    3603 	.db #0x00	; 0
    00000DD4 00                    3604 	.db #0x00	; 0
    00000DD5 21                    3605 	.db #0x21	; 33
    00000DD6 30                    3606 	.db #0x30	; 48	'0'
    00000DD7 00                    3607 	.db #0x00	; 0
    00000DD8 5A                    3608 	.db #0x5a	; 90	'Z'
    00000DD9 00                    3609 	.db #0x00	; 0
    00000DDA 00                    3610 	.db #0x00	; 0
    00000DDB 24                    3611 	.db #0x24	; 36
    00000DDC 30                    3612 	.db #0x30	; 48	'0'
    00000DDD 00                    3613 	.db #0x00	; 0
    00000DDE 5A                    3614 	.db #0x5a	; 90	'Z'
    00000DDF 00                    3615 	.db #0x00	; 0
    00000DE0 00                    3616 	.db #0x00	; 0
    00000DE1 24                    3617 	.db #0x24	; 36
    00000DE2 30                    3618 	.db #0x30	; 48	'0'
    00000DE3 00                    3619 	.db #0x00	; 0
    00000DE4 5A                    3620 	.db #0x5a	; 90	'Z'
    00000DE5 00                    3621 	.db #0x00	; 0
    00000DE6 00                    3622 	.db #0x00	; 0
    00000DE7 5A                    3623 	.db #0x5a	; 90	'Z'
    00000DE8 0C                    3624 	.db #0x0c	; 12
    00000DE9 08                    3625 	.db #0x08	; 8
    00000DEA 5A                    3626 	.db #0x5a	; 90	'Z'
    00000DEB 00                    3627 	.db #0x00	; 0
    00000DEC 00                    3628 	.db #0x00	; 0
    00000DED 24                    3629 	.db #0x24	; 36
    00000DEE 30                    3630 	.db #0x30	; 48	'0'
    00000DEF 00                    3631 	.db #0x00	; 0
    00000DF0 5A                    3632 	.db #0x5a	; 90	'Z'
    00000DF1 00                    3633 	.db #0x00	; 0
    00000DF2 00                    3634 	.db #0x00	; 0
    00000DF3 26                    3635 	.db #0x26	; 38
    00000DF4 30                    3636 	.db #0x30	; 48	'0'
    00000DF5 00                    3637 	.db #0x00	; 0
    00000DF6 5A                    3638 	.db #0x5a	; 90	'Z'
    00000DF7 00                    3639 	.db #0x00	; 0
    00000DF8 00                    3640 	.db #0x00	; 0
    00000DF9 28                    3641 	.db #0x28	; 40
    00000DFA 30                    3642 	.db #0x30	; 48	'0'
    00000DFB 00                    3643 	.db #0x00	; 0
    00000DFC 5A                    3644 	.db #0x5a	; 90	'Z'
    00000DFD 00                    3645 	.db #0x00	; 0
    00000DFE 00                    3646 	.db #0x00	; 0
    00000DFF 5A                    3647 	.db #0x5a	; 90	'Z'
    00000E00 0C                    3648 	.db #0x0c	; 12
    00000E01 08                    3649 	.db #0x08	; 8
    00000E02 5A                    3650 	.db #0x5a	; 90	'Z'
    00000E03 00                    3651 	.db #0x00	; 0
    00000E04 00                    3652 	.db #0x00	; 0
    00000E05 28                    3653 	.db #0x28	; 40
    00000E06 30                    3654 	.db #0x30	; 48	'0'
    00000E07 00                    3655 	.db #0x00	; 0
    00000E08 5A                    3656 	.db #0x5a	; 90	'Z'
    00000E09 00                    3657 	.db #0x00	; 0
    00000E0A 00                    3658 	.db #0x00	; 0
    00000E0B 28                    3659 	.db #0x28	; 40
    00000E0C 30                    3660 	.db #0x30	; 48	'0'
    00000E0D 00                    3661 	.db #0x00	; 0
    00000E0E 5A                    3662 	.db #0x5a	; 90	'Z'
    00000E0F 00                    3663 	.db #0x00	; 0
    00000E10 00                    3664 	.db #0x00	; 0
    00000E11 21                    3665 	.db #0x21	; 33
    00000E12 30                    3666 	.db #0x30	; 48	'0'
    00000E13 00                    3667 	.db #0x00	; 0
    00000E14 5A                    3668 	.db #0x5a	; 90	'Z'
    00000E15 00                    3669 	.db #0x00	; 0
    00000E16 00                    3670 	.db #0x00	; 0
    00000E17 26                    3671 	.db #0x26	; 38
    00000E18 30                    3672 	.db #0x30	; 48	'0'
    00000E19 00                    3673 	.db #0x00	; 0
    00000E1A 5A                    3674 	.db #0x5a	; 90	'Z'
    00000E1B 00                    3675 	.db #0x00	; 0
    00000E1C 00                    3676 	.db #0x00	; 0
    00000E1D 5A                    3677 	.db #0x5a	; 90	'Z'
    00000E1E 0C                    3678 	.db #0x0c	; 12
    00000E1F 08                    3679 	.db #0x08	; 8
    00000E20 5A                    3680 	.db #0x5a	; 90	'Z'
    00000E21 00                    3681 	.db #0x00	; 0
    00000E22 00                    3682 	.db #0x00	; 0
    00000E23 26                    3683 	.db #0x26	; 38
    00000E24 30                    3684 	.db #0x30	; 48	'0'
    00000E25 00                    3685 	.db #0x00	; 0
    00000E26 5A                    3686 	.db #0x5a	; 90	'Z'
    00000E27 00                    3687 	.db #0x00	; 0
    00000E28 00                    3688 	.db #0x00	; 0
    00000E29 5A                    3689 	.db #0x5a	; 90	'Z'
    00000E2A 0C                    3690 	.db #0x0c	; 12
    00000E2B 07                    3691 	.db #0x07	; 7
    00000E2C 5A                    3692 	.db #0x5a	; 90	'Z'
    00000E2D 00                    3693 	.db #0x00	; 0
    00000E2E 00                    3694 	.db #0x00	; 0
    00000E2F 2D                    3695 	.db #0x2d	; 45
    00000E30 30                    3696 	.db #0x30	; 48	'0'
    00000E31 00                    3697 	.db #0x00	; 0
    00000E32 5A                    3698 	.db #0x5a	; 90	'Z'
    00000E33 00                    3699 	.db #0x00	; 0
    00000E34 00                    3700 	.db #0x00	; 0
    00000E35 2B                    3701 	.db #0x2b	; 43
    00000E36 30                    3702 	.db #0x30	; 48	'0'
    00000E37 00                    3703 	.db #0x00	; 0
    00000E38 5A                    3704 	.db #0x5a	; 90	'Z'
    00000E39 00                    3705 	.db #0x00	; 0
    00000E3A 00                    3706 	.db #0x00	; 0
    00000E3B 2A                    3707 	.db #0x2a	; 42
    00000E3C 30                    3708 	.db #0x30	; 48	'0'
    00000E3D 00                    3709 	.db #0x00	; 0
    00000E3E 5A                    3710 	.db #0x5a	; 90	'Z'
    00000E3F 00                    3711 	.db #0x00	; 0
    00000E40 00                    3712 	.db #0x00	; 0
    00000E41                       3713 _P25:
    00000E41 28                    3714 	.db #0x28	; 40
    00000E42 90                    3715 	.db #0x90	; 144
    00000E43 00                    3716 	.db #0x00	; 0
    00000E44 28                    3717 	.db #0x28	; 40
    00000E45 20                    3718 	.db #0x20	; 32
    00000E46 00                    3719 	.db #0x00	; 0
    00000E47 5A                    3720 	.db #0x5a	; 90	'Z'
    00000E48 00                    3721 	.db #0x00	; 0
    00000E49 00                    3722 	.db #0x00	; 0
    00000E4A 5A                    3723 	.db #0x5a	; 90	'Z'
    00000E4B 00                    3724 	.db #0x00	; 0
    00000E4C 00                    3725 	.db #0x00	; 0
    00000E4D 5A                    3726 	.db #0x5a	; 90	'Z'
    00000E4E 00                    3727 	.db #0x00	; 0
    00000E4F 00                    3728 	.db #0x00	; 0
    00000E50 5A                    3729 	.db #0x5a	; 90	'Z'
    00000E51 00                    3730 	.db #0x00	; 0
    00000E52 00                    3731 	.db #0x00	; 0
    00000E53 5A                    3732 	.db #0x5a	; 90	'Z'
    00000E54 00                    3733 	.db #0x00	; 0
    00000E55 00                    3734 	.db #0x00	; 0
    00000E56 5A                    3735 	.db #0x5a	; 90	'Z'
    00000E57 00                    3736 	.db #0x00	; 0
    00000E58 00                    3737 	.db #0x00	; 0
    00000E59 5A                    3738 	.db #0x5a	; 90	'Z'
    00000E5A 00                    3739 	.db #0x00	; 0
    00000E5B 00                    3740 	.db #0x00	; 0
    00000E5C 5A                    3741 	.db #0x5a	; 90	'Z'
    00000E5D 00                    3742 	.db #0x00	; 0
    00000E5E 00                    3743 	.db #0x00	; 0
    00000E5F 5A                    3744 	.db #0x5a	; 90	'Z'
    00000E60 00                    3745 	.db #0x00	; 0
    00000E61 00                    3746 	.db #0x00	; 0
    00000E62 5A                    3747 	.db #0x5a	; 90	'Z'
    00000E63 00                    3748 	.db #0x00	; 0
    00000E64 00                    3749 	.db #0x00	; 0
    00000E65 5A                    3750 	.db #0x5a	; 90	'Z'
    00000E66 00                    3751 	.db #0x00	; 0
    00000E67 00                    3752 	.db #0x00	; 0
    00000E68 5A                    3753 	.db #0x5a	; 90	'Z'
    00000E69 00                    3754 	.db #0x00	; 0
    00000E6A 00                    3755 	.db #0x00	; 0
    00000E6B 5A                    3756 	.db #0x5a	; 90	'Z'
    00000E6C 00                    3757 	.db #0x00	; 0
    00000E6D 00                    3758 	.db #0x00	; 0
    00000E6E 5A                    3759 	.db #0x5a	; 90	'Z'
    00000E6F 00                    3760 	.db #0x00	; 0
    00000E70 00                    3761 	.db #0x00	; 0
    00000E71 5A                    3762 	.db #0x5a	; 90	'Z'
    00000E72 00                    3763 	.db #0x00	; 0
    00000E73 00                    3764 	.db #0x00	; 0
    00000E74 5A                    3765 	.db #0x5a	; 90	'Z'
    00000E75 00                    3766 	.db #0x00	; 0
    00000E76 00                    3767 	.db #0x00	; 0
    00000E77 5A                    3768 	.db #0x5a	; 90	'Z'
    00000E78 00                    3769 	.db #0x00	; 0
    00000E79 00                    3770 	.db #0x00	; 0
    00000E7A 5A                    3771 	.db #0x5a	; 90	'Z'
    00000E7B 00                    3772 	.db #0x00	; 0
    00000E7C 00                    3773 	.db #0x00	; 0
    00000E7D 5A                    3774 	.db #0x5a	; 90	'Z'
    00000E7E 00                    3775 	.db #0x00	; 0
    00000E7F 00                    3776 	.db #0x00	; 0
    00000E80 5A                    3777 	.db #0x5a	; 90	'Z'
    00000E81 00                    3778 	.db #0x00	; 0
    00000E82 00                    3779 	.db #0x00	; 0
    00000E83 5A                    3780 	.db #0x5a	; 90	'Z'
    00000E84 00                    3781 	.db #0x00	; 0
    00000E85 00                    3782 	.db #0x00	; 0
    00000E86 5A                    3783 	.db #0x5a	; 90	'Z'
    00000E87 00                    3784 	.db #0x00	; 0
    00000E88 00                    3785 	.db #0x00	; 0
    00000E89 5A                    3786 	.db #0x5a	; 90	'Z'
    00000E8A 00                    3787 	.db #0x00	; 0
    00000E8B 00                    3788 	.db #0x00	; 0
    00000E8C 5A                    3789 	.db #0x5a	; 90	'Z'
    00000E8D 00                    3790 	.db #0x00	; 0
    00000E8E 00                    3791 	.db #0x00	; 0
    00000E8F 5A                    3792 	.db #0x5a	; 90	'Z'
    00000E90 00                    3793 	.db #0x00	; 0
    00000E91 00                    3794 	.db #0x00	; 0
    00000E92 5A                    3795 	.db #0x5a	; 90	'Z'
    00000E93 00                    3796 	.db #0x00	; 0
    00000E94 00                    3797 	.db #0x00	; 0
    00000E95 5A                    3798 	.db #0x5a	; 90	'Z'
    00000E96 00                    3799 	.db #0x00	; 0
    00000E97 00                    3800 	.db #0x00	; 0
    00000E98 5A                    3801 	.db #0x5a	; 90	'Z'
    00000E99 00                    3802 	.db #0x00	; 0
    00000E9A 00                    3803 	.db #0x00	; 0
    00000E9B 5A                    3804 	.db #0x5a	; 90	'Z'
    00000E9C 00                    3805 	.db #0x00	; 0
    00000E9D 00                    3806 	.db #0x00	; 0
    00000E9E 5A                    3807 	.db #0x5a	; 90	'Z'
    00000E9F 00                    3808 	.db #0x00	; 0
    00000EA0 00                    3809 	.db #0x00	; 0
    00000EA1 5A                    3810 	.db #0x5a	; 90	'Z'
    00000EA2 00                    3811 	.db #0x00	; 0
    00000EA3 00                    3812 	.db #0x00	; 0
    00000EA4 5A                    3813 	.db #0x5a	; 90	'Z'
    00000EA5 00                    3814 	.db #0x00	; 0
    00000EA6 00                    3815 	.db #0x00	; 0
    00000EA7 5A                    3816 	.db #0x5a	; 90	'Z'
    00000EA8 00                    3817 	.db #0x00	; 0
    00000EA9 00                    3818 	.db #0x00	; 0
    00000EAA 5A                    3819 	.db #0x5a	; 90	'Z'
    00000EAB 00                    3820 	.db #0x00	; 0
    00000EAC 00                    3821 	.db #0x00	; 0
    00000EAD 5A                    3822 	.db #0x5a	; 90	'Z'
    00000EAE 00                    3823 	.db #0x00	; 0
    00000EAF 00                    3824 	.db #0x00	; 0
    00000EB0 5A                    3825 	.db #0x5a	; 90	'Z'
    00000EB1 00                    3826 	.db #0x00	; 0
    00000EB2 00                    3827 	.db #0x00	; 0
    00000EB3 5A                    3828 	.db #0x5a	; 90	'Z'
    00000EB4 00                    3829 	.db #0x00	; 0
    00000EB5 00                    3830 	.db #0x00	; 0
    00000EB6 5A                    3831 	.db #0x5a	; 90	'Z'
    00000EB7 00                    3832 	.db #0x00	; 0
    00000EB8 00                    3833 	.db #0x00	; 0
    00000EB9 5A                    3834 	.db #0x5a	; 90	'Z'
    00000EBA 00                    3835 	.db #0x00	; 0
    00000EBB 00                    3836 	.db #0x00	; 0
    00000EBC 5A                    3837 	.db #0x5a	; 90	'Z'
    00000EBD 00                    3838 	.db #0x00	; 0
    00000EBE 00                    3839 	.db #0x00	; 0
    00000EBF 5A                    3840 	.db #0x5a	; 90	'Z'
    00000EC0 00                    3841 	.db #0x00	; 0
    00000EC1 00                    3842 	.db #0x00	; 0
    00000EC2 5A                    3843 	.db #0x5a	; 90	'Z'
    00000EC3 00                    3844 	.db #0x00	; 0
    00000EC4 00                    3845 	.db #0x00	; 0
    00000EC5 5A                    3846 	.db #0x5a	; 90	'Z'
    00000EC6 00                    3847 	.db #0x00	; 0
    00000EC7 00                    3848 	.db #0x00	; 0
    00000EC8 5A                    3849 	.db #0x5a	; 90	'Z'
    00000EC9 00                    3850 	.db #0x00	; 0
    00000ECA 00                    3851 	.db #0x00	; 0
    00000ECB 5A                    3852 	.db #0x5a	; 90	'Z'
    00000ECC 00                    3853 	.db #0x00	; 0
    00000ECD 00                    3854 	.db #0x00	; 0
    00000ECE 5A                    3855 	.db #0x5a	; 90	'Z'
    00000ECF 00                    3856 	.db #0x00	; 0
    00000ED0 00                    3857 	.db #0x00	; 0
    00000ED1 5A                    3858 	.db #0x5a	; 90	'Z'
    00000ED2 00                    3859 	.db #0x00	; 0
    00000ED3 00                    3860 	.db #0x00	; 0
    00000ED4 5A                    3861 	.db #0x5a	; 90	'Z'
    00000ED5 00                    3862 	.db #0x00	; 0
    00000ED6 00                    3863 	.db #0x00	; 0
    00000ED7 5A                    3864 	.db #0x5a	; 90	'Z'
    00000ED8 00                    3865 	.db #0x00	; 0
    00000ED9 00                    3866 	.db #0x00	; 0
    00000EDA 5A                    3867 	.db #0x5a	; 90	'Z'
    00000EDB 00                    3868 	.db #0x00	; 0
    00000EDC 00                    3869 	.db #0x00	; 0
    00000EDD 5A                    3870 	.db #0x5a	; 90	'Z'
    00000EDE 00                    3871 	.db #0x00	; 0
    00000EDF 00                    3872 	.db #0x00	; 0
    00000EE0 5A                    3873 	.db #0x5a	; 90	'Z'
    00000EE1 00                    3874 	.db #0x00	; 0
    00000EE2 00                    3875 	.db #0x00	; 0
    00000EE3 5A                    3876 	.db #0x5a	; 90	'Z'
    00000EE4 00                    3877 	.db #0x00	; 0
    00000EE5 00                    3878 	.db #0x00	; 0
    00000EE6 5A                    3879 	.db #0x5a	; 90	'Z'
    00000EE7 00                    3880 	.db #0x00	; 0
    00000EE8 00                    3881 	.db #0x00	; 0
    00000EE9 5A                    3882 	.db #0x5a	; 90	'Z'
    00000EEA 00                    3883 	.db #0x00	; 0
    00000EEB 00                    3884 	.db #0x00	; 0
    00000EEC 5A                    3885 	.db #0x5a	; 90	'Z'
    00000EED 00                    3886 	.db #0x00	; 0
    00000EEE 00                    3887 	.db #0x00	; 0
    00000EEF 5A                    3888 	.db #0x5a	; 90	'Z'
    00000EF0 00                    3889 	.db #0x00	; 0
    00000EF1 00                    3890 	.db #0x00	; 0
    00000EF2 5A                    3891 	.db #0x5a	; 90	'Z'
    00000EF3 00                    3892 	.db #0x00	; 0
    00000EF4 00                    3893 	.db #0x00	; 0
    00000EF5 5A                    3894 	.db #0x5a	; 90	'Z'
    00000EF6 00                    3895 	.db #0x00	; 0
    00000EF7 00                    3896 	.db #0x00	; 0
    00000EF8 5A                    3897 	.db #0x5a	; 90	'Z'
    00000EF9 00                    3898 	.db #0x00	; 0
    00000EFA 00                    3899 	.db #0x00	; 0
    00000EFB 5A                    3900 	.db #0x5a	; 90	'Z'
    00000EFC 00                    3901 	.db #0x00	; 0
    00000EFD 00                    3902 	.db #0x00	; 0
    00000EFE 5A                    3903 	.db #0x5a	; 90	'Z'
    00000EFF 00                    3904 	.db #0x00	; 0
    00000F00 00                    3905 	.db #0x00	; 0
    00000F01                       3906 _P26:
    00000F01 1C                    3907 	.db #0x1c	; 28
    00000F02 10                    3908 	.db #0x10	; 16
    00000F03 00                    3909 	.db #0x00	; 0
    00000F04 5A                    3910 	.db #0x5a	; 90	'Z'
    00000F05 00                    3911 	.db #0x00	; 0
    00000F06 00                    3912 	.db #0x00	; 0
    00000F07 5A                    3913 	.db #0x5a	; 90	'Z'
    00000F08 00                    3914 	.db #0x00	; 0
    00000F09 00                    3915 	.db #0x00	; 0
    00000F0A 5A                    3916 	.db #0x5a	; 90	'Z'
    00000F0B 00                    3917 	.db #0x00	; 0
    00000F0C 00                    3918 	.db #0x00	; 0
    00000F0D 5A                    3919 	.db #0x5a	; 90	'Z'
    00000F0E 00                    3920 	.db #0x00	; 0
    00000F0F 00                    3921 	.db #0x00	; 0
    00000F10 5A                    3922 	.db #0x5a	; 90	'Z'
    00000F11 00                    3923 	.db #0x00	; 0
    00000F12 00                    3924 	.db #0x00	; 0
    00000F13 5A                    3925 	.db #0x5a	; 90	'Z'
    00000F14 00                    3926 	.db #0x00	; 0
    00000F15 00                    3927 	.db #0x00	; 0
    00000F16 5A                    3928 	.db #0x5a	; 90	'Z'
    00000F17 00                    3929 	.db #0x00	; 0
    00000F18 00                    3930 	.db #0x00	; 0
    00000F19 5A                    3931 	.db #0x5a	; 90	'Z'
    00000F1A 00                    3932 	.db #0x00	; 0
    00000F1B 00                    3933 	.db #0x00	; 0
    00000F1C 5A                    3934 	.db #0x5a	; 90	'Z'
    00000F1D 00                    3935 	.db #0x00	; 0
    00000F1E 00                    3936 	.db #0x00	; 0
    00000F1F 5A                    3937 	.db #0x5a	; 90	'Z'
    00000F20 00                    3938 	.db #0x00	; 0
    00000F21 00                    3939 	.db #0x00	; 0
    00000F22 5A                    3940 	.db #0x5a	; 90	'Z'
    00000F23 00                    3941 	.db #0x00	; 0
    00000F24 00                    3942 	.db #0x00	; 0
    00000F25 5A                    3943 	.db #0x5a	; 90	'Z'
    00000F26 00                    3944 	.db #0x00	; 0
    00000F27 00                    3945 	.db #0x00	; 0
    00000F28 5A                    3946 	.db #0x5a	; 90	'Z'
    00000F29 00                    3947 	.db #0x00	; 0
    00000F2A 00                    3948 	.db #0x00	; 0
    00000F2B 5A                    3949 	.db #0x5a	; 90	'Z'
    00000F2C 00                    3950 	.db #0x00	; 0
    00000F2D 00                    3951 	.db #0x00	; 0
    00000F2E 5A                    3952 	.db #0x5a	; 90	'Z'
    00000F2F 00                    3953 	.db #0x00	; 0
    00000F30 00                    3954 	.db #0x00	; 0
    00000F31 5A                    3955 	.db #0x5a	; 90	'Z'
    00000F32 00                    3956 	.db #0x00	; 0
    00000F33 00                    3957 	.db #0x00	; 0
    00000F34 5A                    3958 	.db #0x5a	; 90	'Z'
    00000F35 00                    3959 	.db #0x00	; 0
    00000F36 00                    3960 	.db #0x00	; 0
    00000F37 5A                    3961 	.db #0x5a	; 90	'Z'
    00000F38 00                    3962 	.db #0x00	; 0
    00000F39 00                    3963 	.db #0x00	; 0
    00000F3A 5A                    3964 	.db #0x5a	; 90	'Z'
    00000F3B 00                    3965 	.db #0x00	; 0
    00000F3C 00                    3966 	.db #0x00	; 0
    00000F3D 10                    3967 	.db #0x10	; 16
    00000F3E 20                    3968 	.db #0x20	; 32
    00000F3F 00                    3969 	.db #0x00	; 0
    00000F40 5A                    3970 	.db #0x5a	; 90	'Z'
    00000F41 00                    3971 	.db #0x00	; 0
    00000F42 00                    3972 	.db #0x00	; 0
    00000F43 5A                    3973 	.db #0x5a	; 90	'Z'
    00000F44 00                    3974 	.db #0x00	; 0
    00000F45 00                    3975 	.db #0x00	; 0
    00000F46 5A                    3976 	.db #0x5a	; 90	'Z'
    00000F47 00                    3977 	.db #0x00	; 0
    00000F48 00                    3978 	.db #0x00	; 0
    00000F49 5A                    3979 	.db #0x5a	; 90	'Z'
    00000F4A 00                    3980 	.db #0x00	; 0
    00000F4B 00                    3981 	.db #0x00	; 0
    00000F4C 5A                    3982 	.db #0x5a	; 90	'Z'
    00000F4D 00                    3983 	.db #0x00	; 0
    00000F4E 00                    3984 	.db #0x00	; 0
    00000F4F 5A                    3985 	.db #0x5a	; 90	'Z'
    00000F50 00                    3986 	.db #0x00	; 0
    00000F51 00                    3987 	.db #0x00	; 0
    00000F52 5A                    3988 	.db #0x5a	; 90	'Z'
    00000F53 00                    3989 	.db #0x00	; 0
    00000F54 00                    3990 	.db #0x00	; 0
    00000F55 5A                    3991 	.db #0x5a	; 90	'Z'
    00000F56 00                    3992 	.db #0x00	; 0
    00000F57 00                    3993 	.db #0x00	; 0
    00000F58 5A                    3994 	.db #0x5a	; 90	'Z'
    00000F59 00                    3995 	.db #0x00	; 0
    00000F5A 00                    3996 	.db #0x00	; 0
    00000F5B 5A                    3997 	.db #0x5a	; 90	'Z'
    00000F5C 00                    3998 	.db #0x00	; 0
    00000F5D 00                    3999 	.db #0x00	; 0
    00000F5E 5A                    4000 	.db #0x5a	; 90	'Z'
    00000F5F 00                    4001 	.db #0x00	; 0
    00000F60 00                    4002 	.db #0x00	; 0
    00000F61 5A                    4003 	.db #0x5a	; 90	'Z'
    00000F62 00                    4004 	.db #0x00	; 0
    00000F63 00                    4005 	.db #0x00	; 0
    00000F64 5A                    4006 	.db #0x5a	; 90	'Z'
    00000F65 00                    4007 	.db #0x00	; 0
    00000F66 00                    4008 	.db #0x00	; 0
    00000F67 5A                    4009 	.db #0x5a	; 90	'Z'
    00000F68 00                    4010 	.db #0x00	; 0
    00000F69 00                    4011 	.db #0x00	; 0
    00000F6A 5A                    4012 	.db #0x5a	; 90	'Z'
    00000F6B 00                    4013 	.db #0x00	; 0
    00000F6C 00                    4014 	.db #0x00	; 0
    00000F6D 5A                    4015 	.db #0x5a	; 90	'Z'
    00000F6E 00                    4016 	.db #0x00	; 0
    00000F6F 00                    4017 	.db #0x00	; 0
    00000F70 5A                    4018 	.db #0x5a	; 90	'Z'
    00000F71 00                    4019 	.db #0x00	; 0
    00000F72 00                    4020 	.db #0x00	; 0
    00000F73 5A                    4021 	.db #0x5a	; 90	'Z'
    00000F74 00                    4022 	.db #0x00	; 0
    00000F75 00                    4023 	.db #0x00	; 0
    00000F76 5A                    4024 	.db #0x5a	; 90	'Z'
    00000F77 00                    4025 	.db #0x00	; 0
    00000F78 00                    4026 	.db #0x00	; 0
    00000F79 5A                    4027 	.db #0x5a	; 90	'Z'
    00000F7A 00                    4028 	.db #0x00	; 0
    00000F7B 00                    4029 	.db #0x00	; 0
    00000F7C 5A                    4030 	.db #0x5a	; 90	'Z'
    00000F7D 00                    4031 	.db #0x00	; 0
    00000F7E 00                    4032 	.db #0x00	; 0
    00000F7F 5A                    4033 	.db #0x5a	; 90	'Z'
    00000F80 00                    4034 	.db #0x00	; 0
    00000F81 00                    4035 	.db #0x00	; 0
    00000F82 5A                    4036 	.db #0x5a	; 90	'Z'
    00000F83 00                    4037 	.db #0x00	; 0
    00000F84 00                    4038 	.db #0x00	; 0
    00000F85 5A                    4039 	.db #0x5a	; 90	'Z'
    00000F86 00                    4040 	.db #0x00	; 0
    00000F87 00                    4041 	.db #0x00	; 0
    00000F88 5A                    4042 	.db #0x5a	; 90	'Z'
    00000F89 00                    4043 	.db #0x00	; 0
    00000F8A 00                    4044 	.db #0x00	; 0
    00000F8B 5A                    4045 	.db #0x5a	; 90	'Z'
    00000F8C 00                    4046 	.db #0x00	; 0
    00000F8D 00                    4047 	.db #0x00	; 0
    00000F8E 5A                    4048 	.db #0x5a	; 90	'Z'
    00000F8F 00                    4049 	.db #0x00	; 0
    00000F90 00                    4050 	.db #0x00	; 0
    00000F91 5A                    4051 	.db #0x5a	; 90	'Z'
    00000F92 00                    4052 	.db #0x00	; 0
    00000F93 00                    4053 	.db #0x00	; 0
    00000F94 5A                    4054 	.db #0x5a	; 90	'Z'
    00000F95 00                    4055 	.db #0x00	; 0
    00000F96 00                    4056 	.db #0x00	; 0
    00000F97 5A                    4057 	.db #0x5a	; 90	'Z'
    00000F98 00                    4058 	.db #0x00	; 0
    00000F99 00                    4059 	.db #0x00	; 0
    00000F9A 5A                    4060 	.db #0x5a	; 90	'Z'
    00000F9B 00                    4061 	.db #0x00	; 0
    00000F9C 00                    4062 	.db #0x00	; 0
    00000F9D 5A                    4063 	.db #0x5a	; 90	'Z'
    00000F9E 00                    4064 	.db #0x00	; 0
    00000F9F 00                    4065 	.db #0x00	; 0
    00000FA0 5A                    4066 	.db #0x5a	; 90	'Z'
    00000FA1 00                    4067 	.db #0x00	; 0
    00000FA2 00                    4068 	.db #0x00	; 0
    00000FA3 5A                    4069 	.db #0x5a	; 90	'Z'
    00000FA4 00                    4070 	.db #0x00	; 0
    00000FA5 00                    4071 	.db #0x00	; 0
    00000FA6 5A                    4072 	.db #0x5a	; 90	'Z'
    00000FA7 00                    4073 	.db #0x00	; 0
    00000FA8 00                    4074 	.db #0x00	; 0
    00000FA9 5A                    4075 	.db #0x5a	; 90	'Z'
    00000FAA 00                    4076 	.db #0x00	; 0
    00000FAB 00                    4077 	.db #0x00	; 0
    00000FAC 5A                    4078 	.db #0x5a	; 90	'Z'
    00000FAD 00                    4079 	.db #0x00	; 0
    00000FAE 00                    4080 	.db #0x00	; 0
    00000FAF 5A                    4081 	.db #0x5a	; 90	'Z'
    00000FB0 00                    4082 	.db #0x00	; 0
    00000FB1 00                    4083 	.db #0x00	; 0
    00000FB2 5A                    4084 	.db #0x5a	; 90	'Z'
    00000FB3 00                    4085 	.db #0x00	; 0
    00000FB4 00                    4086 	.db #0x00	; 0
    00000FB5 5A                    4087 	.db #0x5a	; 90	'Z'
    00000FB6 00                    4088 	.db #0x00	; 0
    00000FB7 00                    4089 	.db #0x00	; 0
    00000FB8 5A                    4090 	.db #0x5a	; 90	'Z'
    00000FB9 00                    4091 	.db #0x00	; 0
    00000FBA 00                    4092 	.db #0x00	; 0
    00000FBB 5A                    4093 	.db #0x5a	; 90	'Z'
    00000FBC 00                    4094 	.db #0x00	; 0
    00000FBD 00                    4095 	.db #0x00	; 0
    00000FBE 5A                    4096 	.db #0x5a	; 90	'Z'
    00000FBF 00                    4097 	.db #0x00	; 0
    00000FC0 00                    4098 	.db #0x00	; 0
    00000FC1                       4099 _P27:
    00000FC1 10                    4100 	.db #0x10	; 16
    00000FC2 C0                    4101 	.db #0xc0	; 192
    00000FC3 00                    4102 	.db #0x00	; 0
    00000FC4 5A                    4103 	.db #0x5a	; 90	'Z'
    00000FC5 00                    4104 	.db #0x00	; 0
    00000FC6 00                    4105 	.db #0x00	; 0
    00000FC7 5A                    4106 	.db #0x5a	; 90	'Z'
    00000FC8 00                    4107 	.db #0x00	; 0
    00000FC9 00                    4108 	.db #0x00	; 0
    00000FCA 5A                    4109 	.db #0x5a	; 90	'Z'
    00000FCB 00                    4110 	.db #0x00	; 0
    00000FCC 00                    4111 	.db #0x00	; 0
    00000FCD 5A                    4112 	.db #0x5a	; 90	'Z'
    00000FCE 00                    4113 	.db #0x00	; 0
    00000FCF 00                    4114 	.db #0x00	; 0
    00000FD0 5A                    4115 	.db #0x5a	; 90	'Z'
    00000FD1 00                    4116 	.db #0x00	; 0
    00000FD2 00                    4117 	.db #0x00	; 0
    00000FD3 5A                    4118 	.db #0x5a	; 90	'Z'
    00000FD4 00                    4119 	.db #0x00	; 0
    00000FD5 00                    4120 	.db #0x00	; 0
    00000FD6 5A                    4121 	.db #0x5a	; 90	'Z'
    00000FD7 00                    4122 	.db #0x00	; 0
    00000FD8 00                    4123 	.db #0x00	; 0
    00000FD9 5A                    4124 	.db #0x5a	; 90	'Z'
    00000FDA 00                    4125 	.db #0x00	; 0
    00000FDB 00                    4126 	.db #0x00	; 0
    00000FDC 5A                    4127 	.db #0x5a	; 90	'Z'
    00000FDD 00                    4128 	.db #0x00	; 0
    00000FDE 00                    4129 	.db #0x00	; 0
    00000FDF 5A                    4130 	.db #0x5a	; 90	'Z'
    00000FE0 00                    4131 	.db #0x00	; 0
    00000FE1 00                    4132 	.db #0x00	; 0
    00000FE2 5A                    4133 	.db #0x5a	; 90	'Z'
    00000FE3 00                    4134 	.db #0x00	; 0
    00000FE4 00                    4135 	.db #0x00	; 0
    00000FE5 5A                    4136 	.db #0x5a	; 90	'Z'
    00000FE6 0C                    4137 	.db #0x0c	; 12
    00000FE7 09                    4138 	.db #0x09	; 9
    00000FE8 5A                    4139 	.db #0x5a	; 90	'Z'
    00000FE9 00                    4140 	.db #0x00	; 0
    00000FEA 00                    4141 	.db #0x00	; 0
    00000FEB 5A                    4142 	.db #0x5a	; 90	'Z'
    00000FEC 00                    4143 	.db #0x00	; 0
    00000FED 00                    4144 	.db #0x00	; 0
    00000FEE 5A                    4145 	.db #0x5a	; 90	'Z'
    00000FEF 00                    4146 	.db #0x00	; 0
    00000FF0 00                    4147 	.db #0x00	; 0
    00000FF1 5A                    4148 	.db #0x5a	; 90	'Z'
    00000FF2 0C                    4149 	.db #0x0c	; 12
    00000FF3 01                    4150 	.db #0x01	; 1
    00000FF4 5A                    4151 	.db #0x5a	; 90	'Z'
    00000FF5 00                    4152 	.db #0x00	; 0
    00000FF6 00                    4153 	.db #0x00	; 0
    00000FF7 5A                    4154 	.db #0x5a	; 90	'Z'
    00000FF8 00                    4155 	.db #0x00	; 0
    00000FF9 00                    4156 	.db #0x00	; 0
    00000FFA 5A                    4157 	.db #0x5a	; 90	'Z'
    00000FFB 00                    4158 	.db #0x00	; 0
    00000FFC 00                    4159 	.db #0x00	; 0
    00000FFD 5A                    4160 	.db #0x5a	; 90	'Z'
    00000FFE 0C                    4161 	.db #0x0c	; 12
    00000FFF 00                    4162 	.db #0x00	; 0
    00001000 5A                    4163 	.db #0x5a	; 90	'Z'
    00001001 00                    4164 	.db #0x00	; 0
    00001002 00                    4165 	.db #0x00	; 0
    00001003 5A                    4166 	.db #0x5a	; 90	'Z'
    00001004 00                    4167 	.db #0x00	; 0
    00001005 00                    4168 	.db #0x00	; 0
    00001006 5A                    4169 	.db #0x5a	; 90	'Z'
    00001007 00                    4170 	.db #0x00	; 0
    00001008 00                    4171 	.db #0x00	; 0
    00001009 5A                    4172 	.db #0x5a	; 90	'Z'
    0000100A 00                    4173 	.db #0x00	; 0
    0000100B 00                    4174 	.db #0x00	; 0
    0000100C 5A                    4175 	.db #0x5a	; 90	'Z'
    0000100D 00                    4176 	.db #0x00	; 0
    0000100E 00                    4177 	.db #0x00	; 0
    0000100F 5A                    4178 	.db #0x5a	; 90	'Z'
    00001010 00                    4179 	.db #0x00	; 0
    00001011 00                    4180 	.db #0x00	; 0
    00001012 5A                    4181 	.db #0x5a	; 90	'Z'
    00001013 00                    4182 	.db #0x00	; 0
    00001014 00                    4183 	.db #0x00	; 0
    00001015 5A                    4184 	.db #0x5a	; 90	'Z'
    00001016 00                    4185 	.db #0x00	; 0
    00001017 00                    4186 	.db #0x00	; 0
    00001018 5A                    4187 	.db #0x5a	; 90	'Z'
    00001019 00                    4188 	.db #0x00	; 0
    0000101A 00                    4189 	.db #0x00	; 0
    0000101B 5A                    4190 	.db #0x5a	; 90	'Z'
    0000101C 00                    4191 	.db #0x00	; 0
    0000101D 00                    4192 	.db #0x00	; 0
    0000101E 5A                    4193 	.db #0x5a	; 90	'Z'
    0000101F 00                    4194 	.db #0x00	; 0
    00001020 00                    4195 	.db #0x00	; 0
    00001021 5A                    4196 	.db #0x5a	; 90	'Z'
    00001022 00                    4197 	.db #0x00	; 0
    00001023 00                    4198 	.db #0x00	; 0
    00001024 5A                    4199 	.db #0x5a	; 90	'Z'
    00001025 00                    4200 	.db #0x00	; 0
    00001026 00                    4201 	.db #0x00	; 0
    00001027 5A                    4202 	.db #0x5a	; 90	'Z'
    00001028 00                    4203 	.db #0x00	; 0
    00001029 00                    4204 	.db #0x00	; 0
    0000102A 5A                    4205 	.db #0x5a	; 90	'Z'
    0000102B 00                    4206 	.db #0x00	; 0
    0000102C 00                    4207 	.db #0x00	; 0
    0000102D 5A                    4208 	.db #0x5a	; 90	'Z'
    0000102E 00                    4209 	.db #0x00	; 0
    0000102F 00                    4210 	.db #0x00	; 0
    00001030 5A                    4211 	.db #0x5a	; 90	'Z'
    00001031 00                    4212 	.db #0x00	; 0
    00001032 00                    4213 	.db #0x00	; 0
    00001033 5A                    4214 	.db #0x5a	; 90	'Z'
    00001034 00                    4215 	.db #0x00	; 0
    00001035 00                    4216 	.db #0x00	; 0
    00001036 5A                    4217 	.db #0x5a	; 90	'Z'
    00001037 00                    4218 	.db #0x00	; 0
    00001038 00                    4219 	.db #0x00	; 0
    00001039 5A                    4220 	.db #0x5a	; 90	'Z'
    0000103A 00                    4221 	.db #0x00	; 0
    0000103B 00                    4222 	.db #0x00	; 0
    0000103C 5A                    4223 	.db #0x5a	; 90	'Z'
    0000103D 00                    4224 	.db #0x00	; 0
    0000103E 00                    4225 	.db #0x00	; 0
    0000103F 5A                    4226 	.db #0x5a	; 90	'Z'
    00001040 00                    4227 	.db #0x00	; 0
    00001041 00                    4228 	.db #0x00	; 0
    00001042 5A                    4229 	.db #0x5a	; 90	'Z'
    00001043 00                    4230 	.db #0x00	; 0
    00001044 00                    4231 	.db #0x00	; 0
    00001045 5A                    4232 	.db #0x5a	; 90	'Z'
    00001046 00                    4233 	.db #0x00	; 0
    00001047 00                    4234 	.db #0x00	; 0
    00001048 5A                    4235 	.db #0x5a	; 90	'Z'
    00001049 00                    4236 	.db #0x00	; 0
    0000104A 00                    4237 	.db #0x00	; 0
    0000104B 5A                    4238 	.db #0x5a	; 90	'Z'
    0000104C 00                    4239 	.db #0x00	; 0
    0000104D 00                    4240 	.db #0x00	; 0
    0000104E 5A                    4241 	.db #0x5a	; 90	'Z'
    0000104F 00                    4242 	.db #0x00	; 0
    00001050 00                    4243 	.db #0x00	; 0
    00001051 5A                    4244 	.db #0x5a	; 90	'Z'
    00001052 00                    4245 	.db #0x00	; 0
    00001053 00                    4246 	.db #0x00	; 0
    00001054 5A                    4247 	.db #0x5a	; 90	'Z'
    00001055 00                    4248 	.db #0x00	; 0
    00001056 00                    4249 	.db #0x00	; 0
    00001057 5A                    4250 	.db #0x5a	; 90	'Z'
    00001058 00                    4251 	.db #0x00	; 0
    00001059 00                    4252 	.db #0x00	; 0
    0000105A 5A                    4253 	.db #0x5a	; 90	'Z'
    0000105B 00                    4254 	.db #0x00	; 0
    0000105C 00                    4255 	.db #0x00	; 0
    0000105D 5A                    4256 	.db #0x5a	; 90	'Z'
    0000105E 00                    4257 	.db #0x00	; 0
    0000105F 00                    4258 	.db #0x00	; 0
    00001060 5A                    4259 	.db #0x5a	; 90	'Z'
    00001061 00                    4260 	.db #0x00	; 0
    00001062 00                    4261 	.db #0x00	; 0
    00001063 5A                    4262 	.db #0x5a	; 90	'Z'
    00001064 00                    4263 	.db #0x00	; 0
    00001065 00                    4264 	.db #0x00	; 0
    00001066 5A                    4265 	.db #0x5a	; 90	'Z'
    00001067 00                    4266 	.db #0x00	; 0
    00001068 00                    4267 	.db #0x00	; 0
    00001069 5A                    4268 	.db #0x5a	; 90	'Z'
    0000106A 00                    4269 	.db #0x00	; 0
    0000106B 00                    4270 	.db #0x00	; 0
    0000106C 5A                    4271 	.db #0x5a	; 90	'Z'
    0000106D 00                    4272 	.db #0x00	; 0
    0000106E 00                    4273 	.db #0x00	; 0
    0000106F 5A                    4274 	.db #0x5a	; 90	'Z'
    00001070 00                    4275 	.db #0x00	; 0
    00001071 00                    4276 	.db #0x00	; 0
    00001072 5A                    4277 	.db #0x5a	; 90	'Z'
    00001073 00                    4278 	.db #0x00	; 0
    00001074 00                    4279 	.db #0x00	; 0
    00001075 5A                    4280 	.db #0x5a	; 90	'Z'
    00001076 00                    4281 	.db #0x00	; 0
    00001077 00                    4282 	.db #0x00	; 0
    00001078 5A                    4283 	.db #0x5a	; 90	'Z'
    00001079 00                    4284 	.db #0x00	; 0
    0000107A 00                    4285 	.db #0x00	; 0
    0000107B 5A                    4286 	.db #0x5a	; 90	'Z'
    0000107C 00                    4287 	.db #0x00	; 0
    0000107D 00                    4288 	.db #0x00	; 0
    0000107E 5A                    4289 	.db #0x5a	; 90	'Z'
    0000107F 00                    4290 	.db #0x00	; 0
    00001080 00                    4291 	.db #0x00	; 0
    00001081                       4292 _P28:
    00001081 5A                    4293 	.db #0x5a	; 90	'Z'
    00001082 00                    4294 	.db #0x00	; 0
    00001083 00                    4295 	.db #0x00	; 0
    00001084 5A                    4296 	.db #0x5a	; 90	'Z'
    00001085 00                    4297 	.db #0x00	; 0
    00001086 00                    4298 	.db #0x00	; 0
    00001087 5A                    4299 	.db #0x5a	; 90	'Z'
    00001088 00                    4300 	.db #0x00	; 0
    00001089 00                    4301 	.db #0x00	; 0
    0000108A 5A                    4302 	.db #0x5a	; 90	'Z'
    0000108B 00                    4303 	.db #0x00	; 0
    0000108C 00                    4304 	.db #0x00	; 0
    0000108D 5A                    4305 	.db #0x5a	; 90	'Z'
    0000108E 00                    4306 	.db #0x00	; 0
    0000108F 00                    4307 	.db #0x00	; 0
    00001090 5A                    4308 	.db #0x5a	; 90	'Z'
    00001091 00                    4309 	.db #0x00	; 0
    00001092 00                    4310 	.db #0x00	; 0
    00001093 5A                    4311 	.db #0x5a	; 90	'Z'
    00001094 00                    4312 	.db #0x00	; 0
    00001095 00                    4313 	.db #0x00	; 0
    00001096 5A                    4314 	.db #0x5a	; 90	'Z'
    00001097 00                    4315 	.db #0x00	; 0
    00001098 00                    4316 	.db #0x00	; 0
    00001099 5A                    4317 	.db #0x5a	; 90	'Z'
    0000109A 00                    4318 	.db #0x00	; 0
    0000109B 00                    4319 	.db #0x00	; 0
    0000109C 5A                    4320 	.db #0x5a	; 90	'Z'
    0000109D 00                    4321 	.db #0x00	; 0
    0000109E 00                    4322 	.db #0x00	; 0
    0000109F 5A                    4323 	.db #0x5a	; 90	'Z'
    000010A0 00                    4324 	.db #0x00	; 0
    000010A1 00                    4325 	.db #0x00	; 0
    000010A2 5A                    4326 	.db #0x5a	; 90	'Z'
    000010A3 00                    4327 	.db #0x00	; 0
    000010A4 00                    4328 	.db #0x00	; 0
    000010A5 5A                    4329 	.db #0x5a	; 90	'Z'
    000010A6 00                    4330 	.db #0x00	; 0
    000010A7 00                    4331 	.db #0x00	; 0
    000010A8 5A                    4332 	.db #0x5a	; 90	'Z'
    000010A9 00                    4333 	.db #0x00	; 0
    000010AA 00                    4334 	.db #0x00	; 0
    000010AB 5A                    4335 	.db #0x5a	; 90	'Z'
    000010AC 00                    4336 	.db #0x00	; 0
    000010AD 00                    4337 	.db #0x00	; 0
    000010AE 5A                    4338 	.db #0x5a	; 90	'Z'
    000010AF 00                    4339 	.db #0x00	; 0
    000010B0 00                    4340 	.db #0x00	; 0
    000010B1 5A                    4341 	.db #0x5a	; 90	'Z'
    000010B2 00                    4342 	.db #0x00	; 0
    000010B3 00                    4343 	.db #0x00	; 0
    000010B4 5A                    4344 	.db #0x5a	; 90	'Z'
    000010B5 00                    4345 	.db #0x00	; 0
    000010B6 00                    4346 	.db #0x00	; 0
    000010B7 5A                    4347 	.db #0x5a	; 90	'Z'
    000010B8 00                    4348 	.db #0x00	; 0
    000010B9 00                    4349 	.db #0x00	; 0
    000010BA 5A                    4350 	.db #0x5a	; 90	'Z'
    000010BB 00                    4351 	.db #0x00	; 0
    000010BC 00                    4352 	.db #0x00	; 0
    000010BD 5A                    4353 	.db #0x5a	; 90	'Z'
    000010BE 00                    4354 	.db #0x00	; 0
    000010BF 00                    4355 	.db #0x00	; 0
    000010C0 5A                    4356 	.db #0x5a	; 90	'Z'
    000010C1 00                    4357 	.db #0x00	; 0
    000010C2 00                    4358 	.db #0x00	; 0
    000010C3 5A                    4359 	.db #0x5a	; 90	'Z'
    000010C4 00                    4360 	.db #0x00	; 0
    000010C5 00                    4361 	.db #0x00	; 0
    000010C6 5A                    4362 	.db #0x5a	; 90	'Z'
    000010C7 00                    4363 	.db #0x00	; 0
    000010C8 00                    4364 	.db #0x00	; 0
    000010C9 5A                    4365 	.db #0x5a	; 90	'Z'
    000010CA 00                    4366 	.db #0x00	; 0
    000010CB 00                    4367 	.db #0x00	; 0
    000010CC 5A                    4368 	.db #0x5a	; 90	'Z'
    000010CD 00                    4369 	.db #0x00	; 0
    000010CE 00                    4370 	.db #0x00	; 0
    000010CF 5A                    4371 	.db #0x5a	; 90	'Z'
    000010D0 00                    4372 	.db #0x00	; 0
    000010D1 00                    4373 	.db #0x00	; 0
    000010D2 5A                    4374 	.db #0x5a	; 90	'Z'
    000010D3 00                    4375 	.db #0x00	; 0
    000010D4 00                    4376 	.db #0x00	; 0
    000010D5 5A                    4377 	.db #0x5a	; 90	'Z'
    000010D6 00                    4378 	.db #0x00	; 0
    000010D7 00                    4379 	.db #0x00	; 0
    000010D8 5A                    4380 	.db #0x5a	; 90	'Z'
    000010D9 00                    4381 	.db #0x00	; 0
    000010DA 00                    4382 	.db #0x00	; 0
    000010DB 5A                    4383 	.db #0x5a	; 90	'Z'
    000010DC 00                    4384 	.db #0x00	; 0
    000010DD 00                    4385 	.db #0x00	; 0
    000010DE 5A                    4386 	.db #0x5a	; 90	'Z'
    000010DF 00                    4387 	.db #0x00	; 0
    000010E0 00                    4388 	.db #0x00	; 0
    000010E1 5A                    4389 	.db #0x5a	; 90	'Z'
    000010E2 0D                    4390 	.db #0x0d	; 13
    000010E3 01                    4391 	.db #0x01	; 1
    000010E4 5A                    4392 	.db #0x5a	; 90	'Z'
    000010E5 00                    4393 	.db #0x00	; 0
    000010E6 00                    4394 	.db #0x00	; 0
    000010E7 5A                    4395 	.db #0x5a	; 90	'Z'
    000010E8 00                    4396 	.db #0x00	; 0
    000010E9 00                    4397 	.db #0x00	; 0
    000010EA 5A                    4398 	.db #0x5a	; 90	'Z'
    000010EB 00                    4399 	.db #0x00	; 0
    000010EC 00                    4400 	.db #0x00	; 0
    000010ED 5A                    4401 	.db #0x5a	; 90	'Z'
    000010EE 00                    4402 	.db #0x00	; 0
    000010EF 00                    4403 	.db #0x00	; 0
    000010F0 5A                    4404 	.db #0x5a	; 90	'Z'
    000010F1 00                    4405 	.db #0x00	; 0
    000010F2 00                    4406 	.db #0x00	; 0
    000010F3 5A                    4407 	.db #0x5a	; 90	'Z'
    000010F4 00                    4408 	.db #0x00	; 0
    000010F5 00                    4409 	.db #0x00	; 0
    000010F6 5A                    4410 	.db #0x5a	; 90	'Z'
    000010F7 00                    4411 	.db #0x00	; 0
    000010F8 00                    4412 	.db #0x00	; 0
    000010F9 5A                    4413 	.db #0x5a	; 90	'Z'
    000010FA 00                    4414 	.db #0x00	; 0
    000010FB 00                    4415 	.db #0x00	; 0
    000010FC 5A                    4416 	.db #0x5a	; 90	'Z'
    000010FD 00                    4417 	.db #0x00	; 0
    000010FE 00                    4418 	.db #0x00	; 0
    000010FF 5A                    4419 	.db #0x5a	; 90	'Z'
    00001100 00                    4420 	.db #0x00	; 0
    00001101 00                    4421 	.db #0x00	; 0
    00001102 5A                    4422 	.db #0x5a	; 90	'Z'
    00001103 00                    4423 	.db #0x00	; 0
    00001104 00                    4424 	.db #0x00	; 0
    00001105 5A                    4425 	.db #0x5a	; 90	'Z'
    00001106 00                    4426 	.db #0x00	; 0
    00001107 00                    4427 	.db #0x00	; 0
    00001108 5A                    4428 	.db #0x5a	; 90	'Z'
    00001109 00                    4429 	.db #0x00	; 0
    0000110A 00                    4430 	.db #0x00	; 0
    0000110B 5A                    4431 	.db #0x5a	; 90	'Z'
    0000110C 00                    4432 	.db #0x00	; 0
    0000110D 00                    4433 	.db #0x00	; 0
    0000110E 5A                    4434 	.db #0x5a	; 90	'Z'
    0000110F 00                    4435 	.db #0x00	; 0
    00001110 00                    4436 	.db #0x00	; 0
    00001111 5A                    4437 	.db #0x5a	; 90	'Z'
    00001112 00                    4438 	.db #0x00	; 0
    00001113 00                    4439 	.db #0x00	; 0
    00001114 5A                    4440 	.db #0x5a	; 90	'Z'
    00001115 00                    4441 	.db #0x00	; 0
    00001116 00                    4442 	.db #0x00	; 0
    00001117 5A                    4443 	.db #0x5a	; 90	'Z'
    00001118 00                    4444 	.db #0x00	; 0
    00001119 00                    4445 	.db #0x00	; 0
    0000111A 5A                    4446 	.db #0x5a	; 90	'Z'
    0000111B 00                    4447 	.db #0x00	; 0
    0000111C 00                    4448 	.db #0x00	; 0
    0000111D 5A                    4449 	.db #0x5a	; 90	'Z'
    0000111E 00                    4450 	.db #0x00	; 0
    0000111F 00                    4451 	.db #0x00	; 0
    00001120 5A                    4452 	.db #0x5a	; 90	'Z'
    00001121 00                    4453 	.db #0x00	; 0
    00001122 00                    4454 	.db #0x00	; 0
    00001123 5A                    4455 	.db #0x5a	; 90	'Z'
    00001124 00                    4456 	.db #0x00	; 0
    00001125 00                    4457 	.db #0x00	; 0
    00001126 5A                    4458 	.db #0x5a	; 90	'Z'
    00001127 00                    4459 	.db #0x00	; 0
    00001128 00                    4460 	.db #0x00	; 0
    00001129 5A                    4461 	.db #0x5a	; 90	'Z'
    0000112A 00                    4462 	.db #0x00	; 0
    0000112B 00                    4463 	.db #0x00	; 0
    0000112C 5A                    4464 	.db #0x5a	; 90	'Z'
    0000112D 00                    4465 	.db #0x00	; 0
    0000112E 00                    4466 	.db #0x00	; 0
    0000112F 5A                    4467 	.db #0x5a	; 90	'Z'
    00001130 00                    4468 	.db #0x00	; 0
    00001131 00                    4469 	.db #0x00	; 0
    00001132 5A                    4470 	.db #0x5a	; 90	'Z'
    00001133 00                    4471 	.db #0x00	; 0
    00001134 00                    4472 	.db #0x00	; 0
    00001135 5A                    4473 	.db #0x5a	; 90	'Z'
    00001136 00                    4474 	.db #0x00	; 0
    00001137 00                    4475 	.db #0x00	; 0
    00001138 5A                    4476 	.db #0x5a	; 90	'Z'
    00001139 00                    4477 	.db #0x00	; 0
    0000113A 00                    4478 	.db #0x00	; 0
    0000113B 5A                    4479 	.db #0x5a	; 90	'Z'
    0000113C 00                    4480 	.db #0x00	; 0
    0000113D 00                    4481 	.db #0x00	; 0
    0000113E 5A                    4482 	.db #0x5a	; 90	'Z'
    0000113F 00                    4483 	.db #0x00	; 0
    00001140 00                    4484 	.db #0x00	; 0
    00001141                       4485 _P29:
    00001141 10                    4486 	.db #0x10	; 16
    00001142 92                    4487 	.db #0x92	; 146
    00001143 C0                    4488 	.db #0xc0	; 192
    00001144 04                    4489 	.db #0x04	; 4
    00001145 80                    4490 	.db #0x80	; 128
    00001146 00                    4491 	.db #0x00	; 0
    00001147 5A                    4492 	.db #0x5a	; 90	'Z'
    00001148 00                    4493 	.db #0x00	; 0
    00001149 00                    4494 	.db #0x00	; 0
    0000114A 5A                    4495 	.db #0x5a	; 90	'Z'
    0000114B 00                    4496 	.db #0x00	; 0
    0000114C 00                    4497 	.db #0x00	; 0
    0000114D 04                    4498 	.db #0x04	; 4
    0000114E 80                    4499 	.db #0x80	; 128
    0000114F 00                    4500 	.db #0x00	; 0
    00001150 5A                    4501 	.db #0x5a	; 90	'Z'
    00001151 00                    4502 	.db #0x00	; 0
    00001152 00                    4503 	.db #0x00	; 0
    00001153 5A                    4504 	.db #0x5a	; 90	'Z'
    00001154 00                    4505 	.db #0x00	; 0
    00001155 00                    4506 	.db #0x00	; 0
    00001156 5A                    4507 	.db #0x5a	; 90	'Z'
    00001157 00                    4508 	.db #0x00	; 0
    00001158 00                    4509 	.db #0x00	; 0
    00001159 10                    4510 	.db #0x10	; 16
    0000115A 92                    4511 	.db #0x92	; 146
    0000115B C0                    4512 	.db #0xc0	; 192
    0000115C 04                    4513 	.db #0x04	; 4
    0000115D 80                    4514 	.db #0x80	; 128
    0000115E 00                    4515 	.db #0x00	; 0
    0000115F 5A                    4516 	.db #0x5a	; 90	'Z'
    00001160 00                    4517 	.db #0x00	; 0
    00001161 00                    4518 	.db #0x00	; 0
    00001162 5A                    4519 	.db #0x5a	; 90	'Z'
    00001163 00                    4520 	.db #0x00	; 0
    00001164 00                    4521 	.db #0x00	; 0
    00001165 07                    4522 	.db #0x07	; 7
    00001166 80                    4523 	.db #0x80	; 128
    00001167 00                    4524 	.db #0x00	; 0
    00001168 5A                    4525 	.db #0x5a	; 90	'Z'
    00001169 00                    4526 	.db #0x00	; 0
    0000116A 00                    4527 	.db #0x00	; 0
    0000116B 5A                    4528 	.db #0x5a	; 90	'Z'
    0000116C 00                    4529 	.db #0x00	; 0
    0000116D 00                    4530 	.db #0x00	; 0
    0000116E 5A                    4531 	.db #0x5a	; 90	'Z'
    0000116F 00                    4532 	.db #0x00	; 0
    00001170 00                    4533 	.db #0x00	; 0
    00001171 10                    4534 	.db #0x10	; 16
    00001172 92                    4535 	.db #0x92	; 146
    00001173 C0                    4536 	.db #0xc0	; 192
    00001174 02                    4537 	.db #0x02	; 2
    00001175 80                    4538 	.db #0x80	; 128
    00001176 00                    4539 	.db #0x00	; 0
    00001177 5A                    4540 	.db #0x5a	; 90	'Z'
    00001178 00                    4541 	.db #0x00	; 0
    00001179 00                    4542 	.db #0x00	; 0
    0000117A 5A                    4543 	.db #0x5a	; 90	'Z'
    0000117B 00                    4544 	.db #0x00	; 0
    0000117C 00                    4545 	.db #0x00	; 0
    0000117D 5A                    4546 	.db #0x5a	; 90	'Z'
    0000117E 0C                    4547 	.db #0x0c	; 12
    0000117F 06                    4548 	.db #0x06	; 6
    00001180 5A                    4549 	.db #0x5a	; 90	'Z'
    00001181 00                    4550 	.db #0x00	; 0
    00001182 00                    4551 	.db #0x00	; 0
    00001183 02                    4552 	.db #0x02	; 2
    00001184 80                    4553 	.db #0x80	; 128
    00001185 00                    4554 	.db #0x00	; 0
    00001186 5A                    4555 	.db #0x5a	; 90	'Z'
    00001187 00                    4556 	.db #0x00	; 0
    00001188 00                    4557 	.db #0x00	; 0
    00001189 10                    4558 	.db #0x10	; 16
    0000118A 92                    4559 	.db #0x92	; 146
    0000118B C0                    4560 	.db #0xc0	; 192
    0000118C 02                    4561 	.db #0x02	; 2
    0000118D 80                    4562 	.db #0x80	; 128
    0000118E 00                    4563 	.db #0x00	; 0
    0000118F 5A                    4564 	.db #0x5a	; 90	'Z'
    00001190 0C                    4565 	.db #0x0c	; 12
    00001191 06                    4566 	.db #0x06	; 6
    00001192 5A                    4567 	.db #0x5a	; 90	'Z'
    00001193 00                    4568 	.db #0x00	; 0
    00001194 00                    4569 	.db #0x00	; 0
    00001195 09                    4570 	.db #0x09	; 9
    00001196 80                    4571 	.db #0x80	; 128
    00001197 00                    4572 	.db #0x00	; 0
    00001198 5A                    4573 	.db #0x5a	; 90	'Z'
    00001199 00                    4574 	.db #0x00	; 0
    0000119A 00                    4575 	.db #0x00	; 0
    0000119B 5A                    4576 	.db #0x5a	; 90	'Z'
    0000119C 00                    4577 	.db #0x00	; 0
    0000119D 00                    4578 	.db #0x00	; 0
    0000119E 5A                    4579 	.db #0x5a	; 90	'Z'
    0000119F 0C                    4580 	.db #0x0c	; 12
    000011A0 06                    4581 	.db #0x06	; 6
    000011A1 10                    4582 	.db #0x10	; 16
    000011A2 92                    4583 	.db #0x92	; 146
    000011A3 C0                    4584 	.db #0xc0	; 192
    000011A4 00                    4585 	.db #0x00	; 0
    000011A5 80                    4586 	.db #0x80	; 128
    000011A6 00                    4587 	.db #0x00	; 0
    000011A7 5A                    4588 	.db #0x5a	; 90	'Z'
    000011A8 00                    4589 	.db #0x00	; 0
    000011A9 00                    4590 	.db #0x00	; 0
    000011AA 5A                    4591 	.db #0x5a	; 90	'Z'
    000011AB 00                    4592 	.db #0x00	; 0
    000011AC 00                    4593 	.db #0x00	; 0
    000011AD 00                    4594 	.db #0x00	; 0
    000011AE 80                    4595 	.db #0x80	; 128
    000011AF 00                    4596 	.db #0x00	; 0
    000011B0 5A                    4597 	.db #0x5a	; 90	'Z'
    000011B1 00                    4598 	.db #0x00	; 0
    000011B2 00                    4599 	.db #0x00	; 0
    000011B3 5A                    4600 	.db #0x5a	; 90	'Z'
    000011B4 00                    4601 	.db #0x00	; 0
    000011B5 00                    4602 	.db #0x00	; 0
    000011B6 5A                    4603 	.db #0x5a	; 90	'Z'
    000011B7 00                    4604 	.db #0x00	; 0
    000011B8 00                    4605 	.db #0x00	; 0
    000011B9 10                    4606 	.db #0x10	; 16
    000011BA 92                    4607 	.db #0x92	; 146
    000011BB C0                    4608 	.db #0xc0	; 192
    000011BC 00                    4609 	.db #0x00	; 0
    000011BD 80                    4610 	.db #0x80	; 128
    000011BE 00                    4611 	.db #0x00	; 0
    000011BF 5A                    4612 	.db #0x5a	; 90	'Z'
    000011C0 00                    4613 	.db #0x00	; 0
    000011C1 00                    4614 	.db #0x00	; 0
    000011C2 5A                    4615 	.db #0x5a	; 90	'Z'
    000011C3 00                    4616 	.db #0x00	; 0
    000011C4 00                    4617 	.db #0x00	; 0
    000011C5 00                    4618 	.db #0x00	; 0
    000011C6 80                    4619 	.db #0x80	; 128
    000011C7 00                    4620 	.db #0x00	; 0
    000011C8 5A                    4621 	.db #0x5a	; 90	'Z'
    000011C9 00                    4622 	.db #0x00	; 0
    000011CA 00                    4623 	.db #0x00	; 0
    000011CB 5A                    4624 	.db #0x5a	; 90	'Z'
    000011CC 00                    4625 	.db #0x00	; 0
    000011CD 00                    4626 	.db #0x00	; 0
    000011CE 5A                    4627 	.db #0x5a	; 90	'Z'
    000011CF 00                    4628 	.db #0x00	; 0
    000011D0 00                    4629 	.db #0x00	; 0
    000011D1 10                    4630 	.db #0x10	; 16
    000011D2 92                    4631 	.db #0x92	; 146
    000011D3 C0                    4632 	.db #0xc0	; 192
    000011D4 02                    4633 	.db #0x02	; 2
    000011D5 80                    4634 	.db #0x80	; 128
    000011D6 00                    4635 	.db #0x00	; 0
    000011D7 5A                    4636 	.db #0x5a	; 90	'Z'
    000011D8 00                    4637 	.db #0x00	; 0
    000011D9 00                    4638 	.db #0x00	; 0
    000011DA 5A                    4639 	.db #0x5a	; 90	'Z'
    000011DB 00                    4640 	.db #0x00	; 0
    000011DC 00                    4641 	.db #0x00	; 0
    000011DD 5A                    4642 	.db #0x5a	; 90	'Z'
    000011DE 0C                    4643 	.db #0x0c	; 12
    000011DF 06                    4644 	.db #0x06	; 6
    000011E0 5A                    4645 	.db #0x5a	; 90	'Z'
    000011E1 00                    4646 	.db #0x00	; 0
    000011E2 00                    4647 	.db #0x00	; 0
    000011E3 02                    4648 	.db #0x02	; 2
    000011E4 80                    4649 	.db #0x80	; 128
    000011E5 00                    4650 	.db #0x00	; 0
    000011E6 5A                    4651 	.db #0x5a	; 90	'Z'
    000011E7 00                    4652 	.db #0x00	; 0
    000011E8 00                    4653 	.db #0x00	; 0
    000011E9 10                    4654 	.db #0x10	; 16
    000011EA 92                    4655 	.db #0x92	; 146
    000011EB C0                    4656 	.db #0xc0	; 192
    000011EC 02                    4657 	.db #0x02	; 2
    000011ED 80                    4658 	.db #0x80	; 128
    000011EE 00                    4659 	.db #0x00	; 0
    000011EF 5A                    4660 	.db #0x5a	; 90	'Z'
    000011F0 0C                    4661 	.db #0x0c	; 12
    000011F1 06                    4662 	.db #0x06	; 6
    000011F2 5A                    4663 	.db #0x5a	; 90	'Z'
    000011F3 00                    4664 	.db #0x00	; 0
    000011F4 00                    4665 	.db #0x00	; 0
    000011F5 07                    4666 	.db #0x07	; 7
    000011F6 80                    4667 	.db #0x80	; 128
    000011F7 00                    4668 	.db #0x00	; 0
    000011F8 5A                    4669 	.db #0x5a	; 90	'Z'
    000011F9 00                    4670 	.db #0x00	; 0
    000011FA 00                    4671 	.db #0x00	; 0
    000011FB 5A                    4672 	.db #0x5a	; 90	'Z'
    000011FC 00                    4673 	.db #0x00	; 0
    000011FD 00                    4674 	.db #0x00	; 0
    000011FE 5A                    4675 	.db #0x5a	; 90	'Z'
    000011FF 00                    4676 	.db #0x00	; 0
    00001200 00                    4677 	.db #0x00	; 0
    00001201                       4678 _itNoiseSP1:
    00001201 44                    4679 	.db #0x44	; 68	'D'
    00001202 00                    4680 	.db #0x00	; 0
    00001203 00                    4681 	.db #0x00	; 0
    00001204 44                    4682 	.db #0x44	; 68	'D'
    00001205 20                    4683 	.db #0x20	; 32
    00001206 00                    4684 	.db #0x00	; 0
    00001207 5A                    4685 	.db #0x5a	; 90	'Z'
    00001208 00                    4686 	.db #0x00	; 0
    00001209 00                    4687 	.db #0x00	; 0
    0000120A 5A                    4688 	.db #0x5a	; 90	'Z'
    0000120B 00                    4689 	.db #0x00	; 0
    0000120C 00                    4690 	.db #0x00	; 0
    0000120D 5A                    4691 	.db #0x5a	; 90	'Z'
    0000120E 00                    4692 	.db #0x00	; 0
    0000120F 00                    4693 	.db #0x00	; 0
    00001210 5A                    4694 	.db #0x5a	; 90	'Z'
    00001211 00                    4695 	.db #0x00	; 0
    00001212 00                    4696 	.db #0x00	; 0
    00001213 5A                    4697 	.db #0x5a	; 90	'Z'
    00001214 00                    4698 	.db #0x00	; 0
    00001215 00                    4699 	.db #0x00	; 0
    00001216 5A                    4700 	.db #0x5a	; 90	'Z'
    00001217 00                    4701 	.db #0x00	; 0
    00001218 00                    4702 	.db #0x00	; 0
    00001219 5A                    4703 	.db #0x5a	; 90	'Z'
    0000121A 00                    4704 	.db #0x00	; 0
    0000121B 00                    4705 	.db #0x00	; 0
    0000121C 5A                    4706 	.db #0x5a	; 90	'Z'
    0000121D 00                    4707 	.db #0x00	; 0
    0000121E 00                    4708 	.db #0x00	; 0
    0000121F 5A                    4709 	.db #0x5a	; 90	'Z'
    00001220 00                    4710 	.db #0x00	; 0
    00001221 00                    4711 	.db #0x00	; 0
    00001222 5A                    4712 	.db #0x5a	; 90	'Z'
    00001223 00                    4713 	.db #0x00	; 0
    00001224 00                    4714 	.db #0x00	; 0
    00001225 5A                    4715 	.db #0x5a	; 90	'Z'
    00001226 00                    4716 	.db #0x00	; 0
    00001227 00                    4717 	.db #0x00	; 0
    00001228 5A                    4718 	.db #0x5a	; 90	'Z'
    00001229 00                    4719 	.db #0x00	; 0
    0000122A 00                    4720 	.db #0x00	; 0
    0000122B 5A                    4721 	.db #0x5a	; 90	'Z'
    0000122C 00                    4722 	.db #0x00	; 0
    0000122D 00                    4723 	.db #0x00	; 0
    0000122E 5A                    4724 	.db #0x5a	; 90	'Z'
    0000122F 00                    4725 	.db #0x00	; 0
    00001230 00                    4726 	.db #0x00	; 0
    00001231 5A                    4727 	.db #0x5a	; 90	'Z'
    00001232 00                    4728 	.db #0x00	; 0
    00001233 00                    4729 	.db #0x00	; 0
    00001234 5A                    4730 	.db #0x5a	; 90	'Z'
    00001235 00                    4731 	.db #0x00	; 0
    00001236 00                    4732 	.db #0x00	; 0
    00001237 5A                    4733 	.db #0x5a	; 90	'Z'
    00001238 00                    4734 	.db #0x00	; 0
    00001239 00                    4735 	.db #0x00	; 0
    0000123A 5A                    4736 	.db #0x5a	; 90	'Z'
    0000123B 00                    4737 	.db #0x00	; 0
    0000123C 00                    4738 	.db #0x00	; 0
    0000123D 5A                    4739 	.db #0x5a	; 90	'Z'
    0000123E 00                    4740 	.db #0x00	; 0
    0000123F 00                    4741 	.db #0x00	; 0
    00001240 5A                    4742 	.db #0x5a	; 90	'Z'
    00001241 00                    4743 	.db #0x00	; 0
    00001242 00                    4744 	.db #0x00	; 0
    00001243 5A                    4745 	.db #0x5a	; 90	'Z'
    00001244 00                    4746 	.db #0x00	; 0
    00001245 00                    4747 	.db #0x00	; 0
    00001246 5A                    4748 	.db #0x5a	; 90	'Z'
    00001247 00                    4749 	.db #0x00	; 0
    00001248 00                    4750 	.db #0x00	; 0
    00001249 5A                    4751 	.db #0x5a	; 90	'Z'
    0000124A 00                    4752 	.db #0x00	; 0
    0000124B 00                    4753 	.db #0x00	; 0
    0000124C 5A                    4754 	.db #0x5a	; 90	'Z'
    0000124D 00                    4755 	.db #0x00	; 0
    0000124E 00                    4756 	.db #0x00	; 0
    0000124F 5A                    4757 	.db #0x5a	; 90	'Z'
    00001250 00                    4758 	.db #0x00	; 0
    00001251 00                    4759 	.db #0x00	; 0
    00001252 5A                    4760 	.db #0x5a	; 90	'Z'
    00001253 00                    4761 	.db #0x00	; 0
    00001254 00                    4762 	.db #0x00	; 0
    00001255 5A                    4763 	.db #0x5a	; 90	'Z'
    00001256 00                    4764 	.db #0x00	; 0
    00001257 00                    4765 	.db #0x00	; 0
    00001258 5A                    4766 	.db #0x5a	; 90	'Z'
    00001259 00                    4767 	.db #0x00	; 0
    0000125A 00                    4768 	.db #0x00	; 0
    0000125B 5A                    4769 	.db #0x5a	; 90	'Z'
    0000125C 00                    4770 	.db #0x00	; 0
    0000125D 00                    4771 	.db #0x00	; 0
    0000125E 5A                    4772 	.db #0x5a	; 90	'Z'
    0000125F 10                    4773 	.db #0x10	; 16
    00001260 00                    4774 	.db #0x00	; 0
    00001261                       4775 _itNoiseSP2:
    00001261 43                    4776 	.db #0x43	; 67	'C'
    00001262 00                    4777 	.db #0x00	; 0
    00001263 00                    4778 	.db #0x00	; 0
    00001264 43                    4779 	.db #0x43	; 67	'C'
    00001265 20                    4780 	.db #0x20	; 32
    00001266 00                    4781 	.db #0x00	; 0
    00001267 5A                    4782 	.db #0x5a	; 90	'Z'
    00001268 00                    4783 	.db #0x00	; 0
    00001269 00                    4784 	.db #0x00	; 0
    0000126A 5A                    4785 	.db #0x5a	; 90	'Z'
    0000126B 00                    4786 	.db #0x00	; 0
    0000126C 00                    4787 	.db #0x00	; 0
    0000126D 5A                    4788 	.db #0x5a	; 90	'Z'
    0000126E 00                    4789 	.db #0x00	; 0
    0000126F 00                    4790 	.db #0x00	; 0
    00001270 5A                    4791 	.db #0x5a	; 90	'Z'
    00001271 00                    4792 	.db #0x00	; 0
    00001272 00                    4793 	.db #0x00	; 0
    00001273 5A                    4794 	.db #0x5a	; 90	'Z'
    00001274 00                    4795 	.db #0x00	; 0
    00001275 00                    4796 	.db #0x00	; 0
    00001276 5A                    4797 	.db #0x5a	; 90	'Z'
    00001277 00                    4798 	.db #0x00	; 0
    00001278 00                    4799 	.db #0x00	; 0
    00001279 5A                    4800 	.db #0x5a	; 90	'Z'
    0000127A 00                    4801 	.db #0x00	; 0
    0000127B 00                    4802 	.db #0x00	; 0
    0000127C 5A                    4803 	.db #0x5a	; 90	'Z'
    0000127D 00                    4804 	.db #0x00	; 0
    0000127E 00                    4805 	.db #0x00	; 0
    0000127F 5A                    4806 	.db #0x5a	; 90	'Z'
    00001280 00                    4807 	.db #0x00	; 0
    00001281 00                    4808 	.db #0x00	; 0
    00001282 5A                    4809 	.db #0x5a	; 90	'Z'
    00001283 00                    4810 	.db #0x00	; 0
    00001284 00                    4811 	.db #0x00	; 0
    00001285 5A                    4812 	.db #0x5a	; 90	'Z'
    00001286 00                    4813 	.db #0x00	; 0
    00001287 00                    4814 	.db #0x00	; 0
    00001288 5A                    4815 	.db #0x5a	; 90	'Z'
    00001289 00                    4816 	.db #0x00	; 0
    0000128A 00                    4817 	.db #0x00	; 0
    0000128B 5A                    4818 	.db #0x5a	; 90	'Z'
    0000128C 00                    4819 	.db #0x00	; 0
    0000128D 00                    4820 	.db #0x00	; 0
    0000128E 5A                    4821 	.db #0x5a	; 90	'Z'
    0000128F 00                    4822 	.db #0x00	; 0
    00001290 00                    4823 	.db #0x00	; 0
    00001291 5A                    4824 	.db #0x5a	; 90	'Z'
    00001292 00                    4825 	.db #0x00	; 0
    00001293 00                    4826 	.db #0x00	; 0
    00001294 5A                    4827 	.db #0x5a	; 90	'Z'
    00001295 00                    4828 	.db #0x00	; 0
    00001296 00                    4829 	.db #0x00	; 0
    00001297 5A                    4830 	.db #0x5a	; 90	'Z'
    00001298 00                    4831 	.db #0x00	; 0
    00001299 00                    4832 	.db #0x00	; 0
    0000129A 5A                    4833 	.db #0x5a	; 90	'Z'
    0000129B 00                    4834 	.db #0x00	; 0
    0000129C 00                    4835 	.db #0x00	; 0
    0000129D 5A                    4836 	.db #0x5a	; 90	'Z'
    0000129E 00                    4837 	.db #0x00	; 0
    0000129F 00                    4838 	.db #0x00	; 0
    000012A0 5A                    4839 	.db #0x5a	; 90	'Z'
    000012A1 00                    4840 	.db #0x00	; 0
    000012A2 00                    4841 	.db #0x00	; 0
    000012A3 5A                    4842 	.db #0x5a	; 90	'Z'
    000012A4 00                    4843 	.db #0x00	; 0
    000012A5 00                    4844 	.db #0x00	; 0
    000012A6 5A                    4845 	.db #0x5a	; 90	'Z'
    000012A7 00                    4846 	.db #0x00	; 0
    000012A8 00                    4847 	.db #0x00	; 0
    000012A9 5A                    4848 	.db #0x5a	; 90	'Z'
    000012AA 00                    4849 	.db #0x00	; 0
    000012AB 00                    4850 	.db #0x00	; 0
    000012AC 5A                    4851 	.db #0x5a	; 90	'Z'
    000012AD 00                    4852 	.db #0x00	; 0
    000012AE 00                    4853 	.db #0x00	; 0
    000012AF 5A                    4854 	.db #0x5a	; 90	'Z'
    000012B0 00                    4855 	.db #0x00	; 0
    000012B1 00                    4856 	.db #0x00	; 0
    000012B2 5A                    4857 	.db #0x5a	; 90	'Z'
    000012B3 00                    4858 	.db #0x00	; 0
    000012B4 00                    4859 	.db #0x00	; 0
    000012B5 5A                    4860 	.db #0x5a	; 90	'Z'
    000012B6 00                    4861 	.db #0x00	; 0
    000012B7 00                    4862 	.db #0x00	; 0
    000012B8 5A                    4863 	.db #0x5a	; 90	'Z'
    000012B9 00                    4864 	.db #0x00	; 0
    000012BA 00                    4865 	.db #0x00	; 0
    000012BB 5A                    4866 	.db #0x5a	; 90	'Z'
    000012BC 00                    4867 	.db #0x00	; 0
    000012BD 00                    4868 	.db #0x00	; 0
    000012BE 5A                    4869 	.db #0x5a	; 90	'Z'
    000012BF 10                    4870 	.db #0x10	; 16
    000012C0 00                    4871 	.db #0x00	; 0
    000012C1                       4872 _itNoiseSP3:
    000012C1 42                    4873 	.db #0x42	; 66	'B'
    000012C2 00                    4874 	.db #0x00	; 0
    000012C3 00                    4875 	.db #0x00	; 0
    000012C4 41                    4876 	.db #0x41	; 65	'A'
    000012C5 00                    4877 	.db #0x00	; 0
    000012C6 00                    4878 	.db #0x00	; 0
    000012C7 40                    4879 	.db #0x40	; 64
    000012C8 00                    4880 	.db #0x00	; 0
    000012C9 00                    4881 	.db #0x00	; 0
    000012CA 40                    4882 	.db #0x40	; 64
    000012CB 40                    4883 	.db #0x40	; 64
    000012CC 00                    4884 	.db #0x00	; 0
    000012CD 5A                    4885 	.db #0x5a	; 90	'Z'
    000012CE 00                    4886 	.db #0x00	; 0
    000012CF 00                    4887 	.db #0x00	; 0
    000012D0 5A                    4888 	.db #0x5a	; 90	'Z'
    000012D1 00                    4889 	.db #0x00	; 0
    000012D2 00                    4890 	.db #0x00	; 0
    000012D3 5A                    4891 	.db #0x5a	; 90	'Z'
    000012D4 00                    4892 	.db #0x00	; 0
    000012D5 00                    4893 	.db #0x00	; 0
    000012D6 5A                    4894 	.db #0x5a	; 90	'Z'
    000012D7 00                    4895 	.db #0x00	; 0
    000012D8 00                    4896 	.db #0x00	; 0
    000012D9 5A                    4897 	.db #0x5a	; 90	'Z'
    000012DA 00                    4898 	.db #0x00	; 0
    000012DB 00                    4899 	.db #0x00	; 0
    000012DC 5A                    4900 	.db #0x5a	; 90	'Z'
    000012DD 00                    4901 	.db #0x00	; 0
    000012DE 00                    4902 	.db #0x00	; 0
    000012DF 5A                    4903 	.db #0x5a	; 90	'Z'
    000012E0 00                    4904 	.db #0x00	; 0
    000012E1 00                    4905 	.db #0x00	; 0
    000012E2 5A                    4906 	.db #0x5a	; 90	'Z'
    000012E3 00                    4907 	.db #0x00	; 0
    000012E4 00                    4908 	.db #0x00	; 0
    000012E5 5A                    4909 	.db #0x5a	; 90	'Z'
    000012E6 00                    4910 	.db #0x00	; 0
    000012E7 00                    4911 	.db #0x00	; 0
    000012E8 5A                    4912 	.db #0x5a	; 90	'Z'
    000012E9 00                    4913 	.db #0x00	; 0
    000012EA 00                    4914 	.db #0x00	; 0
    000012EB 5A                    4915 	.db #0x5a	; 90	'Z'
    000012EC 00                    4916 	.db #0x00	; 0
    000012ED 00                    4917 	.db #0x00	; 0
    000012EE 5A                    4918 	.db #0x5a	; 90	'Z'
    000012EF 00                    4919 	.db #0x00	; 0
    000012F0 00                    4920 	.db #0x00	; 0
    000012F1 5A                    4921 	.db #0x5a	; 90	'Z'
    000012F2 00                    4922 	.db #0x00	; 0
    000012F3 00                    4923 	.db #0x00	; 0
    000012F4 5A                    4924 	.db #0x5a	; 90	'Z'
    000012F5 00                    4925 	.db #0x00	; 0
    000012F6 00                    4926 	.db #0x00	; 0
    000012F7 5A                    4927 	.db #0x5a	; 90	'Z'
    000012F8 00                    4928 	.db #0x00	; 0
    000012F9 00                    4929 	.db #0x00	; 0
    000012FA 5A                    4930 	.db #0x5a	; 90	'Z'
    000012FB 00                    4931 	.db #0x00	; 0
    000012FC 00                    4932 	.db #0x00	; 0
    000012FD 5A                    4933 	.db #0x5a	; 90	'Z'
    000012FE 00                    4934 	.db #0x00	; 0
    000012FF 00                    4935 	.db #0x00	; 0
    00001300 5A                    4936 	.db #0x5a	; 90	'Z'
    00001301 00                    4937 	.db #0x00	; 0
    00001302 00                    4938 	.db #0x00	; 0
    00001303 5A                    4939 	.db #0x5a	; 90	'Z'
    00001304 00                    4940 	.db #0x00	; 0
    00001305 00                    4941 	.db #0x00	; 0
    00001306 5A                    4942 	.db #0x5a	; 90	'Z'
    00001307 00                    4943 	.db #0x00	; 0
    00001308 00                    4944 	.db #0x00	; 0
    00001309 5A                    4945 	.db #0x5a	; 90	'Z'
    0000130A 00                    4946 	.db #0x00	; 0
    0000130B 00                    4947 	.db #0x00	; 0
    0000130C 5A                    4948 	.db #0x5a	; 90	'Z'
    0000130D 00                    4949 	.db #0x00	; 0
    0000130E 00                    4950 	.db #0x00	; 0
    0000130F 5A                    4951 	.db #0x5a	; 90	'Z'
    00001310 00                    4952 	.db #0x00	; 0
    00001311 00                    4953 	.db #0x00	; 0
    00001312 5A                    4954 	.db #0x5a	; 90	'Z'
    00001313 00                    4955 	.db #0x00	; 0
    00001314 00                    4956 	.db #0x00	; 0
    00001315 5A                    4957 	.db #0x5a	; 90	'Z'
    00001316 00                    4958 	.db #0x00	; 0
    00001317 00                    4959 	.db #0x00	; 0
    00001318 5A                    4960 	.db #0x5a	; 90	'Z'
    00001319 00                    4961 	.db #0x00	; 0
    0000131A 00                    4962 	.db #0x00	; 0
    0000131B 5A                    4963 	.db #0x5a	; 90	'Z'
    0000131C 00                    4964 	.db #0x00	; 0
    0000131D 00                    4965 	.db #0x00	; 0
    0000131E 5A                    4966 	.db #0x5a	; 90	'Z'
    0000131F 10                    4967 	.db #0x10	; 16
    00001320 00                    4968 	.db #0x00	; 0
    00001321                       4969 _itNoiseSP4:
    00001321 44                    4970 	.db #0x44	; 68	'D'
    00001322 00                    4971 	.db #0x00	; 0
    00001323 00                    4972 	.db #0x00	; 0
    00001324 44                    4973 	.db #0x44	; 68	'D'
    00001325 20                    4974 	.db #0x20	; 32
    00001326 00                    4975 	.db #0x00	; 0
    00001327 5A                    4976 	.db #0x5a	; 90	'Z'
    00001328 00                    4977 	.db #0x00	; 0
    00001329 00                    4978 	.db #0x00	; 0
    0000132A 5A                    4979 	.db #0x5a	; 90	'Z'
    0000132B 00                    4980 	.db #0x00	; 0
    0000132C 00                    4981 	.db #0x00	; 0
    0000132D 5A                    4982 	.db #0x5a	; 90	'Z'
    0000132E 00                    4983 	.db #0x00	; 0
    0000132F 00                    4984 	.db #0x00	; 0
    00001330 5A                    4985 	.db #0x5a	; 90	'Z'
    00001331 00                    4986 	.db #0x00	; 0
    00001332 00                    4987 	.db #0x00	; 0
    00001333 5A                    4988 	.db #0x5a	; 90	'Z'
    00001334 00                    4989 	.db #0x00	; 0
    00001335 00                    4990 	.db #0x00	; 0
    00001336 5A                    4991 	.db #0x5a	; 90	'Z'
    00001337 00                    4992 	.db #0x00	; 0
    00001338 00                    4993 	.db #0x00	; 0
    00001339 5A                    4994 	.db #0x5a	; 90	'Z'
    0000133A 00                    4995 	.db #0x00	; 0
    0000133B 00                    4996 	.db #0x00	; 0
    0000133C 5A                    4997 	.db #0x5a	; 90	'Z'
    0000133D 00                    4998 	.db #0x00	; 0
    0000133E 00                    4999 	.db #0x00	; 0
    0000133F 5A                    5000 	.db #0x5a	; 90	'Z'
    00001340 00                    5001 	.db #0x00	; 0
    00001341 00                    5002 	.db #0x00	; 0
    00001342 5A                    5003 	.db #0x5a	; 90	'Z'
    00001343 00                    5004 	.db #0x00	; 0
    00001344 00                    5005 	.db #0x00	; 0
    00001345 5A                    5006 	.db #0x5a	; 90	'Z'
    00001346 00                    5007 	.db #0x00	; 0
    00001347 00                    5008 	.db #0x00	; 0
    00001348 5A                    5009 	.db #0x5a	; 90	'Z'
    00001349 00                    5010 	.db #0x00	; 0
    0000134A 00                    5011 	.db #0x00	; 0
    0000134B 5A                    5012 	.db #0x5a	; 90	'Z'
    0000134C 00                    5013 	.db #0x00	; 0
    0000134D 00                    5014 	.db #0x00	; 0
    0000134E 5A                    5015 	.db #0x5a	; 90	'Z'
    0000134F 00                    5016 	.db #0x00	; 0
    00001350 00                    5017 	.db #0x00	; 0
    00001351 5A                    5018 	.db #0x5a	; 90	'Z'
    00001352 00                    5019 	.db #0x00	; 0
    00001353 00                    5020 	.db #0x00	; 0
    00001354 5A                    5021 	.db #0x5a	; 90	'Z'
    00001355 00                    5022 	.db #0x00	; 0
    00001356 00                    5023 	.db #0x00	; 0
    00001357 5A                    5024 	.db #0x5a	; 90	'Z'
    00001358 00                    5025 	.db #0x00	; 0
    00001359 00                    5026 	.db #0x00	; 0
    0000135A 5A                    5027 	.db #0x5a	; 90	'Z'
    0000135B 00                    5028 	.db #0x00	; 0
    0000135C 00                    5029 	.db #0x00	; 0
    0000135D 5A                    5030 	.db #0x5a	; 90	'Z'
    0000135E 00                    5031 	.db #0x00	; 0
    0000135F 00                    5032 	.db #0x00	; 0
    00001360 5A                    5033 	.db #0x5a	; 90	'Z'
    00001361 00                    5034 	.db #0x00	; 0
    00001362 00                    5035 	.db #0x00	; 0
    00001363 5A                    5036 	.db #0x5a	; 90	'Z'
    00001364 00                    5037 	.db #0x00	; 0
    00001365 00                    5038 	.db #0x00	; 0
    00001366 5A                    5039 	.db #0x5a	; 90	'Z'
    00001367 00                    5040 	.db #0x00	; 0
    00001368 00                    5041 	.db #0x00	; 0
    00001369 5A                    5042 	.db #0x5a	; 90	'Z'
    0000136A 00                    5043 	.db #0x00	; 0
    0000136B 00                    5044 	.db #0x00	; 0
    0000136C 5A                    5045 	.db #0x5a	; 90	'Z'
    0000136D 00                    5046 	.db #0x00	; 0
    0000136E 00                    5047 	.db #0x00	; 0
    0000136F 5A                    5048 	.db #0x5a	; 90	'Z'
    00001370 00                    5049 	.db #0x00	; 0
    00001371 00                    5050 	.db #0x00	; 0
    00001372 5A                    5051 	.db #0x5a	; 90	'Z'
    00001373 00                    5052 	.db #0x00	; 0
    00001374 00                    5053 	.db #0x00	; 0
    00001375 5A                    5054 	.db #0x5a	; 90	'Z'
    00001376 00                    5055 	.db #0x00	; 0
    00001377 00                    5056 	.db #0x00	; 0
    00001378 5A                    5057 	.db #0x5a	; 90	'Z'
    00001379 00                    5058 	.db #0x00	; 0
    0000137A 00                    5059 	.db #0x00	; 0
    0000137B 5A                    5060 	.db #0x5a	; 90	'Z'
    0000137C 00                    5061 	.db #0x00	; 0
    0000137D 00                    5062 	.db #0x00	; 0
    0000137E 5A                    5063 	.db #0x5a	; 90	'Z'
    0000137F 10                    5064 	.db #0x10	; 16
    00001380 00                    5065 	.db #0x00	; 0
    00001381                       5066 _itNoiseSP5:
    00001381 3C                    5067 	.db #0x3c	; 60
    00001382 00                    5068 	.db #0x00	; 0
    00001383 00                    5069 	.db #0x00	; 0
    00001384 3C                    5070 	.db #0x3c	; 60
    00001385 20                    5071 	.db #0x20	; 32
    00001386 00                    5072 	.db #0x00	; 0
    00001387 5A                    5073 	.db #0x5a	; 90	'Z'
    00001388 00                    5074 	.db #0x00	; 0
    00001389 00                    5075 	.db #0x00	; 0
    0000138A 5A                    5076 	.db #0x5a	; 90	'Z'
    0000138B 00                    5077 	.db #0x00	; 0
    0000138C 00                    5078 	.db #0x00	; 0
    0000138D 5A                    5079 	.db #0x5a	; 90	'Z'
    0000138E 00                    5080 	.db #0x00	; 0
    0000138F 00                    5081 	.db #0x00	; 0
    00001390 5A                    5082 	.db #0x5a	; 90	'Z'
    00001391 00                    5083 	.db #0x00	; 0
    00001392 00                    5084 	.db #0x00	; 0
    00001393 5A                    5085 	.db #0x5a	; 90	'Z'
    00001394 00                    5086 	.db #0x00	; 0
    00001395 00                    5087 	.db #0x00	; 0
    00001396 5A                    5088 	.db #0x5a	; 90	'Z'
    00001397 00                    5089 	.db #0x00	; 0
    00001398 00                    5090 	.db #0x00	; 0
    00001399 5A                    5091 	.db #0x5a	; 90	'Z'
    0000139A 00                    5092 	.db #0x00	; 0
    0000139B 00                    5093 	.db #0x00	; 0
    0000139C 5A                    5094 	.db #0x5a	; 90	'Z'
    0000139D 00                    5095 	.db #0x00	; 0
    0000139E 00                    5096 	.db #0x00	; 0
    0000139F 5A                    5097 	.db #0x5a	; 90	'Z'
    000013A0 00                    5098 	.db #0x00	; 0
    000013A1 00                    5099 	.db #0x00	; 0
    000013A2 5A                    5100 	.db #0x5a	; 90	'Z'
    000013A3 00                    5101 	.db #0x00	; 0
    000013A4 00                    5102 	.db #0x00	; 0
    000013A5 5A                    5103 	.db #0x5a	; 90	'Z'
    000013A6 00                    5104 	.db #0x00	; 0
    000013A7 00                    5105 	.db #0x00	; 0
    000013A8 5A                    5106 	.db #0x5a	; 90	'Z'
    000013A9 00                    5107 	.db #0x00	; 0
    000013AA 00                    5108 	.db #0x00	; 0
    000013AB 5A                    5109 	.db #0x5a	; 90	'Z'
    000013AC 00                    5110 	.db #0x00	; 0
    000013AD 00                    5111 	.db #0x00	; 0
    000013AE 5A                    5112 	.db #0x5a	; 90	'Z'
    000013AF 00                    5113 	.db #0x00	; 0
    000013B0 00                    5114 	.db #0x00	; 0
    000013B1 5A                    5115 	.db #0x5a	; 90	'Z'
    000013B2 00                    5116 	.db #0x00	; 0
    000013B3 00                    5117 	.db #0x00	; 0
    000013B4 5A                    5118 	.db #0x5a	; 90	'Z'
    000013B5 00                    5119 	.db #0x00	; 0
    000013B6 00                    5120 	.db #0x00	; 0
    000013B7 5A                    5121 	.db #0x5a	; 90	'Z'
    000013B8 00                    5122 	.db #0x00	; 0
    000013B9 00                    5123 	.db #0x00	; 0
    000013BA 5A                    5124 	.db #0x5a	; 90	'Z'
    000013BB 00                    5125 	.db #0x00	; 0
    000013BC 00                    5126 	.db #0x00	; 0
    000013BD 5A                    5127 	.db #0x5a	; 90	'Z'
    000013BE 00                    5128 	.db #0x00	; 0
    000013BF 00                    5129 	.db #0x00	; 0
    000013C0 5A                    5130 	.db #0x5a	; 90	'Z'
    000013C1 00                    5131 	.db #0x00	; 0
    000013C2 00                    5132 	.db #0x00	; 0
    000013C3 5A                    5133 	.db #0x5a	; 90	'Z'
    000013C4 00                    5134 	.db #0x00	; 0
    000013C5 00                    5135 	.db #0x00	; 0
    000013C6 5A                    5136 	.db #0x5a	; 90	'Z'
    000013C7 00                    5137 	.db #0x00	; 0
    000013C8 00                    5138 	.db #0x00	; 0
    000013C9 5A                    5139 	.db #0x5a	; 90	'Z'
    000013CA 00                    5140 	.db #0x00	; 0
    000013CB 00                    5141 	.db #0x00	; 0
    000013CC 5A                    5142 	.db #0x5a	; 90	'Z'
    000013CD 00                    5143 	.db #0x00	; 0
    000013CE 00                    5144 	.db #0x00	; 0
    000013CF 5A                    5145 	.db #0x5a	; 90	'Z'
    000013D0 00                    5146 	.db #0x00	; 0
    000013D1 00                    5147 	.db #0x00	; 0
    000013D2 5A                    5148 	.db #0x5a	; 90	'Z'
    000013D3 00                    5149 	.db #0x00	; 0
    000013D4 00                    5150 	.db #0x00	; 0
    000013D5 5A                    5151 	.db #0x5a	; 90	'Z'
    000013D6 00                    5152 	.db #0x00	; 0
    000013D7 00                    5153 	.db #0x00	; 0
    000013D8 5A                    5154 	.db #0x5a	; 90	'Z'
    000013D9 00                    5155 	.db #0x00	; 0
    000013DA 00                    5156 	.db #0x00	; 0
    000013DB 5A                    5157 	.db #0x5a	; 90	'Z'
    000013DC 00                    5158 	.db #0x00	; 0
    000013DD 00                    5159 	.db #0x00	; 0
    000013DE 5A                    5160 	.db #0x5a	; 90	'Z'
    000013DF 10                    5161 	.db #0x10	; 16
    000013E0 00                    5162 	.db #0x00	; 0
    000013E1                       5163 _itNoiseSP6:
    000013E1 34                    5164 	.db #0x34	; 52	'4'
    000013E2 00                    5165 	.db #0x00	; 0
    000013E3 00                    5166 	.db #0x00	; 0
    000013E4 34                    5167 	.db #0x34	; 52	'4'
    000013E5 20                    5168 	.db #0x20	; 32
    000013E6 00                    5169 	.db #0x00	; 0
    000013E7 5A                    5170 	.db #0x5a	; 90	'Z'
    000013E8 00                    5171 	.db #0x00	; 0
    000013E9 00                    5172 	.db #0x00	; 0
    000013EA 5A                    5173 	.db #0x5a	; 90	'Z'
    000013EB 00                    5174 	.db #0x00	; 0
    000013EC 00                    5175 	.db #0x00	; 0
    000013ED 5A                    5176 	.db #0x5a	; 90	'Z'
    000013EE 00                    5177 	.db #0x00	; 0
    000013EF 00                    5178 	.db #0x00	; 0
    000013F0 5A                    5179 	.db #0x5a	; 90	'Z'
    000013F1 00                    5180 	.db #0x00	; 0
    000013F2 00                    5181 	.db #0x00	; 0
    000013F3 5A                    5182 	.db #0x5a	; 90	'Z'
    000013F4 00                    5183 	.db #0x00	; 0
    000013F5 00                    5184 	.db #0x00	; 0
    000013F6 5A                    5185 	.db #0x5a	; 90	'Z'
    000013F7 00                    5186 	.db #0x00	; 0
    000013F8 00                    5187 	.db #0x00	; 0
    000013F9 5A                    5188 	.db #0x5a	; 90	'Z'
    000013FA 00                    5189 	.db #0x00	; 0
    000013FB 00                    5190 	.db #0x00	; 0
    000013FC 5A                    5191 	.db #0x5a	; 90	'Z'
    000013FD 00                    5192 	.db #0x00	; 0
    000013FE 00                    5193 	.db #0x00	; 0
    000013FF 5A                    5194 	.db #0x5a	; 90	'Z'
    00001400 00                    5195 	.db #0x00	; 0
    00001401 00                    5196 	.db #0x00	; 0
    00001402 5A                    5197 	.db #0x5a	; 90	'Z'
    00001403 00                    5198 	.db #0x00	; 0
    00001404 00                    5199 	.db #0x00	; 0
    00001405 5A                    5200 	.db #0x5a	; 90	'Z'
    00001406 00                    5201 	.db #0x00	; 0
    00001407 00                    5202 	.db #0x00	; 0
    00001408 5A                    5203 	.db #0x5a	; 90	'Z'
    00001409 00                    5204 	.db #0x00	; 0
    0000140A 00                    5205 	.db #0x00	; 0
    0000140B 5A                    5206 	.db #0x5a	; 90	'Z'
    0000140C 00                    5207 	.db #0x00	; 0
    0000140D 00                    5208 	.db #0x00	; 0
    0000140E 5A                    5209 	.db #0x5a	; 90	'Z'
    0000140F 00                    5210 	.db #0x00	; 0
    00001410 00                    5211 	.db #0x00	; 0
    00001411 5A                    5212 	.db #0x5a	; 90	'Z'
    00001412 00                    5213 	.db #0x00	; 0
    00001413 00                    5214 	.db #0x00	; 0
    00001414 5A                    5215 	.db #0x5a	; 90	'Z'
    00001415 00                    5216 	.db #0x00	; 0
    00001416 00                    5217 	.db #0x00	; 0
    00001417 5A                    5218 	.db #0x5a	; 90	'Z'
    00001418 00                    5219 	.db #0x00	; 0
    00001419 00                    5220 	.db #0x00	; 0
    0000141A 5A                    5221 	.db #0x5a	; 90	'Z'
    0000141B 00                    5222 	.db #0x00	; 0
    0000141C 00                    5223 	.db #0x00	; 0
    0000141D 5A                    5224 	.db #0x5a	; 90	'Z'
    0000141E 00                    5225 	.db #0x00	; 0
    0000141F 00                    5226 	.db #0x00	; 0
    00001420 5A                    5227 	.db #0x5a	; 90	'Z'
    00001421 00                    5228 	.db #0x00	; 0
    00001422 00                    5229 	.db #0x00	; 0
    00001423 5A                    5230 	.db #0x5a	; 90	'Z'
    00001424 00                    5231 	.db #0x00	; 0
    00001425 00                    5232 	.db #0x00	; 0
    00001426 5A                    5233 	.db #0x5a	; 90	'Z'
    00001427 00                    5234 	.db #0x00	; 0
    00001428 00                    5235 	.db #0x00	; 0
    00001429 5A                    5236 	.db #0x5a	; 90	'Z'
    0000142A 00                    5237 	.db #0x00	; 0
    0000142B 00                    5238 	.db #0x00	; 0
    0000142C 5A                    5239 	.db #0x5a	; 90	'Z'
    0000142D 00                    5240 	.db #0x00	; 0
    0000142E 00                    5241 	.db #0x00	; 0
    0000142F 5A                    5242 	.db #0x5a	; 90	'Z'
    00001430 00                    5243 	.db #0x00	; 0
    00001431 00                    5244 	.db #0x00	; 0
    00001432 5A                    5245 	.db #0x5a	; 90	'Z'
    00001433 00                    5246 	.db #0x00	; 0
    00001434 00                    5247 	.db #0x00	; 0
    00001435 5A                    5248 	.db #0x5a	; 90	'Z'
    00001436 00                    5249 	.db #0x00	; 0
    00001437 00                    5250 	.db #0x00	; 0
    00001438 5A                    5251 	.db #0x5a	; 90	'Z'
    00001439 00                    5252 	.db #0x00	; 0
    0000143A 00                    5253 	.db #0x00	; 0
    0000143B 5A                    5254 	.db #0x5a	; 90	'Z'
    0000143C 00                    5255 	.db #0x00	; 0
    0000143D 00                    5256 	.db #0x00	; 0
    0000143E 5A                    5257 	.db #0x5a	; 90	'Z'
    0000143F 10                    5258 	.db #0x10	; 16
    00001440 00                    5259 	.db #0x00	; 0
    00001441                       5260 _itNoiseSP7:
    00001441 3C                    5261 	.db #0x3c	; 60
    00001442 00                    5262 	.db #0x00	; 0
    00001443 00                    5263 	.db #0x00	; 0
    00001444 3C                    5264 	.db #0x3c	; 60
    00001445 20                    5265 	.db #0x20	; 32
    00001446 00                    5266 	.db #0x00	; 0
    00001447 5A                    5267 	.db #0x5a	; 90	'Z'
    00001448 00                    5268 	.db #0x00	; 0
    00001449 00                    5269 	.db #0x00	; 0
    0000144A 5A                    5270 	.db #0x5a	; 90	'Z'
    0000144B 00                    5271 	.db #0x00	; 0
    0000144C 00                    5272 	.db #0x00	; 0
    0000144D 5A                    5273 	.db #0x5a	; 90	'Z'
    0000144E 00                    5274 	.db #0x00	; 0
    0000144F 00                    5275 	.db #0x00	; 0
    00001450 5A                    5276 	.db #0x5a	; 90	'Z'
    00001451 00                    5277 	.db #0x00	; 0
    00001452 00                    5278 	.db #0x00	; 0
    00001453 5A                    5279 	.db #0x5a	; 90	'Z'
    00001454 00                    5280 	.db #0x00	; 0
    00001455 00                    5281 	.db #0x00	; 0
    00001456 5A                    5282 	.db #0x5a	; 90	'Z'
    00001457 00                    5283 	.db #0x00	; 0
    00001458 00                    5284 	.db #0x00	; 0
    00001459 5A                    5285 	.db #0x5a	; 90	'Z'
    0000145A 00                    5286 	.db #0x00	; 0
    0000145B 00                    5287 	.db #0x00	; 0
    0000145C 5A                    5288 	.db #0x5a	; 90	'Z'
    0000145D 00                    5289 	.db #0x00	; 0
    0000145E 00                    5290 	.db #0x00	; 0
    0000145F 5A                    5291 	.db #0x5a	; 90	'Z'
    00001460 00                    5292 	.db #0x00	; 0
    00001461 00                    5293 	.db #0x00	; 0
    00001462 5A                    5294 	.db #0x5a	; 90	'Z'
    00001463 00                    5295 	.db #0x00	; 0
    00001464 00                    5296 	.db #0x00	; 0
    00001465 5A                    5297 	.db #0x5a	; 90	'Z'
    00001466 00                    5298 	.db #0x00	; 0
    00001467 00                    5299 	.db #0x00	; 0
    00001468 5A                    5300 	.db #0x5a	; 90	'Z'
    00001469 00                    5301 	.db #0x00	; 0
    0000146A 00                    5302 	.db #0x00	; 0
    0000146B 5A                    5303 	.db #0x5a	; 90	'Z'
    0000146C 00                    5304 	.db #0x00	; 0
    0000146D 00                    5305 	.db #0x00	; 0
    0000146E 5A                    5306 	.db #0x5a	; 90	'Z'
    0000146F 00                    5307 	.db #0x00	; 0
    00001470 00                    5308 	.db #0x00	; 0
    00001471 5A                    5309 	.db #0x5a	; 90	'Z'
    00001472 00                    5310 	.db #0x00	; 0
    00001473 00                    5311 	.db #0x00	; 0
    00001474 5A                    5312 	.db #0x5a	; 90	'Z'
    00001475 00                    5313 	.db #0x00	; 0
    00001476 00                    5314 	.db #0x00	; 0
    00001477 5A                    5315 	.db #0x5a	; 90	'Z'
    00001478 00                    5316 	.db #0x00	; 0
    00001479 00                    5317 	.db #0x00	; 0
    0000147A 5A                    5318 	.db #0x5a	; 90	'Z'
    0000147B 00                    5319 	.db #0x00	; 0
    0000147C 00                    5320 	.db #0x00	; 0
    0000147D 5A                    5321 	.db #0x5a	; 90	'Z'
    0000147E 00                    5322 	.db #0x00	; 0
    0000147F 00                    5323 	.db #0x00	; 0
    00001480 5A                    5324 	.db #0x5a	; 90	'Z'
    00001481 00                    5325 	.db #0x00	; 0
    00001482 00                    5326 	.db #0x00	; 0
    00001483 5A                    5327 	.db #0x5a	; 90	'Z'
    00001484 00                    5328 	.db #0x00	; 0
    00001485 00                    5329 	.db #0x00	; 0
    00001486 5A                    5330 	.db #0x5a	; 90	'Z'
    00001487 00                    5331 	.db #0x00	; 0
    00001488 00                    5332 	.db #0x00	; 0
    00001489 5A                    5333 	.db #0x5a	; 90	'Z'
    0000148A 00                    5334 	.db #0x00	; 0
    0000148B 00                    5335 	.db #0x00	; 0
    0000148C 5A                    5336 	.db #0x5a	; 90	'Z'
    0000148D 00                    5337 	.db #0x00	; 0
    0000148E 00                    5338 	.db #0x00	; 0
    0000148F 5A                    5339 	.db #0x5a	; 90	'Z'
    00001490 00                    5340 	.db #0x00	; 0
    00001491 00                    5341 	.db #0x00	; 0
    00001492 5A                    5342 	.db #0x5a	; 90	'Z'
    00001493 00                    5343 	.db #0x00	; 0
    00001494 00                    5344 	.db #0x00	; 0
    00001495 5A                    5345 	.db #0x5a	; 90	'Z'
    00001496 00                    5346 	.db #0x00	; 0
    00001497 00                    5347 	.db #0x00	; 0
    00001498 5A                    5348 	.db #0x5a	; 90	'Z'
    00001499 00                    5349 	.db #0x00	; 0
    0000149A 00                    5350 	.db #0x00	; 0
    0000149B 5A                    5351 	.db #0x5a	; 90	'Z'
    0000149C 00                    5352 	.db #0x00	; 0
    0000149D 00                    5353 	.db #0x00	; 0
    0000149E 5A                    5354 	.db #0x5a	; 90	'Z'
    0000149F 10                    5355 	.db #0x10	; 16
    000014A0 00                    5356 	.db #0x00	; 0
    000014A1                       5357 _order1:
    000014A1r01r00                 5358 	.dw _P0
    000014A3r01r03                 5359 	.dw _P4
    000014A5r01r00                 5360 	.dw _P0
    000014A7r01r03                 5361 	.dw _P4
    000014A9r01r06                 5362 	.dw _P13
    000014ABr01r09                 5363 	.dw _P17
    000014ADr01r09                 5364 	.dw _P17
    000014AFr01r09                 5365 	.dw _P17
    000014B1r01r09                 5366 	.dw _P17
    000014B3rC1r0C                 5367 	.dw _P23
    000014B5r81r0D                 5368 	.dw _P24
    000014B7rC1r0C                 5369 	.dw _P23
    000014B9r81r0D                 5370 	.dw _P24
    000014BBr01r00                 5371 	.dw _P0
    000014BDr01r03                 5372 	.dw _P4
    000014BFr41r0E                 5373 	.dw _P25
    000014C1                       5374 _order2:
    000014C1rC1r00                 5375 	.dw _P1
    000014C3rC1r03                 5376 	.dw _P5
    000014C5rC1r00                 5377 	.dw _P1
    000014C7rC1r03                 5378 	.dw _P5
    000014C9rC1r06                 5379 	.dw _P14
    000014CBrC1r09                 5380 	.dw _P18
    000014CDrC1r09                 5381 	.dw _P18
    000014CFrC1r09                 5382 	.dw _P18
    000014D1r41r0B                 5383 	.dw _P21
    000014D3r41r11                 5384 	.dw _P29
    000014D5r41r11                 5385 	.dw _P29
    000014D7r41r11                 5386 	.dw _P29
    000014D9r41r11                 5387 	.dw _P29
    000014DBrC1r00                 5388 	.dw _P1
    000014DDrC1r03                 5389 	.dw _P5
    000014DFr01r0F                 5390 	.dw _P26
    000014E1                       5391 _order3:
    000014E1r81r01                 5392 	.dw _P2
    000014E3r81r01                 5393 	.dw _P2
    000014E5r41r05                 5394 	.dw _P11
    000014E7r41r05                 5395 	.dw _P11
    000014E9r81r07                 5396 	.dw _P15
    000014EBr81r0A                 5397 	.dw _P19
    000014EDr81r0A                 5398 	.dw _P19
    000014EFr81r0A                 5399 	.dw _P19
    000014F1r01r0C                 5400 	.dw _P22
    000014F3r81r0A                 5401 	.dw _P19
    000014F5r81r0A                 5402 	.dw _P19
    000014F7r81r0A                 5403 	.dw _P19
    000014F9r81r0A                 5404 	.dw _P19
    000014FBr81r01                 5405 	.dw _P2
    000014FDr81r01                 5406 	.dw _P2
    000014FFrC1r0F                 5407 	.dw _P27
    00001501                       5408 _order4:
    00001501r41r02                 5409 	.dw _P3
    00001503r41r02                 5410 	.dw _P3
    00001505r81r04                 5411 	.dw _P10
    00001507r81r04                 5412 	.dw _P10
    00001509r41r08                 5413 	.dw _P16
    0000150Br81r04                 5414 	.dw _P10
    0000150Dr81r04                 5415 	.dw _P10
    0000150Fr81r04                 5416 	.dw _P10
    00001511r81r04                 5417 	.dw _P10
    00001513r81r04                 5418 	.dw _P10
    00001515r81r04                 5419 	.dw _P10
    00001517r81r04                 5420 	.dw _P10
    00001519r81r04                 5421 	.dw _P10
    0000151Br41r02                 5422 	.dw _P3
    0000151Dr41r02                 5423 	.dw _P3
    0000151Fr81r10                 5424 	.dw _P28
    00001521                       5425 _duty_instruments:
    00001521 00                    5426 	.db #0x00	; 0
    00001522 40                    5427 	.db #0x40	; 64
    00001523 B1                    5428 	.db #0xb1	; 177
    00001524 00 00                 5429 	.dw #0x0000
    00001526 80                    5430 	.db #0x80	; 128
    00001527 00                    5431 	.db #0x00	; 0
    00001528 80                    5432 	.db #0x80	; 128
    00001529 B1                    5433 	.db #0xb1	; 177
    0000152A 00 00                 5434 	.dw #0x0000
    0000152C 80                    5435 	.db #0x80	; 128
    0000152D 00                    5436 	.db #0x00	; 0
    0000152E 80                    5437 	.db #0x80	; 128
    0000152F F1                    5438 	.db #0xf1	; 241
    00001530 00 00                 5439 	.dw #0x0000
    00001532 80                    5440 	.db #0x80	; 128
    00001533 00                    5441 	.db #0x00	; 0
    00001534 30                    5442 	.db #0x30	; 48	'0'
    00001535 B8                    5443 	.db #0xb8	; 184
    00001536 00 00                 5444 	.dw #0x0000
    00001538 C0                    5445 	.db #0xc0	; 192
    00001539 00                    5446 	.db #0x00	; 0
    0000153A 70                    5447 	.db #0x70	; 112	'p'
    0000153B B8                    5448 	.db #0xb8	; 184
    0000153C 00 00                 5449 	.dw #0x0000
    0000153E C0                    5450 	.db #0xc0	; 192
    0000153F 00                    5451 	.db #0x00	; 0
    00001540 B0                    5452 	.db #0xb0	; 176
    00001541 B8                    5453 	.db #0xb8	; 184
    00001542 00 00                 5454 	.dw #0x0000
    00001544 C0                    5455 	.db #0xc0	; 192
    00001545 00                    5456 	.db #0x00	; 0
    00001546 00                    5457 	.db #0x00	; 0
    00001547 B8                    5458 	.db #0xb8	; 184
    00001548 00 00                 5459 	.dw #0x0000
    0000154A 80                    5460 	.db #0x80	; 128
    0000154B 00                    5461 	.db #0x00	; 0
    0000154C 40                    5462 	.db #0x40	; 64
    0000154D B8                    5463 	.db #0xb8	; 184
    0000154E 00 00                 5464 	.dw #0x0000
    00001550 80                    5465 	.db #0x80	; 128
    00001551 00                    5466 	.db #0x00	; 0
    00001552 80                    5467 	.db #0x80	; 128
    00001553 B8                    5468 	.db #0xb8	; 184
    00001554 00 00                 5469 	.dw #0x0000
    00001556 80                    5470 	.db #0x80	; 128
    00001557                       5471 _wave_instruments:
    00001557 80                    5472 	.db #0x80	; 128
    00001558 20                    5473 	.db #0x20	; 32
    00001559 01                    5474 	.db #0x01	; 1
    0000155A 00 00                 5475 	.dw #0x0000
    0000155C C0                    5476 	.db #0xc0	; 192
    0000155D 80                    5477 	.db #0x80	; 128
    0000155E 20                    5478 	.db #0x20	; 32
    0000155F 02                    5479 	.db #0x02	; 2
    00001560 00 00                 5480 	.dw #0x0000
    00001562 C0                    5481 	.db #0xc0	; 192
    00001563 80                    5482 	.db #0x80	; 128
    00001564 20                    5483 	.db #0x20	; 32
    00001565 03                    5484 	.db #0x03	; 3
    00001566 00 00                 5485 	.dw #0x0000
    00001568 C0                    5486 	.db #0xc0	; 192
    00001569 80                    5487 	.db #0x80	; 128
    0000156A 20                    5488 	.db #0x20	; 32
    0000156B 04                    5489 	.db #0x04	; 4
    0000156C 00 00                 5490 	.dw #0x0000
    0000156E C0                    5491 	.db #0xc0	; 192
    0000156F 80                    5492 	.db #0x80	; 128
    00001570 20                    5493 	.db #0x20	; 32
    00001571 05                    5494 	.db #0x05	; 5
    00001572 00 00                 5495 	.dw #0x0000
    00001574 C0                    5496 	.db #0xc0	; 192
    00001575 80                    5497 	.db #0x80	; 128
    00001576 20                    5498 	.db #0x20	; 32
    00001577 06                    5499 	.db #0x06	; 6
    00001578 00 00                 5500 	.dw #0x0000
    0000157A C0                    5501 	.db #0xc0	; 192
    0000157B 00                    5502 	.db #0x00	; 0
    0000157C 20                    5503 	.db #0x20	; 32
    0000157D 07                    5504 	.db #0x07	; 7
    0000157E 00 00                 5505 	.dw #0x0000
    00001580 80                    5506 	.db #0x80	; 128
    00001581 00                    5507 	.db #0x00	; 0
    00001582 20                    5508 	.db #0x20	; 32
    00001583 08                    5509 	.db #0x08	; 8
    00001584 00 00                 5510 	.dw #0x0000
    00001586 80                    5511 	.db #0x80	; 128
    00001587 00                    5512 	.db #0x00	; 0
    00001588 20                    5513 	.db #0x20	; 32
    00001589 09                    5514 	.db #0x09	; 9
    0000158A 00 00                 5515 	.dw #0x0000
    0000158C 80                    5516 	.db #0x80	; 128
    0000158D 00                    5517 	.db #0x00	; 0
    0000158E 20                    5518 	.db #0x20	; 32
    0000158F 0A                    5519 	.db #0x0a	; 10
    00001590 00 00                 5520 	.dw #0x0000
    00001592 80                    5521 	.db #0x80	; 128
    00001593 00                    5522 	.db #0x00	; 0
    00001594 20                    5523 	.db #0x20	; 32
    00001595 0B                    5524 	.db #0x0b	; 11
    00001596 00 00                 5525 	.dw #0x0000
    00001598 80                    5526 	.db #0x80	; 128
    00001599 00                    5527 	.db #0x00	; 0
    0000159A 20                    5528 	.db #0x20	; 32
    0000159B 0C                    5529 	.db #0x0c	; 12
    0000159C 00 00                 5530 	.dw #0x0000
    0000159E 80                    5531 	.db #0x80	; 128
    0000159F 00                    5532 	.db #0x00	; 0
    000015A0 20                    5533 	.db #0x20	; 32
    000015A1 0D                    5534 	.db #0x0d	; 13
    000015A2 00 00                 5535 	.dw #0x0000
    000015A4 80                    5536 	.db #0x80	; 128
    000015A5                       5537 _noise_instruments:
    000015A5 91                    5538 	.db #0x91	; 145
    000015A6r01r12                 5539 	.dw _itNoiseSP1
    000015A8 70                    5540 	.db #0x70	; 112	'p'
    000015A9 00                    5541 	.db #0x00	; 0
    000015AA 00                    5542 	.db #0x00	; 0
    000015AB 91                    5543 	.db #0x91	; 145
    000015ACr61r12                 5544 	.dw _itNoiseSP2
    000015AE 60                    5545 	.db #0x60	; 96
    000015AF 00                    5546 	.db #0x00	; 0
    000015B0 00                    5547 	.db #0x00	; 0
    000015B1 91                    5548 	.db #0x91	; 145
    000015B2rC1r12                 5549 	.dw _itNoiseSP3
    000015B4 00                    5550 	.db #0x00	; 0
    000015B5 00                    5551 	.db #0x00	; 0
    000015B6 00                    5552 	.db #0x00	; 0
    000015B7 92                    5553 	.db #0x92	; 146
    000015B8r21r13                 5554 	.dw _itNoiseSP4
    000015BA 00                    5555 	.db #0x00	; 0
    000015BB 00                    5556 	.db #0x00	; 0
    000015BC 00                    5557 	.db #0x00	; 0
    000015BD 94                    5558 	.db #0x94	; 148
    000015BEr81r13                 5559 	.dw _itNoiseSP5
    000015C0 00                    5560 	.db #0x00	; 0
    000015C1 00                    5561 	.db #0x00	; 0
    000015C2 00                    5562 	.db #0x00	; 0
    000015C3 94                    5563 	.db #0x94	; 148
    000015C4rE1r13                 5564 	.dw _itNoiseSP6
    000015C6 00                    5565 	.db #0x00	; 0
    000015C7 00                    5566 	.db #0x00	; 0
    000015C8 00                    5567 	.db #0x00	; 0
    000015C9 B1                    5568 	.db #0xb1	; 177
    000015CAr41r14                 5569 	.dw _itNoiseSP7
    000015CC 00                    5570 	.db #0x00	; 0
    000015CD 00                    5571 	.db #0x00	; 0
    000015CE 00                    5572 	.db #0x00	; 0
    000015CF                       5573 _waves:
    000015CF 88                    5574 	.db #0x88	; 136
    000015D0 88                    5575 	.db #0x88	; 136
    000015D1 88                    5576 	.db #0x88	; 136
    000015D2 88                    5577 	.db #0x88	; 136
    000015D3 88                    5578 	.db #0x88	; 136
    000015D4 88                    5579 	.db #0x88	; 136
    000015D5 88                    5580 	.db #0x88	; 136
    000015D6 88                    5581 	.db #0x88	; 136
    000015D7 88                    5582 	.db #0x88	; 136
    000015D8 88                    5583 	.db #0x88	; 136
    000015D9 88                    5584 	.db #0x88	; 136
    000015DA 88                    5585 	.db #0x88	; 136
    000015DB 88                    5586 	.db #0x88	; 136
    000015DC 88                    5587 	.db #0x88	; 136
    000015DD 88                    5588 	.db #0x88	; 136
    000015DE 88                    5589 	.db #0x88	; 136
    000015DF FF                    5590 	.db #0xff	; 255
    000015E0 FF                    5591 	.db #0xff	; 255
    000015E1 00                    5592 	.db #0x00	; 0
    000015E2 00                    5593 	.db #0x00	; 0
    000015E3 00                    5594 	.db #0x00	; 0
    000015E4 00                    5595 	.db #0x00	; 0
    000015E5 00                    5596 	.db #0x00	; 0
    000015E6 00                    5597 	.db #0x00	; 0
    000015E7 00                    5598 	.db #0x00	; 0
    000015E8 00                    5599 	.db #0x00	; 0
    000015E9 00                    5600 	.db #0x00	; 0
    000015EA 00                    5601 	.db #0x00	; 0
    000015EB 00                    5602 	.db #0x00	; 0
    000015EC 00                    5603 	.db #0x00	; 0
    000015ED 00                    5604 	.db #0x00	; 0
    000015EE 00                    5605 	.db #0x00	; 0
    000015EF FF                    5606 	.db #0xff	; 255
    000015F0 FF                    5607 	.db #0xff	; 255
    000015F1 FF                    5608 	.db #0xff	; 255
    000015F2 FF                    5609 	.db #0xff	; 255
    000015F3 00                    5610 	.db #0x00	; 0
    000015F4 00                    5611 	.db #0x00	; 0
    000015F5 00                    5612 	.db #0x00	; 0
    000015F6 00                    5613 	.db #0x00	; 0
    000015F7 00                    5614 	.db #0x00	; 0
    000015F8 00                    5615 	.db #0x00	; 0
    000015F9 00                    5616 	.db #0x00	; 0
    000015FA 00                    5617 	.db #0x00	; 0
    000015FB 00                    5618 	.db #0x00	; 0
    000015FC 00                    5619 	.db #0x00	; 0
    000015FD 00                    5620 	.db #0x00	; 0
    000015FE 00                    5621 	.db #0x00	; 0
    000015FF FF                    5622 	.db #0xff	; 255
    00001600 FF                    5623 	.db #0xff	; 255
    00001601 FF                    5624 	.db #0xff	; 255
    00001602 FF                    5625 	.db #0xff	; 255
    00001603 FF                    5626 	.db #0xff	; 255
    00001604 00                    5627 	.db #0x00	; 0
    00001605 00                    5628 	.db #0x00	; 0
    00001606 00                    5629 	.db #0x00	; 0
    00001607 00                    5630 	.db #0x00	; 0
    00001608 00                    5631 	.db #0x00	; 0
    00001609 00                    5632 	.db #0x00	; 0
    0000160A 00                    5633 	.db #0x00	; 0
    0000160B 00                    5634 	.db #0x00	; 0
    0000160C 00                    5635 	.db #0x00	; 0
    0000160D 00                    5636 	.db #0x00	; 0
    0000160E 00                    5637 	.db #0x00	; 0
    0000160F FF                    5638 	.db #0xff	; 255
    00001610 FF                    5639 	.db #0xff	; 255
    00001611 FF                    5640 	.db #0xff	; 255
    00001612 FF                    5641 	.db #0xff	; 255
    00001613 FF                    5642 	.db #0xff	; 255
    00001614 FF                    5643 	.db #0xff	; 255
    00001615 00                    5644 	.db #0x00	; 0
    00001616 00                    5645 	.db #0x00	; 0
    00001617 00                    5646 	.db #0x00	; 0
    00001618 00                    5647 	.db #0x00	; 0
    00001619 00                    5648 	.db #0x00	; 0
    0000161A 00                    5649 	.db #0x00	; 0
    0000161B 00                    5650 	.db #0x00	; 0
    0000161C 00                    5651 	.db #0x00	; 0
    0000161D 00                    5652 	.db #0x00	; 0
    0000161E 00                    5653 	.db #0x00	; 0
    0000161F FF                    5654 	.db #0xff	; 255
    00001620 FF                    5655 	.db #0xff	; 255
    00001621 FF                    5656 	.db #0xff	; 255
    00001622 FF                    5657 	.db #0xff	; 255
    00001623 FF                    5658 	.db #0xff	; 255
    00001624 FF                    5659 	.db #0xff	; 255
    00001625 FF                    5660 	.db #0xff	; 255
    00001626 00                    5661 	.db #0x00	; 0
    00001627 00                    5662 	.db #0x00	; 0
    00001628 00                    5663 	.db #0x00	; 0
    00001629 00                    5664 	.db #0x00	; 0
    0000162A 00                    5665 	.db #0x00	; 0
    0000162B 00                    5666 	.db #0x00	; 0
    0000162C 00                    5667 	.db #0x00	; 0
    0000162D 00                    5668 	.db #0x00	; 0
    0000162E 00                    5669 	.db #0x00	; 0
    0000162F FF                    5670 	.db #0xff	; 255
    00001630 FF                    5671 	.db #0xff	; 255
    00001631 FF                    5672 	.db #0xff	; 255
    00001632 FF                    5673 	.db #0xff	; 255
    00001633 FF                    5674 	.db #0xff	; 255
    00001634 FF                    5675 	.db #0xff	; 255
    00001635 FF                    5676 	.db #0xff	; 255
    00001636 FF                    5677 	.db #0xff	; 255
    00001637 00                    5678 	.db #0x00	; 0
    00001638 00                    5679 	.db #0x00	; 0
    00001639 00                    5680 	.db #0x00	; 0
    0000163A 00                    5681 	.db #0x00	; 0
    0000163B 00                    5682 	.db #0x00	; 0
    0000163C 00                    5683 	.db #0x00	; 0
    0000163D 00                    5684 	.db #0x00	; 0
    0000163E 00                    5685 	.db #0x00	; 0
    0000163F CC                    5686 	.db #0xcc	; 204
    00001640 CC                    5687 	.db #0xcc	; 204
    00001641 CC                    5688 	.db #0xcc	; 204
    00001642 CC                    5689 	.db #0xcc	; 204
    00001643 CC                    5690 	.db #0xcc	; 204
    00001644 CC                    5691 	.db #0xcc	; 204
    00001645 CC                    5692 	.db #0xcc	; 204
    00001646 CC                    5693 	.db #0xcc	; 204
    00001647 33                    5694 	.db #0x33	; 51	'3'
    00001648 33                    5695 	.db #0x33	; 51	'3'
    00001649 33                    5696 	.db #0x33	; 51	'3'
    0000164A 33                    5697 	.db #0x33	; 51	'3'
    0000164B 33                    5698 	.db #0x33	; 51	'3'
    0000164C 33                    5699 	.db #0x33	; 51	'3'
    0000164D 33                    5700 	.db #0x33	; 51	'3'
    0000164E 33                    5701 	.db #0x33	; 51	'3'
    0000164F AA                    5702 	.db #0xaa	; 170
    00001650 AA                    5703 	.db #0xaa	; 170
    00001651 AA                    5704 	.db #0xaa	; 170
    00001652 AA                    5705 	.db #0xaa	; 170
    00001653 AA                    5706 	.db #0xaa	; 170
    00001654 AA                    5707 	.db #0xaa	; 170
    00001655 AA                    5708 	.db #0xaa	; 170
    00001656 AA                    5709 	.db #0xaa	; 170
    00001657 55                    5710 	.db #0x55	; 85	'U'
    00001658 55                    5711 	.db #0x55	; 85	'U'
    00001659 55                    5712 	.db #0x55	; 85	'U'
    0000165A 55                    5713 	.db #0x55	; 85	'U'
    0000165B 55                    5714 	.db #0x55	; 85	'U'
    0000165C 55                    5715 	.db #0x55	; 85	'U'
    0000165D 55                    5716 	.db #0x55	; 85	'U'
    0000165E 55                    5717 	.db #0x55	; 85	'U'
    0000165F 8E                    5718 	.db #0x8e	; 142
    00001660 FF                    5719 	.db #0xff	; 255
    00001661 FE                    5720 	.db #0xfe	; 254
    00001662 EF                    5721 	.db #0xef	; 239
    00001663 FF                    5722 	.db #0xff	; 255
    00001664 EE                    5723 	.db #0xee	; 238
    00001665 FF                    5724 	.db #0xff	; 255
    00001666 FF                    5725 	.db #0xff	; 255
    00001667 E1                    5726 	.db #0xe1	; 225
    00001668 00                    5727 	.db #0x00	; 0
    00001669 01                    5728 	.db #0x01	; 1
    0000166A 10                    5729 	.db #0x10	; 16
    0000166B 00                    5730 	.db #0x00	; 0
    0000166C 11                    5731 	.db #0x11	; 17
    0000166D 00                    5732 	.db #0x00	; 0
    0000166E 01                    5733 	.db #0x01	; 1
    0000166F FF                    5734 	.db #0xff	; 255
    00001670 FF                    5735 	.db #0xff	; 255
    00001671 CC                    5736 	.db #0xcc	; 204
    00001672 CC                    5737 	.db #0xcc	; 204
    00001673 FF                    5738 	.db #0xff	; 255
    00001674 FF                    5739 	.db #0xff	; 255
    00001675 CC                    5740 	.db #0xcc	; 204
    00001676 CC                    5741 	.db #0xcc	; 204
    00001677 00                    5742 	.db #0x00	; 0
    00001678 00                    5743 	.db #0x00	; 0
    00001679 33                    5744 	.db #0x33	; 51	'3'
    0000167A 33                    5745 	.db #0x33	; 51	'3'
    0000167B 00                    5746 	.db #0x00	; 0
    0000167C 00                    5747 	.db #0x00	; 0
    0000167D 33                    5748 	.db #0x33	; 51	'3'
    0000167E 33                    5749 	.db #0x33	; 51	'3'
    0000167F FE                    5750 	.db #0xfe	; 254
    00001680 DC                    5751 	.db #0xdc	; 220
    00001681 BA                    5752 	.db #0xba	; 186
    00001682 98                    5753 	.db #0x98	; 152
    00001683 76                    5754 	.db #0x76	; 118	'v'
    00001684 54                    5755 	.db #0x54	; 84	'T'
    00001685 32                    5756 	.db #0x32	; 50	'2'
    00001686 10                    5757 	.db #0x10	; 16
    00001687 01                    5758 	.db #0x01	; 1
    00001688 23                    5759 	.db #0x23	; 35
    00001689 45                    5760 	.db #0x45	; 69	'E'
    0000168A 67                    5761 	.db #0x67	; 103	'g'
    0000168B 89                    5762 	.db #0x89	; 137
    0000168C AB                    5763 	.db #0xab	; 171
    0000168D CD                    5764 	.db #0xcd	; 205
    0000168E EF                    5765 	.db #0xef	; 239
    0000168F FF                    5766 	.db #0xff	; 255
    00001690 FF                    5767 	.db #0xff	; 255
    00001691 BA                    5768 	.db #0xba	; 186
    00001692 98                    5769 	.db #0x98	; 152
    00001693 A9                    5770 	.db #0xa9	; 169
    00001694 87                    5771 	.db #0x87	; 135
    00001695 32                    5772 	.db #0x32	; 50	'2'
    00001696 10                    5773 	.db #0x10	; 16
    00001697 34                    5774 	.db #0x34	; 52	'4'
    00001698 56                    5775 	.db #0x56	; 86	'V'
    00001699 45                    5776 	.db #0x45	; 69	'E'
    0000169A 67                    5777 	.db #0x67	; 103	'g'
    0000169B BC                    5778 	.db #0xbc	; 188
    0000169C DE                    5779 	.db #0xde	; 222
    0000169D CD                    5780 	.db #0xcd	; 205
    0000169E EF                    5781 	.db #0xef	; 239
    0000169F 8F                    5782 	.db #0x8f	; 143
    000016A0 82                    5783 	.db #0x82	; 130
    000016A1 88                    5784 	.db #0x88	; 136
    000016A2 7D                    5785 	.db #0x7d	; 125
    000016A3 EE                    5786 	.db #0xee	; 238
    000016A4 ED                    5787 	.db #0xed	; 237
    000016A5 86                    5788 	.db #0x86	; 134
    000016A6 CD                    5789 	.db #0xcd	; 205
    000016A7 D8                    5790 	.db #0xd8	; 216
    000016A8 DD                    5791 	.db #0xdd	; 221
    000016A9 D5                    5792 	.db #0xd5	; 213
    000016AA D3                    5793 	.db #0xd3	; 211
    000016AB 45                    5794 	.db #0x45	; 69	'E'
    000016AC 56                    5795 	.db #0x56	; 86	'V'
    000016AD F5                    5796 	.db #0xf5	; 245
    000016AE 31                    5797 	.db #0x31	; 49	'1'
    000016AF                       5798 _cantletgo:
    000016AF 06                    5799 	.db #0x06	; 6
    000016B0r00r00                 5800 	.dw _order_cnt
    000016B2rA1r14                 5801 	.dw _order1
    000016B4rC1r14                 5802 	.dw _order2
    000016B6rE1r14                 5803 	.dw _order3
    000016B8r01r15                 5804 	.dw _order4
    000016BAr21r15                 5805 	.dw _duty_instruments
    000016BCr57r15                 5806 	.dw _wave_instruments
    000016BErA5r15                 5807 	.dw _noise_instruments
    000016C0 00 00                 5808 	.dw #0x0000
    000016C2rCFr15                 5809 	.dw _waves
                                   5810 	.area _INITIALIZER
                                   5811 	.area _CABS (ABS)
