                                      1 ;--------------------------------------------------------
                                      2 ; File Created by SDCC : free open source ISO C Compiler
                                      3 ; Version 4.5.1 #15267 (MINGW64)
                                      4 ;--------------------------------------------------------
                                      5 	.module famidash_metatiles
                                      6 	
                                      7 ;--------------------------------------------------------
                                      8 ; Public variables in this module
                                      9 ;--------------------------------------------------------
                                     10 	.globl _famidash_metatile_collision
                                     11 	.globl _famidash_metatile_palettes
                                     12 	.globl _metatiles_rev
                                     13 	.globl _metatiles
                                     14 ;--------------------------------------------------------
                                     15 ; special function registers
                                     16 ;--------------------------------------------------------
                                     17 	.area _HRAM
                                     18 ;--------------------------------------------------------
                                     19 ; ram data
                                     20 ;--------------------------------------------------------
                                     21 	.area _DATA
                                     22 ;--------------------------------------------------------
                                     23 ; ram data
                                     24 ;--------------------------------------------------------
                                     25 	.area _INITIALIZED
                                     26 ;--------------------------------------------------------
                                     27 ; absolute external ram data
                                     28 ;--------------------------------------------------------
                                     29 	.area _DABS (ABS)
                                     30 ;--------------------------------------------------------
                                     31 ; global & static initialisations
                                     32 ;--------------------------------------------------------
                                     33 	.area _HOME
                                     34 	.area _GSINIT
                                     35 	.area _GSFINAL
                                     36 	.area _GSINIT
                                     37 ;--------------------------------------------------------
                                     38 ; Home
                                     39 ;--------------------------------------------------------
                                     40 	.area _HOME
                                     41 	.area _HOME
                                     42 ;--------------------------------------------------------
                                     43 ; code
                                     44 ;--------------------------------------------------------
                                     45 	.area _CODE
                                     46 	.area _CODE
    00000000                         47 _metatiles:
    00000000 0C                      48 	.db #0x0c	; 12
    00000001 0C                      49 	.db #0x0c	; 12
    00000002 0C                      50 	.db #0x0c	; 12
    00000003 0C                      51 	.db #0x0c	; 12
    00000004 17                      52 	.db #0x17	; 23
    00000005 17                      53 	.db #0x17	; 23
    00000006 0C                      54 	.db #0x0c	; 12
    00000007 0C                      55 	.db #0x0c	; 12
    00000008 17                      56 	.db #0x17	; 23
    00000009 17                      57 	.db #0x17	; 23
    0000000A 17                      58 	.db #0x17	; 23
    0000000B 17                      59 	.db #0x17	; 23
    0000000C 0C                      60 	.db #0x0c	; 12
    0000000D 0C                      61 	.db #0x0c	; 12
    0000000E 33                      62 	.db #0x33	; 51	'3'
    0000000F 34                      63 	.db #0x34	; 52	'4'
    00000010 0C                      64 	.db #0x0c	; 12
    00000011 0C                      65 	.db #0x0c	; 12
    00000012 0C                      66 	.db #0x0c	; 12
    00000013 0C                      67 	.db #0x0c	; 12
    00000014 17                      68 	.db #0x17	; 23
    00000015 17                      69 	.db #0x17	; 23
    00000016 0C                      70 	.db #0x0c	; 12
    00000017 0C                      71 	.db #0x0c	; 12
    00000018 17                      72 	.db #0x17	; 23
    00000019 17                      73 	.db #0x17	; 23
    0000001A 17                      74 	.db #0x17	; 23
    0000001B 17                      75 	.db #0x17	; 23
    0000001C 1B                      76 	.db #0x1b	; 27
    0000001D 1C                      77 	.db #0x1c	; 28
    0000001E 29                      78 	.db #0x29	; 41
    0000001F 2A                      79 	.db #0x2a	; 42
    00000020 0C                      80 	.db #0x0c	; 12
    00000021 0C                      81 	.db #0x0c	; 12
    00000022 0C                      82 	.db #0x0c	; 12
    00000023 0C                      83 	.db #0x0c	; 12
    00000024 0C                      84 	.db #0x0c	; 12
    00000025 0C                      85 	.db #0x0c	; 12
    00000026 0C                      86 	.db #0x0c	; 12
    00000027 0C                      87 	.db #0x0c	; 12
    00000028 0C                      88 	.db #0x0c	; 12
    00000029 0C                      89 	.db #0x0c	; 12
    0000002A 0C                      90 	.db #0x0c	; 12
    0000002B 0C                      91 	.db #0x0c	; 12
    0000002C 0C                      92 	.db #0x0c	; 12
    0000002D 0C                      93 	.db #0x0c	; 12
    0000002E 0C                      94 	.db #0x0c	; 12
    0000002F 0C                      95 	.db #0x0c	; 12
    00000030 0C                      96 	.db #0x0c	; 12
    00000031 0F                      97 	.db #0x0f	; 15
    00000032 18                      98 	.db #0x18	; 24
    00000033 19                      99 	.db #0x19	; 25
    00000034 10                     100 	.db #0x10	; 16
    00000035 11                     101 	.db #0x11	; 17
    00000036 0C                     102 	.db #0x0c	; 12
    00000037 1A                     103 	.db #0x1a	; 26
    00000038 0C                     104 	.db #0x0c	; 12
    00000039 0C                     105 	.db #0x0c	; 12
    0000003A 0C                     106 	.db #0x0c	; 12
    0000003B 0C                     107 	.db #0x0c	; 12
    0000003C 0C                     108 	.db #0x0c	; 12
    0000003D 0C                     109 	.db #0x0c	; 12
    0000003E 0C                     110 	.db #0x0c	; 12
    0000003F 0C                     111 	.db #0x0c	; 12
    00000040 1B                     112 	.db #0x1b	; 27
    00000041 1C                     113 	.db #0x1c	; 28
    00000042 29                     114 	.db #0x29	; 41
    00000043 2A                     115 	.db #0x2a	; 42
    00000044 1D                     116 	.db #0x1d	; 29
    00000045 1E                     117 	.db #0x1e	; 30
    00000046 2B                     118 	.db #0x2b	; 43
    00000047 2C                     119 	.db #0x2c	; 44
    00000048 0C                     120 	.db #0x0c	; 12
    00000049 0C                     121 	.db #0x0c	; 12
    0000004A 35                     122 	.db #0x35	; 53	'5'
    0000004B 36                     123 	.db #0x36	; 54	'6'
    0000004C 0C                     124 	.db #0x0c	; 12
    0000004D 0F                     125 	.db #0x0f	; 15
    0000004E 4D                     126 	.db #0x4d	; 77	'M'
    0000004F 4E                     127 	.db #0x4e	; 78	'N'
    00000050 0C                     128 	.db #0x0c	; 12
    00000051 0C                     129 	.db #0x0c	; 12
    00000052 0C                     130 	.db #0x0c	; 12
    00000053 1A                     131 	.db #0x1a	; 26
    00000054 33                     132 	.db #0x33	; 51	'3'
    00000055 34                     133 	.db #0x34	; 52	'4'
    00000056 35                     134 	.db #0x35	; 53	'5'
    00000057 36                     135 	.db #0x36	; 54	'6'
    00000058 33                     136 	.db #0x33	; 51	'3'
    00000059 34                     137 	.db #0x34	; 52	'4'
    0000005A 13                     138 	.db #0x13	; 19
    0000005B 14                     139 	.db #0x14	; 20
    0000005C 0D                     140 	.db #0x0d	; 13
    0000005D 0E                     141 	.db #0x0e	; 14
    0000005E 0C                     142 	.db #0x0c	; 12
    0000005F 0C                     143 	.db #0x0c	; 12
    00000060 0C                     144 	.db #0x0c	; 12
    00000061 0C                     145 	.db #0x0c	; 12
    00000062 13                     146 	.db #0x13	; 19
    00000063 14                     147 	.db #0x14	; 20
    00000064 33                     148 	.db #0x33	; 51	'3'
    00000065 34                     149 	.db #0x34	; 52	'4'
    00000066 0C                     150 	.db #0x0c	; 12
    00000067 0C                     151 	.db #0x0c	; 12
    00000068 21                     152 	.db #0x21	; 33
    00000069 22                     153 	.db #0x22	; 34
    0000006A 2F                     154 	.db #0x2f	; 47
    0000006B 30                     155 	.db #0x30	; 48	'0'
    0000006C 1F                     156 	.db #0x1f	; 31
    0000006D 20                     157 	.db #0x20	; 32
    0000006E 2D                     158 	.db #0x2d	; 45
    0000006F 2E                     159 	.db #0x2e	; 46
    00000070 23                     160 	.db #0x23	; 35
    00000071 24                     161 	.db #0x24	; 36
    00000072 31                     162 	.db #0x31	; 49	'1'
    00000073 32                     163 	.db #0x32	; 50	'2'
    00000074 27                     164 	.db #0x27	; 39
    00000075 0C                     165 	.db #0x0c	; 12
    00000076 37                     166 	.db #0x37	; 55	'7'
    00000077 0C                     167 	.db #0x0c	; 12
    00000078 25                     168 	.db #0x25	; 37
    00000079 26                     169 	.db #0x26	; 38
    0000007A 0C                     170 	.db #0x0c	; 12
    0000007B 0C                     171 	.db #0x0c	; 12
    0000007C 0C                     172 	.db #0x0c	; 12
    0000007D 28                     173 	.db #0x28	; 40
    0000007E 0C                     174 	.db #0x0c	; 12
    0000007F 38                     175 	.db #0x38	; 56	'8'
    00000080 39                     176 	.db #0x39	; 57	'9'
    00000081 3A                     177 	.db #0x3a	; 58
    00000082 43                     178 	.db #0x43	; 67	'C'
    00000083 44                     179 	.db #0x44	; 68	'D'
    00000084 3D                     180 	.db #0x3d	; 61
    00000085 3E                     181 	.db #0x3e	; 62
    00000086 49                     182 	.db #0x49	; 73	'I'
    00000087 4A                     183 	.db #0x4a	; 74	'J'
    00000088 3F                     184 	.db #0x3f	; 63
    00000089 3C                     185 	.db #0x3c	; 60
    0000008A 49                     186 	.db #0x49	; 73	'I'
    0000008B 46                     187 	.db #0x46	; 70	'F'
    0000008C 3F                     188 	.db #0x3f	; 63
    0000008D 40                     189 	.db #0x40	; 64
    0000008E 47                     190 	.db #0x47	; 71	'G'
    0000008F 48                     191 	.db #0x48	; 72	'H'
    00000090 3B                     192 	.db #0x3b	; 59
    00000091 40                     193 	.db #0x40	; 64
    00000092 45                     194 	.db #0x45	; 69	'E'
    00000093 4A                     195 	.db #0x4a	; 74	'J'
    00000094 39                     196 	.db #0x39	; 57	'9'
    00000095 3E                     197 	.db #0x3e	; 62
    00000096 45                     198 	.db #0x45	; 69	'E'
    00000097 4A                     199 	.db #0x4a	; 74	'J'
    00000098 3D                     200 	.db #0x3d	; 61
    00000099 3A                     201 	.db #0x3a	; 58
    0000009A 49                     202 	.db #0x49	; 73	'I'
    0000009B 46                     203 	.db #0x46	; 70	'F'
    0000009C 3F                     204 	.db #0x3f	; 63
    0000009D 3C                     205 	.db #0x3c	; 60
    0000009E 47                     206 	.db #0x47	; 71	'G'
    0000009F 44                     207 	.db #0x44	; 68	'D'
    000000A0 3B                     208 	.db #0x3b	; 59
    000000A1 40                     209 	.db #0x40	; 64
    000000A2 43                     210 	.db #0x43	; 67	'C'
    000000A3 48                     211 	.db #0x48	; 72	'H'
    000000A4 41                     212 	.db #0x41	; 65	'A'
    000000A5 40                     213 	.db #0x40	; 64
    000000A6 49                     214 	.db #0x49	; 73	'I'
    000000A7 4A                     215 	.db #0x4a	; 74	'J'
    000000A8 3F                     216 	.db #0x3f	; 63
    000000A9 42                     217 	.db #0x42	; 66	'B'
    000000AA 49                     218 	.db #0x49	; 73	'I'
    000000AB 4A                     219 	.db #0x4a	; 74	'J'
    000000AC 3F                     220 	.db #0x3f	; 63
    000000AD 40                     221 	.db #0x40	; 64
    000000AE 49                     222 	.db #0x49	; 73	'I'
    000000AF 4C                     223 	.db #0x4c	; 76	'L'
    000000B0 3F                     224 	.db #0x3f	; 63
    000000B1 40                     225 	.db #0x40	; 64
    000000B2 4B                     226 	.db #0x4b	; 75	'K'
    000000B3 4A                     227 	.db #0x4a	; 74	'J'
    000000B4 3B                     228 	.db #0x3b	; 59
    000000B5 3C                     229 	.db #0x3c	; 60
    000000B6 45                     230 	.db #0x45	; 69	'E'
    000000B7 46                     231 	.db #0x46	; 70	'F'
    000000B8 3D                     232 	.db #0x3d	; 61
    000000B9 3E                     233 	.db #0x3e	; 62
    000000BA 47                     234 	.db #0x47	; 71	'G'
    000000BB 48                     235 	.db #0x48	; 72	'H'
    000000BC 3F                     236 	.db #0x3f	; 63
    000000BD 40                     237 	.db #0x40	; 64
    000000BE 49                     238 	.db #0x49	; 73	'I'
    000000BF 4A                     239 	.db #0x4a	; 74	'J'
    000000C0 39                     240 	.db #0x39	; 57	'9'
    000000C1 3A                     241 	.db #0x3a	; 58
    000000C2 45                     242 	.db #0x45	; 69	'E'
    000000C3 46                     243 	.db #0x46	; 70	'F'
    000000C4 3D                     244 	.db #0x3d	; 61
    000000C5 3A                     245 	.db #0x3a	; 58
    000000C6 47                     246 	.db #0x47	; 71	'G'
    000000C7 44                     247 	.db #0x44	; 68	'D'
    000000C8 3B                     248 	.db #0x3b	; 59
    000000C9 3C                     249 	.db #0x3c	; 60
    000000CA 43                     250 	.db #0x43	; 67	'C'
    000000CB 44                     251 	.db #0x44	; 68	'D'
    000000CC 39                     252 	.db #0x39	; 57	'9'
    000000CD 3E                     253 	.db #0x3e	; 62
    000000CE 43                     254 	.db #0x43	; 67	'C'
    000000CF 48                     255 	.db #0x48	; 72	'H'
    000000D0 4F                     256 	.db #0x4f	; 79	'O'
    000000D1 50                     257 	.db #0x50	; 80	'P'
    000000D2 53                     258 	.db #0x53	; 83	'S'
    000000D3 54                     259 	.db #0x54	; 84	'T'
    000000D4 0C                     260 	.db #0x0c	; 12
    000000D5 0C                     261 	.db #0x0c	; 12
    000000D6 51                     262 	.db #0x51	; 81	'Q'
    000000D7 52                     263 	.db #0x52	; 82	'R'
    000000D8 55                     264 	.db #0x55	; 85	'U'
    000000D9 56                     265 	.db #0x56	; 86	'V'
    000000DA 0C                     266 	.db #0x0c	; 12
    000000DB 0C                     267 	.db #0x0c	; 12
    000000DC 33                     268 	.db #0x33	; 51	'3'
    000000DD 34                     269 	.db #0x34	; 52	'4'
    000000DE 25                     270 	.db #0x25	; 37
    000000DF 26                     271 	.db #0x26	; 38
    000000E0 0C                     272 	.db #0x0c	; 12
    000000E1 0C                     273 	.db #0x0c	; 12
    000000E2 0C                     274 	.db #0x0c	; 12
    000000E3 0C                     275 	.db #0x0c	; 12
    000000E4 0C                     276 	.db #0x0c	; 12
    000000E5 0C                     277 	.db #0x0c	; 12
    000000E6 0C                     278 	.db #0x0c	; 12
    000000E7 0C                     279 	.db #0x0c	; 12
    000000E8 0C                     280 	.db #0x0c	; 12
    000000E9 0C                     281 	.db #0x0c	; 12
    000000EA 0C                     282 	.db #0x0c	; 12
    000000EB 0C                     283 	.db #0x0c	; 12
    000000EC 3F                     284 	.db #0x3f	; 63
    000000ED 40                     285 	.db #0x40	; 64
    000000EE 0C                     286 	.db #0x0c	; 12
    000000EF 0C                     287 	.db #0x0c	; 12
    000000F0 0C                     288 	.db #0x0c	; 12
    000000F1 0C                     289 	.db #0x0c	; 12
    000000F2 0C                     290 	.db #0x0c	; 12
    000000F3 0C                     291 	.db #0x0c	; 12
    000000F4 0C                     292 	.db #0x0c	; 12
    000000F5 0C                     293 	.db #0x0c	; 12
    000000F6 0C                     294 	.db #0x0c	; 12
    000000F7 0C                     295 	.db #0x0c	; 12
    000000F8 0C                     296 	.db #0x0c	; 12
    000000F9 0C                     297 	.db #0x0c	; 12
    000000FA 0C                     298 	.db #0x0c	; 12
    000000FB 0C                     299 	.db #0x0c	; 12
    000000FC 0C                     300 	.db #0x0c	; 12
    000000FD 0C                     301 	.db #0x0c	; 12
    000000FE 0C                     302 	.db #0x0c	; 12
    000000FF 0C                     303 	.db #0x0c	; 12
    00000100 0C                     304 	.db #0x0c	; 12
    00000101 0C                     305 	.db #0x0c	; 12
    00000102 0C                     306 	.db #0x0c	; 12
    00000103 0C                     307 	.db #0x0c	; 12
    00000104 0C                     308 	.db #0x0c	; 12
    00000105 0C                     309 	.db #0x0c	; 12
    00000106 0C                     310 	.db #0x0c	; 12
    00000107 0C                     311 	.db #0x0c	; 12
    00000108 0C                     312 	.db #0x0c	; 12
    00000109 0C                     313 	.db #0x0c	; 12
    0000010A 0C                     314 	.db #0x0c	; 12
    0000010B 0C                     315 	.db #0x0c	; 12
    0000010C 0C                     316 	.db #0x0c	; 12
    0000010D 0C                     317 	.db #0x0c	; 12
    0000010E 4D                     318 	.db #0x4d	; 77	'M'
    0000010F 4E                     319 	.db #0x4e	; 78	'N'
    00000110 0C                     320 	.db #0x0c	; 12
    00000111 0C                     321 	.db #0x0c	; 12
    00000112 0C                     322 	.db #0x0c	; 12
    00000113 0C                     323 	.db #0x0c	; 12
    00000114 0C                     324 	.db #0x0c	; 12
    00000115 0C                     325 	.db #0x0c	; 12
    00000116 0C                     326 	.db #0x0c	; 12
    00000117 0C                     327 	.db #0x0c	; 12
    00000118 0C                     328 	.db #0x0c	; 12
    00000119 0C                     329 	.db #0x0c	; 12
    0000011A 0C                     330 	.db #0x0c	; 12
    0000011B 0C                     331 	.db #0x0c	; 12
    0000011C 0C                     332 	.db #0x0c	; 12
    0000011D 0C                     333 	.db #0x0c	; 12
    0000011E 4D                     334 	.db #0x4d	; 77	'M'
    0000011F 0C                     335 	.db #0x0c	; 12
    00000120 0C                     336 	.db #0x0c	; 12
    00000121 0C                     337 	.db #0x0c	; 12
    00000122 0C                     338 	.db #0x0c	; 12
    00000123 4E                     339 	.db #0x4e	; 78	'N'
    00000124 0C                     340 	.db #0x0c	; 12
    00000125 0C                     341 	.db #0x0c	; 12
    00000126 0C                     342 	.db #0x0c	; 12
    00000127 0C                     343 	.db #0x0c	; 12
    00000128 0C                     344 	.db #0x0c	; 12
    00000129 0C                     345 	.db #0x0c	; 12
    0000012A 0C                     346 	.db #0x0c	; 12
    0000012B 0C                     347 	.db #0x0c	; 12
    0000012C 0C                     348 	.db #0x0c	; 12
    0000012D 0C                     349 	.db #0x0c	; 12
    0000012E 0C                     350 	.db #0x0c	; 12
    0000012F 0C                     351 	.db #0x0c	; 12
    00000130 0C                     352 	.db #0x0c	; 12
    00000131 0C                     353 	.db #0x0c	; 12
    00000132 0C                     354 	.db #0x0c	; 12
    00000133 0C                     355 	.db #0x0c	; 12
    00000134 0C                     356 	.db #0x0c	; 12
    00000135 0C                     357 	.db #0x0c	; 12
    00000136 0C                     358 	.db #0x0c	; 12
    00000137 0C                     359 	.db #0x0c	; 12
    00000138 0C                     360 	.db #0x0c	; 12
    00000139 0C                     361 	.db #0x0c	; 12
    0000013A 4D                     362 	.db #0x4d	; 77	'M'
    0000013B 4E                     363 	.db #0x4e	; 78	'N'
    0000013C 0C                     364 	.db #0x0c	; 12
    0000013D 0C                     365 	.db #0x0c	; 12
    0000013E 0C                     366 	.db #0x0c	; 12
    0000013F 0C                     367 	.db #0x0c	; 12
    00000140 0C                     368 	.db #0x0c	; 12
    00000141 0C                     369 	.db #0x0c	; 12
    00000142 0C                     370 	.db #0x0c	; 12
    00000143 0C                     371 	.db #0x0c	; 12
    00000144 0C                     372 	.db #0x0c	; 12
    00000145 0C                     373 	.db #0x0c	; 12
    00000146 4D                     374 	.db #0x4d	; 77	'M'
    00000147 0C                     375 	.db #0x0c	; 12
    00000148 0C                     376 	.db #0x0c	; 12
    00000149 0C                     377 	.db #0x0c	; 12
    0000014A 0C                     378 	.db #0x0c	; 12
    0000014B 0C                     379 	.db #0x0c	; 12
    0000014C 0C                     380 	.db #0x0c	; 12
    0000014D 0C                     381 	.db #0x0c	; 12
    0000014E 0C                     382 	.db #0x0c	; 12
    0000014F 4E                     383 	.db #0x4e	; 78	'N'
    00000150 0C                     384 	.db #0x0c	; 12
    00000151 0C                     385 	.db #0x0c	; 12
    00000152 0C                     386 	.db #0x0c	; 12
    00000153 0C                     387 	.db #0x0c	; 12
    00000154 0C                     388 	.db #0x0c	; 12
    00000155 0C                     389 	.db #0x0c	; 12
    00000156 0C                     390 	.db #0x0c	; 12
    00000157 0C                     391 	.db #0x0c	; 12
    00000158 0C                     392 	.db #0x0c	; 12
    00000159 0C                     393 	.db #0x0c	; 12
    0000015A 0C                     394 	.db #0x0c	; 12
    0000015B 0C                     395 	.db #0x0c	; 12
    0000015C 0C                     396 	.db #0x0c	; 12
    0000015D 0C                     397 	.db #0x0c	; 12
    0000015E 0C                     398 	.db #0x0c	; 12
    0000015F 0C                     399 	.db #0x0c	; 12
    00000160 0C                     400 	.db #0x0c	; 12
    00000161 0C                     401 	.db #0x0c	; 12
    00000162 0C                     402 	.db #0x0c	; 12
    00000163 0C                     403 	.db #0x0c	; 12
    00000164 0C                     404 	.db #0x0c	; 12
    00000165 0C                     405 	.db #0x0c	; 12
    00000166 0C                     406 	.db #0x0c	; 12
    00000167 0C                     407 	.db #0x0c	; 12
    00000168 0C                     408 	.db #0x0c	; 12
    00000169 0C                     409 	.db #0x0c	; 12
    0000016A 0C                     410 	.db #0x0c	; 12
    0000016B 0C                     411 	.db #0x0c	; 12
    0000016C 0C                     412 	.db #0x0c	; 12
    0000016D 0C                     413 	.db #0x0c	; 12
    0000016E 0C                     414 	.db #0x0c	; 12
    0000016F 0C                     415 	.db #0x0c	; 12
    00000170 0C                     416 	.db #0x0c	; 12
    00000171 0C                     417 	.db #0x0c	; 12
    00000172 0C                     418 	.db #0x0c	; 12
    00000173 0C                     419 	.db #0x0c	; 12
    00000174 0C                     420 	.db #0x0c	; 12
    00000175 0C                     421 	.db #0x0c	; 12
    00000176 0C                     422 	.db #0x0c	; 12
    00000177 0C                     423 	.db #0x0c	; 12
    00000178 0C                     424 	.db #0x0c	; 12
    00000179 0C                     425 	.db #0x0c	; 12
    0000017A 0C                     426 	.db #0x0c	; 12
    0000017B 16                     427 	.db #0x16	; 22
    0000017C 0C                     428 	.db #0x0c	; 12
    0000017D 0C                     429 	.db #0x0c	; 12
    0000017E 15                     430 	.db #0x15	; 21
    0000017F 0C                     431 	.db #0x0c	; 12
    00000180 0C                     432 	.db #0x0c	; 12
    00000181 0C                     433 	.db #0x0c	; 12
    00000182 0C                     434 	.db #0x0c	; 12
    00000183 0C                     435 	.db #0x0c	; 12
    00000184 0C                     436 	.db #0x0c	; 12
    00000185 0C                     437 	.db #0x0c	; 12
    00000186 0C                     438 	.db #0x0c	; 12
    00000187 0C                     439 	.db #0x0c	; 12
    00000188 0C                     440 	.db #0x0c	; 12
    00000189 0C                     441 	.db #0x0c	; 12
    0000018A 0C                     442 	.db #0x0c	; 12
    0000018B 0C                     443 	.db #0x0c	; 12
    0000018C 0C                     444 	.db #0x0c	; 12
    0000018D 0C                     445 	.db #0x0c	; 12
    0000018E 0C                     446 	.db #0x0c	; 12
    0000018F 0C                     447 	.db #0x0c	; 12
    00000190 0C                     448 	.db #0x0c	; 12
    00000191 0C                     449 	.db #0x0c	; 12
    00000192 0C                     450 	.db #0x0c	; 12
    00000193 0C                     451 	.db #0x0c	; 12
    00000194 0C                     452 	.db #0x0c	; 12
    00000195 0C                     453 	.db #0x0c	; 12
    00000196 0C                     454 	.db #0x0c	; 12
    00000197 0C                     455 	.db #0x0c	; 12
    00000198 0C                     456 	.db #0x0c	; 12
    00000199 0C                     457 	.db #0x0c	; 12
    0000019A 0C                     458 	.db #0x0c	; 12
    0000019B 0C                     459 	.db #0x0c	; 12
    0000019C 0C                     460 	.db #0x0c	; 12
    0000019D 0C                     461 	.db #0x0c	; 12
    0000019E 0C                     462 	.db #0x0c	; 12
    0000019F 0C                     463 	.db #0x0c	; 12
    000001A0 0C                     464 	.db #0x0c	; 12
    000001A1 0C                     465 	.db #0x0c	; 12
    000001A2 0C                     466 	.db #0x0c	; 12
    000001A3 0C                     467 	.db #0x0c	; 12
    000001A4 0C                     468 	.db #0x0c	; 12
    000001A5 0C                     469 	.db #0x0c	; 12
    000001A6 0C                     470 	.db #0x0c	; 12
    000001A7 0C                     471 	.db #0x0c	; 12
    000001A8 0C                     472 	.db #0x0c	; 12
    000001A9 0C                     473 	.db #0x0c	; 12
    000001AA 0C                     474 	.db #0x0c	; 12
    000001AB 0C                     475 	.db #0x0c	; 12
    000001AC 0C                     476 	.db #0x0c	; 12
    000001AD 0C                     477 	.db #0x0c	; 12
    000001AE 0C                     478 	.db #0x0c	; 12
    000001AF 0C                     479 	.db #0x0c	; 12
    000001B0 0C                     480 	.db #0x0c	; 12
    000001B1 0C                     481 	.db #0x0c	; 12
    000001B2 0C                     482 	.db #0x0c	; 12
    000001B3 0C                     483 	.db #0x0c	; 12
    000001B4 0C                     484 	.db #0x0c	; 12
    000001B5 0C                     485 	.db #0x0c	; 12
    000001B6 0C                     486 	.db #0x0c	; 12
    000001B7 0C                     487 	.db #0x0c	; 12
    000001B8 0C                     488 	.db #0x0c	; 12
    000001B9 0C                     489 	.db #0x0c	; 12
    000001BA 0C                     490 	.db #0x0c	; 12
    000001BB 0C                     491 	.db #0x0c	; 12
    000001BC 0C                     492 	.db #0x0c	; 12
    000001BD 0C                     493 	.db #0x0c	; 12
    000001BE 0C                     494 	.db #0x0c	; 12
    000001BF 0C                     495 	.db #0x0c	; 12
    000001C0 0C                     496 	.db #0x0c	; 12
    000001C1 0C                     497 	.db #0x0c	; 12
    000001C2 0C                     498 	.db #0x0c	; 12
    000001C3 0C                     499 	.db #0x0c	; 12
    000001C4 0C                     500 	.db #0x0c	; 12
    000001C5 0C                     501 	.db #0x0c	; 12
    000001C6 0C                     502 	.db #0x0c	; 12
    000001C7 0C                     503 	.db #0x0c	; 12
    000001C8 0C                     504 	.db #0x0c	; 12
    000001C9 0C                     505 	.db #0x0c	; 12
    000001CA 0C                     506 	.db #0x0c	; 12
    000001CB 0C                     507 	.db #0x0c	; 12
    000001CC 0C                     508 	.db #0x0c	; 12
    000001CD 0C                     509 	.db #0x0c	; 12
    000001CE 0C                     510 	.db #0x0c	; 12
    000001CF 0C                     511 	.db #0x0c	; 12
    000001D0 0C                     512 	.db #0x0c	; 12
    000001D1 0C                     513 	.db #0x0c	; 12
    000001D2 0C                     514 	.db #0x0c	; 12
    000001D3 0C                     515 	.db #0x0c	; 12
    000001D4 0C                     516 	.db #0x0c	; 12
    000001D5 0C                     517 	.db #0x0c	; 12
    000001D6 0C                     518 	.db #0x0c	; 12
    000001D7 0C                     519 	.db #0x0c	; 12
    000001D8 0C                     520 	.db #0x0c	; 12
    000001D9 0C                     521 	.db #0x0c	; 12
    000001DA 0C                     522 	.db #0x0c	; 12
    000001DB 0C                     523 	.db #0x0c	; 12
    000001DC 0C                     524 	.db #0x0c	; 12
    000001DD 0C                     525 	.db #0x0c	; 12
    000001DE 0C                     526 	.db #0x0c	; 12
    000001DF 0C                     527 	.db #0x0c	; 12
    000001E0 0C                     528 	.db #0x0c	; 12
    000001E1 0C                     529 	.db #0x0c	; 12
    000001E2 0C                     530 	.db #0x0c	; 12
    000001E3 0C                     531 	.db #0x0c	; 12
    000001E4 0C                     532 	.db #0x0c	; 12
    000001E5 0C                     533 	.db #0x0c	; 12
    000001E6 0C                     534 	.db #0x0c	; 12
    000001E7 0C                     535 	.db #0x0c	; 12
    000001E8 0C                     536 	.db #0x0c	; 12
    000001E9 0C                     537 	.db #0x0c	; 12
    000001EA 0C                     538 	.db #0x0c	; 12
    000001EB 0C                     539 	.db #0x0c	; 12
    000001EC 0C                     540 	.db #0x0c	; 12
    000001ED 0C                     541 	.db #0x0c	; 12
    000001EE 0C                     542 	.db #0x0c	; 12
    000001EF 0C                     543 	.db #0x0c	; 12
    000001F0 0C                     544 	.db #0x0c	; 12
    000001F1 0C                     545 	.db #0x0c	; 12
    000001F2 0C                     546 	.db #0x0c	; 12
    000001F3 0C                     547 	.db #0x0c	; 12
    000001F4 0C                     548 	.db #0x0c	; 12
    000001F5 0C                     549 	.db #0x0c	; 12
    000001F6 0C                     550 	.db #0x0c	; 12
    000001F7 0C                     551 	.db #0x0c	; 12
    000001F8 0C                     552 	.db #0x0c	; 12
    000001F9 0C                     553 	.db #0x0c	; 12
    000001FA 0C                     554 	.db #0x0c	; 12
    000001FB 0C                     555 	.db #0x0c	; 12
    000001FC 0C                     556 	.db #0x0c	; 12
    000001FD 0C                     557 	.db #0x0c	; 12
    000001FE 0C                     558 	.db #0x0c	; 12
    000001FF 0C                     559 	.db #0x0c	; 12
    00000200 0C                     560 	.db #0x0c	; 12
    00000201 0C                     561 	.db #0x0c	; 12
    00000202 0C                     562 	.db #0x0c	; 12
    00000203 0C                     563 	.db #0x0c	; 12
    00000204 0C                     564 	.db #0x0c	; 12
    00000205 0C                     565 	.db #0x0c	; 12
    00000206 0C                     566 	.db #0x0c	; 12
    00000207 0C                     567 	.db #0x0c	; 12
    00000208 0D                     568 	.db #0x0d	; 13
    00000209 0E                     569 	.db #0x0e	; 14
    0000020A 0C                     570 	.db #0x0c	; 12
    0000020B 0C                     571 	.db #0x0c	; 12
    0000020C 0C                     572 	.db #0x0c	; 12
    0000020D 0C                     573 	.db #0x0c	; 12
    0000020E 13                     574 	.db #0x13	; 19
    0000020F 14                     575 	.db #0x14	; 20
    00000210 0C                     576 	.db #0x0c	; 12
    00000211 0C                     577 	.db #0x0c	; 12
    00000212 0C                     578 	.db #0x0c	; 12
    00000213 0C                     579 	.db #0x0c	; 12
    00000214 0C                     580 	.db #0x0c	; 12
    00000215 0C                     581 	.db #0x0c	; 12
    00000216 0C                     582 	.db #0x0c	; 12
    00000217 0C                     583 	.db #0x0c	; 12
    00000218 0C                     584 	.db #0x0c	; 12
    00000219 0C                     585 	.db #0x0c	; 12
    0000021A 0C                     586 	.db #0x0c	; 12
    0000021B 0C                     587 	.db #0x0c	; 12
    0000021C 0C                     588 	.db #0x0c	; 12
    0000021D 0C                     589 	.db #0x0c	; 12
    0000021E 0C                     590 	.db #0x0c	; 12
    0000021F 0C                     591 	.db #0x0c	; 12
    00000220 0C                     592 	.db #0x0c	; 12
    00000221 0C                     593 	.db #0x0c	; 12
    00000222 17                     594 	.db #0x17	; 23
    00000223 17                     595 	.db #0x17	; 23
    00000224 0C                     596 	.db #0x0c	; 12
    00000225 0C                     597 	.db #0x0c	; 12
    00000226 17                     598 	.db #0x17	; 23
    00000227 17                     599 	.db #0x17	; 23
    00000228 0C                     600 	.db #0x0c	; 12
    00000229 0C                     601 	.db #0x0c	; 12
    0000022A 0C                     602 	.db #0x0c	; 12
    0000022B 0C                     603 	.db #0x0c	; 12
    0000022C 0C                     604 	.db #0x0c	; 12
    0000022D 0C                     605 	.db #0x0c	; 12
    0000022E 0C                     606 	.db #0x0c	; 12
    0000022F 0C                     607 	.db #0x0c	; 12
    00000230 0C                     608 	.db #0x0c	; 12
    00000231 0C                     609 	.db #0x0c	; 12
    00000232 0C                     610 	.db #0x0c	; 12
    00000233 0C                     611 	.db #0x0c	; 12
    00000234 0C                     612 	.db #0x0c	; 12
    00000235 0C                     613 	.db #0x0c	; 12
    00000236 0C                     614 	.db #0x0c	; 12
    00000237 0C                     615 	.db #0x0c	; 12
    00000238 0C                     616 	.db #0x0c	; 12
    00000239 0C                     617 	.db #0x0c	; 12
    0000023A 52                     618 	.db #0x52	; 82	'R'
    0000023B 51                     619 	.db #0x51	; 81	'Q'
    0000023C 3F                     620 	.db #0x3f	; 63
    0000023D 40                     621 	.db #0x40	; 64
    0000023E 49                     622 	.db #0x49	; 73	'I'
    0000023F 4A                     623 	.db #0x4a	; 74	'J'
    00000240 0C                     624 	.db #0x0c	; 12
    00000241 0C                     625 	.db #0x0c	; 12
    00000242 0C                     626 	.db #0x0c	; 12
    00000243 0C                     627 	.db #0x0c	; 12
    00000244 0C                     628 	.db #0x0c	; 12
    00000245 0C                     629 	.db #0x0c	; 12
    00000246 0C                     630 	.db #0x0c	; 12
    00000247 0C                     631 	.db #0x0c	; 12
    00000248 0C                     632 	.db #0x0c	; 12
    00000249 0C                     633 	.db #0x0c	; 12
    0000024A 0C                     634 	.db #0x0c	; 12
    0000024B 0C                     635 	.db #0x0c	; 12
    0000024C 0C                     636 	.db #0x0c	; 12
    0000024D 0C                     637 	.db #0x0c	; 12
    0000024E 0C                     638 	.db #0x0c	; 12
    0000024F 0C                     639 	.db #0x0c	; 12
    00000250 0C                     640 	.db #0x0c	; 12
    00000251 0C                     641 	.db #0x0c	; 12
    00000252 0C                     642 	.db #0x0c	; 12
    00000253 0C                     643 	.db #0x0c	; 12
    00000254 0C                     644 	.db #0x0c	; 12
    00000255 0C                     645 	.db #0x0c	; 12
    00000256 0C                     646 	.db #0x0c	; 12
    00000257 0C                     647 	.db #0x0c	; 12
    00000258 0C                     648 	.db #0x0c	; 12
    00000259 0C                     649 	.db #0x0c	; 12
    0000025A 0C                     650 	.db #0x0c	; 12
    0000025B 0C                     651 	.db #0x0c	; 12
    0000025C 0C                     652 	.db #0x0c	; 12
    0000025D 0C                     653 	.db #0x0c	; 12
    0000025E 0C                     654 	.db #0x0c	; 12
    0000025F 0C                     655 	.db #0x0c	; 12
    00000260 0C                     656 	.db #0x0c	; 12
    00000261 0C                     657 	.db #0x0c	; 12
    00000262 0C                     658 	.db #0x0c	; 12
    00000263 0C                     659 	.db #0x0c	; 12
    00000264 0C                     660 	.db #0x0c	; 12
    00000265 0C                     661 	.db #0x0c	; 12
    00000266 0C                     662 	.db #0x0c	; 12
    00000267 0C                     663 	.db #0x0c	; 12
    00000268 0C                     664 	.db #0x0c	; 12
    00000269 0C                     665 	.db #0x0c	; 12
    0000026A 0C                     666 	.db #0x0c	; 12
    0000026B 0C                     667 	.db #0x0c	; 12
    0000026C 0C                     668 	.db #0x0c	; 12
    0000026D 0C                     669 	.db #0x0c	; 12
    0000026E 0C                     670 	.db #0x0c	; 12
    0000026F 0C                     671 	.db #0x0c	; 12
    00000270 0C                     672 	.db #0x0c	; 12
    00000271 0C                     673 	.db #0x0c	; 12
    00000272 0C                     674 	.db #0x0c	; 12
    00000273 0C                     675 	.db #0x0c	; 12
    00000274 0C                     676 	.db #0x0c	; 12
    00000275 0C                     677 	.db #0x0c	; 12
    00000276 0C                     678 	.db #0x0c	; 12
    00000277 0C                     679 	.db #0x0c	; 12
    00000278 0C                     680 	.db #0x0c	; 12
    00000279 0C                     681 	.db #0x0c	; 12
    0000027A 0C                     682 	.db #0x0c	; 12
    0000027B 0C                     683 	.db #0x0c	; 12
    0000027C 0C                     684 	.db #0x0c	; 12
    0000027D 0C                     685 	.db #0x0c	; 12
    0000027E 0C                     686 	.db #0x0c	; 12
    0000027F 0C                     687 	.db #0x0c	; 12
    00000280 0C                     688 	.db #0x0c	; 12
    00000281 0C                     689 	.db #0x0c	; 12
    00000282 0C                     690 	.db #0x0c	; 12
    00000283 0C                     691 	.db #0x0c	; 12
    00000284 0C                     692 	.db #0x0c	; 12
    00000285 0C                     693 	.db #0x0c	; 12
    00000286 0C                     694 	.db #0x0c	; 12
    00000287 0C                     695 	.db #0x0c	; 12
    00000288 0C                     696 	.db #0x0c	; 12
    00000289 0C                     697 	.db #0x0c	; 12
    0000028A 0C                     698 	.db #0x0c	; 12
    0000028B 0C                     699 	.db #0x0c	; 12
    0000028C 0C                     700 	.db #0x0c	; 12
    0000028D 0C                     701 	.db #0x0c	; 12
    0000028E 0C                     702 	.db #0x0c	; 12
    0000028F 0C                     703 	.db #0x0c	; 12
    00000290 0C                     704 	.db #0x0c	; 12
    00000291 0C                     705 	.db #0x0c	; 12
    00000292 0C                     706 	.db #0x0c	; 12
    00000293 0C                     707 	.db #0x0c	; 12
    00000294 0C                     708 	.db #0x0c	; 12
    00000295 0C                     709 	.db #0x0c	; 12
    00000296 0C                     710 	.db #0x0c	; 12
    00000297 0C                     711 	.db #0x0c	; 12
    00000298 0C                     712 	.db #0x0c	; 12
    00000299 0C                     713 	.db #0x0c	; 12
    0000029A 0C                     714 	.db #0x0c	; 12
    0000029B 0C                     715 	.db #0x0c	; 12
    0000029C 0C                     716 	.db #0x0c	; 12
    0000029D 0C                     717 	.db #0x0c	; 12
    0000029E 0C                     718 	.db #0x0c	; 12
    0000029F 0C                     719 	.db #0x0c	; 12
    000002A0 12                     720 	.db #0x12	; 18
    000002A1 0C                     721 	.db #0x0c	; 12
    000002A2 0C                     722 	.db #0x0c	; 12
    000002A3 0C                     723 	.db #0x0c	; 12
    000002A4 0C                     724 	.db #0x0c	; 12
    000002A5 12                     725 	.db #0x12	; 18
    000002A6 0C                     726 	.db #0x0c	; 12
    000002A7 0C                     727 	.db #0x0c	; 12
    000002A8 12                     728 	.db #0x12	; 18
    000002A9 0C                     729 	.db #0x0c	; 12
    000002AA 0C                     730 	.db #0x0c	; 12
    000002AB 0C                     731 	.db #0x0c	; 12
    000002AC 0C                     732 	.db #0x0c	; 12
    000002AD 12                     733 	.db #0x12	; 18
    000002AE 0C                     734 	.db #0x0c	; 12
    000002AF 0C                     735 	.db #0x0c	; 12
    000002B0 12                     736 	.db #0x12	; 18
    000002B1 12                     737 	.db #0x12	; 18
    000002B2 0C                     738 	.db #0x0c	; 12
    000002B3 0C                     739 	.db #0x0c	; 12
    000002B4 0C                     740 	.db #0x0c	; 12
    000002B5 0C                     741 	.db #0x0c	; 12
    000002B6 12                     742 	.db #0x12	; 18
    000002B7 0C                     743 	.db #0x0c	; 12
    000002B8 0C                     744 	.db #0x0c	; 12
    000002B9 0C                     745 	.db #0x0c	; 12
    000002BA 0C                     746 	.db #0x0c	; 12
    000002BB 12                     747 	.db #0x12	; 18
    000002BC 0C                     748 	.db #0x0c	; 12
    000002BD 0C                     749 	.db #0x0c	; 12
    000002BE 12                     750 	.db #0x12	; 18
    000002BF 12                     751 	.db #0x12	; 18
    000002C0 0C                     752 	.db #0x0c	; 12
    000002C1 0C                     753 	.db #0x0c	; 12
    000002C2 0C                     754 	.db #0x0c	; 12
    000002C3 0C                     755 	.db #0x0c	; 12
    000002C4 0C                     756 	.db #0x0c	; 12
    000002C5 0C                     757 	.db #0x0c	; 12
    000002C6 0C                     758 	.db #0x0c	; 12
    000002C7 0C                     759 	.db #0x0c	; 12
    000002C8 0C                     760 	.db #0x0c	; 12
    000002C9 0C                     761 	.db #0x0c	; 12
    000002CA 0C                     762 	.db #0x0c	; 12
    000002CB 0C                     763 	.db #0x0c	; 12
    000002CC 0C                     764 	.db #0x0c	; 12
    000002CD 0C                     765 	.db #0x0c	; 12
    000002CE 0C                     766 	.db #0x0c	; 12
    000002CF 0C                     767 	.db #0x0c	; 12
    000002D0 0C                     768 	.db #0x0c	; 12
    000002D1 0C                     769 	.db #0x0c	; 12
    000002D2 0C                     770 	.db #0x0c	; 12
    000002D3 0C                     771 	.db #0x0c	; 12
    000002D4 0C                     772 	.db #0x0c	; 12
    000002D5 0C                     773 	.db #0x0c	; 12
    000002D6 0C                     774 	.db #0x0c	; 12
    000002D7 0C                     775 	.db #0x0c	; 12
    000002D8 0C                     776 	.db #0x0c	; 12
    000002D9 0C                     777 	.db #0x0c	; 12
    000002DA 0C                     778 	.db #0x0c	; 12
    000002DB 0C                     779 	.db #0x0c	; 12
    000002DC 0C                     780 	.db #0x0c	; 12
    000002DD 0C                     781 	.db #0x0c	; 12
    000002DE 0C                     782 	.db #0x0c	; 12
    000002DF 0C                     783 	.db #0x0c	; 12
    000002E0 0C                     784 	.db #0x0c	; 12
    000002E1 0C                     785 	.db #0x0c	; 12
    000002E2 0C                     786 	.db #0x0c	; 12
    000002E3 0C                     787 	.db #0x0c	; 12
    000002E4 0C                     788 	.db #0x0c	; 12
    000002E5 0C                     789 	.db #0x0c	; 12
    000002E6 0C                     790 	.db #0x0c	; 12
    000002E7 0C                     791 	.db #0x0c	; 12
    000002E8 0C                     792 	.db #0x0c	; 12
    000002E9 0C                     793 	.db #0x0c	; 12
    000002EA 0C                     794 	.db #0x0c	; 12
    000002EB 0C                     795 	.db #0x0c	; 12
    000002EC 0C                     796 	.db #0x0c	; 12
    000002ED 0C                     797 	.db #0x0c	; 12
    000002EE 0C                     798 	.db #0x0c	; 12
    000002EF 0C                     799 	.db #0x0c	; 12
    000002F0 0C                     800 	.db #0x0c	; 12
    000002F1 0C                     801 	.db #0x0c	; 12
    000002F2 0C                     802 	.db #0x0c	; 12
    000002F3 0C                     803 	.db #0x0c	; 12
    000002F4 0C                     804 	.db #0x0c	; 12
    000002F5 0C                     805 	.db #0x0c	; 12
    000002F6 0C                     806 	.db #0x0c	; 12
    000002F7 0C                     807 	.db #0x0c	; 12
    000002F8 0C                     808 	.db #0x0c	; 12
    000002F9 0C                     809 	.db #0x0c	; 12
    000002FA 0C                     810 	.db #0x0c	; 12
    000002FB 0C                     811 	.db #0x0c	; 12
    000002FC 0C                     812 	.db #0x0c	; 12
    000002FD 0C                     813 	.db #0x0c	; 12
    000002FE 0C                     814 	.db #0x0c	; 12
    000002FF 0C                     815 	.db #0x0c	; 12
    00000300 0C                     816 	.db #0x0c	; 12
    00000301 0C                     817 	.db #0x0c	; 12
    00000302 0C                     818 	.db #0x0c	; 12
    00000303 0C                     819 	.db #0x0c	; 12
    00000304 25                     820 	.db #0x25	; 37
    00000305 0C                     821 	.db #0x0c	; 12
    00000306 0C                     822 	.db #0x0c	; 12
    00000307 38                     823 	.db #0x38	; 56	'8'
    00000308 0C                     824 	.db #0x0c	; 12
    00000309 26                     825 	.db #0x26	; 38
    0000030A 37                     826 	.db #0x37	; 55	'7'
    0000030B 0C                     827 	.db #0x0c	; 12
    0000030C 0C                     828 	.db #0x0c	; 12
    0000030D 28                     829 	.db #0x28	; 40
    0000030E 35                     830 	.db #0x35	; 53	'5'
    0000030F 16                     831 	.db #0x16	; 22
    00000310 27                     832 	.db #0x27	; 39
    00000311 0C                     833 	.db #0x0c	; 12
    00000312 15                     834 	.db #0x15	; 21
    00000313 36                     835 	.db #0x36	; 54	'6'
    00000314 1D                     836 	.db #0x1d	; 29
    00000315 1E                     837 	.db #0x1e	; 30
    00000316 2B                     838 	.db #0x2b	; 43
    00000317 2C                     839 	.db #0x2c	; 44
    00000318 1F                     840 	.db #0x1f	; 31
    00000319 20                     841 	.db #0x20	; 32
    0000031A 2D                     842 	.db #0x2d	; 45
    0000031B 2E                     843 	.db #0x2e	; 46
    0000031C 35                     844 	.db #0x35	; 53	'5'
    0000031D 36                     845 	.db #0x36	; 54	'6'
    0000031E 33                     846 	.db #0x33	; 51	'3'
    0000031F 34                     847 	.db #0x34	; 52	'4'
    00000320 25                     848 	.db #0x25	; 37
    00000321 26                     849 	.db #0x26	; 38
    00000322 33                     850 	.db #0x33	; 51	'3'
    00000323 34                     851 	.db #0x34	; 52	'4'
    00000324 33                     852 	.db #0x33	; 51	'3'
    00000325 34                     853 	.db #0x34	; 52	'4'
    00000326 49                     854 	.db #0x49	; 73	'I'
    00000327 4A                     855 	.db #0x4a	; 74	'J'
    00000328 3F                     856 	.db #0x3f	; 63
    00000329 40                     857 	.db #0x40	; 64
    0000032A 33                     858 	.db #0x33	; 51	'3'
    0000032B 34                     859 	.db #0x34	; 52	'4'
    0000032C 0C                     860 	.db #0x0c	; 12
    0000032D 0C                     861 	.db #0x0c	; 12
    0000032E 35                     862 	.db #0x35	; 53	'5'
    0000032F 36                     863 	.db #0x36	; 54	'6'
    00000330 25                     864 	.db #0x25	; 37
    00000331 26                     865 	.db #0x26	; 38
    00000332 0C                     866 	.db #0x0c	; 12
    00000333 0C                     867 	.db #0x0c	; 12
    00000334 0C                     868 	.db #0x0c	; 12
    00000335 0C                     869 	.db #0x0c	; 12
    00000336 12                     870 	.db #0x12	; 18
    00000337 0C                     871 	.db #0x0c	; 12
    00000338 0C                     872 	.db #0x0c	; 12
    00000339 0C                     873 	.db #0x0c	; 12
    0000033A 0C                     874 	.db #0x0c	; 12
    0000033B 12                     875 	.db #0x12	; 18
    0000033C 0C                     876 	.db #0x0c	; 12
    0000033D 0C                     877 	.db #0x0c	; 12
    0000033E 12                     878 	.db #0x12	; 18
    0000033F 12                     879 	.db #0x12	; 18
    00000340 0C                     880 	.db #0x0c	; 12
    00000341 0C                     881 	.db #0x0c	; 12
    00000342 0C                     882 	.db #0x0c	; 12
    00000343 0C                     883 	.db #0x0c	; 12
    00000344 0C                     884 	.db #0x0c	; 12
    00000345 0C                     885 	.db #0x0c	; 12
    00000346 0C                     886 	.db #0x0c	; 12
    00000347 0C                     887 	.db #0x0c	; 12
    00000348 0C                     888 	.db #0x0c	; 12
    00000349 0C                     889 	.db #0x0c	; 12
    0000034A 0C                     890 	.db #0x0c	; 12
    0000034B 0C                     891 	.db #0x0c	; 12
    0000034C 0C                     892 	.db #0x0c	; 12
    0000034D 0C                     893 	.db #0x0c	; 12
    0000034E 0C                     894 	.db #0x0c	; 12
    0000034F 0C                     895 	.db #0x0c	; 12
    00000350 0C                     896 	.db #0x0c	; 12
    00000351 0C                     897 	.db #0x0c	; 12
    00000352 49                     898 	.db #0x49	; 73	'I'
    00000353 4A                     899 	.db #0x4a	; 74	'J'
    00000354 0C                     900 	.db #0x0c	; 12
    00000355 0C                     901 	.db #0x0c	; 12
    00000356 49                     902 	.db #0x49	; 73	'I'
    00000357 0C                     903 	.db #0x0c	; 12
    00000358 3F                     904 	.db #0x3f	; 63
    00000359 0C                     905 	.db #0x0c	; 12
    0000035A 49                     906 	.db #0x49	; 73	'I'
    0000035B 0C                     907 	.db #0x0c	; 12
    0000035C 0C                     908 	.db #0x0c	; 12
    0000035D 0C                     909 	.db #0x0c	; 12
    0000035E 0C                     910 	.db #0x0c	; 12
    0000035F 0C                     911 	.db #0x0c	; 12
    00000360 0C                     912 	.db #0x0c	; 12
    00000361 0C                     913 	.db #0x0c	; 12
    00000362 0C                     914 	.db #0x0c	; 12
    00000363 0C                     915 	.db #0x0c	; 12
    00000364 1D                     916 	.db #0x1d	; 29
    00000365 1E                     917 	.db #0x1e	; 30
    00000366 2B                     918 	.db #0x2b	; 43
    00000367 2C                     919 	.db #0x2c	; 44
    00000368 1D                     920 	.db #0x1d	; 29
    00000369 1E                     921 	.db #0x1e	; 30
    0000036A 2B                     922 	.db #0x2b	; 43
    0000036B 2C                     923 	.db #0x2c	; 44
    0000036C 1F                     924 	.db #0x1f	; 31
    0000036D 20                     925 	.db #0x20	; 32
    0000036E 2D                     926 	.db #0x2d	; 45
    0000036F 2E                     927 	.db #0x2e	; 46
    00000370 1F                     928 	.db #0x1f	; 31
    00000371 20                     929 	.db #0x20	; 32
    00000372 2D                     930 	.db #0x2d	; 45
    00000373 2E                     931 	.db #0x2e	; 46
    00000374 1B                     932 	.db #0x1b	; 27
    00000375 1C                     933 	.db #0x1c	; 28
    00000376 29                     934 	.db #0x29	; 41
    00000377 2A                     935 	.db #0x2a	; 42
    00000378 1B                     936 	.db #0x1b	; 27
    00000379 1C                     937 	.db #0x1c	; 28
    0000037A 29                     938 	.db #0x29	; 41
    0000037B 2A                     939 	.db #0x2a	; 42
    0000037C 0C                     940 	.db #0x0c	; 12
    0000037D 0C                     941 	.db #0x0c	; 12
    0000037E 0C                     942 	.db #0x0c	; 12
    0000037F 0C                     943 	.db #0x0c	; 12
    00000380 39                     944 	.db #0x39	; 57	'9'
    00000381 3A                     945 	.db #0x3a	; 58
    00000382 45                     946 	.db #0x45	; 69	'E'
    00000383 46                     947 	.db #0x46	; 70	'F'
    00000384 3B                     948 	.db #0x3b	; 59
    00000385 40                     949 	.db #0x40	; 64
    00000386 45                     950 	.db #0x45	; 69	'E'
    00000387 4A                     951 	.db #0x4a	; 74	'J'
    00000388 3B                     952 	.db #0x3b	; 59
    00000389 40                     953 	.db #0x40	; 64
    0000038A 43                     954 	.db #0x43	; 67	'C'
    0000038B 48                     955 	.db #0x48	; 72	'H'
    0000038C 0C                     956 	.db #0x0c	; 12
    0000038D 0C                     957 	.db #0x0c	; 12
    0000038E 0C                     958 	.db #0x0c	; 12
    0000038F 0C                     959 	.db #0x0c	; 12
    00000390 3B                     960 	.db #0x3b	; 59
    00000391 3C                     961 	.db #0x3c	; 60
    00000392 43                     962 	.db #0x43	; 67	'C'
    00000393 44                     963 	.db #0x44	; 68	'D'
    00000394 39                     964 	.db #0x39	; 57	'9'
    00000395 3E                     965 	.db #0x3e	; 62
    00000396 45                     966 	.db #0x45	; 69	'E'
    00000397 4A                     967 	.db #0x4a	; 74	'J'
    00000398 1B                     968 	.db #0x1b	; 27
    00000399 1C                     969 	.db #0x1c	; 28
    0000039A 29                     970 	.db #0x29	; 41
    0000039B 2A                     971 	.db #0x2a	; 42
    0000039C 1B                     972 	.db #0x1b	; 27
    0000039D 1C                     973 	.db #0x1c	; 28
    0000039E 29                     974 	.db #0x29	; 41
    0000039F 2A                     975 	.db #0x2a	; 42
    000003A0 0C                     976 	.db #0x0c	; 12
    000003A1 4F                     977 	.db #0x4f	; 79	'O'
    000003A2 0C                     978 	.db #0x0c	; 12
    000003A3 53                     979 	.db #0x53	; 83	'S'
    000003A4 50                     980 	.db #0x50	; 80	'P'
    000003A5 0C                     981 	.db #0x0c	; 12
    000003A6 54                     982 	.db #0x54	; 84	'T'
    000003A7 0C                     983 	.db #0x0c	; 12
    000003A8 0C                     984 	.db #0x0c	; 12
    000003A9 0C                     985 	.db #0x0c	; 12
    000003AA 0C                     986 	.db #0x0c	; 12
    000003AB 51                     987 	.db #0x51	; 81	'Q'
    000003AC 0C                     988 	.db #0x0c	; 12
    000003AD 0C                     989 	.db #0x0c	; 12
    000003AE 52                     990 	.db #0x52	; 82	'R'
    000003AF 0C                     991 	.db #0x0c	; 12
    000003B0 0C                     992 	.db #0x0c	; 12
    000003B1 55                     993 	.db #0x55	; 85	'U'
    000003B2 0C                     994 	.db #0x0c	; 12
    000003B3 0C                     995 	.db #0x0c	; 12
    000003B4 56                     996 	.db #0x56	; 86	'V'
    000003B5 0C                     997 	.db #0x0c	; 12
    000003B6 0C                     998 	.db #0x0c	; 12
    000003B7 0C                     999 	.db #0x0c	; 12
    000003B8 0C                    1000 	.db #0x0c	; 12
    000003B9 0C                    1001 	.db #0x0c	; 12
    000003BA 4F                    1002 	.db #0x4f	; 79	'O'
    000003BB 50                    1003 	.db #0x50	; 80	'P'
    000003BC 53                    1004 	.db #0x53	; 83	'S'
    000003BD 54                    1005 	.db #0x54	; 84	'T'
    000003BE 0C                    1006 	.db #0x0c	; 12
    000003BF 0C                    1007 	.db #0x0c	; 12
    000003C0 0C                    1008 	.db #0x0c	; 12
    000003C1 0C                    1009 	.db #0x0c	; 12
    000003C2 0C                    1010 	.db #0x0c	; 12
    000003C3 35                    1011 	.db #0x35	; 53	'5'
    000003C4 0C                    1012 	.db #0x0c	; 12
    000003C5 0C                    1013 	.db #0x0c	; 12
    000003C6 36                    1014 	.db #0x36	; 54	'6'
    000003C7 0C                    1015 	.db #0x0c	; 12
    000003C8 0C                    1016 	.db #0x0c	; 12
    000003C9 25                    1017 	.db #0x25	; 37
    000003CA 0C                    1018 	.db #0x0c	; 12
    000003CB 0C                    1019 	.db #0x0c	; 12
    000003CC 26                    1020 	.db #0x26	; 38
    000003CD 0C                    1021 	.db #0x0c	; 12
    000003CE 0C                    1022 	.db #0x0c	; 12
    000003CF 0C                    1023 	.db #0x0c	; 12
    000003D0 0C                    1024 	.db #0x0c	; 12
    000003D1 1D                    1025 	.db #0x1d	; 29
    000003D2 0C                    1026 	.db #0x0c	; 12
    000003D3 2B                    1027 	.db #0x2b	; 43
    000003D4 1E                    1028 	.db #0x1e	; 30
    000003D5 0C                    1029 	.db #0x0c	; 12
    000003D6 2C                    1030 	.db #0x2c	; 44
    000003D7 0C                    1031 	.db #0x0c	; 12
    000003D8 1E                    1032 	.db #0x1e	; 30
    000003D9 1D                    1033 	.db #0x1d	; 29
    000003DA 2C                    1034 	.db #0x2c	; 44
    000003DB 2B                    1035 	.db #0x2b	; 43
    000003DC 0C                    1036 	.db #0x0c	; 12
    000003DD 0C                    1037 	.db #0x0c	; 12
    000003DE 0C                    1038 	.db #0x0c	; 12
    000003DF 0C                    1039 	.db #0x0c	; 12
    000003E0 0C                    1040 	.db #0x0c	; 12
    000003E1 0C                    1041 	.db #0x0c	; 12
    000003E2 0C                    1042 	.db #0x0c	; 12
    000003E3 0C                    1043 	.db #0x0c	; 12
    000003E4 0C                    1044 	.db #0x0c	; 12
    000003E5 1F                    1045 	.db #0x1f	; 31
    000003E6 0C                    1046 	.db #0x0c	; 12
    000003E7 2D                    1047 	.db #0x2d	; 45
    000003E8 20                    1048 	.db #0x20	; 32
    000003E9 0C                    1049 	.db #0x0c	; 12
    000003EA 2E                    1050 	.db #0x2e	; 46
    000003EB 0C                    1051 	.db #0x0c	; 12
    000003EC 20                    1052 	.db #0x20	; 32
    000003ED 1F                    1053 	.db #0x1f	; 31
    000003EE 2E                    1054 	.db #0x2e	; 46
    000003EF 2D                    1055 	.db #0x2d	; 45
    000003F0 0C                    1056 	.db #0x0c	; 12
    000003F1 0C                    1057 	.db #0x0c	; 12
    000003F2 0C                    1058 	.db #0x0c	; 12
    000003F3 0C                    1059 	.db #0x0c	; 12
    000003F4 3D                    1060 	.db #0x3d	; 61
    000003F5 3A                    1061 	.db #0x3a	; 58
    000003F6 49                    1062 	.db #0x49	; 73	'I'
    000003F7 46                    1063 	.db #0x46	; 70	'F'
    000003F8 0C                    1064 	.db #0x0c	; 12
    000003F9 0C                    1065 	.db #0x0c	; 12
    000003FA 0C                    1066 	.db #0x0c	; 12
    000003FB 0C                    1067 	.db #0x0c	; 12
    000003FC 0C                    1068 	.db #0x0c	; 12
    000003FD 0C                    1069 	.db #0x0c	; 12
    000003FE 0C                    1070 	.db #0x0c	; 12
    000003FF 0C                    1071 	.db #0x0c	; 12
    00000400                       1072 _metatiles_rev:
    00000400 0C                    1073 	.db #0x0c	; 12
    00000401 0C                    1074 	.db #0x0c	; 12
    00000402 0C                    1075 	.db #0x0c	; 12
    00000403 0C                    1076 	.db #0x0c	; 12
    00000404 17                    1077 	.db #0x17	; 23
    00000405 17                    1078 	.db #0x17	; 23
    00000406 0C                    1079 	.db #0x0c	; 12
    00000407 0C                    1080 	.db #0x0c	; 12
    00000408 17                    1081 	.db #0x17	; 23
    00000409 17                    1082 	.db #0x17	; 23
    0000040A 17                    1083 	.db #0x17	; 23
    0000040B 17                    1084 	.db #0x17	; 23
    0000040C 0C                    1085 	.db #0x0c	; 12
    0000040D 0C                    1086 	.db #0x0c	; 12
    0000040E 34                    1087 	.db #0x34	; 52	'4'
    0000040F 33                    1088 	.db #0x33	; 51	'3'
    00000410 0C                    1089 	.db #0x0c	; 12
    00000411 0C                    1090 	.db #0x0c	; 12
    00000412 0C                    1091 	.db #0x0c	; 12
    00000413 0C                    1092 	.db #0x0c	; 12
    00000414 17                    1093 	.db #0x17	; 23
    00000415 17                    1094 	.db #0x17	; 23
    00000416 0C                    1095 	.db #0x0c	; 12
    00000417 0C                    1096 	.db #0x0c	; 12
    00000418 17                    1097 	.db #0x17	; 23
    00000419 17                    1098 	.db #0x17	; 23
    0000041A 17                    1099 	.db #0x17	; 23
    0000041B 17                    1100 	.db #0x17	; 23
    0000041C 1C                    1101 	.db #0x1c	; 28
    0000041D 1B                    1102 	.db #0x1b	; 27
    0000041E 2A                    1103 	.db #0x2a	; 42
    0000041F 29                    1104 	.db #0x29	; 41
    00000420 0C                    1105 	.db #0x0c	; 12
    00000421 0C                    1106 	.db #0x0c	; 12
    00000422 0C                    1107 	.db #0x0c	; 12
    00000423 0C                    1108 	.db #0x0c	; 12
    00000424 0C                    1109 	.db #0x0c	; 12
    00000425 0C                    1110 	.db #0x0c	; 12
    00000426 0C                    1111 	.db #0x0c	; 12
    00000427 0C                    1112 	.db #0x0c	; 12
    00000428 0C                    1113 	.db #0x0c	; 12
    00000429 0C                    1114 	.db #0x0c	; 12
    0000042A 0C                    1115 	.db #0x0c	; 12
    0000042B 0C                    1116 	.db #0x0c	; 12
    0000042C 0C                    1117 	.db #0x0c	; 12
    0000042D 0C                    1118 	.db #0x0c	; 12
    0000042E 0C                    1119 	.db #0x0c	; 12
    0000042F 0C                    1120 	.db #0x0c	; 12
    00000430 0F                    1121 	.db #0x0f	; 15
    00000431 0C                    1122 	.db #0x0c	; 12
    00000432 19                    1123 	.db #0x19	; 25
    00000433 18                    1124 	.db #0x18	; 24
    00000434 11                    1125 	.db #0x11	; 17
    00000435 10                    1126 	.db #0x10	; 16
    00000436 1A                    1127 	.db #0x1a	; 26
    00000437 0C                    1128 	.db #0x0c	; 12
    00000438 0C                    1129 	.db #0x0c	; 12
    00000439 0C                    1130 	.db #0x0c	; 12
    0000043A 0C                    1131 	.db #0x0c	; 12
    0000043B 0C                    1132 	.db #0x0c	; 12
    0000043C 0C                    1133 	.db #0x0c	; 12
    0000043D 0C                    1134 	.db #0x0c	; 12
    0000043E 0C                    1135 	.db #0x0c	; 12
    0000043F 0C                    1136 	.db #0x0c	; 12
    00000440 1C                    1137 	.db #0x1c	; 28
    00000441 1B                    1138 	.db #0x1b	; 27
    00000442 2A                    1139 	.db #0x2a	; 42
    00000443 29                    1140 	.db #0x29	; 41
    00000444 1E                    1141 	.db #0x1e	; 30
    00000445 1D                    1142 	.db #0x1d	; 29
    00000446 2C                    1143 	.db #0x2c	; 44
    00000447 2B                    1144 	.db #0x2b	; 43
    00000448 0C                    1145 	.db #0x0c	; 12
    00000449 0C                    1146 	.db #0x0c	; 12
    0000044A 36                    1147 	.db #0x36	; 54	'6'
    0000044B 35                    1148 	.db #0x35	; 53	'5'
    0000044C 0F                    1149 	.db #0x0f	; 15
    0000044D 0C                    1150 	.db #0x0c	; 12
    0000044E 4E                    1151 	.db #0x4e	; 78	'N'
    0000044F 4D                    1152 	.db #0x4d	; 77	'M'
    00000450 0C                    1153 	.db #0x0c	; 12
    00000451 0C                    1154 	.db #0x0c	; 12
    00000452 1A                    1155 	.db #0x1a	; 26
    00000453 0C                    1156 	.db #0x0c	; 12
    00000454 34                    1157 	.db #0x34	; 52	'4'
    00000455 33                    1158 	.db #0x33	; 51	'3'
    00000456 36                    1159 	.db #0x36	; 54	'6'
    00000457 35                    1160 	.db #0x35	; 53	'5'
    00000458 34                    1161 	.db #0x34	; 52	'4'
    00000459 33                    1162 	.db #0x33	; 51	'3'
    0000045A 14                    1163 	.db #0x14	; 20
    0000045B 13                    1164 	.db #0x13	; 19
    0000045C 0E                    1165 	.db #0x0e	; 14
    0000045D 0D                    1166 	.db #0x0d	; 13
    0000045E 0C                    1167 	.db #0x0c	; 12
    0000045F 0C                    1168 	.db #0x0c	; 12
    00000460 0C                    1169 	.db #0x0c	; 12
    00000461 0C                    1170 	.db #0x0c	; 12
    00000462 14                    1171 	.db #0x14	; 20
    00000463 13                    1172 	.db #0x13	; 19
    00000464 34                    1173 	.db #0x34	; 52	'4'
    00000465 33                    1174 	.db #0x33	; 51	'3'
    00000466 0C                    1175 	.db #0x0c	; 12
    00000467 0C                    1176 	.db #0x0c	; 12
    00000468 22                    1177 	.db #0x22	; 34
    00000469 21                    1178 	.db #0x21	; 33
    0000046A 30                    1179 	.db #0x30	; 48	'0'
    0000046B 2F                    1180 	.db #0x2f	; 47
    0000046C 20                    1181 	.db #0x20	; 32
    0000046D 1F                    1182 	.db #0x1f	; 31
    0000046E 2E                    1183 	.db #0x2e	; 46
    0000046F 2D                    1184 	.db #0x2d	; 45
    00000470 24                    1185 	.db #0x24	; 36
    00000471 23                    1186 	.db #0x23	; 35
    00000472 32                    1187 	.db #0x32	; 50	'2'
    00000473 31                    1188 	.db #0x31	; 49	'1'
    00000474 0C                    1189 	.db #0x0c	; 12
    00000475 27                    1190 	.db #0x27	; 39
    00000476 0C                    1191 	.db #0x0c	; 12
    00000477 37                    1192 	.db #0x37	; 55	'7'
    00000478 26                    1193 	.db #0x26	; 38
    00000479 25                    1194 	.db #0x25	; 37
    0000047A 0C                    1195 	.db #0x0c	; 12
    0000047B 0C                    1196 	.db #0x0c	; 12
    0000047C 28                    1197 	.db #0x28	; 40
    0000047D 0C                    1198 	.db #0x0c	; 12
    0000047E 38                    1199 	.db #0x38	; 56	'8'
    0000047F 0C                    1200 	.db #0x0c	; 12
    00000480 3A                    1201 	.db #0x3a	; 58
    00000481 39                    1202 	.db #0x39	; 57	'9'
    00000482 44                    1203 	.db #0x44	; 68	'D'
    00000483 43                    1204 	.db #0x43	; 67	'C'
    00000484 3E                    1205 	.db #0x3e	; 62
    00000485 3D                    1206 	.db #0x3d	; 61
    00000486 4A                    1207 	.db #0x4a	; 74	'J'
    00000487 49                    1208 	.db #0x49	; 73	'I'
    00000488 3C                    1209 	.db #0x3c	; 60
    00000489 3F                    1210 	.db #0x3f	; 63
    0000048A 46                    1211 	.db #0x46	; 70	'F'
    0000048B 49                    1212 	.db #0x49	; 73	'I'
    0000048C 40                    1213 	.db #0x40	; 64
    0000048D 3F                    1214 	.db #0x3f	; 63
    0000048E 48                    1215 	.db #0x48	; 72	'H'
    0000048F 47                    1216 	.db #0x47	; 71	'G'
    00000490 40                    1217 	.db #0x40	; 64
    00000491 3B                    1218 	.db #0x3b	; 59
    00000492 4A                    1219 	.db #0x4a	; 74	'J'
    00000493 45                    1220 	.db #0x45	; 69	'E'
    00000494 3E                    1221 	.db #0x3e	; 62
    00000495 39                    1222 	.db #0x39	; 57	'9'
    00000496 4A                    1223 	.db #0x4a	; 74	'J'
    00000497 45                    1224 	.db #0x45	; 69	'E'
    00000498 3A                    1225 	.db #0x3a	; 58
    00000499 3D                    1226 	.db #0x3d	; 61
    0000049A 46                    1227 	.db #0x46	; 70	'F'
    0000049B 49                    1228 	.db #0x49	; 73	'I'
    0000049C 3C                    1229 	.db #0x3c	; 60
    0000049D 3F                    1230 	.db #0x3f	; 63
    0000049E 44                    1231 	.db #0x44	; 68	'D'
    0000049F 47                    1232 	.db #0x47	; 71	'G'
    000004A0 40                    1233 	.db #0x40	; 64
    000004A1 3B                    1234 	.db #0x3b	; 59
    000004A2 48                    1235 	.db #0x48	; 72	'H'
    000004A3 43                    1236 	.db #0x43	; 67	'C'
    000004A4 40                    1237 	.db #0x40	; 64
    000004A5 41                    1238 	.db #0x41	; 65	'A'
    000004A6 4A                    1239 	.db #0x4a	; 74	'J'
    000004A7 49                    1240 	.db #0x49	; 73	'I'
    000004A8 42                    1241 	.db #0x42	; 66	'B'
    000004A9 3F                    1242 	.db #0x3f	; 63
    000004AA 4A                    1243 	.db #0x4a	; 74	'J'
    000004AB 49                    1244 	.db #0x49	; 73	'I'
    000004AC 40                    1245 	.db #0x40	; 64
    000004AD 3F                    1246 	.db #0x3f	; 63
    000004AE 4C                    1247 	.db #0x4c	; 76	'L'
    000004AF 49                    1248 	.db #0x49	; 73	'I'
    000004B0 40                    1249 	.db #0x40	; 64
    000004B1 3F                    1250 	.db #0x3f	; 63
    000004B2 4A                    1251 	.db #0x4a	; 74	'J'
    000004B3 4B                    1252 	.db #0x4b	; 75	'K'
    000004B4 3C                    1253 	.db #0x3c	; 60
    000004B5 3B                    1254 	.db #0x3b	; 59
    000004B6 46                    1255 	.db #0x46	; 70	'F'
    000004B7 45                    1256 	.db #0x45	; 69	'E'
    000004B8 3E                    1257 	.db #0x3e	; 62
    000004B9 3D                    1258 	.db #0x3d	; 61
    000004BA 48                    1259 	.db #0x48	; 72	'H'
    000004BB 47                    1260 	.db #0x47	; 71	'G'
    000004BC 40                    1261 	.db #0x40	; 64
    000004BD 3F                    1262 	.db #0x3f	; 63
    000004BE 4A                    1263 	.db #0x4a	; 74	'J'
    000004BF 49                    1264 	.db #0x49	; 73	'I'
    000004C0 3A                    1265 	.db #0x3a	; 58
    000004C1 39                    1266 	.db #0x39	; 57	'9'
    000004C2 46                    1267 	.db #0x46	; 70	'F'
    000004C3 45                    1268 	.db #0x45	; 69	'E'
    000004C4 3A                    1269 	.db #0x3a	; 58
    000004C5 3D                    1270 	.db #0x3d	; 61
    000004C6 44                    1271 	.db #0x44	; 68	'D'
    000004C7 47                    1272 	.db #0x47	; 71	'G'
    000004C8 3C                    1273 	.db #0x3c	; 60
    000004C9 3B                    1274 	.db #0x3b	; 59
    000004CA 44                    1275 	.db #0x44	; 68	'D'
    000004CB 43                    1276 	.db #0x43	; 67	'C'
    000004CC 3E                    1277 	.db #0x3e	; 62
    000004CD 39                    1278 	.db #0x39	; 57	'9'
    000004CE 48                    1279 	.db #0x48	; 72	'H'
    000004CF 43                    1280 	.db #0x43	; 67	'C'
    000004D0 50                    1281 	.db #0x50	; 80	'P'
    000004D1 4F                    1282 	.db #0x4f	; 79	'O'
    000004D2 54                    1283 	.db #0x54	; 84	'T'
    000004D3 53                    1284 	.db #0x53	; 83	'S'
    000004D4 0C                    1285 	.db #0x0c	; 12
    000004D5 0C                    1286 	.db #0x0c	; 12
    000004D6 52                    1287 	.db #0x52	; 82	'R'
    000004D7 51                    1288 	.db #0x51	; 81	'Q'
    000004D8 56                    1289 	.db #0x56	; 86	'V'
    000004D9 55                    1290 	.db #0x55	; 85	'U'
    000004DA 0C                    1291 	.db #0x0c	; 12
    000004DB 0C                    1292 	.db #0x0c	; 12
    000004DC 34                    1293 	.db #0x34	; 52	'4'
    000004DD 33                    1294 	.db #0x33	; 51	'3'
    000004DE 26                    1295 	.db #0x26	; 38
    000004DF 25                    1296 	.db #0x25	; 37
    000004E0 0C                    1297 	.db #0x0c	; 12
    000004E1 0C                    1298 	.db #0x0c	; 12
    000004E2 0C                    1299 	.db #0x0c	; 12
    000004E3 0C                    1300 	.db #0x0c	; 12
    000004E4 0C                    1301 	.db #0x0c	; 12
    000004E5 0C                    1302 	.db #0x0c	; 12
    000004E6 0C                    1303 	.db #0x0c	; 12
    000004E7 0C                    1304 	.db #0x0c	; 12
    000004E8 0C                    1305 	.db #0x0c	; 12
    000004E9 0C                    1306 	.db #0x0c	; 12
    000004EA 0C                    1307 	.db #0x0c	; 12
    000004EB 0C                    1308 	.db #0x0c	; 12
    000004EC 40                    1309 	.db #0x40	; 64
    000004ED 3F                    1310 	.db #0x3f	; 63
    000004EE 0C                    1311 	.db #0x0c	; 12
    000004EF 0C                    1312 	.db #0x0c	; 12
    000004F0 0C                    1313 	.db #0x0c	; 12
    000004F1 0C                    1314 	.db #0x0c	; 12
    000004F2 0C                    1315 	.db #0x0c	; 12
    000004F3 0C                    1316 	.db #0x0c	; 12
    000004F4 0C                    1317 	.db #0x0c	; 12
    000004F5 0C                    1318 	.db #0x0c	; 12
    000004F6 0C                    1319 	.db #0x0c	; 12
    000004F7 0C                    1320 	.db #0x0c	; 12
    000004F8 0C                    1321 	.db #0x0c	; 12
    000004F9 0C                    1322 	.db #0x0c	; 12
    000004FA 0C                    1323 	.db #0x0c	; 12
    000004FB 0C                    1324 	.db #0x0c	; 12
    000004FC 0C                    1325 	.db #0x0c	; 12
    000004FD 0C                    1326 	.db #0x0c	; 12
    000004FE 0C                    1327 	.db #0x0c	; 12
    000004FF 0C                    1328 	.db #0x0c	; 12
    00000500 0C                    1329 	.db #0x0c	; 12
    00000501 0C                    1330 	.db #0x0c	; 12
    00000502 0C                    1331 	.db #0x0c	; 12
    00000503 0C                    1332 	.db #0x0c	; 12
    00000504 0C                    1333 	.db #0x0c	; 12
    00000505 0C                    1334 	.db #0x0c	; 12
    00000506 0C                    1335 	.db #0x0c	; 12
    00000507 0C                    1336 	.db #0x0c	; 12
    00000508 0C                    1337 	.db #0x0c	; 12
    00000509 0C                    1338 	.db #0x0c	; 12
    0000050A 0C                    1339 	.db #0x0c	; 12
    0000050B 0C                    1340 	.db #0x0c	; 12
    0000050C 0C                    1341 	.db #0x0c	; 12
    0000050D 0C                    1342 	.db #0x0c	; 12
    0000050E 4E                    1343 	.db #0x4e	; 78	'N'
    0000050F 4D                    1344 	.db #0x4d	; 77	'M'
    00000510 0C                    1345 	.db #0x0c	; 12
    00000511 0C                    1346 	.db #0x0c	; 12
    00000512 0C                    1347 	.db #0x0c	; 12
    00000513 0C                    1348 	.db #0x0c	; 12
    00000514 0C                    1349 	.db #0x0c	; 12
    00000515 0C                    1350 	.db #0x0c	; 12
    00000516 0C                    1351 	.db #0x0c	; 12
    00000517 0C                    1352 	.db #0x0c	; 12
    00000518 0C                    1353 	.db #0x0c	; 12
    00000519 0C                    1354 	.db #0x0c	; 12
    0000051A 0C                    1355 	.db #0x0c	; 12
    0000051B 0C                    1356 	.db #0x0c	; 12
    0000051C 0C                    1357 	.db #0x0c	; 12
    0000051D 0C                    1358 	.db #0x0c	; 12
    0000051E 0C                    1359 	.db #0x0c	; 12
    0000051F 4D                    1360 	.db #0x4d	; 77	'M'
    00000520 0C                    1361 	.db #0x0c	; 12
    00000521 0C                    1362 	.db #0x0c	; 12
    00000522 4E                    1363 	.db #0x4e	; 78	'N'
    00000523 0C                    1364 	.db #0x0c	; 12
    00000524 0C                    1365 	.db #0x0c	; 12
    00000525 0C                    1366 	.db #0x0c	; 12
    00000526 0C                    1367 	.db #0x0c	; 12
    00000527 0C                    1368 	.db #0x0c	; 12
    00000528 0C                    1369 	.db #0x0c	; 12
    00000529 0C                    1370 	.db #0x0c	; 12
    0000052A 0C                    1371 	.db #0x0c	; 12
    0000052B 0C                    1372 	.db #0x0c	; 12
    0000052C 0C                    1373 	.db #0x0c	; 12
    0000052D 0C                    1374 	.db #0x0c	; 12
    0000052E 0C                    1375 	.db #0x0c	; 12
    0000052F 0C                    1376 	.db #0x0c	; 12
    00000530 0C                    1377 	.db #0x0c	; 12
    00000531 0C                    1378 	.db #0x0c	; 12
    00000532 0C                    1379 	.db #0x0c	; 12
    00000533 0C                    1380 	.db #0x0c	; 12
    00000534 0C                    1381 	.db #0x0c	; 12
    00000535 0C                    1382 	.db #0x0c	; 12
    00000536 0C                    1383 	.db #0x0c	; 12
    00000537 0C                    1384 	.db #0x0c	; 12
    00000538 0C                    1385 	.db #0x0c	; 12
    00000539 0C                    1386 	.db #0x0c	; 12
    0000053A 4E                    1387 	.db #0x4e	; 78	'N'
    0000053B 4D                    1388 	.db #0x4d	; 77	'M'
    0000053C 0C                    1389 	.db #0x0c	; 12
    0000053D 0C                    1390 	.db #0x0c	; 12
    0000053E 0C                    1391 	.db #0x0c	; 12
    0000053F 0C                    1392 	.db #0x0c	; 12
    00000540 0C                    1393 	.db #0x0c	; 12
    00000541 0C                    1394 	.db #0x0c	; 12
    00000542 0C                    1395 	.db #0x0c	; 12
    00000543 0C                    1396 	.db #0x0c	; 12
    00000544 0C                    1397 	.db #0x0c	; 12
    00000545 0C                    1398 	.db #0x0c	; 12
    00000546 0C                    1399 	.db #0x0c	; 12
    00000547 4D                    1400 	.db #0x4d	; 77	'M'
    00000548 0C                    1401 	.db #0x0c	; 12
    00000549 0C                    1402 	.db #0x0c	; 12
    0000054A 0C                    1403 	.db #0x0c	; 12
    0000054B 0C                    1404 	.db #0x0c	; 12
    0000054C 0C                    1405 	.db #0x0c	; 12
    0000054D 0C                    1406 	.db #0x0c	; 12
    0000054E 4E                    1407 	.db #0x4e	; 78	'N'
    0000054F 0C                    1408 	.db #0x0c	; 12
    00000550 0C                    1409 	.db #0x0c	; 12
    00000551 0C                    1410 	.db #0x0c	; 12
    00000552 0C                    1411 	.db #0x0c	; 12
    00000553 0C                    1412 	.db #0x0c	; 12
    00000554 0C                    1413 	.db #0x0c	; 12
    00000555 0C                    1414 	.db #0x0c	; 12
    00000556 0C                    1415 	.db #0x0c	; 12
    00000557 0C                    1416 	.db #0x0c	; 12
    00000558 0C                    1417 	.db #0x0c	; 12
    00000559 0C                    1418 	.db #0x0c	; 12
    0000055A 0C                    1419 	.db #0x0c	; 12
    0000055B 0C                    1420 	.db #0x0c	; 12
    0000055C 0C                    1421 	.db #0x0c	; 12
    0000055D 0C                    1422 	.db #0x0c	; 12
    0000055E 0C                    1423 	.db #0x0c	; 12
    0000055F 0C                    1424 	.db #0x0c	; 12
    00000560 0C                    1425 	.db #0x0c	; 12
    00000561 0C                    1426 	.db #0x0c	; 12
    00000562 0C                    1427 	.db #0x0c	; 12
    00000563 0C                    1428 	.db #0x0c	; 12
    00000564 0C                    1429 	.db #0x0c	; 12
    00000565 0C                    1430 	.db #0x0c	; 12
    00000566 0C                    1431 	.db #0x0c	; 12
    00000567 0C                    1432 	.db #0x0c	; 12
    00000568 0C                    1433 	.db #0x0c	; 12
    00000569 0C                    1434 	.db #0x0c	; 12
    0000056A 0C                    1435 	.db #0x0c	; 12
    0000056B 0C                    1436 	.db #0x0c	; 12
    0000056C 0C                    1437 	.db #0x0c	; 12
    0000056D 0C                    1438 	.db #0x0c	; 12
    0000056E 0C                    1439 	.db #0x0c	; 12
    0000056F 0C                    1440 	.db #0x0c	; 12
    00000570 0C                    1441 	.db #0x0c	; 12
    00000571 0C                    1442 	.db #0x0c	; 12
    00000572 0C                    1443 	.db #0x0c	; 12
    00000573 0C                    1444 	.db #0x0c	; 12
    00000574 0C                    1445 	.db #0x0c	; 12
    00000575 0C                    1446 	.db #0x0c	; 12
    00000576 0C                    1447 	.db #0x0c	; 12
    00000577 0C                    1448 	.db #0x0c	; 12
    00000578 0C                    1449 	.db #0x0c	; 12
    00000579 0C                    1450 	.db #0x0c	; 12
    0000057A 16                    1451 	.db #0x16	; 22
    0000057B 0C                    1452 	.db #0x0c	; 12
    0000057C 0C                    1453 	.db #0x0c	; 12
    0000057D 0C                    1454 	.db #0x0c	; 12
    0000057E 0C                    1455 	.db #0x0c	; 12
    0000057F 15                    1456 	.db #0x15	; 21
    00000580 0C                    1457 	.db #0x0c	; 12
    00000581 0C                    1458 	.db #0x0c	; 12
    00000582 0C                    1459 	.db #0x0c	; 12
    00000583 0C                    1460 	.db #0x0c	; 12
    00000584 0C                    1461 	.db #0x0c	; 12
    00000585 0C                    1462 	.db #0x0c	; 12
    00000586 0C                    1463 	.db #0x0c	; 12
    00000587 0C                    1464 	.db #0x0c	; 12
    00000588 0C                    1465 	.db #0x0c	; 12
    00000589 0C                    1466 	.db #0x0c	; 12
    0000058A 0C                    1467 	.db #0x0c	; 12
    0000058B 0C                    1468 	.db #0x0c	; 12
    0000058C 0C                    1469 	.db #0x0c	; 12
    0000058D 0C                    1470 	.db #0x0c	; 12
    0000058E 0C                    1471 	.db #0x0c	; 12
    0000058F 0C                    1472 	.db #0x0c	; 12
    00000590 0C                    1473 	.db #0x0c	; 12
    00000591 0C                    1474 	.db #0x0c	; 12
    00000592 0C                    1475 	.db #0x0c	; 12
    00000593 0C                    1476 	.db #0x0c	; 12
    00000594 0C                    1477 	.db #0x0c	; 12
    00000595 0C                    1478 	.db #0x0c	; 12
    00000596 0C                    1479 	.db #0x0c	; 12
    00000597 0C                    1480 	.db #0x0c	; 12
    00000598 0C                    1481 	.db #0x0c	; 12
    00000599 0C                    1482 	.db #0x0c	; 12
    0000059A 0C                    1483 	.db #0x0c	; 12
    0000059B 0C                    1484 	.db #0x0c	; 12
    0000059C 0C                    1485 	.db #0x0c	; 12
    0000059D 0C                    1486 	.db #0x0c	; 12
    0000059E 0C                    1487 	.db #0x0c	; 12
    0000059F 0C                    1488 	.db #0x0c	; 12
    000005A0 0C                    1489 	.db #0x0c	; 12
    000005A1 0C                    1490 	.db #0x0c	; 12
    000005A2 0C                    1491 	.db #0x0c	; 12
    000005A3 0C                    1492 	.db #0x0c	; 12
    000005A4 0C                    1493 	.db #0x0c	; 12
    000005A5 0C                    1494 	.db #0x0c	; 12
    000005A6 0C                    1495 	.db #0x0c	; 12
    000005A7 0C                    1496 	.db #0x0c	; 12
    000005A8 0C                    1497 	.db #0x0c	; 12
    000005A9 0C                    1498 	.db #0x0c	; 12
    000005AA 0C                    1499 	.db #0x0c	; 12
    000005AB 0C                    1500 	.db #0x0c	; 12
    000005AC 0C                    1501 	.db #0x0c	; 12
    000005AD 0C                    1502 	.db #0x0c	; 12
    000005AE 0C                    1503 	.db #0x0c	; 12
    000005AF 0C                    1504 	.db #0x0c	; 12
    000005B0 0C                    1505 	.db #0x0c	; 12
    000005B1 0C                    1506 	.db #0x0c	; 12
    000005B2 0C                    1507 	.db #0x0c	; 12
    000005B3 0C                    1508 	.db #0x0c	; 12
    000005B4 0C                    1509 	.db #0x0c	; 12
    000005B5 0C                    1510 	.db #0x0c	; 12
    000005B6 0C                    1511 	.db #0x0c	; 12
    000005B7 0C                    1512 	.db #0x0c	; 12
    000005B8 0C                    1513 	.db #0x0c	; 12
    000005B9 0C                    1514 	.db #0x0c	; 12
    000005BA 0C                    1515 	.db #0x0c	; 12
    000005BB 0C                    1516 	.db #0x0c	; 12
    000005BC 0C                    1517 	.db #0x0c	; 12
    000005BD 0C                    1518 	.db #0x0c	; 12
    000005BE 0C                    1519 	.db #0x0c	; 12
    000005BF 0C                    1520 	.db #0x0c	; 12
    000005C0 0C                    1521 	.db #0x0c	; 12
    000005C1 0C                    1522 	.db #0x0c	; 12
    000005C2 0C                    1523 	.db #0x0c	; 12
    000005C3 0C                    1524 	.db #0x0c	; 12
    000005C4 0C                    1525 	.db #0x0c	; 12
    000005C5 0C                    1526 	.db #0x0c	; 12
    000005C6 0C                    1527 	.db #0x0c	; 12
    000005C7 0C                    1528 	.db #0x0c	; 12
    000005C8 0C                    1529 	.db #0x0c	; 12
    000005C9 0C                    1530 	.db #0x0c	; 12
    000005CA 0C                    1531 	.db #0x0c	; 12
    000005CB 0C                    1532 	.db #0x0c	; 12
    000005CC 0C                    1533 	.db #0x0c	; 12
    000005CD 0C                    1534 	.db #0x0c	; 12
    000005CE 0C                    1535 	.db #0x0c	; 12
    000005CF 0C                    1536 	.db #0x0c	; 12
    000005D0 0C                    1537 	.db #0x0c	; 12
    000005D1 0C                    1538 	.db #0x0c	; 12
    000005D2 0C                    1539 	.db #0x0c	; 12
    000005D3 0C                    1540 	.db #0x0c	; 12
    000005D4 0C                    1541 	.db #0x0c	; 12
    000005D5 0C                    1542 	.db #0x0c	; 12
    000005D6 0C                    1543 	.db #0x0c	; 12
    000005D7 0C                    1544 	.db #0x0c	; 12
    000005D8 0C                    1545 	.db #0x0c	; 12
    000005D9 0C                    1546 	.db #0x0c	; 12
    000005DA 0C                    1547 	.db #0x0c	; 12
    000005DB 0C                    1548 	.db #0x0c	; 12
    000005DC 0C                    1549 	.db #0x0c	; 12
    000005DD 0C                    1550 	.db #0x0c	; 12
    000005DE 0C                    1551 	.db #0x0c	; 12
    000005DF 0C                    1552 	.db #0x0c	; 12
    000005E0 0C                    1553 	.db #0x0c	; 12
    000005E1 0C                    1554 	.db #0x0c	; 12
    000005E2 0C                    1555 	.db #0x0c	; 12
    000005E3 0C                    1556 	.db #0x0c	; 12
    000005E4 0C                    1557 	.db #0x0c	; 12
    000005E5 0C                    1558 	.db #0x0c	; 12
    000005E6 0C                    1559 	.db #0x0c	; 12
    000005E7 0C                    1560 	.db #0x0c	; 12
    000005E8 0C                    1561 	.db #0x0c	; 12
    000005E9 0C                    1562 	.db #0x0c	; 12
    000005EA 0C                    1563 	.db #0x0c	; 12
    000005EB 0C                    1564 	.db #0x0c	; 12
    000005EC 0C                    1565 	.db #0x0c	; 12
    000005ED 0C                    1566 	.db #0x0c	; 12
    000005EE 0C                    1567 	.db #0x0c	; 12
    000005EF 0C                    1568 	.db #0x0c	; 12
    000005F0 0C                    1569 	.db #0x0c	; 12
    000005F1 0C                    1570 	.db #0x0c	; 12
    000005F2 0C                    1571 	.db #0x0c	; 12
    000005F3 0C                    1572 	.db #0x0c	; 12
    000005F4 0C                    1573 	.db #0x0c	; 12
    000005F5 0C                    1574 	.db #0x0c	; 12
    000005F6 0C                    1575 	.db #0x0c	; 12
    000005F7 0C                    1576 	.db #0x0c	; 12
    000005F8 0C                    1577 	.db #0x0c	; 12
    000005F9 0C                    1578 	.db #0x0c	; 12
    000005FA 0C                    1579 	.db #0x0c	; 12
    000005FB 0C                    1580 	.db #0x0c	; 12
    000005FC 0C                    1581 	.db #0x0c	; 12
    000005FD 0C                    1582 	.db #0x0c	; 12
    000005FE 0C                    1583 	.db #0x0c	; 12
    000005FF 0C                    1584 	.db #0x0c	; 12
    00000600 0C                    1585 	.db #0x0c	; 12
    00000601 0C                    1586 	.db #0x0c	; 12
    00000602 0C                    1587 	.db #0x0c	; 12
    00000603 0C                    1588 	.db #0x0c	; 12
    00000604 0C                    1589 	.db #0x0c	; 12
    00000605 0C                    1590 	.db #0x0c	; 12
    00000606 0C                    1591 	.db #0x0c	; 12
    00000607 0C                    1592 	.db #0x0c	; 12
    00000608 0E                    1593 	.db #0x0e	; 14
    00000609 0D                    1594 	.db #0x0d	; 13
    0000060A 0C                    1595 	.db #0x0c	; 12
    0000060B 0C                    1596 	.db #0x0c	; 12
    0000060C 0C                    1597 	.db #0x0c	; 12
    0000060D 0C                    1598 	.db #0x0c	; 12
    0000060E 14                    1599 	.db #0x14	; 20
    0000060F 13                    1600 	.db #0x13	; 19
    00000610 0C                    1601 	.db #0x0c	; 12
    00000611 0C                    1602 	.db #0x0c	; 12
    00000612 0C                    1603 	.db #0x0c	; 12
    00000613 0C                    1604 	.db #0x0c	; 12
    00000614 0C                    1605 	.db #0x0c	; 12
    00000615 0C                    1606 	.db #0x0c	; 12
    00000616 0C                    1607 	.db #0x0c	; 12
    00000617 0C                    1608 	.db #0x0c	; 12
    00000618 0C                    1609 	.db #0x0c	; 12
    00000619 0C                    1610 	.db #0x0c	; 12
    0000061A 0C                    1611 	.db #0x0c	; 12
    0000061B 0C                    1612 	.db #0x0c	; 12
    0000061C 0C                    1613 	.db #0x0c	; 12
    0000061D 0C                    1614 	.db #0x0c	; 12
    0000061E 0C                    1615 	.db #0x0c	; 12
    0000061F 0C                    1616 	.db #0x0c	; 12
    00000620 0C                    1617 	.db #0x0c	; 12
    00000621 0C                    1618 	.db #0x0c	; 12
    00000622 17                    1619 	.db #0x17	; 23
    00000623 17                    1620 	.db #0x17	; 23
    00000624 0C                    1621 	.db #0x0c	; 12
    00000625 0C                    1622 	.db #0x0c	; 12
    00000626 17                    1623 	.db #0x17	; 23
    00000627 17                    1624 	.db #0x17	; 23
    00000628 0C                    1625 	.db #0x0c	; 12
    00000629 0C                    1626 	.db #0x0c	; 12
    0000062A 0C                    1627 	.db #0x0c	; 12
    0000062B 0C                    1628 	.db #0x0c	; 12
    0000062C 0C                    1629 	.db #0x0c	; 12
    0000062D 0C                    1630 	.db #0x0c	; 12
    0000062E 0C                    1631 	.db #0x0c	; 12
    0000062F 0C                    1632 	.db #0x0c	; 12
    00000630 0C                    1633 	.db #0x0c	; 12
    00000631 0C                    1634 	.db #0x0c	; 12
    00000632 0C                    1635 	.db #0x0c	; 12
    00000633 0C                    1636 	.db #0x0c	; 12
    00000634 0C                    1637 	.db #0x0c	; 12
    00000635 0C                    1638 	.db #0x0c	; 12
    00000636 0C                    1639 	.db #0x0c	; 12
    00000637 0C                    1640 	.db #0x0c	; 12
    00000638 0C                    1641 	.db #0x0c	; 12
    00000639 0C                    1642 	.db #0x0c	; 12
    0000063A 51                    1643 	.db #0x51	; 81	'Q'
    0000063B 52                    1644 	.db #0x52	; 82	'R'
    0000063C 40                    1645 	.db #0x40	; 64
    0000063D 3F                    1646 	.db #0x3f	; 63
    0000063E 4A                    1647 	.db #0x4a	; 74	'J'
    0000063F 49                    1648 	.db #0x49	; 73	'I'
    00000640 0C                    1649 	.db #0x0c	; 12
    00000641 0C                    1650 	.db #0x0c	; 12
    00000642 0C                    1651 	.db #0x0c	; 12
    00000643 0C                    1652 	.db #0x0c	; 12
    00000644 0C                    1653 	.db #0x0c	; 12
    00000645 0C                    1654 	.db #0x0c	; 12
    00000646 0C                    1655 	.db #0x0c	; 12
    00000647 0C                    1656 	.db #0x0c	; 12
    00000648 0C                    1657 	.db #0x0c	; 12
    00000649 0C                    1658 	.db #0x0c	; 12
    0000064A 0C                    1659 	.db #0x0c	; 12
    0000064B 0C                    1660 	.db #0x0c	; 12
    0000064C 0C                    1661 	.db #0x0c	; 12
    0000064D 0C                    1662 	.db #0x0c	; 12
    0000064E 0C                    1663 	.db #0x0c	; 12
    0000064F 0C                    1664 	.db #0x0c	; 12
    00000650 0C                    1665 	.db #0x0c	; 12
    00000651 0C                    1666 	.db #0x0c	; 12
    00000652 0C                    1667 	.db #0x0c	; 12
    00000653 0C                    1668 	.db #0x0c	; 12
    00000654 0C                    1669 	.db #0x0c	; 12
    00000655 0C                    1670 	.db #0x0c	; 12
    00000656 0C                    1671 	.db #0x0c	; 12
    00000657 0C                    1672 	.db #0x0c	; 12
    00000658 0C                    1673 	.db #0x0c	; 12
    00000659 0C                    1674 	.db #0x0c	; 12
    0000065A 0C                    1675 	.db #0x0c	; 12
    0000065B 0C                    1676 	.db #0x0c	; 12
    0000065C 0C                    1677 	.db #0x0c	; 12
    0000065D 0C                    1678 	.db #0x0c	; 12
    0000065E 0C                    1679 	.db #0x0c	; 12
    0000065F 0C                    1680 	.db #0x0c	; 12
    00000660 0C                    1681 	.db #0x0c	; 12
    00000661 0C                    1682 	.db #0x0c	; 12
    00000662 0C                    1683 	.db #0x0c	; 12
    00000663 0C                    1684 	.db #0x0c	; 12
    00000664 0C                    1685 	.db #0x0c	; 12
    00000665 0C                    1686 	.db #0x0c	; 12
    00000666 0C                    1687 	.db #0x0c	; 12
    00000667 0C                    1688 	.db #0x0c	; 12
    00000668 0C                    1689 	.db #0x0c	; 12
    00000669 0C                    1690 	.db #0x0c	; 12
    0000066A 0C                    1691 	.db #0x0c	; 12
    0000066B 0C                    1692 	.db #0x0c	; 12
    0000066C 0C                    1693 	.db #0x0c	; 12
    0000066D 0C                    1694 	.db #0x0c	; 12
    0000066E 0C                    1695 	.db #0x0c	; 12
    0000066F 0C                    1696 	.db #0x0c	; 12
    00000670 0C                    1697 	.db #0x0c	; 12
    00000671 0C                    1698 	.db #0x0c	; 12
    00000672 0C                    1699 	.db #0x0c	; 12
    00000673 0C                    1700 	.db #0x0c	; 12
    00000674 0C                    1701 	.db #0x0c	; 12
    00000675 0C                    1702 	.db #0x0c	; 12
    00000676 0C                    1703 	.db #0x0c	; 12
    00000677 0C                    1704 	.db #0x0c	; 12
    00000678 0C                    1705 	.db #0x0c	; 12
    00000679 0C                    1706 	.db #0x0c	; 12
    0000067A 0C                    1707 	.db #0x0c	; 12
    0000067B 0C                    1708 	.db #0x0c	; 12
    0000067C 0C                    1709 	.db #0x0c	; 12
    0000067D 0C                    1710 	.db #0x0c	; 12
    0000067E 0C                    1711 	.db #0x0c	; 12
    0000067F 0C                    1712 	.db #0x0c	; 12
    00000680 0C                    1713 	.db #0x0c	; 12
    00000681 0C                    1714 	.db #0x0c	; 12
    00000682 0C                    1715 	.db #0x0c	; 12
    00000683 0C                    1716 	.db #0x0c	; 12
    00000684 0C                    1717 	.db #0x0c	; 12
    00000685 0C                    1718 	.db #0x0c	; 12
    00000686 0C                    1719 	.db #0x0c	; 12
    00000687 0C                    1720 	.db #0x0c	; 12
    00000688 0C                    1721 	.db #0x0c	; 12
    00000689 0C                    1722 	.db #0x0c	; 12
    0000068A 0C                    1723 	.db #0x0c	; 12
    0000068B 0C                    1724 	.db #0x0c	; 12
    0000068C 0C                    1725 	.db #0x0c	; 12
    0000068D 0C                    1726 	.db #0x0c	; 12
    0000068E 0C                    1727 	.db #0x0c	; 12
    0000068F 0C                    1728 	.db #0x0c	; 12
    00000690 0C                    1729 	.db #0x0c	; 12
    00000691 0C                    1730 	.db #0x0c	; 12
    00000692 0C                    1731 	.db #0x0c	; 12
    00000693 0C                    1732 	.db #0x0c	; 12
    00000694 0C                    1733 	.db #0x0c	; 12
    00000695 0C                    1734 	.db #0x0c	; 12
    00000696 0C                    1735 	.db #0x0c	; 12
    00000697 0C                    1736 	.db #0x0c	; 12
    00000698 0C                    1737 	.db #0x0c	; 12
    00000699 0C                    1738 	.db #0x0c	; 12
    0000069A 0C                    1739 	.db #0x0c	; 12
    0000069B 0C                    1740 	.db #0x0c	; 12
    0000069C 0C                    1741 	.db #0x0c	; 12
    0000069D 0C                    1742 	.db #0x0c	; 12
    0000069E 0C                    1743 	.db #0x0c	; 12
    0000069F 0C                    1744 	.db #0x0c	; 12
    000006A0 0C                    1745 	.db #0x0c	; 12
    000006A1 12                    1746 	.db #0x12	; 18
    000006A2 0C                    1747 	.db #0x0c	; 12
    000006A3 0C                    1748 	.db #0x0c	; 12
    000006A4 12                    1749 	.db #0x12	; 18
    000006A5 0C                    1750 	.db #0x0c	; 12
    000006A6 0C                    1751 	.db #0x0c	; 12
    000006A7 0C                    1752 	.db #0x0c	; 12
    000006A8 0C                    1753 	.db #0x0c	; 12
    000006A9 12                    1754 	.db #0x12	; 18
    000006AA 0C                    1755 	.db #0x0c	; 12
    000006AB 0C                    1756 	.db #0x0c	; 12
    000006AC 12                    1757 	.db #0x12	; 18
    000006AD 0C                    1758 	.db #0x0c	; 12
    000006AE 0C                    1759 	.db #0x0c	; 12
    000006AF 0C                    1760 	.db #0x0c	; 12
    000006B0 12                    1761 	.db #0x12	; 18
    000006B1 12                    1762 	.db #0x12	; 18
    000006B2 0C                    1763 	.db #0x0c	; 12
    000006B3 0C                    1764 	.db #0x0c	; 12
    000006B4 0C                    1765 	.db #0x0c	; 12
    000006B5 0C                    1766 	.db #0x0c	; 12
    000006B6 0C                    1767 	.db #0x0c	; 12
    000006B7 12                    1768 	.db #0x12	; 18
    000006B8 0C                    1769 	.db #0x0c	; 12
    000006B9 0C                    1770 	.db #0x0c	; 12
    000006BA 12                    1771 	.db #0x12	; 18
    000006BB 0C                    1772 	.db #0x0c	; 12
    000006BC 0C                    1773 	.db #0x0c	; 12
    000006BD 0C                    1774 	.db #0x0c	; 12
    000006BE 12                    1775 	.db #0x12	; 18
    000006BF 12                    1776 	.db #0x12	; 18
    000006C0 0C                    1777 	.db #0x0c	; 12
    000006C1 0C                    1778 	.db #0x0c	; 12
    000006C2 0C                    1779 	.db #0x0c	; 12
    000006C3 0C                    1780 	.db #0x0c	; 12
    000006C4 0C                    1781 	.db #0x0c	; 12
    000006C5 0C                    1782 	.db #0x0c	; 12
    000006C6 0C                    1783 	.db #0x0c	; 12
    000006C7 0C                    1784 	.db #0x0c	; 12
    000006C8 0C                    1785 	.db #0x0c	; 12
    000006C9 0C                    1786 	.db #0x0c	; 12
    000006CA 0C                    1787 	.db #0x0c	; 12
    000006CB 0C                    1788 	.db #0x0c	; 12
    000006CC 0C                    1789 	.db #0x0c	; 12
    000006CD 0C                    1790 	.db #0x0c	; 12
    000006CE 0C                    1791 	.db #0x0c	; 12
    000006CF 0C                    1792 	.db #0x0c	; 12
    000006D0 0C                    1793 	.db #0x0c	; 12
    000006D1 0C                    1794 	.db #0x0c	; 12
    000006D2 0C                    1795 	.db #0x0c	; 12
    000006D3 0C                    1796 	.db #0x0c	; 12
    000006D4 0C                    1797 	.db #0x0c	; 12
    000006D5 0C                    1798 	.db #0x0c	; 12
    000006D6 0C                    1799 	.db #0x0c	; 12
    000006D7 0C                    1800 	.db #0x0c	; 12
    000006D8 0C                    1801 	.db #0x0c	; 12
    000006D9 0C                    1802 	.db #0x0c	; 12
    000006DA 0C                    1803 	.db #0x0c	; 12
    000006DB 0C                    1804 	.db #0x0c	; 12
    000006DC 0C                    1805 	.db #0x0c	; 12
    000006DD 0C                    1806 	.db #0x0c	; 12
    000006DE 0C                    1807 	.db #0x0c	; 12
    000006DF 0C                    1808 	.db #0x0c	; 12
    000006E0 0C                    1809 	.db #0x0c	; 12
    000006E1 0C                    1810 	.db #0x0c	; 12
    000006E2 0C                    1811 	.db #0x0c	; 12
    000006E3 0C                    1812 	.db #0x0c	; 12
    000006E4 0C                    1813 	.db #0x0c	; 12
    000006E5 0C                    1814 	.db #0x0c	; 12
    000006E6 0C                    1815 	.db #0x0c	; 12
    000006E7 0C                    1816 	.db #0x0c	; 12
    000006E8 0C                    1817 	.db #0x0c	; 12
    000006E9 0C                    1818 	.db #0x0c	; 12
    000006EA 0C                    1819 	.db #0x0c	; 12
    000006EB 0C                    1820 	.db #0x0c	; 12
    000006EC 0C                    1821 	.db #0x0c	; 12
    000006ED 0C                    1822 	.db #0x0c	; 12
    000006EE 0C                    1823 	.db #0x0c	; 12
    000006EF 0C                    1824 	.db #0x0c	; 12
    000006F0 0C                    1825 	.db #0x0c	; 12
    000006F1 0C                    1826 	.db #0x0c	; 12
    000006F2 0C                    1827 	.db #0x0c	; 12
    000006F3 0C                    1828 	.db #0x0c	; 12
    000006F4 0C                    1829 	.db #0x0c	; 12
    000006F5 0C                    1830 	.db #0x0c	; 12
    000006F6 0C                    1831 	.db #0x0c	; 12
    000006F7 0C                    1832 	.db #0x0c	; 12
    000006F8 0C                    1833 	.db #0x0c	; 12
    000006F9 0C                    1834 	.db #0x0c	; 12
    000006FA 0C                    1835 	.db #0x0c	; 12
    000006FB 0C                    1836 	.db #0x0c	; 12
    000006FC 0C                    1837 	.db #0x0c	; 12
    000006FD 0C                    1838 	.db #0x0c	; 12
    000006FE 0C                    1839 	.db #0x0c	; 12
    000006FF 0C                    1840 	.db #0x0c	; 12
    00000700 0C                    1841 	.db #0x0c	; 12
    00000701 0C                    1842 	.db #0x0c	; 12
    00000702 0C                    1843 	.db #0x0c	; 12
    00000703 0C                    1844 	.db #0x0c	; 12
    00000704 0C                    1845 	.db #0x0c	; 12
    00000705 25                    1846 	.db #0x25	; 37
    00000706 38                    1847 	.db #0x38	; 56	'8'
    00000707 0C                    1848 	.db #0x0c	; 12
    00000708 26                    1849 	.db #0x26	; 38
    00000709 0C                    1850 	.db #0x0c	; 12
    0000070A 0C                    1851 	.db #0x0c	; 12
    0000070B 37                    1852 	.db #0x37	; 55	'7'
    0000070C 28                    1853 	.db #0x28	; 40
    0000070D 0C                    1854 	.db #0x0c	; 12
    0000070E 16                    1855 	.db #0x16	; 22
    0000070F 35                    1856 	.db #0x35	; 53	'5'
    00000710 0C                    1857 	.db #0x0c	; 12
    00000711 27                    1858 	.db #0x27	; 39
    00000712 36                    1859 	.db #0x36	; 54	'6'
    00000713 15                    1860 	.db #0x15	; 21
    00000714 1E                    1861 	.db #0x1e	; 30
    00000715 1D                    1862 	.db #0x1d	; 29
    00000716 2C                    1863 	.db #0x2c	; 44
    00000717 2B                    1864 	.db #0x2b	; 43
    00000718 20                    1865 	.db #0x20	; 32
    00000719 1F                    1866 	.db #0x1f	; 31
    0000071A 2E                    1867 	.db #0x2e	; 46
    0000071B 2D                    1868 	.db #0x2d	; 45
    0000071C 36                    1869 	.db #0x36	; 54	'6'
    0000071D 35                    1870 	.db #0x35	; 53	'5'
    0000071E 34                    1871 	.db #0x34	; 52	'4'
    0000071F 33                    1872 	.db #0x33	; 51	'3'
    00000720 26                    1873 	.db #0x26	; 38
    00000721 25                    1874 	.db #0x25	; 37
    00000722 34                    1875 	.db #0x34	; 52	'4'
    00000723 33                    1876 	.db #0x33	; 51	'3'
    00000724 34                    1877 	.db #0x34	; 52	'4'
    00000725 33                    1878 	.db #0x33	; 51	'3'
    00000726 4A                    1879 	.db #0x4a	; 74	'J'
    00000727 49                    1880 	.db #0x49	; 73	'I'
    00000728 40                    1881 	.db #0x40	; 64
    00000729 3F                    1882 	.db #0x3f	; 63
    0000072A 34                    1883 	.db #0x34	; 52	'4'
    0000072B 33                    1884 	.db #0x33	; 51	'3'
    0000072C 0C                    1885 	.db #0x0c	; 12
    0000072D 0C                    1886 	.db #0x0c	; 12
    0000072E 36                    1887 	.db #0x36	; 54	'6'
    0000072F 35                    1888 	.db #0x35	; 53	'5'
    00000730 26                    1889 	.db #0x26	; 38
    00000731 25                    1890 	.db #0x25	; 37
    00000732 0C                    1891 	.db #0x0c	; 12
    00000733 0C                    1892 	.db #0x0c	; 12
    00000734 0C                    1893 	.db #0x0c	; 12
    00000735 0C                    1894 	.db #0x0c	; 12
    00000736 0C                    1895 	.db #0x0c	; 12
    00000737 12                    1896 	.db #0x12	; 18
    00000738 0C                    1897 	.db #0x0c	; 12
    00000739 0C                    1898 	.db #0x0c	; 12
    0000073A 12                    1899 	.db #0x12	; 18
    0000073B 0C                    1900 	.db #0x0c	; 12
    0000073C 0C                    1901 	.db #0x0c	; 12
    0000073D 0C                    1902 	.db #0x0c	; 12
    0000073E 12                    1903 	.db #0x12	; 18
    0000073F 12                    1904 	.db #0x12	; 18
    00000740 0C                    1905 	.db #0x0c	; 12
    00000741 0C                    1906 	.db #0x0c	; 12
    00000742 0C                    1907 	.db #0x0c	; 12
    00000743 0C                    1908 	.db #0x0c	; 12
    00000744 0C                    1909 	.db #0x0c	; 12
    00000745 0C                    1910 	.db #0x0c	; 12
    00000746 0C                    1911 	.db #0x0c	; 12
    00000747 0C                    1912 	.db #0x0c	; 12
    00000748 0C                    1913 	.db #0x0c	; 12
    00000749 0C                    1914 	.db #0x0c	; 12
    0000074A 0C                    1915 	.db #0x0c	; 12
    0000074B 0C                    1916 	.db #0x0c	; 12
    0000074C 0C                    1917 	.db #0x0c	; 12
    0000074D 0C                    1918 	.db #0x0c	; 12
    0000074E 0C                    1919 	.db #0x0c	; 12
    0000074F 0C                    1920 	.db #0x0c	; 12
    00000750 0C                    1921 	.db #0x0c	; 12
    00000751 0C                    1922 	.db #0x0c	; 12
    00000752 4A                    1923 	.db #0x4a	; 74	'J'
    00000753 49                    1924 	.db #0x49	; 73	'I'
    00000754 0C                    1925 	.db #0x0c	; 12
    00000755 0C                    1926 	.db #0x0c	; 12
    00000756 0C                    1927 	.db #0x0c	; 12
    00000757 49                    1928 	.db #0x49	; 73	'I'
    00000758 0C                    1929 	.db #0x0c	; 12
    00000759 3F                    1930 	.db #0x3f	; 63
    0000075A 0C                    1931 	.db #0x0c	; 12
    0000075B 49                    1932 	.db #0x49	; 73	'I'
    0000075C 0C                    1933 	.db #0x0c	; 12
    0000075D 0C                    1934 	.db #0x0c	; 12
    0000075E 0C                    1935 	.db #0x0c	; 12
    0000075F 0C                    1936 	.db #0x0c	; 12
    00000760 0C                    1937 	.db #0x0c	; 12
    00000761 0C                    1938 	.db #0x0c	; 12
    00000762 0C                    1939 	.db #0x0c	; 12
    00000763 0C                    1940 	.db #0x0c	; 12
    00000764 1E                    1941 	.db #0x1e	; 30
    00000765 1D                    1942 	.db #0x1d	; 29
    00000766 2C                    1943 	.db #0x2c	; 44
    00000767 2B                    1944 	.db #0x2b	; 43
    00000768 1E                    1945 	.db #0x1e	; 30
    00000769 1D                    1946 	.db #0x1d	; 29
    0000076A 2C                    1947 	.db #0x2c	; 44
    0000076B 2B                    1948 	.db #0x2b	; 43
    0000076C 20                    1949 	.db #0x20	; 32
    0000076D 1F                    1950 	.db #0x1f	; 31
    0000076E 2E                    1951 	.db #0x2e	; 46
    0000076F 2D                    1952 	.db #0x2d	; 45
    00000770 20                    1953 	.db #0x20	; 32
    00000771 1F                    1954 	.db #0x1f	; 31
    00000772 2E                    1955 	.db #0x2e	; 46
    00000773 2D                    1956 	.db #0x2d	; 45
    00000774 1C                    1957 	.db #0x1c	; 28
    00000775 1B                    1958 	.db #0x1b	; 27
    00000776 2A                    1959 	.db #0x2a	; 42
    00000777 29                    1960 	.db #0x29	; 41
    00000778 1C                    1961 	.db #0x1c	; 28
    00000779 1B                    1962 	.db #0x1b	; 27
    0000077A 2A                    1963 	.db #0x2a	; 42
    0000077B 29                    1964 	.db #0x29	; 41
    0000077C 0C                    1965 	.db #0x0c	; 12
    0000077D 0C                    1966 	.db #0x0c	; 12
    0000077E 0C                    1967 	.db #0x0c	; 12
    0000077F 0C                    1968 	.db #0x0c	; 12
    00000780 3A                    1969 	.db #0x3a	; 58
    00000781 39                    1970 	.db #0x39	; 57	'9'
    00000782 46                    1971 	.db #0x46	; 70	'F'
    00000783 45                    1972 	.db #0x45	; 69	'E'
    00000784 40                    1973 	.db #0x40	; 64
    00000785 3B                    1974 	.db #0x3b	; 59
    00000786 4A                    1975 	.db #0x4a	; 74	'J'
    00000787 45                    1976 	.db #0x45	; 69	'E'
    00000788 40                    1977 	.db #0x40	; 64
    00000789 3B                    1978 	.db #0x3b	; 59
    0000078A 48                    1979 	.db #0x48	; 72	'H'
    0000078B 43                    1980 	.db #0x43	; 67	'C'
    0000078C 0C                    1981 	.db #0x0c	; 12
    0000078D 0C                    1982 	.db #0x0c	; 12
    0000078E 0C                    1983 	.db #0x0c	; 12
    0000078F 0C                    1984 	.db #0x0c	; 12
    00000790 3C                    1985 	.db #0x3c	; 60
    00000791 3B                    1986 	.db #0x3b	; 59
    00000792 44                    1987 	.db #0x44	; 68	'D'
    00000793 43                    1988 	.db #0x43	; 67	'C'
    00000794 3E                    1989 	.db #0x3e	; 62
    00000795 39                    1990 	.db #0x39	; 57	'9'
    00000796 4A                    1991 	.db #0x4a	; 74	'J'
    00000797 45                    1992 	.db #0x45	; 69	'E'
    00000798 1C                    1993 	.db #0x1c	; 28
    00000799 1B                    1994 	.db #0x1b	; 27
    0000079A 2A                    1995 	.db #0x2a	; 42
    0000079B 29                    1996 	.db #0x29	; 41
    0000079C 1C                    1997 	.db #0x1c	; 28
    0000079D 1B                    1998 	.db #0x1b	; 27
    0000079E 2A                    1999 	.db #0x2a	; 42
    0000079F 29                    2000 	.db #0x29	; 41
    000007A0 4F                    2001 	.db #0x4f	; 79	'O'
    000007A1 0C                    2002 	.db #0x0c	; 12
    000007A2 53                    2003 	.db #0x53	; 83	'S'
    000007A3 0C                    2004 	.db #0x0c	; 12
    000007A4 0C                    2005 	.db #0x0c	; 12
    000007A5 50                    2006 	.db #0x50	; 80	'P'
    000007A6 0C                    2007 	.db #0x0c	; 12
    000007A7 54                    2008 	.db #0x54	; 84	'T'
    000007A8 0C                    2009 	.db #0x0c	; 12
    000007A9 0C                    2010 	.db #0x0c	; 12
    000007AA 51                    2011 	.db #0x51	; 81	'Q'
    000007AB 0C                    2012 	.db #0x0c	; 12
    000007AC 0C                    2013 	.db #0x0c	; 12
    000007AD 0C                    2014 	.db #0x0c	; 12
    000007AE 0C                    2015 	.db #0x0c	; 12
    000007AF 52                    2016 	.db #0x52	; 82	'R'
    000007B0 55                    2017 	.db #0x55	; 85	'U'
    000007B1 0C                    2018 	.db #0x0c	; 12
    000007B2 0C                    2019 	.db #0x0c	; 12
    000007B3 0C                    2020 	.db #0x0c	; 12
    000007B4 0C                    2021 	.db #0x0c	; 12
    000007B5 56                    2022 	.db #0x56	; 86	'V'
    000007B6 0C                    2023 	.db #0x0c	; 12
    000007B7 0C                    2024 	.db #0x0c	; 12
    000007B8 0C                    2025 	.db #0x0c	; 12
    000007B9 0C                    2026 	.db #0x0c	; 12
    000007BA 50                    2027 	.db #0x50	; 80	'P'
    000007BB 4F                    2028 	.db #0x4f	; 79	'O'
    000007BC 54                    2029 	.db #0x54	; 84	'T'
    000007BD 53                    2030 	.db #0x53	; 83	'S'
    000007BE 0C                    2031 	.db #0x0c	; 12
    000007BF 0C                    2032 	.db #0x0c	; 12
    000007C0 0C                    2033 	.db #0x0c	; 12
    000007C1 0C                    2034 	.db #0x0c	; 12
    000007C2 35                    2035 	.db #0x35	; 53	'5'
    000007C3 0C                    2036 	.db #0x0c	; 12
    000007C4 0C                    2037 	.db #0x0c	; 12
    000007C5 0C                    2038 	.db #0x0c	; 12
    000007C6 0C                    2039 	.db #0x0c	; 12
    000007C7 36                    2040 	.db #0x36	; 54	'6'
    000007C8 25                    2041 	.db #0x25	; 37
    000007C9 0C                    2042 	.db #0x0c	; 12
    000007CA 0C                    2043 	.db #0x0c	; 12
    000007CB 0C                    2044 	.db #0x0c	; 12
    000007CC 0C                    2045 	.db #0x0c	; 12
    000007CD 26                    2046 	.db #0x26	; 38
    000007CE 0C                    2047 	.db #0x0c	; 12
    000007CF 0C                    2048 	.db #0x0c	; 12
    000007D0 1D                    2049 	.db #0x1d	; 29
    000007D1 0C                    2050 	.db #0x0c	; 12
    000007D2 2B                    2051 	.db #0x2b	; 43
    000007D3 0C                    2052 	.db #0x0c	; 12
    000007D4 0C                    2053 	.db #0x0c	; 12
    000007D5 1E                    2054 	.db #0x1e	; 30
    000007D6 0C                    2055 	.db #0x0c	; 12
    000007D7 2C                    2056 	.db #0x2c	; 44
    000007D8 1D                    2057 	.db #0x1d	; 29
    000007D9 1E                    2058 	.db #0x1e	; 30
    000007DA 2B                    2059 	.db #0x2b	; 43
    000007DB 2C                    2060 	.db #0x2c	; 44
    000007DC 0C                    2061 	.db #0x0c	; 12
    000007DD 0C                    2062 	.db #0x0c	; 12
    000007DE 0C                    2063 	.db #0x0c	; 12
    000007DF 0C                    2064 	.db #0x0c	; 12
    000007E0 0C                    2065 	.db #0x0c	; 12
    000007E1 0C                    2066 	.db #0x0c	; 12
    000007E2 0C                    2067 	.db #0x0c	; 12
    000007E3 0C                    2068 	.db #0x0c	; 12
    000007E4 1F                    2069 	.db #0x1f	; 31
    000007E5 0C                    2070 	.db #0x0c	; 12
    000007E6 2D                    2071 	.db #0x2d	; 45
    000007E7 0C                    2072 	.db #0x0c	; 12
    000007E8 0C                    2073 	.db #0x0c	; 12
    000007E9 20                    2074 	.db #0x20	; 32
    000007EA 0C                    2075 	.db #0x0c	; 12
    000007EB 2E                    2076 	.db #0x2e	; 46
    000007EC 1F                    2077 	.db #0x1f	; 31
    000007ED 20                    2078 	.db #0x20	; 32
    000007EE 2D                    2079 	.db #0x2d	; 45
    000007EF 2E                    2080 	.db #0x2e	; 46
    000007F0 0C                    2081 	.db #0x0c	; 12
    000007F1 0C                    2082 	.db #0x0c	; 12
    000007F2 0C                    2083 	.db #0x0c	; 12
    000007F3 0C                    2084 	.db #0x0c	; 12
    000007F4 3A                    2085 	.db #0x3a	; 58
    000007F5 3D                    2086 	.db #0x3d	; 61
    000007F6 46                    2087 	.db #0x46	; 70	'F'
    000007F7 49                    2088 	.db #0x49	; 73	'I'
    000007F8 0C                    2089 	.db #0x0c	; 12
    000007F9 0C                    2090 	.db #0x0c	; 12
    000007FA 0C                    2091 	.db #0x0c	; 12
    000007FB 0C                    2092 	.db #0x0c	; 12
    000007FC 0C                    2093 	.db #0x0c	; 12
    000007FD 0C                    2094 	.db #0x0c	; 12
    000007FE 0C                    2095 	.db #0x0c	; 12
    000007FF 0C                    2096 	.db #0x0c	; 12
    00000800                       2097 _famidash_metatile_palettes:
    00000800 00                    2098 	.db #0x00	; 0
    00000801 01                    2099 	.db #0x01	; 1
    00000802 01                    2100 	.db #0x01	; 1
    00000803 00                    2101 	.db #0x00	; 0
    00000804 00                    2102 	.db #0x00	; 0
    00000805 01                    2103 	.db #0x01	; 1
    00000806 01                    2104 	.db #0x01	; 1
    00000807 01                    2105 	.db #0x01	; 1
    00000808 00                    2106 	.db #0x00	; 0
    00000809 00                    2107 	.db #0x00	; 0
    0000080A 00                    2108 	.db #0x00	; 0
    0000080B 00                    2109 	.db #0x00	; 0
    0000080C 02                    2110 	.db #0x02	; 2
    0000080D 02                    2111 	.db #0x02	; 2
    0000080E 02                    2112 	.db #0x02	; 2
    0000080F 02                    2113 	.db #0x02	; 2
    00000810 00                    2114 	.db #0x00	; 0
    00000811 00                    2115 	.db #0x00	; 0
    00000812 00                    2116 	.db #0x00	; 0
    00000813 02                    2117 	.db #0x02	; 2
    00000814 02                    2118 	.db #0x02	; 2
    00000815 00                    2119 	.db #0x00	; 0
    00000816 00                    2120 	.db #0x00	; 0
    00000817 00                    2121 	.db #0x00	; 0
    00000818 00                    2122 	.db #0x00	; 0
    00000819 00                    2123 	.db #0x00	; 0
    0000081A 00                    2124 	.db #0x00	; 0
    0000081B 00                    2125 	.db #0x00	; 0
    0000081C 00                    2126 	.db #0x00	; 0
    0000081D 00                    2127 	.db #0x00	; 0
    0000081E 00                    2128 	.db #0x00	; 0
    0000081F 00                    2129 	.db #0x00	; 0
    00000820 00                    2130 	.db #0x00	; 0
    00000821 00                    2131 	.db #0x00	; 0
    00000822 00                    2132 	.db #0x00	; 0
    00000823 00                    2133 	.db #0x00	; 0
    00000824 00                    2134 	.db #0x00	; 0
    00000825 00                    2135 	.db #0x00	; 0
    00000826 00                    2136 	.db #0x00	; 0
    00000827 00                    2137 	.db #0x00	; 0
    00000828 00                    2138 	.db #0x00	; 0
    00000829 00                    2139 	.db #0x00	; 0
    0000082A 00                    2140 	.db #0x00	; 0
    0000082B 00                    2141 	.db #0x00	; 0
    0000082C 00                    2142 	.db #0x00	; 0
    0000082D 00                    2143 	.db #0x00	; 0
    0000082E 00                    2144 	.db #0x00	; 0
    0000082F 00                    2145 	.db #0x00	; 0
    00000830 00                    2146 	.db #0x00	; 0
    00000831 00                    2147 	.db #0x00	; 0
    00000832 00                    2148 	.db #0x00	; 0
    00000833 00                    2149 	.db #0x00	; 0
    00000834 00                    2150 	.db #0x00	; 0
    00000835 00                    2151 	.db #0x00	; 0
    00000836 00                    2152 	.db #0x00	; 0
    00000837 00                    2153 	.db #0x00	; 0
    00000838 00                    2154 	.db #0x00	; 0
    00000839 00                    2155 	.db #0x00	; 0
    0000083A 00                    2156 	.db #0x00	; 0
    0000083B 00                    2157 	.db #0x00	; 0
    0000083C 00                    2158 	.db #0x00	; 0
    0000083D 00                    2159 	.db #0x00	; 0
    0000083E 00                    2160 	.db #0x00	; 0
    0000083F 00                    2161 	.db #0x00	; 0
    00000840 00                    2162 	.db #0x00	; 0
    00000841 00                    2163 	.db #0x00	; 0
    00000842 00                    2164 	.db #0x00	; 0
    00000843 00                    2165 	.db #0x00	; 0
    00000844 00                    2166 	.db #0x00	; 0
    00000845 00                    2167 	.db #0x00	; 0
    00000846 00                    2168 	.db #0x00	; 0
    00000847 00                    2169 	.db #0x00	; 0
    00000848 00                    2170 	.db #0x00	; 0
    00000849 00                    2171 	.db #0x00	; 0
    0000084A 00                    2172 	.db #0x00	; 0
    0000084B 00                    2173 	.db #0x00	; 0
    0000084C 00                    2174 	.db #0x00	; 0
    0000084D 00                    2175 	.db #0x00	; 0
    0000084E 00                    2176 	.db #0x00	; 0
    0000084F 00                    2177 	.db #0x00	; 0
    00000850 00                    2178 	.db #0x00	; 0
    00000851 00                    2179 	.db #0x00	; 0
    00000852 00                    2180 	.db #0x00	; 0
    00000853 00                    2181 	.db #0x00	; 0
    00000854 00                    2182 	.db #0x00	; 0
    00000855 00                    2183 	.db #0x00	; 0
    00000856 00                    2184 	.db #0x00	; 0
    00000857 00                    2185 	.db #0x00	; 0
    00000858 00                    2186 	.db #0x00	; 0
    00000859 00                    2187 	.db #0x00	; 0
    0000085A 00                    2188 	.db #0x00	; 0
    0000085B 00                    2189 	.db #0x00	; 0
    0000085C 00                    2190 	.db #0x00	; 0
    0000085D 00                    2191 	.db #0x00	; 0
    0000085E 00                    2192 	.db #0x00	; 0
    0000085F 00                    2193 	.db #0x00	; 0
    00000860 00                    2194 	.db #0x00	; 0
    00000861 00                    2195 	.db #0x00	; 0
    00000862 00                    2196 	.db #0x00	; 0
    00000863 00                    2197 	.db #0x00	; 0
    00000864 00                    2198 	.db #0x00	; 0
    00000865 00                    2199 	.db #0x00	; 0
    00000866 00                    2200 	.db #0x00	; 0
    00000867 00                    2201 	.db #0x00	; 0
    00000868 00                    2202 	.db #0x00	; 0
    00000869 00                    2203 	.db #0x00	; 0
    0000086A 00                    2204 	.db #0x00	; 0
    0000086B 00                    2205 	.db #0x00	; 0
    0000086C 00                    2206 	.db #0x00	; 0
    0000086D 00                    2207 	.db #0x00	; 0
    0000086E 00                    2208 	.db #0x00	; 0
    0000086F 00                    2209 	.db #0x00	; 0
    00000870 00                    2210 	.db #0x00	; 0
    00000871 00                    2211 	.db #0x00	; 0
    00000872 00                    2212 	.db #0x00	; 0
    00000873 00                    2213 	.db #0x00	; 0
    00000874 00                    2214 	.db #0x00	; 0
    00000875 00                    2215 	.db #0x00	; 0
    00000876 00                    2216 	.db #0x00	; 0
    00000877 00                    2217 	.db #0x00	; 0
    00000878 02                    2218 	.db #0x02	; 2
    00000879 00                    2219 	.db #0x00	; 0
    0000087A 00                    2220 	.db #0x00	; 0
    0000087B 00                    2221 	.db #0x00	; 0
    0000087C 00                    2222 	.db #0x00	; 0
    0000087D 00                    2223 	.db #0x00	; 0
    0000087E 00                    2224 	.db #0x00	; 0
    0000087F 00                    2225 	.db #0x00	; 0
    00000880 02                    2226 	.db #0x02	; 2
    00000881 02                    2227 	.db #0x02	; 2
    00000882 00                    2228 	.db #0x00	; 0
    00000883 00                    2229 	.db #0x00	; 0
    00000884 02                    2230 	.db #0x02	; 2
    00000885 02                    2231 	.db #0x02	; 2
    00000886 02                    2232 	.db #0x02	; 2
    00000887 02                    2233 	.db #0x02	; 2
    00000888 01                    2234 	.db #0x01	; 1
    00000889 01                    2235 	.db #0x01	; 1
    0000088A 00                    2236 	.db #0x00	; 0
    0000088B 00                    2237 	.db #0x00	; 0
    0000088C 00                    2238 	.db #0x00	; 0
    0000088D 00                    2239 	.db #0x00	; 0
    0000088E 00                    2240 	.db #0x00	; 0
    0000088F 00                    2241 	.db #0x00	; 0
    00000890 00                    2242 	.db #0x00	; 0
    00000891 00                    2243 	.db #0x00	; 0
    00000892 00                    2244 	.db #0x00	; 0
    00000893 00                    2245 	.db #0x00	; 0
    00000894 00                    2246 	.db #0x00	; 0
    00000895 00                    2247 	.db #0x00	; 0
    00000896 00                    2248 	.db #0x00	; 0
    00000897 00                    2249 	.db #0x00	; 0
    00000898 00                    2250 	.db #0x00	; 0
    00000899 00                    2251 	.db #0x00	; 0
    0000089A 00                    2252 	.db #0x00	; 0
    0000089B 00                    2253 	.db #0x00	; 0
    0000089C 00                    2254 	.db #0x00	; 0
    0000089D 00                    2255 	.db #0x00	; 0
    0000089E 00                    2256 	.db #0x00	; 0
    0000089F 00                    2257 	.db #0x00	; 0
    000008A0 00                    2258 	.db #0x00	; 0
    000008A1 00                    2259 	.db #0x00	; 0
    000008A2 00                    2260 	.db #0x00	; 0
    000008A3 00                    2261 	.db #0x00	; 0
    000008A4 00                    2262 	.db #0x00	; 0
    000008A5 00                    2263 	.db #0x00	; 0
    000008A6 00                    2264 	.db #0x00	; 0
    000008A7 00                    2265 	.db #0x00	; 0
    000008A8 00                    2266 	.db #0x00	; 0
    000008A9 00                    2267 	.db #0x00	; 0
    000008AA 00                    2268 	.db #0x00	; 0
    000008AB 00                    2269 	.db #0x00	; 0
    000008AC 00                    2270 	.db #0x00	; 0
    000008AD 00                    2271 	.db #0x00	; 0
    000008AE 00                    2272 	.db #0x00	; 0
    000008AF 00                    2273 	.db #0x00	; 0
    000008B0 00                    2274 	.db #0x00	; 0
    000008B1 00                    2275 	.db #0x00	; 0
    000008B2 00                    2276 	.db #0x00	; 0
    000008B3 00                    2277 	.db #0x00	; 0
    000008B4 00                    2278 	.db #0x00	; 0
    000008B5 00                    2279 	.db #0x00	; 0
    000008B6 00                    2280 	.db #0x00	; 0
    000008B7 00                    2281 	.db #0x00	; 0
    000008B8 00                    2282 	.db #0x00	; 0
    000008B9 00                    2283 	.db #0x00	; 0
    000008BA 00                    2284 	.db #0x00	; 0
    000008BB 00                    2285 	.db #0x00	; 0
    000008BC 00                    2286 	.db #0x00	; 0
    000008BD 00                    2287 	.db #0x00	; 0
    000008BE 00                    2288 	.db #0x00	; 0
    000008BF 00                    2289 	.db #0x00	; 0
    000008C0 00                    2290 	.db #0x00	; 0
    000008C1 00                    2291 	.db #0x00	; 0
    000008C2 00                    2292 	.db #0x00	; 0
    000008C3 00                    2293 	.db #0x00	; 0
    000008C4 00                    2294 	.db #0x00	; 0
    000008C5 03                    2295 	.db #0x03	; 3
    000008C6 03                    2296 	.db #0x03	; 3
    000008C7 00                    2297 	.db #0x00	; 0
    000008C8 00                    2298 	.db #0x00	; 0
    000008C9 00                    2299 	.db #0x00	; 0
    000008CA 00                    2300 	.db #0x00	; 0
    000008CB 03                    2301 	.db #0x03	; 3
    000008CC 03                    2302 	.db #0x03	; 3
    000008CD 03                    2303 	.db #0x03	; 3
    000008CE 03                    2304 	.db #0x03	; 3
    000008CF 03                    2305 	.db #0x03	; 3
    000008D0 03                    2306 	.db #0x03	; 3
    000008D1 03                    2307 	.db #0x03	; 3
    000008D2 03                    2308 	.db #0x03	; 3
    000008D3 00                    2309 	.db #0x00	; 0
    000008D4 00                    2310 	.db #0x00	; 0
    000008D5 00                    2311 	.db #0x00	; 0
    000008D6 00                    2312 	.db #0x00	; 0
    000008D7 00                    2313 	.db #0x00	; 0
    000008D8 00                    2314 	.db #0x00	; 0
    000008D9 00                    2315 	.db #0x00	; 0
    000008DA 00                    2316 	.db #0x00	; 0
    000008DB 00                    2317 	.db #0x00	; 0
    000008DC 00                    2318 	.db #0x00	; 0
    000008DD 00                    2319 	.db #0x00	; 0
    000008DE 00                    2320 	.db #0x00	; 0
    000008DF 00                    2321 	.db #0x00	; 0
    000008E0 00                    2322 	.db #0x00	; 0
    000008E1 00                    2323 	.db #0x00	; 0
    000008E2 00                    2324 	.db #0x00	; 0
    000008E3 00                    2325 	.db #0x00	; 0
    000008E4 00                    2326 	.db #0x00	; 0
    000008E5 00                    2327 	.db #0x00	; 0
    000008E6 00                    2328 	.db #0x00	; 0
    000008E7 00                    2329 	.db #0x00	; 0
    000008E8 00                    2330 	.db #0x00	; 0
    000008E9 00                    2331 	.db #0x00	; 0
    000008EA 00                    2332 	.db #0x00	; 0
    000008EB 00                    2333 	.db #0x00	; 0
    000008EC 00                    2334 	.db #0x00	; 0
    000008ED 00                    2335 	.db #0x00	; 0
    000008EE 00                    2336 	.db #0x00	; 0
    000008EF 00                    2337 	.db #0x00	; 0
    000008F0 00                    2338 	.db #0x00	; 0
    000008F1 00                    2339 	.db #0x00	; 0
    000008F2 00                    2340 	.db #0x00	; 0
    000008F3 00                    2341 	.db #0x00	; 0
    000008F4 00                    2342 	.db #0x00	; 0
    000008F5 00                    2343 	.db #0x00	; 0
    000008F6 00                    2344 	.db #0x00	; 0
    000008F7 00                    2345 	.db #0x00	; 0
    000008F8 00                    2346 	.db #0x00	; 0
    000008F9 00                    2347 	.db #0x00	; 0
    000008FA 00                    2348 	.db #0x00	; 0
    000008FB 00                    2349 	.db #0x00	; 0
    000008FC 00                    2350 	.db #0x00	; 0
    000008FD 00                    2351 	.db #0x00	; 0
    000008FE 00                    2352 	.db #0x00	; 0
    000008FF 00                    2353 	.db #0x00	; 0
    00000900                       2354 _famidash_metatile_collision:
    00000900 00                    2355 	.db #0x00	; 0
    00000901 09                    2356 	.db #0x09	; 9
    00000902 09                    2357 	.db #0x09	; 9
    00000903 06                    2358 	.db #0x06	; 6
    00000904 11                    2359 	.db #0x11	; 17
    00000905 09                    2360 	.db #0x09	; 9
    00000906 09                    2361 	.db #0x09	; 9
    00000907 00                    2362 	.db #0x00	; 0
    00000908 04                    2363 	.db #0x04	; 4
    00000909 04                    2364 	.db #0x04	; 4
    0000090A 03                    2365 	.db #0x03	; 3
    0000090B 03                    2366 	.db #0x03	; 3
    0000090C 04                    2367 	.db #0x04	; 4
    0000090D 03                    2368 	.db #0x03	; 3
    0000090E 02                    2369 	.db #0x02	; 2
    0000090F 01                    2370 	.db #0x01	; 1
    00000910 07                    2371 	.db #0x07	; 7
    00000911 08                    2372 	.db #0x08	; 8
    00000912 10                    2373 	.db #0x10	; 16
    00000913 04                    2374 	.db #0x04	; 4
    00000914 03                    2375 	.db #0x03	; 3
    00000915 80                    2376 	.db #0x80	; 128
    00000916 07                    2377 	.db #0x07	; 7
    00000917 11                    2378 	.db #0x11	; 17
    00000918 10                    2379 	.db #0x10	; 16
    00000919 05                    2380 	.db #0x05	; 5
    0000091A 08                    2381 	.db #0x08	; 8
    0000091B 08                    2382 	.db #0x08	; 8
    0000091C 08                    2383 	.db #0x08	; 8
    0000091D 02                    2384 	.db #0x02	; 2
    0000091E 11                    2385 	.db #0x11	; 17
    0000091F 01                    2386 	.db #0x01	; 1
    00000920 07                    2387 	.db #0x07	; 7
    00000921 07                    2388 	.db #0x07	; 7
    00000922 07                    2389 	.db #0x07	; 7
    00000923 07                    2390 	.db #0x07	; 7
    00000924 07                    2391 	.db #0x07	; 7
    00000925 07                    2392 	.db #0x07	; 7
    00000926 07                    2393 	.db #0x07	; 7
    00000927 07                    2394 	.db #0x07	; 7
    00000928 07                    2395 	.db #0x07	; 7
    00000929 07                    2396 	.db #0x07	; 7
    0000092A 07                    2397 	.db #0x07	; 7
    0000092B 07                    2398 	.db #0x07	; 7
    0000092C 07                    2399 	.db #0x07	; 7
    0000092D 07                    2400 	.db #0x07	; 7
    0000092E 07                    2401 	.db #0x07	; 7
    0000092F 00                    2402 	.db #0x00	; 0
    00000930 07                    2403 	.db #0x07	; 7
    00000931 07                    2404 	.db #0x07	; 7
    00000932 07                    2405 	.db #0x07	; 7
    00000933 07                    2406 	.db #0x07	; 7
    00000934 0A                    2407 	.db #0x0a	; 10
    00000935 0B                    2408 	.db #0x0b	; 11
    00000936 0B                    2409 	.db #0x0b	; 11
    00000937 80                    2410 	.db #0x80	; 128
    00000938 07                    2411 	.db #0x07	; 7
    00000939 07                    2412 	.db #0x07	; 7
    0000093A 07                    2413 	.db #0x07	; 7
    0000093B 04                    2414 	.db #0x04	; 4
    0000093C 07                    2415 	.db #0x07	; 7
    0000093D 07                    2416 	.db #0x07	; 7
    0000093E 07                    2417 	.db #0x07	; 7
    0000093F 07                    2418 	.db #0x07	; 7
    00000940 07                    2419 	.db #0x07	; 7
    00000941 07                    2420 	.db #0x07	; 7
    00000942 07                    2421 	.db #0x07	; 7
    00000943 07                    2422 	.db #0x07	; 7
    00000944 07                    2423 	.db #0x07	; 7
    00000945 07                    2424 	.db #0x07	; 7
    00000946 07                    2425 	.db #0x07	; 7
    00000947 07                    2426 	.db #0x07	; 7
    00000948 07                    2427 	.db #0x07	; 7
    00000949 07                    2428 	.db #0x07	; 7
    0000094A 07                    2429 	.db #0x07	; 7
    0000094B 07                    2430 	.db #0x07	; 7
    0000094C 07                    2431 	.db #0x07	; 7
    0000094D 07                    2432 	.db #0x07	; 7
    0000094E 07                    2433 	.db #0x07	; 7
    0000094F 00                    2434 	.db #0x00	; 0
    00000950 07                    2435 	.db #0x07	; 7
    00000951 07                    2436 	.db #0x07	; 7
    00000952 07                    2437 	.db #0x07	; 7
    00000953 07                    2438 	.db #0x07	; 7
    00000954 05                    2439 	.db #0x05	; 5
    00000955 05                    2440 	.db #0x05	; 5
    00000956 05                    2441 	.db #0x05	; 5
    00000957 05                    2442 	.db #0x05	; 5
    00000958 06                    2443 	.db #0x06	; 6
    00000959 06                    2444 	.db #0x06	; 6
    0000095A 06                    2445 	.db #0x06	; 6
    0000095B 08                    2446 	.db #0x08	; 8
    0000095C 04                    2447 	.db #0x04	; 4
    0000095D 03                    2448 	.db #0x03	; 3
    0000095E 01                    2449 	.db #0x01	; 1
    0000095F 02                    2450 	.db #0x02	; 2
    00000960 07                    2451 	.db #0x07	; 7
    00000961 07                    2452 	.db #0x07	; 7
    00000962 07                    2453 	.db #0x07	; 7
    00000963 07                    2454 	.db #0x07	; 7
    00000964 07                    2455 	.db #0x07	; 7
    00000965 07                    2456 	.db #0x07	; 7
    00000966 07                    2457 	.db #0x07	; 7
    00000967 07                    2458 	.db #0x07	; 7
    00000968 07                    2459 	.db #0x07	; 7
    00000969 07                    2460 	.db #0x07	; 7
    0000096A 07                    2461 	.db #0x07	; 7
    0000096B 07                    2462 	.db #0x07	; 7
    0000096C 07                    2463 	.db #0x07	; 7
    0000096D 07                    2464 	.db #0x07	; 7
    0000096E 07                    2465 	.db #0x07	; 7
    0000096F 00                    2466 	.db #0x00	; 0
    00000970 07                    2467 	.db #0x07	; 7
    00000971 07                    2468 	.db #0x07	; 7
    00000972 07                    2469 	.db #0x07	; 7
    00000973 07                    2470 	.db #0x07	; 7
    00000974 80                    2471 	.db #0x80	; 128
    00000975 04                    2472 	.db #0x04	; 4
    00000976 80                    2473 	.db #0x80	; 128
    00000977 01                    2474 	.db #0x01	; 1
    00000978 00                    2475 	.db #0x00	; 0
    00000979 02                    2476 	.db #0x02	; 2
    0000097A 80                    2477 	.db #0x80	; 128
    0000097B 03                    2478 	.db #0x03	; 3
    0000097C 80                    2479 	.db #0x80	; 128
    0000097D 08                    2480 	.db #0x08	; 8
    0000097E 07                    2481 	.db #0x07	; 7
    0000097F 10                    2482 	.db #0x10	; 16
    00000980 00                    2483 	.db #0x00	; 0
    00000981 00                    2484 	.db #0x00	; 0
    00000982 08                    2485 	.db #0x08	; 8
    00000983 08                    2486 	.db #0x08	; 8
    00000984 04                    2487 	.db #0x04	; 4
    00000985 03                    2488 	.db #0x03	; 3
    00000986 04                    2489 	.db #0x04	; 4
    00000987 03                    2490 	.db #0x03	; 3
    00000988 09                    2491 	.db #0x09	; 9
    00000989 09                    2492 	.db #0x09	; 9
    0000098A 80                    2493 	.db #0x80	; 128
    0000098B 80                    2494 	.db #0x80	; 128
    0000098C 80                    2495 	.db #0x80	; 128
    0000098D 80                    2496 	.db #0x80	; 128
    0000098E 0B                    2497 	.db #0x0b	; 11
    0000098F 80                    2498 	.db #0x80	; 128
    00000990 80                    2499 	.db #0x80	; 128
    00000991 80                    2500 	.db #0x80	; 128
    00000992 80                    2501 	.db #0x80	; 128
    00000993 80                    2502 	.db #0x80	; 128
    00000994 80                    2503 	.db #0x80	; 128
    00000995 80                    2504 	.db #0x80	; 128
    00000996 80                    2505 	.db #0x80	; 128
    00000997 80                    2506 	.db #0x80	; 128
    00000998 80                    2507 	.db #0x80	; 128
    00000999 80                    2508 	.db #0x80	; 128
    0000099A 80                    2509 	.db #0x80	; 128
    0000099B 80                    2510 	.db #0x80	; 128
    0000099C 80                    2511 	.db #0x80	; 128
    0000099D 80                    2512 	.db #0x80	; 128
    0000099E 80                    2513 	.db #0x80	; 128
    0000099F 80                    2514 	.db #0x80	; 128
    000009A0 80                    2515 	.db #0x80	; 128
    000009A1 80                    2516 	.db #0x80	; 128
    000009A2 80                    2517 	.db #0x80	; 128
    000009A3 80                    2518 	.db #0x80	; 128
    000009A4 80                    2519 	.db #0x80	; 128
    000009A5 80                    2520 	.db #0x80	; 128
    000009A6 80                    2521 	.db #0x80	; 128
    000009A7 80                    2522 	.db #0x80	; 128
    000009A8 80                    2523 	.db #0x80	; 128
    000009A9 80                    2524 	.db #0x80	; 128
    000009AA 80                    2525 	.db #0x80	; 128
    000009AB 80                    2526 	.db #0x80	; 128
    000009AC 80                    2527 	.db #0x80	; 128
    000009AD 10                    2528 	.db #0x10	; 16
    000009AE 10                    2529 	.db #0x10	; 16
    000009AF 10                    2530 	.db #0x10	; 16
    000009B0 80                    2531 	.db #0x80	; 128
    000009B1 80                    2532 	.db #0x80	; 128
    000009B2 80                    2533 	.db #0x80	; 128
    000009B3 80                    2534 	.db #0x80	; 128
    000009B4 05                    2535 	.db #0x05	; 5
    000009B5 06                    2536 	.db #0x06	; 6
    000009B6 80                    2537 	.db #0x80	; 128
    000009B7 80                    2538 	.db #0x80	; 128
    000009B8 80                    2539 	.db #0x80	; 128
    000009B9 80                    2540 	.db #0x80	; 128
    000009BA 80                    2541 	.db #0x80	; 128
    000009BB 80                    2542 	.db #0x80	; 128
    000009BC 80                    2543 	.db #0x80	; 128
    000009BD 80                    2544 	.db #0x80	; 128
    000009BE 11                    2545 	.db #0x11	; 17
    000009BF 11                    2546 	.db #0x11	; 17
    000009C0 11                    2547 	.db #0x11	; 17
    000009C1 80                    2548 	.db #0x80	; 128
    000009C2 80                    2549 	.db #0x80	; 128
    000009C3 80                    2550 	.db #0x80	; 128
    000009C4 80                    2551 	.db #0x80	; 128
    000009C5 00                    2552 	.db #0x00	; 0
    000009C6 00                    2553 	.db #0x00	; 0
    000009C7 80                    2554 	.db #0x80	; 128
    000009C8 80                    2555 	.db #0x80	; 128
    000009C9 05                    2556 	.db #0x05	; 5
    000009CA 06                    2557 	.db #0x06	; 6
    000009CB 10                    2558 	.db #0x10	; 16
    000009CC 11                    2559 	.db #0x11	; 17
    000009CD 10                    2560 	.db #0x10	; 16
    000009CE 10                    2561 	.db #0x10	; 16
    000009CF 10                    2562 	.db #0x10	; 16
    000009D0 11                    2563 	.db #0x11	; 17
    000009D1 11                    2564 	.db #0x11	; 17
    000009D2 11                    2565 	.db #0x11	; 17
    000009D3 07                    2566 	.db #0x07	; 7
    000009D4 00                    2567 	.db #0x00	; 0
    000009D5 00                    2568 	.db #0x00	; 0
    000009D6 00                    2569 	.db #0x00	; 0
    000009D7 00                    2570 	.db #0x00	; 0
    000009D8 00                    2571 	.db #0x00	; 0
    000009D9 80                    2572 	.db #0x80	; 128
    000009DA 80                    2573 	.db #0x80	; 128
    000009DB 80                    2574 	.db #0x80	; 128
    000009DC 80                    2575 	.db #0x80	; 128
    000009DD 80                    2576 	.db #0x80	; 128
    000009DE 80                    2577 	.db #0x80	; 128
    000009DF 80                    2578 	.db #0x80	; 128
    000009E0 80                    2579 	.db #0x80	; 128
    000009E1 05                    2580 	.db #0x05	; 5
    000009E2 05                    2581 	.db #0x05	; 5
    000009E3 80                    2582 	.db #0x80	; 128
    000009E4 05                    2583 	.db #0x05	; 5
    000009E5 80                    2584 	.db #0x80	; 128
    000009E6 06                    2585 	.db #0x06	; 6
    000009E7 05                    2586 	.db #0x05	; 5
    000009E8 0A                    2587 	.db #0x0a	; 10
    000009E9 0A                    2588 	.db #0x0a	; 10
    000009EA 0B                    2589 	.db #0x0b	; 11
    000009EB 0B                    2590 	.db #0x0b	; 11
    000009EC 0B                    2591 	.db #0x0b	; 11
    000009ED 0B                    2592 	.db #0x0b	; 11
    000009EE 0A                    2593 	.db #0x0a	; 10
    000009EF 0A                    2594 	.db #0x0a	; 10
    000009F0 10                    2595 	.db #0x10	; 16
    000009F1 10                    2596 	.db #0x10	; 16
    000009F2 11                    2597 	.db #0x11	; 17
    000009F3 11                    2598 	.db #0x11	; 17
    000009F4 80                    2599 	.db #0x80	; 128
    000009F5 80                    2600 	.db #0x80	; 128
    000009F6 08                    2601 	.db #0x08	; 8
    000009F7 80                    2602 	.db #0x80	; 128
    000009F8 80                    2603 	.db #0x80	; 128
    000009F9 80                    2604 	.db #0x80	; 128
    000009FA 80                    2605 	.db #0x80	; 128
    000009FB 08                    2606 	.db #0x08	; 8
    000009FC 07                    2607 	.db #0x07	; 7
    000009FD 80                    2608 	.db #0x80	; 128
    000009FE 80                    2609 	.db #0x80	; 128
    000009FF 80                    2610 	.db #0x80	; 128
                                   2611 	.area _INITIALIZER
                                   2612 	.area _CABS (ABS)
