                                      1 ;--------------------------------------------------------
                                      2 ; File Created by SDCC : free open source ISO C Compiler
                                      3 ; Version 4.5.1 #15267 (MINGW64)
                                      4 ;--------------------------------------------------------
                                      5 	.module gameplay
                                      6 	
                                      7 ;--------------------------------------------------------
                                      8 ; Public variables in this module
                                      9 ;--------------------------------------------------------
                                     10 	.globl _hide_sprites_range
                                     11 	.globl _sp_cache_load
                                     12 	.globl _player_screen_y
                                     13 	.globl _player_update
                                     14 	.globl _player_init
                                     15 	.globl _load_collision_columns
                                     16 	.globl _load_bkg_tileset
                                     17 	.globl _fill_scroll_bg
                                     18 	.globl _draw_mt_column
                                     19 	.globl _init_music_banked
                                     20 	.globl _set_sprite_palette
                                     21 	.globl _set_bkg_palette
                                     22 	.globl _fill_bkg_rect
                                     23 	.globl _set_sprite_data
                                     24 	.globl _set_bkg_tile_xy
                                     25 	.globl _set_bkg_data
                                     26 	.globl _display_off
                                     27 	.globl _wait_vbl_done
                                     28 	.globl _waitpadup
                                     29 	.globl _joypad
                                     30 	.globl _sp_cache_reset
                                     31 	.globl _sp_cache_update
                                     32 	.globl b_setup_menu_font
                                     33 	.globl _setup_menu_font
                                     34 	.globl b_draw_menu
                                     35 	.globl _draw_menu
                                     36 	.globl b_play_level
                                     37 	.globl _play_level
                                     38 ;--------------------------------------------------------
                                     39 ; special function registers
                                     40 ;--------------------------------------------------------
                                     41 	.area _HRAM
                                     42 ;--------------------------------------------------------
                                     43 ; ram data
                                     44 ;--------------------------------------------------------
                                     45 	.area _DATA
                                     46 ;--------------------------------------------------------
                                     47 ; ram data
                                     48 ;--------------------------------------------------------
                                     49 	.area _INITIALIZED
                                     50 ;--------------------------------------------------------
                                     51 ; absolute external ram data
                                     52 ;--------------------------------------------------------
                                     53 	.area _DABS (ABS)
                                     54 ;--------------------------------------------------------
                                     55 ; global & static initialisations
                                     56 ;--------------------------------------------------------
                                     57 	.area _HOME
                                     58 	.area _GSINIT
                                     59 	.area _GSFINAL
                                     60 	.area _GSINIT
                                     61 ;--------------------------------------------------------
                                     62 ; Home
                                     63 ;--------------------------------------------------------
                                     64 	.area _HOME
                                     65 	.area _HOME
                                     66 ;--------------------------------------------------------
                                     67 ; code
                                     68 ;--------------------------------------------------------
                                     69 	.area _CODE_10
                                     70 ;src/gameplay.c:137: void sp_cache_reset(SpCache *cache, uint16_t *stream_idx) {
                                     71 ;	---------------------------------
                                     72 ; Function sp_cache_reset
                                     73 ; ---------------------------------
    00000000                         74 _sp_cache_reset::
                                     75 ;src/gameplay.c:139: *stream_idx = 0;
    00000000 AF               [ 4]   76 	xor	a, a
    00000001 02               [ 8]   77 	ld	(bc), a
    00000002 03               [ 8]   78 	inc	bc
    00000003 02               [ 8]   79 	ld	(bc), a
                                     80 ;src/gameplay.c:140: for (i = 0; i < MAX_ACTIVE_SP_OBJECTS; i++) cache->active[i] = 0;
    00000004 21 50 00         [12]   81 	ld	hl, #0x0050
    00000007 19               [ 8]   82 	add	hl, de
    00000008 4D               [ 4]   83 	ld	c, l
    00000009 44               [ 4]   84 	ld	b, h
    0000000A 1E 00            [ 8]   85 	ld	e, #0x00
    0000000C                         86 00102$:
    0000000C 6B               [ 4]   87 	ld	l, e
    0000000D 26 00            [ 8]   88 	ld	h, #0x00
    0000000F 09               [ 8]   89 	add	hl, bc
    00000010 36 00            [12]   90 	ld	(hl), #0x00
    00000012 1C               [ 4]   91 	inc	e
    00000013 7B               [ 4]   92 	ld	a, e
    00000014 D6 10            [ 8]   93 	sub	a, #0x10
    00000016 38 F4            [12]   94 	jr	C, 00102$
                                     95 ;src/gameplay.c:141: }
    00000018 C9               [16]   96 	ret
    00000019                         97 _level_sprite_cost_table:
    00000019 09                      98 	.db #0x09	; 9
    0000001A 09                      99 	.db #0x09	; 9
    0000001B 00                     100 	.db #0x00	; 0
    0000001C 00                     101 	.db #0x00	; 0
    0000001D 00                     102 	.db #0x00	; 0
    0000001E 02                     103 	.db #0x02	; 2
    0000001F 02                     104 	.db #0x02	; 2
    00000020 00                     105 	.db #0x00	; 0
    00000021 09                     106 	.db #0x09	; 9
    00000022 09                     107 	.db #0x09	; 9
    00000023 02                     108 	.db #0x02	; 2
    00000024 02                     109 	.db #0x02	; 2
    00000025 02                     110 	.db #0x02	; 2
    00000026 02                     111 	.db #0x02	; 2
    00000027 02                     112 	.db #0x02	; 2
    00000028 00                     113 	.db #0x00	; 0
    00000029 00                     114 	.db #0x00	; 0
    0000002A 00                     115 	.db #0x00	; 0
    0000002B 00                     116 	.db #0x00	; 0
    0000002C 00                     117 	.db #0x00	; 0
    0000002D 00                     118 	.db #0x00	; 0
    0000002E 00                     119 	.db #0x00	; 0
    0000002F 00                     120 	.db #0x00	; 0
    00000030 00                     121 	.db #0x00	; 0
    00000031 00                     122 	.db #0x00	; 0
    00000032 00                     123 	.db #0x00	; 0
    00000033 00                     124 	.db #0x00	; 0
    00000034 00                     125 	.db #0x00	; 0
    00000035 00                     126 	.db #0x00	; 0
    00000036 00                     127 	.db #0x00	; 0
    00000037 00                     128 	.db #0x00	; 0
    00000038 00                     129 	.db #0x00	; 0
    00000039 00                     130 	.db #0x00	; 0
    0000003A 00                     131 	.db #0x00	; 0
    0000003B 00                     132 	.db #0x00	; 0
    0000003C 00                     133 	.db #0x00	; 0
    0000003D 00                     134 	.db #0x00	; 0
    0000003E 02                     135 	.db #0x02	; 2
    0000003F                        136 _gbc_bg_palettes:
    0000003F 00 00                  137 	.dw #0x0000
    00000041 42 08                  138 	.dw #0x0842
    00000043 A5 14                  139 	.dw #0x14a5
    00000045 4A 29                  140 	.dw #0x294a
    00000047 00 08                  141 	.dw #0x0800
    00000049 20 14                  142 	.dw #0x1420
    0000004B 40 28                  143 	.dw #0x2840
    0000004D A0 3C                  144 	.dw #0x3ca0
    0000004F 20 08                  145 	.dw #0x0820
    00000051 60 1C                  146 	.dw #0x1c60
    00000053 C0 30                  147 	.dw #0x30c0
    00000055 42 49                  148 	.dw #0x4942
    00000057 01 0C                  149 	.dw #0x0c01
    00000059 22 1C                  150 	.dw #0x1c22
    0000005B 45 30                  151 	.dw #0x3045
    0000005D A7 48                  152 	.dw #0x48a7
    0000005F 02 14                  153 	.dw #0x1402
    00000061 25 28                  154 	.dw #0x2825
    00000063 47 3C                  155 	.dw #0x3c47
    00000065 AA 50                  156 	.dw #0x50aa
    00000067 03 0C                  157 	.dw #0x0c03
    00000069 27 1C                  158 	.dw #0x1c27
    0000006B 4C 30                  159 	.dw #0x304c
    0000006D B2 48                  160 	.dw #0x48b2
    0000006F 05 08                  161 	.dw #0x0805
    00000071 2A 14                  162 	.dw #0x142a
    00000073 4F 1C                  163 	.dw #0x1c4f
    00000075 B6 28                  164 	.dw #0x28b6
    00000077 05 00                  165 	.dw #0x0005
    00000079 2A 04                  166 	.dw #0x042a
    0000007B 4F 08                  167 	.dw #0x084f
    0000007D B6 14                  168 	.dw #0x14b6
    0000007F 45 00                  169 	.dw #0x0045
    00000081 AA 04                  170 	.dw #0x04aa
    00000083 EF 08                  171 	.dw #0x08ef
    00000085 76 15                  172 	.dw #0x1576
    00000087 A5 00                  173 	.dw #0x00a5
    00000089 4A 05                  174 	.dw #0x054a
    0000008B EF 09                  175 	.dw #0x09ef
    0000008D D6 16                  176 	.dw #0x16d6
    0000008F A2 00                  177 	.dw #0x00a2
    00000091 45 05                  178 	.dw #0x0545
    00000093 E7 09                  179 	.dw #0x09e7
    00000095 CA 16                  180 	.dw #0x16ca
    00000097 A0 00                  181 	.dw #0x00a0
    00000099 41 05                  182 	.dw #0x0541
    0000009B E2 09                  183 	.dw #0x09e2
    0000009D C5 16                  184 	.dw #0x16c5
    0000009F A0 0C                  185 	.dw #0x0ca0
    000000A1 41 1D                  186 	.dw #0x1d41
    000000A3 E2 31                  187 	.dw #0x31e2
    000000A5 C5 4A                  188 	.dw #0x4ac5
    000000A7 40 14                  189 	.dw #0x1440
    000000A9 A1 28                  190 	.dw #0x28a1
    000000AB E2 3C                  191 	.dw #0x3ce2
    000000AD 45 59                  192 	.dw #0x5945
    000000AF 4A 29                  193 	.dw #0x294a
    000000B1 EF 3D                  194 	.dw #0x3def
    000000B3 D6 5A                  195 	.dw #0x5ad6
    000000B5 FF 7F                  196 	.dw #0x7fff
    000000B7 00 00                  197 	.dw #0x0000
    000000B9 00 00                  198 	.dw #0x0000
    000000BB 00 00                  199 	.dw #0x0000
    000000BD 00 00                  200 	.dw #0x0000
    000000BF 42 08                  201 	.dw #0x0842
    000000C1 4A 29                  202 	.dw #0x294a
    000000C3 52 4A                  203 	.dw #0x4a52
    000000C5 39 67                  204 	.dw #0x6739
    000000C7 40 1C                  205 	.dw #0x1c40
    000000C9 E0 48                  206 	.dw #0x48e0
    000000CB 82 6D                  207 	.dw #0x6d82
    000000CD 8A 7E                  208 	.dw #0x7e8a
    000000CF A0 28                  209 	.dw #0x28a0
    000000D1 82 59                  210 	.dw #0x5982
    000000D3 47 72                  211 	.dw #0x7247
    000000D5 2F 7F                  212 	.dw #0x7f2f
    000000D7 23 28                  213 	.dw #0x2823
    000000D9 A7 58                  214 	.dw #0x58a7
    000000DB 4C 7D                  215 	.dw #0x7d4c
    000000DD 54 7E                  216 	.dw #0x7e54
    000000DF 26 30                  217 	.dw #0x3026
    000000E1 AB 58                  218 	.dw #0x58ab
    000000E3 51 7D                  219 	.dw #0x7d51
    000000E5 37 7E                  220 	.dw #0x7e37
    000000E7 2A 28                  221 	.dw #0x282a
    000000E9 B2 48                  222 	.dw #0x48b2
    000000EB 5B 6D                  223 	.dw #0x6d5b
    000000ED 3F 7E                  224 	.dw #0x7e3f
    000000EF 2C 18                  225 	.dw #0x182c
    000000F1 B6 30                  226 	.dw #0x30b6
    000000F3 5F 49                  227 	.dw #0x495f
    000000F5 5F 66                  228 	.dw #0x665f
    000000F7 2C 04                  229 	.dw #0x042c
    000000F9 B6 14                  230 	.dw #0x14b6
    000000FB 5F 29                  231 	.dw #0x295f
    000000FD 5F 4A                  232 	.dw #0x4a5f
    000000FF CC 04                  233 	.dw #0x04cc
    00000101 96 15                  234 	.dw #0x1596
    00000103 5F 2A                  235 	.dw #0x2a5f
    00000105 3F 4B                  236 	.dw #0x4b3f
    00000107 8C 05                  237 	.dw #0x058c
    00000109 D6 16                  238 	.dw #0x16d6
    0000010B FF 2B                  239 	.dw #0x2bff
    0000010D FF 5B                  240 	.dw #0x5bff
    0000010F 86 05                  241 	.dw #0x0586
    00000111 CC 16                  242 	.dw #0x16cc
    00000113 F2 2B                  243 	.dw #0x2bf2
    00000115 F9 4B                  244 	.dw #0x4bf9
    00000117 81 05                  245 	.dw #0x0581
    00000119 C5 16                  246 	.dw #0x16c5
    0000011B EA 2B                  247 	.dw #0x2bea
    0000011D F2 4B                  248 	.dw #0x4bf2
    0000011F 81 29                  249 	.dw #0x2981
    00000121 C5 4A                  250 	.dw #0x4ac5
    00000123 EA 6F                  251 	.dw #0x6fea
    00000125 F2 7F                  252 	.dw #0x7ff2
    00000127 A1 30                  253 	.dw #0x30a1
    00000129 45 59                  254 	.dw #0x5945
    0000012B EA 7D                  255 	.dw #0x7dea
    0000012D D2 7E                  256 	.dw #0x7ed2
    0000012F 52 4A                  257 	.dw #0x4a52
    00000131 39 67                  258 	.dw #0x6739
    00000133 FF 7F                  259 	.dw #0x7fff
    00000135 FF 7F                  260 	.dw #0x7fff
    00000137 42 08                  261 	.dw #0x0842
    00000139 21 04                  262 	.dw #0x0421
    0000013B 00 00                  263 	.dw #0x0000
    0000013D 00 00                  264 	.dw #0x0000
    0000013F 8C 31                  265 	.dw #0x318c
    00000141 D6 5A                  266 	.dw #0x5ad6
    00000143 9C 73                  267 	.dw #0x739c
    00000145 FF 7F                  268 	.dw #0x7fff
    00000147 45 59                  269 	.dw #0x5945
    00000149 2C 7E                  270 	.dw #0x7e2c
    0000014B 34 7F                  271 	.dw #0x7f34
    0000014D DB 7F                  272 	.dw #0x7fdb
    0000014F E7 65                  273 	.dw #0x65e7
    00000151 CF 7E                  274 	.dw #0x7ecf
    00000153 76 7F                  275 	.dw #0x7f76
    00000155 FC 7F                  276 	.dw #0x7ffc
    00000157 4C 65                  277 	.dw #0x654c
    00000159 34 7E                  278 	.dw #0x7e34
    0000015B D9 7E                  279 	.dw #0x7ed9
    0000015D 7E 7F                  280 	.dw #0x7f7e
    0000015F 51 6D                  281 	.dw #0x6d51
    00000161 36 7E                  282 	.dw #0x7e36
    00000163 DB 7E                  283 	.dw #0x7edb
    00000165 7F 7F                  284 	.dw #0x7f7f
    00000167 56 59                  285 	.dw #0x5956
    00000169 3B 6E                  286 	.dw #0x6e3b
    0000016B DF 7E                  287 	.dw #0x7edf
    0000016D 9F 7F                  288 	.dw #0x7f9f
    0000016F 59 45                  289 	.dw #0x4559
    00000171 3F 5A                  290 	.dw #0x5a3f
    00000173 FF 6E                  291 	.dw #0x6eff
    00000175 DF 7F                  292 	.dw #0x7fdf
    00000177 59 29                  293 	.dw #0x2959
    00000179 3F 46                  294 	.dw #0x463f
    0000017B FF 5E                  295 	.dw #0x5eff
    0000017D DF 7B                  296 	.dw #0x7bdf
    0000017F F9 29                  297 	.dw #0x29f9
    00000181 DF 46                  298 	.dw #0x46df
    00000183 7F 5F                  299 	.dw #0x5f7f
    00000185 FF 7B                  300 	.dw #0x7bff
    00000187 39 2B                  301 	.dw #0x2b39
    00000189 FF 47                  302 	.dw #0x47ff
    0000018B FF 5F                  303 	.dw #0x5fff
    0000018D FF 7B                  304 	.dw #0x7bff
    0000018F 31 2B                  305 	.dw #0x2b31
    00000191 F7 47                  306 	.dw #0x47f7
    00000193 FB 5F                  307 	.dw #0x5ffb
    00000195 FF 7B                  308 	.dw #0x7bff
    00000197 2A 2B                  309 	.dw #0x2b2a
    00000199 F1 47                  310 	.dw #0x47f1
    0000019B F7 5F                  311 	.dw #0x5ff7
    0000019D FE 7B                  312 	.dw #0x7bfe
    0000019F 2A 5B                  313 	.dw #0x5b2a
    000001A1 F1 73                  314 	.dw #0x73f1
    000001A3 F7 7B                  315 	.dw #0x7bf7
    000001A5 FE 7F                  316 	.dw #0x7ffe
    000001A7 EA 65                  317 	.dw #0x65ea
    000001A9 D1 7E                  318 	.dw #0x7ed1
    000001AB 77 7F                  319 	.dw #0x7f77
    000001AD DE 7F                  320 	.dw #0x7fde
    000001AF FF 7F                  321 	.dw #0x7fff
    000001B1 FF 7F                  322 	.dw #0x7fff
    000001B3 FF 7F                  323 	.dw #0x7fff
    000001B5 FF 7F                  324 	.dw #0x7fff
    000001B7 C6 18                  325 	.dw #0x18c6
    000001B9 63 0C                  326 	.dw #0x0c63
    000001BB 21 04                  327 	.dw #0x0421
    000001BD 00 00                  328 	.dw #0x0000
    000001BF                        329 _gbc_sprite_palettes:
    000001BF FF 7F                  330 	.dw #0x7fff
    000001C1 E0 7F                  331 	.dw #0x7fe0
    000001C3 40 7E                  332 	.dw #0x7e40
    000001C5 00 00                  333 	.dw #0x0000
    000001C7 FF 7F                  334 	.dw #0x7fff
    000001C9 9F 7D                  335 	.dw #0x7d9f
    000001CB D9 64                  336 	.dw #0x64d9
    000001CD 00 00                  337 	.dw #0x0000
                                    338 ;src/gameplay.c:143: void sp_cache_update(const Level *l, uint16_t cam_px,
                                    339 ;	---------------------------------
                                    340 ; Function sp_cache_update
                                    341 ; ---------------------------------
    000001CF                        342 _sp_cache_update::
    000001CF E8 E8            [16]  343 	add	sp, #-24
    000001D1 F8 14            [12]  344 	ldhl	sp,	#20
    000001D3 7B               [ 4]  345 	ld	a, e
    000001D4 22               [ 8]  346 	ld	(hl+), a
    000001D5 72               [ 8]  347 	ld	(hl), d
    000001D6 F8 12            [12]  348 	ldhl	sp,	#18
    000001D8 79               [ 4]  349 	ld	a, c
    000001D9 22               [ 8]  350 	ld	(hl+), a
                                    351 ;src/gameplay.c:147: uint8_t sp_bank = l->sp_bank;
    000001DA 78               [ 4]  352 	ld	a, b
    000001DB 22               [ 8]  353 	ld	(hl+), a
    000001DC 2A               [ 8]  354 	ld	a, (hl+)
    000001DD 5F               [ 4]  355 	ld	e, a
    000001DE 56               [ 8]  356 	ld	d, (hl)
    000001DF 21 14 00         [12]  357 	ld	hl, #0x0014
    000001E2 19               [ 8]  358 	add	hl, de
    000001E3 4D               [ 4]  359 	ld	c, l
    000001E4 44               [ 4]  360 	ld	b, h
    000001E5 0A               [ 8]  361 	ld	a, (bc)
    000001E6 F8 02            [12]  362 	ldhl	sp,	#2
    000001E8 77               [ 8]  363 	ld	(hl), a
                                    364 ;src/gameplay.c:148: const SpDef *sp_list = l->sp_list;
    000001E9 F8 14            [12]  365 	ldhl	sp,#20
    000001EB 2A               [ 8]  366 	ld	a, (hl+)
    000001EC 5F               [ 4]  367 	ld	e, a
    000001ED 56               [ 8]  368 	ld	d, (hl)
    000001EE 21 12 00         [12]  369 	ld	hl, #0x0012
    000001F1 19               [ 8]  370 	add	hl, de
    000001F2 4D               [ 4]  371 	ld	c, l
    000001F3 44               [ 4]  372 	ld	b, h
    000001F4 59               [ 4]  373 	ld	e, c
    000001F5 50               [ 4]  374 	ld	d, b
    000001F6 1A               [ 8]  375 	ld	a, (de)
    000001F7 F8 03            [12]  376 	ldhl	sp,	#3
    000001F9 22               [ 8]  377 	ld	(hl+), a
    000001FA 13               [ 8]  378 	inc	de
    000001FB 1A               [ 8]  379 	ld	a, (de)
    000001FC 77               [ 8]  380 	ld	(hl), a
                                    381 ;src/gameplay.c:151: for (i = 0; i < MAX_ACTIVE_SP_OBJECTS; i++) {
    000001FD F8 1A            [12]  382 	ldhl	sp,#26
    000001FF 2A               [ 8]  383 	ld	a, (hl+)
    00000200 5F               [ 4]  384 	ld	e, a
    00000201 56               [ 8]  385 	ld	d, (hl)
    00000202 21 50 00         [12]  386 	ld	hl, #0x0050
    00000205 19               [ 8]  387 	add	hl, de
    00000206 E5               [16]  388 	push	hl
    00000207 7D               [ 4]  389 	ld	a, l
    00000208 F8 07            [12]  390 	ldhl	sp,	#7
    0000020A 77               [ 8]  391 	ld	(hl), a
    0000020B E1               [12]  392 	pop	hl
    0000020C 7C               [ 4]  393 	ld	a, h
    0000020D F8 06            [12]  394 	ldhl	sp,	#6
    0000020F 77               [ 8]  395 	ld	(hl), a
    00000210 F8 17            [12]  396 	ldhl	sp,	#23
    00000212 36 00            [12]  397 	ld	(hl), #0x00
    00000214                        398 00115$:
                                    399 ;src/gameplay.c:152: if (!cache->active[i]) continue;
    00000214 F8 05            [12]  400 	ldhl	sp,#5
    00000216 2A               [ 8]  401 	ld	a, (hl+)
    00000217 5F               [ 4]  402 	ld	e, a
    00000218 56               [ 8]  403 	ld	d, (hl)
    00000219 F8 17            [12]  404 	ldhl	sp,	#23
    0000021B 6E               [ 8]  405 	ld	l, (hl)
    0000021C 26 00            [ 8]  406 	ld	h, #0x00
    0000021E 19               [ 8]  407 	add	hl, de
    0000021F E5               [16]  408 	push	hl
    00000220 7D               [ 4]  409 	ld	a, l
    00000221 F8 10            [12]  410 	ldhl	sp,	#16
    00000223 77               [ 8]  411 	ld	(hl), a
    00000224 E1               [12]  412 	pop	hl
    00000225 7C               [ 4]  413 	ld	a, h
    00000226 F8 0F            [12]  414 	ldhl	sp,	#15
    00000228 32               [ 8]  415 	ld	(hl-), a
    00000229 2A               [ 8]  416 	ld	a, (hl+)
    0000022A 5F               [ 4]  417 	ld	e, a
    0000022B 56               [ 8]  418 	ld	d, (hl)
    0000022C 1A               [ 8]  419 	ld	a, (de)
    0000022D B7               [ 4]  420 	or	a, a
    0000022E 28 39            [12]  421 	jr	Z, 00105$
                                    422 ;src/gameplay.c:153: if (cache->px[i] + 32u < cam_px) cache->active[i] = 0;
    00000230 F8 1A            [12]  423 	ldhl	sp,#26
    00000232 2A               [ 8]  424 	ld	a, (hl+)
    00000233 5F               [ 4]  425 	ld	e, a
    00000234 56               [ 8]  426 	ld	d, (hl)
    00000235 21 10 00         [12]  427 	ld	hl, #0x0010
    00000238 19               [ 8]  428 	add	hl, de
    00000239 E5               [16]  429 	push	hl
    0000023A 7D               [ 4]  430 	ld	a, l
    0000023B F8 12            [12]  431 	ldhl	sp,	#18
    0000023D 77               [ 8]  432 	ld	(hl), a
    0000023E E1               [12]  433 	pop	hl
    0000023F 7C               [ 4]  434 	ld	a, h
    00000240 F8 11            [12]  435 	ldhl	sp,	#17
    00000242 77               [ 8]  436 	ld	(hl), a
    00000243 F8 17            [12]  437 	ldhl	sp,	#23
    00000245 7E               [ 8]  438 	ld	a, (hl)
    00000246 87               [ 4]  439 	add	a, a
    00000247 5F               [ 4]  440 	ld	e, a
    00000248 16 00            [ 8]  441 	ld	d, #0x00
    0000024A F8 10            [12]  442 	ldhl	sp,	#16
    0000024C 2A               [ 8]  443 	ld	a,	(hl+)
    0000024D 66               [ 8]  444 	ld	h, (hl)
    0000024E 6F               [ 4]  445 	ld	l, a
    0000024F 19               [ 8]  446 	add	hl, de
    00000250 2A               [ 8]  447 	ld	a, (hl+)
    00000251 4F               [ 4]  448 	ld	c, a
    00000252 46               [ 8]  449 	ld	b, (hl)
    00000253 21 20 00         [12]  450 	ld	hl, #0x0020
    00000256 09               [ 8]  451 	add	hl, bc
    00000257 4D               [ 4]  452 	ld	c, l
    00000258 44               [ 4]  453 	ld	b, h
    00000259 F8 12            [12]  454 	ldhl	sp,	#18
    0000025B 79               [ 4]  455 	ld	a, c
    0000025C 96               [ 8]  456 	sub	a, (hl)
    0000025D 23               [ 8]  457 	inc	hl
    0000025E 78               [ 4]  458 	ld	a, b
    0000025F 9E               [ 8]  459 	sbc	a, (hl)
    00000260 30 07            [12]  460 	jr	NC, 00105$
    00000262 F8 0E            [12]  461 	ldhl	sp,	#14
    00000264 2A               [ 8]  462 	ld	a, (hl+)
    00000265 66               [ 8]  463 	ld	h, (hl)
    00000266 6F               [ 4]  464 	ld	l, a
    00000267 36 00            [12]  465 	ld	(hl), #0x00
    00000269                        466 00105$:
                                    467 ;src/gameplay.c:151: for (i = 0; i < MAX_ACTIVE_SP_OBJECTS; i++) {
    00000269 F8 17            [12]  468 	ldhl	sp,	#23
    0000026B 34               [12]  469 	inc	(hl)
    0000026C 7E               [ 8]  470 	ld	a, (hl)
    0000026D D6 10            [ 8]  471 	sub	a, #0x10
    0000026F 38 A3            [12]  472 	jr	C, 00115$
                                    473 ;src/gameplay.c:157: for (i = 0; i < MAX_ACTIVE_SP_OBJECTS; i++) {
    00000271 F8 1A            [12]  474 	ldhl	sp,#26
    00000273 2A               [ 8]  475 	ld	a, (hl+)
    00000274 5F               [ 4]  476 	ld	e, a
    00000275 56               [ 8]  477 	ld	d, (hl)
    00000276 21 10 00         [12]  478 	ld	hl, #0x0010
    00000279 19               [ 8]  479 	add	hl, de
    0000027A E5               [16]  480 	push	hl
    0000027B 7D               [ 4]  481 	ld	a, l
    0000027C F8 09            [12]  482 	ldhl	sp,	#9
    0000027E 77               [ 8]  483 	ld	(hl), a
    0000027F E1               [12]  484 	pop	hl
    00000280 7C               [ 4]  485 	ld	a, h
    00000281 F8 08            [12]  486 	ldhl	sp,	#8
    00000283 77               [ 8]  487 	ld	(hl), a
    00000284 F8 1A            [12]  488 	ldhl	sp,#26
    00000286 2A               [ 8]  489 	ld	a, (hl+)
    00000287 5F               [ 4]  490 	ld	e, a
    00000288 56               [ 8]  491 	ld	d, (hl)
    00000289 21 30 00         [12]  492 	ld	hl, #0x0030
    0000028C 19               [ 8]  493 	add	hl, de
    0000028D E5               [16]  494 	push	hl
    0000028E 7D               [ 4]  495 	ld	a, l
    0000028F F8 0B            [12]  496 	ldhl	sp,	#11
    00000291 77               [ 8]  497 	ld	(hl), a
    00000292 E1               [12]  498 	pop	hl
    00000293 7C               [ 4]  499 	ld	a, h
    00000294 F8 0A            [12]  500 	ldhl	sp,	#10
    00000296 77               [ 8]  501 	ld	(hl), a
    00000297 F8 1A            [12]  502 	ldhl	sp,#26
    00000299 2A               [ 8]  503 	ld	a, (hl+)
    0000029A 5F               [ 4]  504 	ld	e, a
    0000029B 56               [ 8]  505 	ld	d, (hl)
    0000029C 21 60 00         [12]  506 	ld	hl, #0x0060
    0000029F 19               [ 8]  507 	add	hl, de
    000002A0 E5               [16]  508 	push	hl
    000002A1 7D               [ 4]  509 	ld	a, l
    000002A2 F8 0D            [12]  510 	ldhl	sp,	#13
    000002A4 77               [ 8]  511 	ld	(hl), a
    000002A5 E1               [12]  512 	pop	hl
    000002A6 7C               [ 4]  513 	ld	a, h
    000002A7 F8 0C            [12]  514 	ldhl	sp,	#12
    000002A9 77               [ 8]  515 	ld	(hl), a
    000002AA F8 16            [12]  516 	ldhl	sp,	#22
    000002AC AF               [ 4]  517 	xor	a, a
    000002AD 22               [ 8]  518 	ld	(hl+), a
    000002AE 77               [ 8]  519 	ld	(hl), a
    000002AF                        520 00116$:
                                    521 ;src/gameplay.c:158: if (cache->active[i]) {
    000002AF F8 05            [12]  522 	ldhl	sp,#5
    000002B1 2A               [ 8]  523 	ld	a, (hl+)
    000002B2 5F               [ 4]  524 	ld	e, a
    000002B3 56               [ 8]  525 	ld	d, (hl)
    000002B4 F8 17            [12]  526 	ldhl	sp,	#23
    000002B6 6E               [ 8]  527 	ld	l, (hl)
    000002B7 26 00            [ 8]  528 	ld	h, #0x00
    000002B9 19               [ 8]  529 	add	hl, de
    000002BA E5               [16]  530 	push	hl
    000002BB 7D               [ 4]  531 	ld	a, l
    000002BC F8 0F            [12]  532 	ldhl	sp,	#15
    000002BE 77               [ 8]  533 	ld	(hl), a
    000002BF E1               [12]  534 	pop	hl
    000002C0 7C               [ 4]  535 	ld	a, h
    000002C1 F8 0E            [12]  536 	ldhl	sp,	#14
    000002C3 32               [ 8]  537 	ld	(hl-), a
    000002C4 2A               [ 8]  538 	ld	a, (hl+)
    000002C5 5F               [ 4]  539 	ld	e, a
    000002C6 56               [ 8]  540 	ld	d, (hl)
    000002C7 1A               [ 8]  541 	ld	a, (de)
    000002C8 B7               [ 4]  542 	or	a, a
    000002C9 CAr7Cr03         [16]  543 	jp	Z, 00117$
                                    544 ;src/gameplay.c:159: if (count != i) {
    000002CC F8 16            [12]  545 	ldhl	sp,	#22
    000002CE 2A               [ 8]  546 	ld	a, (hl+)
    000002CF 96               [ 8]  547 	sub	a, (hl)
    000002D0 CAr79r03         [16]  548 	jp	Z, 00108$
                                    549 ;src/gameplay.c:160: cache->obj[count] = cache->obj[i];
    000002D3 F8 1A            [12]  550 	ldhl	sp,#26
    000002D5 2A               [ 8]  551 	ld	a, (hl+)
    000002D6 5F               [ 4]  552 	ld	e, a
    000002D7 56               [ 8]  553 	ld	d, (hl)
    000002D8 F8 16            [12]  554 	ldhl	sp,	#22
    000002DA 6E               [ 8]  555 	ld	l, (hl)
    000002DB 26 00            [ 8]  556 	ld	h, #0x00
    000002DD 19               [ 8]  557 	add	hl, de
    000002DE 4D               [ 4]  558 	ld	c, l
    000002DF 44               [ 4]  559 	ld	b, h
    000002E0 F8 1A            [12]  560 	ldhl	sp,#26
    000002E2 2A               [ 8]  561 	ld	a, (hl+)
    000002E3 5F               [ 4]  562 	ld	e, a
    000002E4 56               [ 8]  563 	ld	d, (hl)
    000002E5 F8 17            [12]  564 	ldhl	sp,	#23
    000002E7 6E               [ 8]  565 	ld	l, (hl)
    000002E8 26 00            [ 8]  566 	ld	h, #0x00
    000002EA 19               [ 8]  567 	add	hl, de
    000002EB 5D               [ 4]  568 	ld	e, l
    000002EC 54               [ 4]  569 	ld	d, h
    000002ED 1A               [ 8]  570 	ld	a, (de)
    000002EE 02               [ 8]  571 	ld	(bc), a
                                    572 ;src/gameplay.c:161: cache->px[count] = cache->px[i];
    000002EF F8 16            [12]  573 	ldhl	sp,	#22
    000002F1 7E               [ 8]  574 	ld	a, (hl)
    000002F2 87               [ 4]  575 	add	a, a
    000002F3 F8 11            [12]  576 	ldhl	sp,	#17
    000002F5 77               [ 8]  577 	ld	(hl), a
    000002F6 F8 07            [12]  578 	ldhl	sp,#7
    000002F8 2A               [ 8]  579 	ld	a, (hl+)
    000002F9 5F               [ 4]  580 	ld	e, a
    000002FA 56               [ 8]  581 	ld	d, (hl)
    000002FB F8 11            [12]  582 	ldhl	sp,	#17
    000002FD 6E               [ 8]  583 	ld	l, (hl)
    000002FE 26 00            [ 8]  584 	ld	h, #0x00
    00000300 19               [ 8]  585 	add	hl, de
    00000301 33               [ 8]  586 	inc	sp
    00000302 33               [ 8]  587 	inc	sp
    00000303 E5               [16]  588 	push	hl
    00000304 F8 17            [12]  589 	ldhl	sp,	#23
    00000306 7E               [ 8]  590 	ld	a, (hl)
    00000307 87               [ 4]  591 	add	a, a
    00000308 F8 0F            [12]  592 	ldhl	sp,	#15
    0000030A 77               [ 8]  593 	ld	(hl), a
    0000030B F8 07            [12]  594 	ldhl	sp,#7
    0000030D 2A               [ 8]  595 	ld	a, (hl+)
    0000030E 5F               [ 4]  596 	ld	e, a
    0000030F 56               [ 8]  597 	ld	d, (hl)
    00000310 F8 0F            [12]  598 	ldhl	sp,	#15
    00000312 6E               [ 8]  599 	ld	l, (hl)
    00000313 26 00            [ 8]  600 	ld	h, #0x00
    00000315 19               [ 8]  601 	add	hl, de
    00000316 2A               [ 8]  602 	ld	a, (hl+)
    00000317 4F               [ 4]  603 	ld	c, a
    00000318 46               [ 8]  604 	ld	b, (hl)
    00000319 E1               [12]  605 	pop	hl
    0000031A E5               [16]  606 	push	hl
    0000031B 79               [ 4]  607 	ld	a, c
    0000031C 22               [ 8]  608 	ld	(hl+), a
    0000031D 70               [ 8]  609 	ld	(hl), b
                                    610 ;src/gameplay.c:162: cache->py[count] = cache->py[i];
    0000031E F8 11            [12]  611 	ldhl	sp,	#17
    00000320 5E               [ 8]  612 	ld	e, (hl)
    00000321 16 00            [ 8]  613 	ld	d, #0x00
    00000323 F8 09            [12]  614 	ldhl	sp,	#9
    00000325 2A               [ 8]  615 	ld	a,	(hl+)
    00000326 66               [ 8]  616 	ld	h, (hl)
    00000327 6F               [ 4]  617 	ld	l, a
    00000328 19               [ 8]  618 	add	hl, de
    00000329 E5               [16]  619 	push	hl
    0000032A 7D               [ 4]  620 	ld	a, l
    0000032B F8 12            [12]  621 	ldhl	sp,	#18
    0000032D 77               [ 8]  622 	ld	(hl), a
    0000032E E1               [12]  623 	pop	hl
    0000032F 7C               [ 4]  624 	ld	a, h
    00000330 F8 11            [12]  625 	ldhl	sp,	#17
    00000332 32               [ 8]  626 	ld	(hl-), a
    00000333 2B               [ 8]  627 	dec	hl
    00000334 5E               [ 8]  628 	ld	e, (hl)
    00000335 16 00            [ 8]  629 	ld	d, #0x00
    00000337 F8 09            [12]  630 	ldhl	sp,	#9
    00000339 2A               [ 8]  631 	ld	a,	(hl+)
    0000033A 66               [ 8]  632 	ld	h, (hl)
    0000033B 6F               [ 4]  633 	ld	l, a
    0000033C 19               [ 8]  634 	add	hl, de
    0000033D 2A               [ 8]  635 	ld	a, (hl+)
    0000033E 4F               [ 4]  636 	ld	c, a
    0000033F 46               [ 8]  637 	ld	b, (hl)
    00000340 F8 10            [12]  638 	ldhl	sp,	#16
    00000342 2A               [ 8]  639 	ld	a, (hl+)
    00000343 66               [ 8]  640 	ld	h, (hl)
    00000344 6F               [ 4]  641 	ld	l, a
    00000345 79               [ 4]  642 	ld	a, c
    00000346 22               [ 8]  643 	ld	(hl+), a
    00000347 70               [ 8]  644 	ld	(hl), b
                                    645 ;src/gameplay.c:163: cache->active[count] = cache->active[i];
    00000348 F8 05            [12]  646 	ldhl	sp,#5
    0000034A 2A               [ 8]  647 	ld	a, (hl+)
    0000034B 5F               [ 4]  648 	ld	e, a
    0000034C 56               [ 8]  649 	ld	d, (hl)
    0000034D F8 16            [12]  650 	ldhl	sp,	#22
    0000034F 6E               [ 8]  651 	ld	l, (hl)
    00000350 26 00            [ 8]  652 	ld	h, #0x00
    00000352 19               [ 8]  653 	add	hl, de
    00000353 4D               [ 4]  654 	ld	c, l
    00000354 44               [ 4]  655 	ld	b, h
    00000355 F8 0D            [12]  656 	ldhl	sp,#13
    00000357 2A               [ 8]  657 	ld	a, (hl+)
    00000358 5F               [ 4]  658 	ld	e, a
                                    659 ;src/gameplay.c:164: cache->activated[count] = cache->activated[i];
    00000359 3A               [ 8]  660 	ld	a, (hl-)
    0000035A 2B               [ 8]  661 	dec	hl
    0000035B 2B               [ 8]  662 	dec	hl
    0000035C 57               [ 4]  663 	ld	d, a
    0000035D 1A               [ 8]  664 	ld	a, (de)
    0000035E 02               [ 8]  665 	ld	(bc), a
    0000035F 2A               [ 8]  666 	ld	a, (hl+)
    00000360 5F               [ 4]  667 	ld	e, a
    00000361 56               [ 8]  668 	ld	d, (hl)
    00000362 F8 16            [12]  669 	ldhl	sp,	#22
    00000364 6E               [ 8]  670 	ld	l, (hl)
    00000365 26 00            [ 8]  671 	ld	h, #0x00
    00000367 19               [ 8]  672 	add	hl, de
    00000368 4D               [ 4]  673 	ld	c, l
    00000369 44               [ 4]  674 	ld	b, h
    0000036A F8 0B            [12]  675 	ldhl	sp,#11
    0000036C 2A               [ 8]  676 	ld	a, (hl+)
    0000036D 5F               [ 4]  677 	ld	e, a
    0000036E 56               [ 8]  678 	ld	d, (hl)
    0000036F F8 17            [12]  679 	ldhl	sp,	#23
    00000371 6E               [ 8]  680 	ld	l, (hl)
    00000372 26 00            [ 8]  681 	ld	h, #0x00
    00000374 19               [ 8]  682 	add	hl, de
    00000375 5D               [ 4]  683 	ld	e, l
    00000376 54               [ 4]  684 	ld	d, h
    00000377 1A               [ 8]  685 	ld	a, (de)
    00000378 02               [ 8]  686 	ld	(bc), a
    00000379                        687 00108$:
                                    688 ;src/gameplay.c:166: count++;
    00000379 F8 16            [12]  689 	ldhl	sp,	#22
    0000037B 34               [12]  690 	inc	(hl)
    0000037C                        691 00117$:
                                    692 ;src/gameplay.c:157: for (i = 0; i < MAX_ACTIVE_SP_OBJECTS; i++) {
    0000037C F8 17            [12]  693 	ldhl	sp,	#23
    0000037E 34               [12]  694 	inc	(hl)
    0000037F 7E               [ 8]  695 	ld	a, (hl)
    00000380 D6 10            [ 8]  696 	sub	a, #0x10
    00000382 DArAFr02         [16]  697 	jp	C, 00116$
                                    698 ;src/gameplay.c:169: while (count < MAX_ACTIVE_SP_OBJECTS) cache->active[count++] = 0;
    00000385 2B               [ 8]  699 	dec	hl
    00000386 4E               [ 8]  700 	ld	c, (hl)
    00000387                        701 00112$:
    00000387 79               [ 4]  702 	ld	a, c
    00000388 D6 10            [ 8]  703 	sub	a, #0x10
    0000038A 30 10            [12]  704 	jr	NC, 00114$
    0000038C 59               [ 4]  705 	ld	e, c
    0000038D 0C               [ 4]  706 	inc	c
    0000038E 16 00            [ 8]  707 	ld	d, #0x00
    00000390 F8 05            [12]  708 	ldhl	sp,	#5
    00000392 2A               [ 8]  709 	ld	a,	(hl+)
    00000393 66               [ 8]  710 	ld	h, (hl)
    00000394 6F               [ 4]  711 	ld	l, a
    00000395 19               [ 8]  712 	add	hl, de
    00000396 5D               [ 4]  713 	ld	e, l
    00000397 54               [ 4]  714 	ld	d, h
    00000398 AF               [ 4]  715 	xor	a, a
    00000399 12               [ 8]  716 	ld	(de), a
    0000039A 18 EB            [12]  717 	jr	00112$
    0000039C                        718 00114$:
                                    719 ;src/gameplay.c:171: sp_cache_load(sp_bank, sp_list, cam_px, cache, stream_idx, l->map_height);
    0000039C F8 14            [12]  720 	ldhl	sp,#20
    0000039E 2A               [ 8]  721 	ld	a, (hl+)
    0000039F 5F               [ 4]  722 	ld	e, a
    000003A0 56               [ 8]  723 	ld	d, (hl)
    000003A1 21 0C 00         [12]  724 	ld	hl, #0x000c
    000003A4 19               [ 8]  725 	add	hl, de
    000003A5 2A               [ 8]  726 	ld	a, (hl+)
    000003A6 4F               [ 4]  727 	ld	c, a
    000003A7 46               [ 8]  728 	ld	b, (hl)
    000003A8 C5               [16]  729 	push	bc
    000003A9 F8 1E            [12]  730 	ldhl	sp,	#30
    000003AB 2A               [ 8]  731 	ld	a, (hl+)
    000003AC 5F               [ 4]  732 	ld	e, a
    000003AD 56               [ 8]  733 	ld	d, (hl)
    000003AE D5               [16]  734 	push	de
    000003AF F8 1E            [12]  735 	ldhl	sp,	#30
    000003B1 2A               [ 8]  736 	ld	a, (hl+)
    000003B2 5F               [ 4]  737 	ld	e, a
    000003B3 56               [ 8]  738 	ld	d, (hl)
    000003B4 D5               [16]  739 	push	de
    000003B5 F8 18            [12]  740 	ldhl	sp,	#24
    000003B7 2A               [ 8]  741 	ld	a, (hl+)
    000003B8 5F               [ 4]  742 	ld	e, a
    000003B9 56               [ 8]  743 	ld	d, (hl)
    000003BA D5               [16]  744 	push	de
    000003BB F8 0B            [12]  745 	ldhl	sp,	#11
    000003BD 2A               [ 8]  746 	ld	a, (hl+)
    000003BE 5F               [ 4]  747 	ld	e, a
    000003BF 3A               [ 8]  748 	ld	a, (hl-)
    000003C0 2B               [ 8]  749 	dec	hl
    000003C1 57               [ 4]  750 	ld	d, a
    000003C2 7E               [ 8]  751 	ld	a, (hl)
    000003C3 CDr00r00         [24]  752 	call	_sp_cache_load
                                    753 ;src/gameplay.c:172: }
    000003C6 E8 18            [16]  754 	add	sp, #24
    000003C8 E1               [12]  755 	pop	hl
    000003C9 E8 04            [16]  756 	add	sp, #4
    000003CB E9               [ 4]  757 	jp	(hl)
                                    758 ;src/gameplay.c:179: static uint8_t draw_oam_2x1(const metasprite_t* meta, uint8_t tile_base, uint8_t oam_idx, uint8_t sx, uint8_t sy, uint8_t reversed) {
                                    759 ;	---------------------------------
                                    760 ; Function draw_oam_2x1
                                    761 ; ---------------------------------
    000003CC                        762 _draw_oam_2x1:
    000003CC E8 F8            [16]  763 	add	sp, #-8
    000003CE D5               [16]  764 	push	de
    000003CF F8 09            [12]  765 	ldhl	sp,	#9
    000003D1 77               [ 8]  766 	ld	(hl), a
                                    767 ;src/gameplay.c:181: uint8_t *oam = (uint8_t *)&shadow_OAM[oam_idx];
    000003D2 F8 0C            [12]  768 	ldhl	sp,	#12
    000003D4 4E               [ 8]  769 	ld	c, (hl)
    000003D5 AF               [ 4]  770 	xor	a, a
    000003D6 69               [ 4]  771 	ld	l, c
    000003D7 67               [ 4]  772 	ld	h, a
    000003D8 29               [ 8]  773 	add	hl, hl
    000003D9 29               [ 8]  774 	add	hl, hl
    000003DA 11r00r00         [12]  775 	ld	de, #_shadow_OAM
    000003DD 19               [ 8]  776 	add	hl, de
    000003DE 5D               [ 4]  777 	ld	e, l
    000003DF 54               [ 4]  778 	ld	d, h
                                    779 ;src/gameplay.c:184: *oam++ = sy; *oam++ = sx;     *oam++ = meta->dtile + tile_base; *oam++ = meta->props; meta++;
    000003E0 4B               [ 4]  780 	ld	c, e
    000003E1 42               [ 4]  781 	ld	b, d
    000003E2 03               [ 8]  782 	inc	bc
    000003E3 D5               [16]  783 	push	de
    000003E4 F8 02            [12]  784 	ldhl	sp,#2
    000003E6 2A               [ 8]  785 	ld	a, (hl+)
    000003E7 5F               [ 4]  786 	ld	e, a
    000003E8 56               [ 8]  787 	ld	d, (hl)
    000003E9 21 02 00         [12]  788 	ld	hl, #0x0002
    000003EC 19               [ 8]  789 	add	hl, de
    000003ED D1               [12]  790 	pop	de
    000003EE E5               [16]  791 	push	hl
    000003EF 7D               [ 4]  792 	ld	a, l
    000003F0 F8 04            [12]  793 	ldhl	sp,	#4
    000003F2 77               [ 8]  794 	ld	(hl), a
    000003F3 E1               [12]  795 	pop	hl
    000003F4 7C               [ 4]  796 	ld	a, h
    000003F5 F8 03            [12]  797 	ldhl	sp,	#3
    000003F7 32               [ 8]  798 	ld	(hl-), a
    000003F8 2B               [ 8]  799 	dec	hl
    000003F9 2B               [ 8]  800 	dec	hl
    000003FA D5               [16]  801 	push	de
    000003FB 2A               [ 8]  802 	ld	a, (hl+)
    000003FC 5F               [ 4]  803 	ld	e, a
    000003FD 56               [ 8]  804 	ld	d, (hl)
    000003FE 21 03 00         [12]  805 	ld	hl, #0x0003
    00000401 19               [ 8]  806 	add	hl, de
    00000402 D1               [12]  807 	pop	de
    00000403 E5               [16]  808 	push	hl
    00000404 7D               [ 4]  809 	ld	a, l
    00000405 F8 06            [12]  810 	ldhl	sp,	#6
    00000407 77               [ 8]  811 	ld	(hl), a
    00000408 E1               [12]  812 	pop	hl
    00000409 7C               [ 4]  813 	ld	a, h
    0000040A F8 05            [12]  814 	ldhl	sp,	#5
    0000040C 77               [ 8]  815 	ld	(hl), a
    0000040D D5               [16]  816 	push	de
    0000040E F8 02            [12]  817 	ldhl	sp,#2
    00000410 2A               [ 8]  818 	ld	a, (hl+)
    00000411 5F               [ 4]  819 	ld	e, a
    00000412 56               [ 8]  820 	ld	d, (hl)
    00000413 21 04 00         [12]  821 	ld	hl, #0x0004
    00000416 19               [ 8]  822 	add	hl, de
    00000417 D1               [12]  823 	pop	de
    00000418 E5               [16]  824 	push	hl
    00000419 7D               [ 4]  825 	ld	a, l
    0000041A F8 08            [12]  826 	ldhl	sp,	#8
    0000041C 77               [ 8]  827 	ld	(hl), a
    0000041D E1               [12]  828 	pop	hl
    0000041E 7C               [ 4]  829 	ld	a, h
    0000041F F8 07            [12]  830 	ldhl	sp,	#7
    00000421 77               [ 8]  831 	ld	(hl), a
                                    832 ;src/gameplay.c:185: *oam++ = sy; *oam++ = sx + 8; *oam++ = meta->dtile + tile_base; *oam++ = meta->props;
    00000422 F8 0D            [12]  833 	ldhl	sp,	#13
    00000424 7E               [ 8]  834 	ld	a, (hl)
    00000425 C6 08            [ 8]  835 	add	a, #0x08
    00000427 F8 08            [12]  836 	ldhl	sp,	#8
    00000429 77               [ 8]  837 	ld	(hl), a
                                    838 ;src/gameplay.c:183: if (!reversed) {
    0000042A F8 0F            [12]  839 	ldhl	sp,	#15
    0000042C 7E               [ 8]  840 	ld	a, (hl)
    0000042D B7               [ 4]  841 	or	a, a
    0000042E 20 38            [12]  842 	jr	NZ, 00102$
                                    843 ;src/gameplay.c:184: *oam++ = sy; *oam++ = sx;     *oam++ = meta->dtile + tile_base; *oam++ = meta->props; meta++;
    00000430 2B               [ 8]  844 	dec	hl
    00000431 3A               [ 8]  845 	ld	a, (hl-)
    00000432 12               [ 8]  846 	ld	(de), a
    00000433 7E               [ 8]  847 	ld	a, (hl)
    00000434 02               [ 8]  848 	ld	(bc), a
    00000435 03               [ 8]  849 	inc	bc
    00000436 F8 02            [12]  850 	ldhl	sp,#2
    00000438 2A               [ 8]  851 	ld	a, (hl+)
    00000439 5F               [ 4]  852 	ld	e, a
    0000043A 56               [ 8]  853 	ld	d, (hl)
    0000043B 1A               [ 8]  854 	ld	a, (de)
    0000043C F8 09            [12]  855 	ldhl	sp,	#9
    0000043E 86               [ 8]  856 	add	a, (hl)
    0000043F 02               [ 8]  857 	ld	(bc), a
    00000440 03               [ 8]  858 	inc	bc
    00000441 F8 04            [12]  859 	ldhl	sp,#4
    00000443 2A               [ 8]  860 	ld	a, (hl+)
    00000444 5F               [ 4]  861 	ld	e, a
    00000445 2A               [ 8]  862 	ld	a, (hl+)
    00000446 57               [ 4]  863 	ld	d, a
    00000447 1A               [ 8]  864 	ld	a, (de)
    00000448 02               [ 8]  865 	ld	(bc), a
    00000449 03               [ 8]  866 	inc	bc
    0000044A 2A               [ 8]  867 	ld	a, (hl+)
    0000044B 5F               [ 4]  868 	ld	e, a
    0000044C 56               [ 8]  869 	ld	d, (hl)
                                    870 ;src/gameplay.c:185: *oam++ = sy; *oam++ = sx + 8; *oam++ = meta->dtile + tile_base; *oam++ = meta->props;
    0000044D F8 0E            [12]  871 	ldhl	sp,	#14
    0000044F 7E               [ 8]  872 	ld	a, (hl)
    00000450 02               [ 8]  873 	ld	(bc), a
    00000451 03               [ 8]  874 	inc	bc
    00000452 F8 08            [12]  875 	ldhl	sp,	#8
    00000454 7E               [ 8]  876 	ld	a, (hl)
    00000455 02               [ 8]  877 	ld	(bc), a
    00000456 03               [ 8]  878 	inc	bc
    00000457 6B               [ 4]  879 	ld	l, e
    00000458 62               [ 4]  880 	ld	h, d
    00000459 23               [ 8]  881 	inc	hl
    0000045A 23               [ 8]  882 	inc	hl
    0000045B 7E               [ 8]  883 	ld	a, (hl)
    0000045C F8 09            [12]  884 	ldhl	sp,	#9
    0000045E 86               [ 8]  885 	add	a, (hl)
    0000045F 02               [ 8]  886 	ld	(bc), a
    00000460 03               [ 8]  887 	inc	bc
    00000461 13               [ 8]  888 	inc	de
    00000462 13               [ 8]  889 	inc	de
    00000463 13               [ 8]  890 	inc	de
    00000464 1A               [ 8]  891 	ld	a, (de)
    00000465 02               [ 8]  892 	ld	(bc), a
    00000466 18 3B            [12]  893 	jr	00103$
    00000468                        894 00102$:
                                    895 ;src/gameplay.c:187: *oam++ = sy; *oam++ = sx + 8; *oam++ = meta->dtile + tile_base; *oam++ = meta->props ^ S_FLIPX; meta++;
    00000468 F8 0E            [12]  896 	ldhl	sp,	#14
    0000046A 7E               [ 8]  897 	ld	a, (hl)
    0000046B 12               [ 8]  898 	ld	(de), a
    0000046C F8 08            [12]  899 	ldhl	sp,	#8
    0000046E 7E               [ 8]  900 	ld	a, (hl)
    0000046F 02               [ 8]  901 	ld	(bc), a
    00000470 03               [ 8]  902 	inc	bc
    00000471 F8 02            [12]  903 	ldhl	sp,#2
    00000473 2A               [ 8]  904 	ld	a, (hl+)
    00000474 5F               [ 4]  905 	ld	e, a
    00000475 56               [ 8]  906 	ld	d, (hl)
    00000476 1A               [ 8]  907 	ld	a, (de)
    00000477 F8 09            [12]  908 	ldhl	sp,	#9
    00000479 86               [ 8]  909 	add	a, (hl)
    0000047A 02               [ 8]  910 	ld	(bc), a
    0000047B 03               [ 8]  911 	inc	bc
    0000047C F8 04            [12]  912 	ldhl	sp,#4
    0000047E 2A               [ 8]  913 	ld	a, (hl+)
    0000047F 5F               [ 4]  914 	ld	e, a
    00000480 2A               [ 8]  915 	ld	a, (hl+)
    00000481 57               [ 4]  916 	ld	d, a
    00000482 1A               [ 8]  917 	ld	a, (de)
    00000483 EE 20            [ 8]  918 	xor	a, #0x20
    00000485 02               [ 8]  919 	ld	(bc), a
    00000486 03               [ 8]  920 	inc	bc
    00000487 2A               [ 8]  921 	ld	a, (hl+)
    00000488 5F               [ 4]  922 	ld	e, a
    00000489 56               [ 8]  923 	ld	d, (hl)
                                    924 ;src/gameplay.c:188: *oam++ = sy; *oam++ = sx;     *oam++ = meta->dtile + tile_base; *oam++ = meta->props ^ S_FLIPX;
    0000048A F8 0E            [12]  925 	ldhl	sp,	#14
    0000048C 3A               [ 8]  926 	ld	a, (hl-)
    0000048D 02               [ 8]  927 	ld	(bc), a
    0000048E 03               [ 8]  928 	inc	bc
    0000048F 7E               [ 8]  929 	ld	a, (hl)
    00000490 02               [ 8]  930 	ld	(bc), a
    00000491 03               [ 8]  931 	inc	bc
    00000492 6B               [ 4]  932 	ld	l, e
    00000493 62               [ 4]  933 	ld	h, d
    00000494 23               [ 8]  934 	inc	hl
    00000495 23               [ 8]  935 	inc	hl
    00000496 7E               [ 8]  936 	ld	a, (hl)
    00000497 F8 09            [12]  937 	ldhl	sp,	#9
    00000499 86               [ 8]  938 	add	a, (hl)
    0000049A 02               [ 8]  939 	ld	(bc), a
    0000049B 03               [ 8]  940 	inc	bc
    0000049C 13               [ 8]  941 	inc	de
    0000049D 13               [ 8]  942 	inc	de
    0000049E 13               [ 8]  943 	inc	de
    0000049F 1A               [ 8]  944 	ld	a, (de)
    000004A0 EE 20            [ 8]  945 	xor	a, #0x20
    000004A2 02               [ 8]  946 	ld	(bc), a
    000004A3                        947 00103$:
                                    948 ;src/gameplay.c:190: return 2;
    000004A3 3E 02            [ 8]  949 	ld	a, #0x02
                                    950 ;src/gameplay.c:191: }
    000004A5 E8 0A            [16]  951 	add	sp, #10
    000004A7 E1               [12]  952 	pop	hl
    000004A8 E8 04            [16]  953 	add	sp, #4
    000004AA E9               [ 4]  954 	jp	(hl)
                                    955 ;src/gameplay.c:197: static uint8_t draw_oam_2x2(uint8_t tile_base, uint8_t oam_idx,
                                    956 ;	---------------------------------
                                    957 ; Function draw_oam_2x2
                                    958 ; ---------------------------------
    000004AB                        959 _draw_oam_2x2:
                                    960 ;src/gameplay.c:329: __endasm;
                                    961 ;	Save the input bytes while building &shadow_OAM[oam_idx].
    000004AB D5               [16]  962 	push	de
    000004AC C5               [16]  963 	push	bc
    000004AD F5               [16]  964 	push	af
    000004AE AF               [ 4]  965 	xor	a
    000004AF 6B               [ 4]  966 	ld	l, e
    000004B0 67               [ 4]  967 	ld	h, a
    000004B1 29               [ 8]  968 	add	hl, hl
    000004B2 29               [ 8]  969 	add	hl, hl
    000004B3 11r00r00         [12]  970 	ld	de, #_shadow_OAM
    000004B6 19               [ 8]  971 	add	hl, de
    000004B7 F1               [12]  972 	pop	af
    000004B8 C1               [12]  973 	pop	bc
    000004B9 D1               [12]  974 	pop	de
                                    975 ;	D=sx, C=sy, B=reversed, A=tile_base.
    000004BA 5F               [ 4]  976 	ld	e, a
    000004BB 1C               [ 4]  977 	inc	e
    000004BC 1C               [ 4]  978 	inc	e ; E=tile_base+2
    000004BD 78               [ 4]  979 	ld	a, b
    000004BE B7               [ 4]  980 	or	a
    000004BF 20 3B            [12]  981 	jr	NZ, 00102$
                                    982 ;	Normal order: left/right, then bottom left/right.
    000004C1 71               [ 8]  983 	ld	(hl), c
    000004C2 23               [ 8]  984 	inc	hl
    000004C3 72               [ 8]  985 	ld	(hl), d
    000004C4 23               [ 8]  986 	inc	hl
    000004C5 7B               [ 4]  987 	ld	a, e
    000004C6 D6 02            [ 8]  988 	sub	#2
    000004C8 77               [ 8]  989 	ld	(hl), a
    000004C9 23               [ 8]  990 	inc	hl
    000004CA 36 03            [12]  991 	ld	(hl), #3
    000004CC 23               [ 8]  992 	inc	hl
    000004CD 71               [ 8]  993 	ld	(hl), c
    000004CE 23               [ 8]  994 	inc	hl
    000004CF 7A               [ 4]  995 	ld	a, d
    000004D0 C6 08            [ 8]  996 	add	#8
    000004D2 77               [ 8]  997 	ld	(hl), a
    000004D3 23               [ 8]  998 	inc	hl
    000004D4 7B               [ 4]  999 	ld	a, e
    000004D5 77               [ 8] 1000 	ld	(hl), a
    000004D6 23               [ 8] 1001 	inc	hl
    000004D7 36 03            [12] 1002 	ld	(hl), #3
    000004D9 23               [ 8] 1003 	inc	hl
    000004DA 79               [ 4] 1004 	ld	a, c
    000004DB C6 10            [ 8] 1005 	add	#16
    000004DD 77               [ 8] 1006 	ld	(hl), a
    000004DE 23               [ 8] 1007 	inc	hl
    000004DF 72               [ 8] 1008 	ld	(hl), d
    000004E0 23               [ 8] 1009 	inc	hl
    000004E1 7B               [ 4] 1010 	ld	a, e
    000004E2 C6 02            [ 8] 1011 	add	#2
    000004E4 77               [ 8] 1012 	ld	(hl), a
    000004E5 23               [ 8] 1013 	inc	hl
    000004E6 36 03            [12] 1014 	ld	(hl), #3
    000004E8 23               [ 8] 1015 	inc	hl
    000004E9 79               [ 4] 1016 	ld	a, c
    000004EA C6 10            [ 8] 1017 	add	#16
    000004EC 77               [ 8] 1018 	ld	(hl), a
    000004ED 23               [ 8] 1019 	inc	hl
    000004EE 7A               [ 4] 1020 	ld	a, d
    000004EF C6 08            [ 8] 1021 	add	#8
    000004F1 77               [ 8] 1022 	ld	(hl), a
    000004F2 23               [ 8] 1023 	inc	hl
    000004F3 7B               [ 4] 1024 	ld	a, e
    000004F4 C6 04            [ 8] 1025 	add	#4
    000004F6 77               [ 8] 1026 	ld	(hl), a
    000004F7 23               [ 8] 1027 	inc	hl
    000004F8 36 03            [12] 1028 	ld	(hl), #3
    000004FA 18 38            [12] 1029 	jr	00103$
    000004FC                       1030 00102$:
                                   1031 ;	Mirror order: swap columns and set HFLIP (palette 3 | 0x20).
    000004FC 71               [ 8] 1032 	ld	(hl), c
    000004FD 23               [ 8] 1033 	inc	hl
    000004FE 7A               [ 4] 1034 	ld	a, d
    000004FF C6 08            [ 8] 1035 	add	#8
    00000501 77               [ 8] 1036 	ld	(hl), a
    00000502 23               [ 8] 1037 	inc	hl
    00000503 7B               [ 4] 1038 	ld	a, e
    00000504 D6 02            [ 8] 1039 	sub	#2
    00000506 77               [ 8] 1040 	ld	(hl), a
    00000507 23               [ 8] 1041 	inc	hl
    00000508 36 23            [12] 1042 	ld	(hl), #0x23
    0000050A 23               [ 8] 1043 	inc	hl
    0000050B 71               [ 8] 1044 	ld	(hl), c
    0000050C 23               [ 8] 1045 	inc	hl
    0000050D 72               [ 8] 1046 	ld	(hl), d
    0000050E 23               [ 8] 1047 	inc	hl
    0000050F 73               [ 8] 1048 	ld	(hl), e
    00000510 23               [ 8] 1049 	inc	hl
    00000511 36 23            [12] 1050 	ld	(hl), #0x23
    00000513 23               [ 8] 1051 	inc	hl
    00000514 79               [ 4] 1052 	ld	a, c
    00000515 C6 10            [ 8] 1053 	add	#16
    00000517 77               [ 8] 1054 	ld	(hl), a
    00000518 23               [ 8] 1055 	inc	hl
    00000519 7A               [ 4] 1056 	ld	a, d
    0000051A C6 08            [ 8] 1057 	add	#8
    0000051C 77               [ 8] 1058 	ld	(hl), a
    0000051D 23               [ 8] 1059 	inc	hl
    0000051E 7B               [ 4] 1060 	ld	a, e
    0000051F C6 02            [ 8] 1061 	add	#2
    00000521 77               [ 8] 1062 	ld	(hl), a
    00000522 23               [ 8] 1063 	inc	hl
    00000523 36 23            [12] 1064 	ld	(hl), #0x23
    00000525 23               [ 8] 1065 	inc	hl
    00000526 79               [ 4] 1066 	ld	a, c
    00000527 C6 10            [ 8] 1067 	add	#16
    00000529 77               [ 8] 1068 	ld	(hl), a
    0000052A 23               [ 8] 1069 	inc	hl
    0000052B 72               [ 8] 1070 	ld	(hl), d
    0000052C 23               [ 8] 1071 	inc	hl
    0000052D 7B               [ 4] 1072 	ld	a, e
    0000052E C6 04            [ 8] 1073 	add	#4
    00000530 77               [ 8] 1074 	ld	(hl), a
    00000531 23               [ 8] 1075 	inc	hl
    00000532 36 23            [12] 1076 	ld	(hl), #0x23
    00000534                       1077 00103$:
    00000534 3E 04            [ 8] 1078 	ld	a, #4
    00000536 C9               [16] 1079 	ret
                                   1080 ;src/gameplay.c:330: }
                                   1081 ;src/gameplay.c:333: static uint8_t draw_oam_2x3(const metasprite_t* meta, uint8_t tile_base, uint8_t oam_idx, uint8_t sx, uint8_t sy, uint8_t reversed) {
                                   1082 ;	---------------------------------
                                   1083 ; Function draw_oam_2x3
                                   1084 ; ---------------------------------
    00000537                       1085 _draw_oam_2x3:
    00000537 E8 F6            [16] 1086 	add	sp, #-10
    00000539 F8 07            [12] 1087 	ldhl	sp,	#7
    0000053B 73               [ 8] 1088 	ld	(hl), e
    0000053C 23               [ 8] 1089 	inc	hl
    0000053D 72               [ 8] 1090 	ld	(hl), d
    0000053E 23               [ 8] 1091 	inc	hl
    0000053F 77               [ 8] 1092 	ld	(hl), a
                                   1093 ;src/gameplay.c:334: uint8_t *oam = (uint8_t *)&shadow_OAM[oam_idx];
    00000540 F8 0C            [12] 1094 	ldhl	sp,	#12
    00000542 4E               [ 8] 1095 	ld	c, (hl)
    00000543 AF               [ 4] 1096 	xor	a, a
    00000544 69               [ 4] 1097 	ld	l, c
    00000545 67               [ 4] 1098 	ld	h, a
    00000546 29               [ 8] 1099 	add	hl, hl
    00000547 29               [ 8] 1100 	add	hl, hl
    00000548 11r00r00         [12] 1101 	ld	de, #_shadow_OAM
    0000054B 19               [ 8] 1102 	add	hl, de
    0000054C 5D               [ 4] 1103 	ld	e, l
    0000054D 54               [ 4] 1104 	ld	d, h
                                   1105 ;src/gameplay.c:337: *oam++ = sy;    *oam++ = sx;     *oam++ = meta->dtile + tile_base; *oam++ = meta->props; meta++;
    0000054E 4B               [ 4] 1106 	ld	c, e
    0000054F 42               [ 4] 1107 	ld	b, d
    00000550 03               [ 8] 1108 	inc	bc
    00000551 D5               [16] 1109 	push	de
    00000552 F8 09            [12] 1110 	ldhl	sp,#9
    00000554 2A               [ 8] 1111 	ld	a, (hl+)
    00000555 5F               [ 4] 1112 	ld	e, a
    00000556 56               [ 8] 1113 	ld	d, (hl)
    00000557 21 02 00         [12] 1114 	ld	hl, #0x0002
    0000055A 19               [ 8] 1115 	add	hl, de
    0000055B D1               [12] 1116 	pop	de
    0000055C 33               [ 8] 1117 	inc	sp
    0000055D 33               [ 8] 1118 	inc	sp
    0000055E E5               [16] 1119 	push	hl
    0000055F D5               [16] 1120 	push	de
    00000560 F8 09            [12] 1121 	ldhl	sp,#9
    00000562 2A               [ 8] 1122 	ld	a, (hl+)
    00000563 5F               [ 4] 1123 	ld	e, a
    00000564 56               [ 8] 1124 	ld	d, (hl)
    00000565 21 03 00         [12] 1125 	ld	hl, #0x0003
    00000568 19               [ 8] 1126 	add	hl, de
    00000569 D1               [12] 1127 	pop	de
    0000056A E5               [16] 1128 	push	hl
    0000056B 7D               [ 4] 1129 	ld	a, l
    0000056C F8 04            [12] 1130 	ldhl	sp,	#4
    0000056E 77               [ 8] 1131 	ld	(hl), a
    0000056F E1               [12] 1132 	pop	hl
    00000570 7C               [ 4] 1133 	ld	a, h
    00000571 F8 03            [12] 1134 	ldhl	sp,	#3
    00000573 77               [ 8] 1135 	ld	(hl), a
    00000574 D5               [16] 1136 	push	de
    00000575 F8 09            [12] 1137 	ldhl	sp,#9
    00000577 2A               [ 8] 1138 	ld	a, (hl+)
    00000578 5F               [ 4] 1139 	ld	e, a
    00000579 56               [ 8] 1140 	ld	d, (hl)
    0000057A 21 04 00         [12] 1141 	ld	hl, #0x0004
    0000057D 19               [ 8] 1142 	add	hl, de
    0000057E D1               [12] 1143 	pop	de
    0000057F E5               [16] 1144 	push	hl
    00000580 7D               [ 4] 1145 	ld	a, l
    00000581 F8 06            [12] 1146 	ldhl	sp,	#6
    00000583 77               [ 8] 1147 	ld	(hl), a
    00000584 E1               [12] 1148 	pop	hl
    00000585 7C               [ 4] 1149 	ld	a, h
    00000586 F8 05            [12] 1150 	ldhl	sp,	#5
    00000588 77               [ 8] 1151 	ld	(hl), a
                                   1152 ;src/gameplay.c:338: *oam++ = sy;    *oam++ = sx + 8; *oam++ = meta->dtile + tile_base; *oam++ = meta->props; meta++;
    00000589 F8 0D            [12] 1153 	ldhl	sp,	#13
                                   1154 ;src/gameplay.c:339: *oam++ = sy+16; *oam++ = sx;     *oam++ = meta->dtile + tile_base; *oam++ = meta->props; meta++;
    0000058B 2A               [ 8] 1155 	ld	a, (hl+)
    0000058C F5               [16] 1156 	push	af
    0000058D 7E               [ 8] 1157 	ld	a, (hl)
    0000058E F8 0A            [12] 1158 	ldhl	sp,	#10
                                   1159 ;src/gameplay.c:338: *oam++ = sy;    *oam++ = sx + 8; *oam++ = meta->dtile + tile_base; *oam++ = meta->props; meta++;
    00000590 32               [ 8] 1160 	ld	(hl-), a
    00000591 2B               [ 8] 1161 	dec	hl
    00000592 F1               [12] 1162 	pop	af
    00000593 C6 08            [ 8] 1163 	add	a, #0x08
                                   1164 ;src/gameplay.c:339: *oam++ = sy+16; *oam++ = sx;     *oam++ = meta->dtile + tile_base; *oam++ = meta->props; meta++;
    00000595 22               [ 8] 1165 	ld	(hl+), a
    00000596 23               [ 8] 1166 	inc	hl
    00000597 3A               [ 8] 1167 	ld	a, (hl-)
    00000598 C6 10            [ 8] 1168 	add	a, #0x10
                                   1169 ;src/gameplay.c:341: *oam++ = sy+32; *oam++ = sx;     *oam++ = meta->dtile + tile_base; *oam++ = meta->props; meta++;
    0000059A 22               [ 8] 1170 	ld	(hl+), a
    0000059B 7E               [ 8] 1171 	ld	a, (hl)
    0000059C C6 20            [ 8] 1172 	add	a, #0x20
    0000059E 77               [ 8] 1173 	ld	(hl), a
                                   1174 ;src/gameplay.c:336: if (!reversed) {
    0000059F F8 0F            [12] 1175 	ldhl	sp,	#15
    000005A1 7E               [ 8] 1176 	ld	a, (hl)
    000005A2 B7               [ 4] 1177 	or	a, a
    000005A3 C2r59r06         [16] 1178 	jp	NZ, 00102$
                                   1179 ;src/gameplay.c:337: *oam++ = sy;    *oam++ = sx;     *oam++ = meta->dtile + tile_base; *oam++ = meta->props; meta++;
    000005A6 2B               [ 8] 1180 	dec	hl
    000005A7 3A               [ 8] 1181 	ld	a, (hl-)
    000005A8 12               [ 8] 1182 	ld	(de), a
    000005A9 7E               [ 8] 1183 	ld	a, (hl)
    000005AA 02               [ 8] 1184 	ld	(bc), a
    000005AB 03               [ 8] 1185 	inc	bc
    000005AC D1               [12] 1186 	pop	de
    000005AD D5               [16] 1187 	push	de
    000005AE 1A               [ 8] 1188 	ld	a, (de)
    000005AF F8 09            [12] 1189 	ldhl	sp,	#9
    000005B1 86               [ 8] 1190 	add	a, (hl)
    000005B2 02               [ 8] 1191 	ld	(bc), a
    000005B3 03               [ 8] 1192 	inc	bc
    000005B4 F8 02            [12] 1193 	ldhl	sp,#2
    000005B6 2A               [ 8] 1194 	ld	a, (hl+)
    000005B7 5F               [ 4] 1195 	ld	e, a
    000005B8 2A               [ 8] 1196 	ld	a, (hl+)
    000005B9 57               [ 4] 1197 	ld	d, a
    000005BA 1A               [ 8] 1198 	ld	a, (de)
    000005BB 02               [ 8] 1199 	ld	(bc), a
    000005BC 03               [ 8] 1200 	inc	bc
    000005BD 2A               [ 8] 1201 	ld	a, (hl+)
    000005BE 5F               [ 4] 1202 	ld	e, a
    000005BF 56               [ 8] 1203 	ld	d, (hl)
                                   1204 ;src/gameplay.c:338: *oam++ = sy;    *oam++ = sx + 8; *oam++ = meta->dtile + tile_base; *oam++ = meta->props; meta++;
    000005C0 F8 0E            [12] 1205 	ldhl	sp,	#14
    000005C2 7E               [ 8] 1206 	ld	a, (hl)
    000005C3 02               [ 8] 1207 	ld	(bc), a
    000005C4 03               [ 8] 1208 	inc	bc
    000005C5 F8 06            [12] 1209 	ldhl	sp,	#6
    000005C7 7E               [ 8] 1210 	ld	a, (hl)
    000005C8 02               [ 8] 1211 	ld	(bc), a
    000005C9 03               [ 8] 1212 	inc	bc
    000005CA 6B               [ 4] 1213 	ld	l, e
    000005CB 62               [ 4] 1214 	ld	h, d
    000005CC 23               [ 8] 1215 	inc	hl
    000005CD 23               [ 8] 1216 	inc	hl
    000005CE 7E               [ 8] 1217 	ld	a, (hl)
    000005CF F8 09            [12] 1218 	ldhl	sp,	#9
    000005D1 86               [ 8] 1219 	add	a, (hl)
    000005D2 02               [ 8] 1220 	ld	(bc), a
    000005D3 03               [ 8] 1221 	inc	bc
    000005D4 6B               [ 4] 1222 	ld	l, e
    000005D5 62               [ 4] 1223 	ld	h, d
    000005D6 23               [ 8] 1224 	inc	hl
    000005D7 23               [ 8] 1225 	inc	hl
    000005D8 23               [ 8] 1226 	inc	hl
    000005D9 7E               [ 8] 1227 	ld	a, (hl)
    000005DA 02               [ 8] 1228 	ld	(bc), a
    000005DB 03               [ 8] 1229 	inc	bc
    000005DC 13               [ 8] 1230 	inc	de
    000005DD 13               [ 8] 1231 	inc	de
    000005DE 13               [ 8] 1232 	inc	de
    000005DF 13               [ 8] 1233 	inc	de
                                   1234 ;src/gameplay.c:339: *oam++ = sy+16; *oam++ = sx;     *oam++ = meta->dtile + tile_base; *oam++ = meta->props; meta++;
    000005E0 F8 07            [12] 1235 	ldhl	sp,	#7
    000005E2 7E               [ 8] 1236 	ld	a, (hl)
    000005E3 02               [ 8] 1237 	ld	(bc), a
    000005E4 03               [ 8] 1238 	inc	bc
    000005E5 F8 0D            [12] 1239 	ldhl	sp,	#13
    000005E7 7E               [ 8] 1240 	ld	a, (hl)
    000005E8 02               [ 8] 1241 	ld	(bc), a
    000005E9 03               [ 8] 1242 	inc	bc
    000005EA 6B               [ 4] 1243 	ld	l, e
    000005EB 62               [ 4] 1244 	ld	h, d
    000005EC 23               [ 8] 1245 	inc	hl
    000005ED 23               [ 8] 1246 	inc	hl
    000005EE 7E               [ 8] 1247 	ld	a, (hl)
    000005EF F8 09            [12] 1248 	ldhl	sp,	#9
    000005F1 86               [ 8] 1249 	add	a, (hl)
    000005F2 02               [ 8] 1250 	ld	(bc), a
    000005F3 03               [ 8] 1251 	inc	bc
    000005F4 6B               [ 4] 1252 	ld	l, e
    000005F5 62               [ 4] 1253 	ld	h, d
    000005F6 23               [ 8] 1254 	inc	hl
    000005F7 23               [ 8] 1255 	inc	hl
    000005F8 23               [ 8] 1256 	inc	hl
    000005F9 7E               [ 8] 1257 	ld	a, (hl)
    000005FA 02               [ 8] 1258 	ld	(bc), a
    000005FB 03               [ 8] 1259 	inc	bc
    000005FC 13               [ 8] 1260 	inc	de
    000005FD 13               [ 8] 1261 	inc	de
    000005FE 13               [ 8] 1262 	inc	de
    000005FF 13               [ 8] 1263 	inc	de
                                   1264 ;src/gameplay.c:340: *oam++ = sy+16; *oam++ = sx + 8; *oam++ = meta->dtile + tile_base; *oam++ = meta->props; meta++;
    00000600 F8 07            [12] 1265 	ldhl	sp,	#7
    00000602 3A               [ 8] 1266 	ld	a, (hl-)
    00000603 02               [ 8] 1267 	ld	(bc), a
    00000604 03               [ 8] 1268 	inc	bc
    00000605 7E               [ 8] 1269 	ld	a, (hl)
    00000606 02               [ 8] 1270 	ld	(bc), a
    00000607 03               [ 8] 1271 	inc	bc
    00000608 6B               [ 4] 1272 	ld	l, e
    00000609 62               [ 4] 1273 	ld	h, d
    0000060A 23               [ 8] 1274 	inc	hl
    0000060B 23               [ 8] 1275 	inc	hl
    0000060C 7E               [ 8] 1276 	ld	a, (hl)
    0000060D F8 09            [12] 1277 	ldhl	sp,	#9
    0000060F 86               [ 8] 1278 	add	a, (hl)
    00000610 02               [ 8] 1279 	ld	(bc), a
    00000611 03               [ 8] 1280 	inc	bc
    00000612 6B               [ 4] 1281 	ld	l, e
    00000613 62               [ 4] 1282 	ld	h, d
    00000614 23               [ 8] 1283 	inc	hl
    00000615 23               [ 8] 1284 	inc	hl
    00000616 23               [ 8] 1285 	inc	hl
    00000617 7E               [ 8] 1286 	ld	a, (hl)
    00000618 02               [ 8] 1287 	ld	(bc), a
    00000619 03               [ 8] 1288 	inc	bc
    0000061A 13               [ 8] 1289 	inc	de
    0000061B 13               [ 8] 1290 	inc	de
    0000061C 13               [ 8] 1291 	inc	de
    0000061D 13               [ 8] 1292 	inc	de
                                   1293 ;src/gameplay.c:341: *oam++ = sy+32; *oam++ = sx;     *oam++ = meta->dtile + tile_base; *oam++ = meta->props; meta++;
    0000061E F8 08            [12] 1294 	ldhl	sp,	#8
    00000620 7E               [ 8] 1295 	ld	a, (hl)
    00000621 02               [ 8] 1296 	ld	(bc), a
    00000622 03               [ 8] 1297 	inc	bc
    00000623 F8 0D            [12] 1298 	ldhl	sp,	#13
    00000625 7E               [ 8] 1299 	ld	a, (hl)
    00000626 02               [ 8] 1300 	ld	(bc), a
    00000627 03               [ 8] 1301 	inc	bc
    00000628 6B               [ 4] 1302 	ld	l, e
    00000629 62               [ 4] 1303 	ld	h, d
    0000062A 23               [ 8] 1304 	inc	hl
    0000062B 23               [ 8] 1305 	inc	hl
    0000062C 7E               [ 8] 1306 	ld	a, (hl)
    0000062D F8 09            [12] 1307 	ldhl	sp,	#9
    0000062F 86               [ 8] 1308 	add	a, (hl)
    00000630 02               [ 8] 1309 	ld	(bc), a
    00000631 03               [ 8] 1310 	inc	bc
    00000632 6B               [ 4] 1311 	ld	l, e
    00000633 62               [ 4] 1312 	ld	h, d
    00000634 23               [ 8] 1313 	inc	hl
    00000635 23               [ 8] 1314 	inc	hl
    00000636 23               [ 8] 1315 	inc	hl
    00000637 7E               [ 8] 1316 	ld	a, (hl)
    00000638 02               [ 8] 1317 	ld	(bc), a
    00000639 03               [ 8] 1318 	inc	bc
    0000063A 13               [ 8] 1319 	inc	de
    0000063B 13               [ 8] 1320 	inc	de
    0000063C 13               [ 8] 1321 	inc	de
    0000063D 13               [ 8] 1322 	inc	de
                                   1323 ;src/gameplay.c:342: *oam++ = sy+32; *oam++ = sx + 8; *oam++ = meta->dtile + tile_base; *oam++ = meta->props;
    0000063E F8 08            [12] 1324 	ldhl	sp,	#8
    00000640 3A               [ 8] 1325 	ld	a, (hl-)
    00000641 2B               [ 8] 1326 	dec	hl
    00000642 02               [ 8] 1327 	ld	(bc), a
    00000643 03               [ 8] 1328 	inc	bc
    00000644 7E               [ 8] 1329 	ld	a, (hl)
    00000645 02               [ 8] 1330 	ld	(bc), a
    00000646 03               [ 8] 1331 	inc	bc
    00000647 6B               [ 4] 1332 	ld	l, e
    00000648 62               [ 4] 1333 	ld	h, d
    00000649 23               [ 8] 1334 	inc	hl
    0000064A 23               [ 8] 1335 	inc	hl
    0000064B 7E               [ 8] 1336 	ld	a, (hl)
    0000064C F8 09            [12] 1337 	ldhl	sp,	#9
    0000064E 86               [ 8] 1338 	add	a, (hl)
    0000064F 02               [ 8] 1339 	ld	(bc), a
    00000650 03               [ 8] 1340 	inc	bc
    00000651 13               [ 8] 1341 	inc	de
    00000652 13               [ 8] 1342 	inc	de
    00000653 13               [ 8] 1343 	inc	de
    00000654 1A               [ 8] 1344 	ld	a, (de)
    00000655 02               [ 8] 1345 	ld	(bc), a
    00000656 C3r16r07         [16] 1346 	jp	00103$
    00000659                       1347 00102$:
                                   1348 ;src/gameplay.c:344: *oam++ = sy;    *oam++ = sx + 8; *oam++ = meta->dtile + tile_base; *oam++ = meta->props ^ S_FLIPX; meta++;
    00000659 F8 0E            [12] 1349 	ldhl	sp,	#14
    0000065B 7E               [ 8] 1350 	ld	a, (hl)
    0000065C 12               [ 8] 1351 	ld	(de), a
    0000065D F8 06            [12] 1352 	ldhl	sp,	#6
    0000065F 7E               [ 8] 1353 	ld	a, (hl)
    00000660 02               [ 8] 1354 	ld	(bc), a
    00000661 03               [ 8] 1355 	inc	bc
    00000662 D1               [12] 1356 	pop	de
    00000663 D5               [16] 1357 	push	de
    00000664 1A               [ 8] 1358 	ld	a, (de)
    00000665 F8 09            [12] 1359 	ldhl	sp,	#9
    00000667 86               [ 8] 1360 	add	a, (hl)
    00000668 02               [ 8] 1361 	ld	(bc), a
    00000669 03               [ 8] 1362 	inc	bc
    0000066A F8 02            [12] 1363 	ldhl	sp,#2
    0000066C 2A               [ 8] 1364 	ld	a, (hl+)
    0000066D 5F               [ 4] 1365 	ld	e, a
    0000066E 2A               [ 8] 1366 	ld	a, (hl+)
    0000066F 57               [ 4] 1367 	ld	d, a
    00000670 1A               [ 8] 1368 	ld	a, (de)
    00000671 EE 20            [ 8] 1369 	xor	a, #0x20
    00000673 02               [ 8] 1370 	ld	(bc), a
    00000674 03               [ 8] 1371 	inc	bc
    00000675 2A               [ 8] 1372 	ld	a, (hl+)
    00000676 5F               [ 4] 1373 	ld	e, a
    00000677 56               [ 8] 1374 	ld	d, (hl)
                                   1375 ;src/gameplay.c:345: *oam++ = sy;    *oam++ = sx;     *oam++ = meta->dtile + tile_base; *oam++ = meta->props ^ S_FLIPX; meta++;
    00000678 F8 0E            [12] 1376 	ldhl	sp,	#14
    0000067A 3A               [ 8] 1377 	ld	a, (hl-)
    0000067B 02               [ 8] 1378 	ld	(bc), a
    0000067C 03               [ 8] 1379 	inc	bc
    0000067D 7E               [ 8] 1380 	ld	a, (hl)
    0000067E 02               [ 8] 1381 	ld	(bc), a
    0000067F 03               [ 8] 1382 	inc	bc
    00000680 6B               [ 4] 1383 	ld	l, e
    00000681 62               [ 4] 1384 	ld	h, d
    00000682 23               [ 8] 1385 	inc	hl
    00000683 23               [ 8] 1386 	inc	hl
    00000684 7E               [ 8] 1387 	ld	a, (hl)
    00000685 F8 09            [12] 1388 	ldhl	sp,	#9
    00000687 86               [ 8] 1389 	add	a, (hl)
    00000688 02               [ 8] 1390 	ld	(bc), a
    00000689 03               [ 8] 1391 	inc	bc
    0000068A 6B               [ 4] 1392 	ld	l, e
    0000068B 62               [ 4] 1393 	ld	h, d
    0000068C 23               [ 8] 1394 	inc	hl
    0000068D 23               [ 8] 1395 	inc	hl
    0000068E 23               [ 8] 1396 	inc	hl
    0000068F 7E               [ 8] 1397 	ld	a, (hl)
    00000690 EE 20            [ 8] 1398 	xor	a, #0x20
    00000692 02               [ 8] 1399 	ld	(bc), a
    00000693 03               [ 8] 1400 	inc	bc
    00000694 13               [ 8] 1401 	inc	de
    00000695 13               [ 8] 1402 	inc	de
    00000696 13               [ 8] 1403 	inc	de
    00000697 13               [ 8] 1404 	inc	de
                                   1405 ;src/gameplay.c:346: *oam++ = sy+16; *oam++ = sx + 8; *oam++ = meta->dtile + tile_base; *oam++ = meta->props ^ S_FLIPX; meta++;
    00000698 F8 07            [12] 1406 	ldhl	sp,	#7
    0000069A 3A               [ 8] 1407 	ld	a, (hl-)
    0000069B 02               [ 8] 1408 	ld	(bc), a
    0000069C 03               [ 8] 1409 	inc	bc
    0000069D 7E               [ 8] 1410 	ld	a, (hl)
    0000069E 02               [ 8] 1411 	ld	(bc), a
    0000069F 03               [ 8] 1412 	inc	bc
    000006A0 6B               [ 4] 1413 	ld	l, e
    000006A1 62               [ 4] 1414 	ld	h, d
    000006A2 23               [ 8] 1415 	inc	hl
    000006A3 23               [ 8] 1416 	inc	hl
    000006A4 7E               [ 8] 1417 	ld	a, (hl)
    000006A5 F8 09            [12] 1418 	ldhl	sp,	#9
    000006A7 86               [ 8] 1419 	add	a, (hl)
    000006A8 02               [ 8] 1420 	ld	(bc), a
    000006A9 03               [ 8] 1421 	inc	bc
    000006AA 6B               [ 4] 1422 	ld	l, e
    000006AB 62               [ 4] 1423 	ld	h, d
    000006AC 23               [ 8] 1424 	inc	hl
    000006AD 23               [ 8] 1425 	inc	hl
    000006AE 23               [ 8] 1426 	inc	hl
    000006AF 7E               [ 8] 1427 	ld	a, (hl)
    000006B0 EE 20            [ 8] 1428 	xor	a, #0x20
    000006B2 02               [ 8] 1429 	ld	(bc), a
    000006B3 03               [ 8] 1430 	inc	bc
    000006B4 13               [ 8] 1431 	inc	de
    000006B5 13               [ 8] 1432 	inc	de
    000006B6 13               [ 8] 1433 	inc	de
    000006B7 13               [ 8] 1434 	inc	de
                                   1435 ;src/gameplay.c:347: *oam++ = sy+16; *oam++ = sx;     *oam++ = meta->dtile + tile_base; *oam++ = meta->props ^ S_FLIPX; meta++;
    000006B8 F8 07            [12] 1436 	ldhl	sp,	#7
    000006BA 7E               [ 8] 1437 	ld	a, (hl)
    000006BB 02               [ 8] 1438 	ld	(bc), a
    000006BC 03               [ 8] 1439 	inc	bc
    000006BD F8 0D            [12] 1440 	ldhl	sp,	#13
    000006BF 7E               [ 8] 1441 	ld	a, (hl)
    000006C0 02               [ 8] 1442 	ld	(bc), a
    000006C1 03               [ 8] 1443 	inc	bc
    000006C2 6B               [ 4] 1444 	ld	l, e
    000006C3 62               [ 4] 1445 	ld	h, d
    000006C4 23               [ 8] 1446 	inc	hl
    000006C5 23               [ 8] 1447 	inc	hl
    000006C6 7E               [ 8] 1448 	ld	a, (hl)
    000006C7 F8 09            [12] 1449 	ldhl	sp,	#9
    000006C9 86               [ 8] 1450 	add	a, (hl)
    000006CA 02               [ 8] 1451 	ld	(bc), a
    000006CB 03               [ 8] 1452 	inc	bc
    000006CC 6B               [ 4] 1453 	ld	l, e
    000006CD 62               [ 4] 1454 	ld	h, d
    000006CE 23               [ 8] 1455 	inc	hl
    000006CF 23               [ 8] 1456 	inc	hl
    000006D0 23               [ 8] 1457 	inc	hl
    000006D1 7E               [ 8] 1458 	ld	a, (hl)
    000006D2 EE 20            [ 8] 1459 	xor	a, #0x20
    000006D4 02               [ 8] 1460 	ld	(bc), a
    000006D5 03               [ 8] 1461 	inc	bc
    000006D6 13               [ 8] 1462 	inc	de
    000006D7 13               [ 8] 1463 	inc	de
    000006D8 13               [ 8] 1464 	inc	de
    000006D9 13               [ 8] 1465 	inc	de
                                   1466 ;src/gameplay.c:348: *oam++ = sy+32; *oam++ = sx + 8; *oam++ = meta->dtile + tile_base; *oam++ = meta->props ^ S_FLIPX; meta++;
    000006DA F8 08            [12] 1467 	ldhl	sp,	#8
    000006DC 3A               [ 8] 1468 	ld	a, (hl-)
    000006DD 2B               [ 8] 1469 	dec	hl
    000006DE 02               [ 8] 1470 	ld	(bc), a
    000006DF 03               [ 8] 1471 	inc	bc
    000006E0 7E               [ 8] 1472 	ld	a, (hl)
    000006E1 02               [ 8] 1473 	ld	(bc), a
    000006E2 03               [ 8] 1474 	inc	bc
    000006E3 6B               [ 4] 1475 	ld	l, e
    000006E4 62               [ 4] 1476 	ld	h, d
    000006E5 23               [ 8] 1477 	inc	hl
    000006E6 23               [ 8] 1478 	inc	hl
    000006E7 7E               [ 8] 1479 	ld	a, (hl)
    000006E8 F8 09            [12] 1480 	ldhl	sp,	#9
    000006EA 86               [ 8] 1481 	add	a, (hl)
    000006EB 02               [ 8] 1482 	ld	(bc), a
    000006EC 03               [ 8] 1483 	inc	bc
    000006ED 6B               [ 4] 1484 	ld	l, e
    000006EE 62               [ 4] 1485 	ld	h, d
    000006EF 23               [ 8] 1486 	inc	hl
    000006F0 23               [ 8] 1487 	inc	hl
    000006F1 23               [ 8] 1488 	inc	hl
    000006F2 7E               [ 8] 1489 	ld	a, (hl)
    000006F3 EE 20            [ 8] 1490 	xor	a, #0x20
    000006F5 02               [ 8] 1491 	ld	(bc), a
    000006F6 03               [ 8] 1492 	inc	bc
    000006F7 13               [ 8] 1493 	inc	de
    000006F8 13               [ 8] 1494 	inc	de
    000006F9 13               [ 8] 1495 	inc	de
    000006FA 13               [ 8] 1496 	inc	de
                                   1497 ;src/gameplay.c:349: *oam++ = sy+32; *oam++ = sx;     *oam++ = meta->dtile + tile_base; *oam++ = meta->props ^ S_FLIPX;
    000006FB F8 08            [12] 1498 	ldhl	sp,	#8
    000006FD 7E               [ 8] 1499 	ld	a, (hl)
    000006FE 02               [ 8] 1500 	ld	(bc), a
    000006FF 03               [ 8] 1501 	inc	bc
    00000700 F8 0D            [12] 1502 	ldhl	sp,	#13
    00000702 7E               [ 8] 1503 	ld	a, (hl)
    00000703 02               [ 8] 1504 	ld	(bc), a
    00000704 03               [ 8] 1505 	inc	bc
    00000705 6B               [ 4] 1506 	ld	l, e
    00000706 62               [ 4] 1507 	ld	h, d
    00000707 23               [ 8] 1508 	inc	hl
    00000708 23               [ 8] 1509 	inc	hl
    00000709 7E               [ 8] 1510 	ld	a, (hl)
    0000070A F8 09            [12] 1511 	ldhl	sp,	#9
    0000070C 86               [ 8] 1512 	add	a, (hl)
    0000070D 02               [ 8] 1513 	ld	(bc), a
    0000070E 03               [ 8] 1514 	inc	bc
    0000070F 13               [ 8] 1515 	inc	de
    00000710 13               [ 8] 1516 	inc	de
    00000711 13               [ 8] 1517 	inc	de
    00000712 1A               [ 8] 1518 	ld	a, (de)
    00000713 EE 20            [ 8] 1519 	xor	a, #0x20
    00000715 02               [ 8] 1520 	ld	(bc), a
    00000716                       1521 00103$:
                                   1522 ;src/gameplay.c:351: return 6;
    00000716 3E 06            [ 8] 1523 	ld	a, #0x06
                                   1524 ;src/gameplay.c:352: }
    00000718 E8 0A            [16] 1525 	add	sp, #10
    0000071A E1               [12] 1526 	pop	hl
    0000071B E8 04            [16] 1527 	add	sp, #4
    0000071D E9               [ 4] 1528 	jp	(hl)
                                   1529 ;src/gameplay.c:355: static uint8_t draw_oam_3x3(const metasprite_t* meta, uint8_t tile_base, uint8_t oam_idx, uint8_t sx, uint8_t sy, uint8_t reversed) {
                                   1530 ;	---------------------------------
                                   1531 ; Function draw_oam_3x3
                                   1532 ; ---------------------------------
    0000071E                       1533 _draw_oam_3x3:
    0000071E E8 F5            [16] 1534 	add	sp, #-11
    00000720 F8 08            [12] 1535 	ldhl	sp,	#8
    00000722 73               [ 8] 1536 	ld	(hl), e
    00000723 23               [ 8] 1537 	inc	hl
    00000724 72               [ 8] 1538 	ld	(hl), d
    00000725 23               [ 8] 1539 	inc	hl
    00000726 77               [ 8] 1540 	ld	(hl), a
                                   1541 ;src/gameplay.c:356: uint8_t *oam = (uint8_t *)&shadow_OAM[oam_idx];
    00000727 F8 0D            [12] 1542 	ldhl	sp,	#13
    00000729 4E               [ 8] 1543 	ld	c, (hl)
    0000072A AF               [ 4] 1544 	xor	a, a
    0000072B 69               [ 4] 1545 	ld	l, c
    0000072C 67               [ 4] 1546 	ld	h, a
    0000072D 29               [ 8] 1547 	add	hl, hl
    0000072E 29               [ 8] 1548 	add	hl, hl
    0000072F 11r00r00         [12] 1549 	ld	de, #_shadow_OAM
    00000732 19               [ 8] 1550 	add	hl, de
    00000733 5D               [ 4] 1551 	ld	e, l
    00000734 54               [ 4] 1552 	ld	d, h
                                   1553 ;src/gameplay.c:359: *oam++ = sy;    *oam++ = sx;     *oam++ = meta->dtile + tile_base; *oam++ = meta->props; meta++;
    00000735 4B               [ 4] 1554 	ld	c, e
    00000736 42               [ 4] 1555 	ld	b, d
    00000737 03               [ 8] 1556 	inc	bc
    00000738 D5               [16] 1557 	push	de
    00000739 F8 0A            [12] 1558 	ldhl	sp,#10
    0000073B 2A               [ 8] 1559 	ld	a, (hl+)
    0000073C 5F               [ 4] 1560 	ld	e, a
    0000073D 56               [ 8] 1561 	ld	d, (hl)
    0000073E 21 02 00         [12] 1562 	ld	hl, #0x0002
    00000741 19               [ 8] 1563 	add	hl, de
    00000742 D1               [12] 1564 	pop	de
    00000743 33               [ 8] 1565 	inc	sp
    00000744 33               [ 8] 1566 	inc	sp
    00000745 E5               [16] 1567 	push	hl
    00000746 D5               [16] 1568 	push	de
    00000747 F8 0A            [12] 1569 	ldhl	sp,#10
    00000749 2A               [ 8] 1570 	ld	a, (hl+)
    0000074A 5F               [ 4] 1571 	ld	e, a
    0000074B 56               [ 8] 1572 	ld	d, (hl)
    0000074C 21 03 00         [12] 1573 	ld	hl, #0x0003
    0000074F 19               [ 8] 1574 	add	hl, de
    00000750 D1               [12] 1575 	pop	de
    00000751 E5               [16] 1576 	push	hl
    00000752 7D               [ 4] 1577 	ld	a, l
    00000753 F8 04            [12] 1578 	ldhl	sp,	#4
    00000755 77               [ 8] 1579 	ld	(hl), a
    00000756 E1               [12] 1580 	pop	hl
    00000757 7C               [ 4] 1581 	ld	a, h
    00000758 F8 03            [12] 1582 	ldhl	sp,	#3
    0000075A 77               [ 8] 1583 	ld	(hl), a
    0000075B D5               [16] 1584 	push	de
    0000075C F8 0A            [12] 1585 	ldhl	sp,#10
    0000075E 2A               [ 8] 1586 	ld	a, (hl+)
    0000075F 5F               [ 4] 1587 	ld	e, a
    00000760 56               [ 8] 1588 	ld	d, (hl)
    00000761 21 04 00         [12] 1589 	ld	hl, #0x0004
    00000764 19               [ 8] 1590 	add	hl, de
    00000765 D1               [12] 1591 	pop	de
    00000766 E5               [16] 1592 	push	hl
    00000767 7D               [ 4] 1593 	ld	a, l
    00000768 F8 06            [12] 1594 	ldhl	sp,	#6
    0000076A 77               [ 8] 1595 	ld	(hl), a
    0000076B E1               [12] 1596 	pop	hl
    0000076C 7C               [ 4] 1597 	ld	a, h
    0000076D F8 05            [12] 1598 	ldhl	sp,	#5
    0000076F 77               [ 8] 1599 	ld	(hl), a
                                   1600 ;src/gameplay.c:360: *oam++ = sy;    *oam++ = sx+8;   *oam++ = meta->dtile + tile_base; *oam++ = meta->props; meta++;
    00000770 F8 0E            [12] 1601 	ldhl	sp,	#14
    00000772 7E               [ 8] 1602 	ld	a, (hl)
    00000773 F8 08            [12] 1603 	ldhl	sp,	#8
    00000775 77               [ 8] 1604 	ld	(hl), a
                                   1605 ;src/gameplay.c:363: *oam++ = sy+16; *oam++ = sx;     *oam++ = meta->dtile + tile_base; *oam++ = meta->props; meta++;
    00000776 F8 0F            [12] 1606 	ldhl	sp,	#15
    00000778 7E               [ 8] 1607 	ld	a, (hl)
    00000779 F8 09            [12] 1608 	ldhl	sp,	#9
                                   1609 ;src/gameplay.c:360: *oam++ = sy;    *oam++ = sx+8;   *oam++ = meta->dtile + tile_base; *oam++ = meta->props; meta++;
    0000077B 32               [ 8] 1610 	ld	(hl-), a
    0000077C 3A               [ 8] 1611 	ld	a, (hl-)
    0000077D 2B               [ 8] 1612 	dec	hl
    0000077E C6 08            [ 8] 1613 	add	a, #0x08
                                   1614 ;src/gameplay.c:361: *oam++ = sy;    *oam++ = sx+16;  *oam++ = meta->dtile + tile_base; *oam++ = meta->props; meta++;
    00000780 22               [ 8] 1615 	ld	(hl+), a
    00000781 23               [ 8] 1616 	inc	hl
    00000782 3A               [ 8] 1617 	ld	a, (hl-)
    00000783 C6 10            [ 8] 1618 	add	a, #0x10
                                   1619 ;src/gameplay.c:363: *oam++ = sy+16; *oam++ = sx;     *oam++ = meta->dtile + tile_base; *oam++ = meta->props; meta++;
    00000785 22               [ 8] 1620 	ld	(hl+), a
    00000786 23               [ 8] 1621 	inc	hl
    00000787 3A               [ 8] 1622 	ld	a, (hl-)
    00000788 C6 10            [ 8] 1623 	add	a, #0x10
                                   1624 ;src/gameplay.c:367: *oam++ = sy+32; *oam++ = sx;     *oam++ = meta->dtile + tile_base; *oam++ = meta->props; meta++;
    0000078A 22               [ 8] 1625 	ld	(hl+), a
    0000078B 7E               [ 8] 1626 	ld	a, (hl)
    0000078C C6 20            [ 8] 1627 	add	a, #0x20
    0000078E 77               [ 8] 1628 	ld	(hl), a
                                   1629 ;src/gameplay.c:358: if (!reversed) {
    0000078F F8 10            [12] 1630 	ldhl	sp,	#16
    00000791 7E               [ 8] 1631 	ld	a, (hl)
    00000792 B7               [ 4] 1632 	or	a, a
    00000793 C2rA8r08         [16] 1633 	jp	NZ, 00102$
                                   1634 ;src/gameplay.c:359: *oam++ = sy;    *oam++ = sx;     *oam++ = meta->dtile + tile_base; *oam++ = meta->props; meta++;
    00000796 2B               [ 8] 1635 	dec	hl
    00000797 3A               [ 8] 1636 	ld	a, (hl-)
    00000798 12               [ 8] 1637 	ld	(de), a
    00000799 7E               [ 8] 1638 	ld	a, (hl)
    0000079A 02               [ 8] 1639 	ld	(bc), a
    0000079B 03               [ 8] 1640 	inc	bc
    0000079C D1               [12] 1641 	pop	de
    0000079D D5               [16] 1642 	push	de
    0000079E 1A               [ 8] 1643 	ld	a, (de)
    0000079F F8 0A            [12] 1644 	ldhl	sp,	#10
    000007A1 86               [ 8] 1645 	add	a, (hl)
    000007A2 02               [ 8] 1646 	ld	(bc), a
    000007A3 03               [ 8] 1647 	inc	bc
    000007A4 F8 02            [12] 1648 	ldhl	sp,#2
    000007A6 2A               [ 8] 1649 	ld	a, (hl+)
    000007A7 5F               [ 4] 1650 	ld	e, a
    000007A8 2A               [ 8] 1651 	ld	a, (hl+)
    000007A9 57               [ 4] 1652 	ld	d, a
    000007AA 1A               [ 8] 1653 	ld	a, (de)
    000007AB 02               [ 8] 1654 	ld	(bc), a
    000007AC 03               [ 8] 1655 	inc	bc
    000007AD 2A               [ 8] 1656 	ld	a, (hl+)
    000007AE 5F               [ 4] 1657 	ld	e, a
    000007AF 56               [ 8] 1658 	ld	d, (hl)
                                   1659 ;src/gameplay.c:360: *oam++ = sy;    *oam++ = sx+8;   *oam++ = meta->dtile + tile_base; *oam++ = meta->props; meta++;
    000007B0 F8 0F            [12] 1660 	ldhl	sp,	#15
    000007B2 7E               [ 8] 1661 	ld	a, (hl)
    000007B3 02               [ 8] 1662 	ld	(bc), a
    000007B4 03               [ 8] 1663 	inc	bc
    000007B5 F8 06            [12] 1664 	ldhl	sp,	#6
    000007B7 7E               [ 8] 1665 	ld	a, (hl)
    000007B8 02               [ 8] 1666 	ld	(bc), a
    000007B9 03               [ 8] 1667 	inc	bc
    000007BA 6B               [ 4] 1668 	ld	l, e
    000007BB 62               [ 4] 1669 	ld	h, d
    000007BC 23               [ 8] 1670 	inc	hl
    000007BD 23               [ 8] 1671 	inc	hl
    000007BE 7E               [ 8] 1672 	ld	a, (hl)
    000007BF F8 0A            [12] 1673 	ldhl	sp,	#10
    000007C1 86               [ 8] 1674 	add	a, (hl)
    000007C2 02               [ 8] 1675 	ld	(bc), a
    000007C3 03               [ 8] 1676 	inc	bc
    000007C4 6B               [ 4] 1677 	ld	l, e
    000007C5 62               [ 4] 1678 	ld	h, d
    000007C6 23               [ 8] 1679 	inc	hl
    000007C7 23               [ 8] 1680 	inc	hl
    000007C8 23               [ 8] 1681 	inc	hl
    000007C9 7E               [ 8] 1682 	ld	a, (hl)
    000007CA 02               [ 8] 1683 	ld	(bc), a
    000007CB 03               [ 8] 1684 	inc	bc
    000007CC 13               [ 8] 1685 	inc	de
    000007CD 13               [ 8] 1686 	inc	de
    000007CE 13               [ 8] 1687 	inc	de
    000007CF 13               [ 8] 1688 	inc	de
                                   1689 ;src/gameplay.c:361: *oam++ = sy;    *oam++ = sx+16;  *oam++ = meta->dtile + tile_base; *oam++ = meta->props; meta++;
    000007D0 F8 0F            [12] 1690 	ldhl	sp,	#15
    000007D2 7E               [ 8] 1691 	ld	a, (hl)
    000007D3 02               [ 8] 1692 	ld	(bc), a
    000007D4 03               [ 8] 1693 	inc	bc
    000007D5 F8 07            [12] 1694 	ldhl	sp,	#7
    000007D7 7E               [ 8] 1695 	ld	a, (hl)
    000007D8 02               [ 8] 1696 	ld	(bc), a
    000007D9 03               [ 8] 1697 	inc	bc
    000007DA 6B               [ 4] 1698 	ld	l, e
    000007DB 62               [ 4] 1699 	ld	h, d
    000007DC 23               [ 8] 1700 	inc	hl
    000007DD 23               [ 8] 1701 	inc	hl
    000007DE 7E               [ 8] 1702 	ld	a, (hl)
    000007DF F8 0A            [12] 1703 	ldhl	sp,	#10
    000007E1 86               [ 8] 1704 	add	a, (hl)
    000007E2 02               [ 8] 1705 	ld	(bc), a
    000007E3 03               [ 8] 1706 	inc	bc
    000007E4 6B               [ 4] 1707 	ld	l, e
    000007E5 62               [ 4] 1708 	ld	h, d
    000007E6 23               [ 8] 1709 	inc	hl
    000007E7 23               [ 8] 1710 	inc	hl
    000007E8 23               [ 8] 1711 	inc	hl
    000007E9 7E               [ 8] 1712 	ld	a, (hl)
    000007EA 02               [ 8] 1713 	ld	(bc), a
    000007EB 03               [ 8] 1714 	inc	bc
    000007EC 13               [ 8] 1715 	inc	de
    000007ED 13               [ 8] 1716 	inc	de
    000007EE 13               [ 8] 1717 	inc	de
    000007EF 13               [ 8] 1718 	inc	de
                                   1719 ;src/gameplay.c:363: *oam++ = sy+16; *oam++ = sx;     *oam++ = meta->dtile + tile_base; *oam++ = meta->props; meta++;
    000007F0 F8 08            [12] 1720 	ldhl	sp,	#8
    000007F2 7E               [ 8] 1721 	ld	a, (hl)
    000007F3 02               [ 8] 1722 	ld	(bc), a
    000007F4 03               [ 8] 1723 	inc	bc
    000007F5 F8 0E            [12] 1724 	ldhl	sp,	#14
    000007F7 7E               [ 8] 1725 	ld	a, (hl)
    000007F8 02               [ 8] 1726 	ld	(bc), a
    000007F9 03               [ 8] 1727 	inc	bc
    000007FA 6B               [ 4] 1728 	ld	l, e
    000007FB 62               [ 4] 1729 	ld	h, d
    000007FC 23               [ 8] 1730 	inc	hl
    000007FD 23               [ 8] 1731 	inc	hl
    000007FE 7E               [ 8] 1732 	ld	a, (hl)
    000007FF F8 0A            [12] 1733 	ldhl	sp,	#10
    00000801 86               [ 8] 1734 	add	a, (hl)
    00000802 02               [ 8] 1735 	ld	(bc), a
    00000803 03               [ 8] 1736 	inc	bc
    00000804 6B               [ 4] 1737 	ld	l, e
    00000805 62               [ 4] 1738 	ld	h, d
    00000806 23               [ 8] 1739 	inc	hl
    00000807 23               [ 8] 1740 	inc	hl
    00000808 23               [ 8] 1741 	inc	hl
    00000809 7E               [ 8] 1742 	ld	a, (hl)
    0000080A 02               [ 8] 1743 	ld	(bc), a
    0000080B 03               [ 8] 1744 	inc	bc
    0000080C 13               [ 8] 1745 	inc	de
    0000080D 13               [ 8] 1746 	inc	de
    0000080E 13               [ 8] 1747 	inc	de
    0000080F 13               [ 8] 1748 	inc	de
                                   1749 ;src/gameplay.c:364: *oam++ = sy+16; *oam++ = sx+8;   *oam++ = meta->dtile + tile_base; *oam++ = meta->props; meta++;
    00000810 F8 08            [12] 1750 	ldhl	sp,	#8
    00000812 3A               [ 8] 1751 	ld	a, (hl-)
    00000813 2B               [ 8] 1752 	dec	hl
    00000814 02               [ 8] 1753 	ld	(bc), a
    00000815 03               [ 8] 1754 	inc	bc
    00000816 7E               [ 8] 1755 	ld	a, (hl)
    00000817 02               [ 8] 1756 	ld	(bc), a
    00000818 03               [ 8] 1757 	inc	bc
    00000819 6B               [ 4] 1758 	ld	l, e
    0000081A 62               [ 4] 1759 	ld	h, d
    0000081B 23               [ 8] 1760 	inc	hl
    0000081C 23               [ 8] 1761 	inc	hl
    0000081D 7E               [ 8] 1762 	ld	a, (hl)
    0000081E F8 0A            [12] 1763 	ldhl	sp,	#10
    00000820 86               [ 8] 1764 	add	a, (hl)
    00000821 02               [ 8] 1765 	ld	(bc), a
    00000822 03               [ 8] 1766 	inc	bc
    00000823 6B               [ 4] 1767 	ld	l, e
    00000824 62               [ 4] 1768 	ld	h, d
    00000825 23               [ 8] 1769 	inc	hl
    00000826 23               [ 8] 1770 	inc	hl
    00000827 23               [ 8] 1771 	inc	hl
    00000828 7E               [ 8] 1772 	ld	a, (hl)
    00000829 02               [ 8] 1773 	ld	(bc), a
    0000082A 03               [ 8] 1774 	inc	bc
    0000082B 13               [ 8] 1775 	inc	de
    0000082C 13               [ 8] 1776 	inc	de
    0000082D 13               [ 8] 1777 	inc	de
    0000082E 13               [ 8] 1778 	inc	de
                                   1779 ;src/gameplay.c:365: *oam++ = sy+16; *oam++ = sx+16;  *oam++ = meta->dtile + tile_base; *oam++ = meta->props; meta++;
    0000082F F8 08            [12] 1780 	ldhl	sp,	#8
    00000831 3A               [ 8] 1781 	ld	a, (hl-)
    00000832 02               [ 8] 1782 	ld	(bc), a
    00000833 03               [ 8] 1783 	inc	bc
    00000834 7E               [ 8] 1784 	ld	a, (hl)
    00000835 02               [ 8] 1785 	ld	(bc), a
    00000836 03               [ 8] 1786 	inc	bc
    00000837 6B               [ 4] 1787 	ld	l, e
    00000838 62               [ 4] 1788 	ld	h, d
    00000839 23               [ 8] 1789 	inc	hl
    0000083A 23               [ 8] 1790 	inc	hl
    0000083B 7E               [ 8] 1791 	ld	a, (hl)
    0000083C F8 0A            [12] 1792 	ldhl	sp,	#10
    0000083E 86               [ 8] 1793 	add	a, (hl)
    0000083F 02               [ 8] 1794 	ld	(bc), a
    00000840 03               [ 8] 1795 	inc	bc
    00000841 6B               [ 4] 1796 	ld	l, e
    00000842 62               [ 4] 1797 	ld	h, d
    00000843 23               [ 8] 1798 	inc	hl
    00000844 23               [ 8] 1799 	inc	hl
    00000845 23               [ 8] 1800 	inc	hl
    00000846 7E               [ 8] 1801 	ld	a, (hl)
    00000847 02               [ 8] 1802 	ld	(bc), a
    00000848 03               [ 8] 1803 	inc	bc
    00000849 13               [ 8] 1804 	inc	de
    0000084A 13               [ 8] 1805 	inc	de
    0000084B 13               [ 8] 1806 	inc	de
    0000084C 13               [ 8] 1807 	inc	de
                                   1808 ;src/gameplay.c:367: *oam++ = sy+32; *oam++ = sx;     *oam++ = meta->dtile + tile_base; *oam++ = meta->props; meta++;
    0000084D F8 09            [12] 1809 	ldhl	sp,	#9
    0000084F 7E               [ 8] 1810 	ld	a, (hl)
    00000850 02               [ 8] 1811 	ld	(bc), a
    00000851 03               [ 8] 1812 	inc	bc
    00000852 F8 0E            [12] 1813 	ldhl	sp,	#14
    00000854 7E               [ 8] 1814 	ld	a, (hl)
    00000855 02               [ 8] 1815 	ld	(bc), a
    00000856 03               [ 8] 1816 	inc	bc
    00000857 6B               [ 4] 1817 	ld	l, e
    00000858 62               [ 4] 1818 	ld	h, d
    00000859 23               [ 8] 1819 	inc	hl
    0000085A 23               [ 8] 1820 	inc	hl
    0000085B 7E               [ 8] 1821 	ld	a, (hl)
    0000085C F8 0A            [12] 1822 	ldhl	sp,	#10
    0000085E 86               [ 8] 1823 	add	a, (hl)
    0000085F 02               [ 8] 1824 	ld	(bc), a
    00000860 03               [ 8] 1825 	inc	bc
    00000861 6B               [ 4] 1826 	ld	l, e
    00000862 62               [ 4] 1827 	ld	h, d
    00000863 23               [ 8] 1828 	inc	hl
    00000864 23               [ 8] 1829 	inc	hl
    00000865 23               [ 8] 1830 	inc	hl
    00000866 7E               [ 8] 1831 	ld	a, (hl)
    00000867 02               [ 8] 1832 	ld	(bc), a
    00000868 03               [ 8] 1833 	inc	bc
    00000869 13               [ 8] 1834 	inc	de
    0000086A 13               [ 8] 1835 	inc	de
    0000086B 13               [ 8] 1836 	inc	de
    0000086C 13               [ 8] 1837 	inc	de
                                   1838 ;src/gameplay.c:368: *oam++ = sy+32; *oam++ = sx+8;   *oam++ = meta->dtile + tile_base; *oam++ = meta->props; meta++;
    0000086D F8 09            [12] 1839 	ldhl	sp,	#9
    0000086F 7E               [ 8] 1840 	ld	a, (hl)
    00000870 02               [ 8] 1841 	ld	(bc), a
    00000871 03               [ 8] 1842 	inc	bc
    00000872 F8 06            [12] 1843 	ldhl	sp,	#6
    00000874 7E               [ 8] 1844 	ld	a, (hl)
    00000875 02               [ 8] 1845 	ld	(bc), a
    00000876 03               [ 8] 1846 	inc	bc
    00000877 6B               [ 4] 1847 	ld	l, e
    00000878 62               [ 4] 1848 	ld	h, d
    00000879 23               [ 8] 1849 	inc	hl
    0000087A 23               [ 8] 1850 	inc	hl
    0000087B 7E               [ 8] 1851 	ld	a, (hl)
    0000087C F8 0A            [12] 1852 	ldhl	sp,	#10
    0000087E 86               [ 8] 1853 	add	a, (hl)
    0000087F 02               [ 8] 1854 	ld	(bc), a
    00000880 03               [ 8] 1855 	inc	bc
    00000881 6B               [ 4] 1856 	ld	l, e
    00000882 62               [ 4] 1857 	ld	h, d
    00000883 23               [ 8] 1858 	inc	hl
    00000884 23               [ 8] 1859 	inc	hl
    00000885 23               [ 8] 1860 	inc	hl
    00000886 7E               [ 8] 1861 	ld	a, (hl)
    00000887 02               [ 8] 1862 	ld	(bc), a
    00000888 03               [ 8] 1863 	inc	bc
    00000889 13               [ 8] 1864 	inc	de
    0000088A 13               [ 8] 1865 	inc	de
    0000088B 13               [ 8] 1866 	inc	de
    0000088C 13               [ 8] 1867 	inc	de
                                   1868 ;src/gameplay.c:369: *oam++ = sy+32; *oam++ = sx+16;  *oam++ = meta->dtile + tile_base; *oam++ = meta->props;
    0000088D F8 09            [12] 1869 	ldhl	sp,	#9
    0000088F 3A               [ 8] 1870 	ld	a, (hl-)
    00000890 2B               [ 8] 1871 	dec	hl
    00000891 02               [ 8] 1872 	ld	(bc), a
    00000892 03               [ 8] 1873 	inc	bc
    00000893 7E               [ 8] 1874 	ld	a, (hl)
    00000894 02               [ 8] 1875 	ld	(bc), a
    00000895 03               [ 8] 1876 	inc	bc
    00000896 6B               [ 4] 1877 	ld	l, e
    00000897 62               [ 4] 1878 	ld	h, d
    00000898 23               [ 8] 1879 	inc	hl
    00000899 23               [ 8] 1880 	inc	hl
    0000089A 7E               [ 8] 1881 	ld	a, (hl)
    0000089B F8 0A            [12] 1882 	ldhl	sp,	#10
    0000089D 86               [ 8] 1883 	add	a, (hl)
    0000089E 02               [ 8] 1884 	ld	(bc), a
    0000089F 03               [ 8] 1885 	inc	bc
    000008A0 13               [ 8] 1886 	inc	de
    000008A1 13               [ 8] 1887 	inc	de
    000008A2 13               [ 8] 1888 	inc	de
    000008A3 1A               [ 8] 1889 	ld	a, (de)
    000008A4 02               [ 8] 1890 	ld	(bc), a
    000008A5 C3rCAr09         [16] 1891 	jp	00103$
    000008A8                       1892 00102$:
                                   1893 ;src/gameplay.c:371: *oam++ = sy;    *oam++ = sx+16;  *oam++ = meta->dtile + tile_base; *oam++ = meta->props ^ S_FLIPX; meta++;
    000008A8 F8 0F            [12] 1894 	ldhl	sp,	#15
    000008AA 7E               [ 8] 1895 	ld	a, (hl)
    000008AB 12               [ 8] 1896 	ld	(de), a
    000008AC F8 07            [12] 1897 	ldhl	sp,	#7
    000008AE 7E               [ 8] 1898 	ld	a, (hl)
    000008AF 02               [ 8] 1899 	ld	(bc), a
    000008B0 03               [ 8] 1900 	inc	bc
    000008B1 D1               [12] 1901 	pop	de
    000008B2 D5               [16] 1902 	push	de
    000008B3 1A               [ 8] 1903 	ld	a, (de)
    000008B4 F8 0A            [12] 1904 	ldhl	sp,	#10
    000008B6 86               [ 8] 1905 	add	a, (hl)
    000008B7 02               [ 8] 1906 	ld	(bc), a
    000008B8 03               [ 8] 1907 	inc	bc
    000008B9 F8 02            [12] 1908 	ldhl	sp,#2
    000008BB 2A               [ 8] 1909 	ld	a, (hl+)
    000008BC 5F               [ 4] 1910 	ld	e, a
    000008BD 2A               [ 8] 1911 	ld	a, (hl+)
    000008BE 57               [ 4] 1912 	ld	d, a
    000008BF 1A               [ 8] 1913 	ld	a, (de)
    000008C0 EE 20            [ 8] 1914 	xor	a, #0x20
    000008C2 02               [ 8] 1915 	ld	(bc), a
    000008C3 03               [ 8] 1916 	inc	bc
    000008C4 2A               [ 8] 1917 	ld	a, (hl+)
    000008C5 5F               [ 4] 1918 	ld	e, a
    000008C6 56               [ 8] 1919 	ld	d, (hl)
                                   1920 ;src/gameplay.c:372: *oam++ = sy;    *oam++ = sx+8;   *oam++ = meta->dtile + tile_base; *oam++ = meta->props ^ S_FLIPX; meta++;
    000008C7 F8 0F            [12] 1921 	ldhl	sp,	#15
    000008C9 7E               [ 8] 1922 	ld	a, (hl)
    000008CA 02               [ 8] 1923 	ld	(bc), a
    000008CB 03               [ 8] 1924 	inc	bc
    000008CC F8 06            [12] 1925 	ldhl	sp,	#6
    000008CE 7E               [ 8] 1926 	ld	a, (hl)
    000008CF 02               [ 8] 1927 	ld	(bc), a
    000008D0 03               [ 8] 1928 	inc	bc
    000008D1 6B               [ 4] 1929 	ld	l, e
    000008D2 62               [ 4] 1930 	ld	h, d
    000008D3 23               [ 8] 1931 	inc	hl
    000008D4 23               [ 8] 1932 	inc	hl
    000008D5 7E               [ 8] 1933 	ld	a, (hl)
    000008D6 F8 0A            [12] 1934 	ldhl	sp,	#10
    000008D8 86               [ 8] 1935 	add	a, (hl)
    000008D9 02               [ 8] 1936 	ld	(bc), a
    000008DA 03               [ 8] 1937 	inc	bc
    000008DB 6B               [ 4] 1938 	ld	l, e
    000008DC 62               [ 4] 1939 	ld	h, d
    000008DD 23               [ 8] 1940 	inc	hl
    000008DE 23               [ 8] 1941 	inc	hl
    000008DF 23               [ 8] 1942 	inc	hl
    000008E0 7E               [ 8] 1943 	ld	a, (hl)
    000008E1 EE 20            [ 8] 1944 	xor	a, #0x20
    000008E3 02               [ 8] 1945 	ld	(bc), a
    000008E4 03               [ 8] 1946 	inc	bc
    000008E5 13               [ 8] 1947 	inc	de
    000008E6 13               [ 8] 1948 	inc	de
    000008E7 13               [ 8] 1949 	inc	de
    000008E8 13               [ 8] 1950 	inc	de
                                   1951 ;src/gameplay.c:373: *oam++ = sy;    *oam++ = sx;     *oam++ = meta->dtile + tile_base; *oam++ = meta->props ^ S_FLIPX; meta++;
    000008E9 F8 0F            [12] 1952 	ldhl	sp,	#15
    000008EB 3A               [ 8] 1953 	ld	a, (hl-)
    000008EC 02               [ 8] 1954 	ld	(bc), a
    000008ED 03               [ 8] 1955 	inc	bc
    000008EE 7E               [ 8] 1956 	ld	a, (hl)
    000008EF 02               [ 8] 1957 	ld	(bc), a
    000008F0 03               [ 8] 1958 	inc	bc
    000008F1 6B               [ 4] 1959 	ld	l, e
    000008F2 62               [ 4] 1960 	ld	h, d
    000008F3 23               [ 8] 1961 	inc	hl
    000008F4 23               [ 8] 1962 	inc	hl
    000008F5 7E               [ 8] 1963 	ld	a, (hl)
    000008F6 F8 0A            [12] 1964 	ldhl	sp,	#10
    000008F8 86               [ 8] 1965 	add	a, (hl)
    000008F9 02               [ 8] 1966 	ld	(bc), a
    000008FA 03               [ 8] 1967 	inc	bc
    000008FB 6B               [ 4] 1968 	ld	l, e
    000008FC 62               [ 4] 1969 	ld	h, d
    000008FD 23               [ 8] 1970 	inc	hl
    000008FE 23               [ 8] 1971 	inc	hl
    000008FF 23               [ 8] 1972 	inc	hl
    00000900 7E               [ 8] 1973 	ld	a, (hl)
    00000901 EE 20            [ 8] 1974 	xor	a, #0x20
    00000903 02               [ 8] 1975 	ld	(bc), a
    00000904 03               [ 8] 1976 	inc	bc
    00000905 13               [ 8] 1977 	inc	de
    00000906 13               [ 8] 1978 	inc	de
    00000907 13               [ 8] 1979 	inc	de
    00000908 13               [ 8] 1980 	inc	de
                                   1981 ;src/gameplay.c:375: *oam++ = sy+16; *oam++ = sx+16;  *oam++ = meta->dtile + tile_base; *oam++ = meta->props ^ S_FLIPX; meta++;
    00000909 F8 08            [12] 1982 	ldhl	sp,	#8
    0000090B 3A               [ 8] 1983 	ld	a, (hl-)
    0000090C 02               [ 8] 1984 	ld	(bc), a
    0000090D 03               [ 8] 1985 	inc	bc
    0000090E 7E               [ 8] 1986 	ld	a, (hl)
    0000090F 02               [ 8] 1987 	ld	(bc), a
    00000910 03               [ 8] 1988 	inc	bc
    00000911 6B               [ 4] 1989 	ld	l, e
    00000912 62               [ 4] 1990 	ld	h, d
    00000913 23               [ 8] 1991 	inc	hl
    00000914 23               [ 8] 1992 	inc	hl
    00000915 7E               [ 8] 1993 	ld	a, (hl)
    00000916 F8 0A            [12] 1994 	ldhl	sp,	#10
    00000918 86               [ 8] 1995 	add	a, (hl)
    00000919 02               [ 8] 1996 	ld	(bc), a
    0000091A 03               [ 8] 1997 	inc	bc
    0000091B 6B               [ 4] 1998 	ld	l, e
    0000091C 62               [ 4] 1999 	ld	h, d
    0000091D 23               [ 8] 2000 	inc	hl
    0000091E 23               [ 8] 2001 	inc	hl
    0000091F 23               [ 8] 2002 	inc	hl
    00000920 7E               [ 8] 2003 	ld	a, (hl)
    00000921 EE 20            [ 8] 2004 	xor	a, #0x20
    00000923 02               [ 8] 2005 	ld	(bc), a
    00000924 03               [ 8] 2006 	inc	bc
    00000925 13               [ 8] 2007 	inc	de
    00000926 13               [ 8] 2008 	inc	de
    00000927 13               [ 8] 2009 	inc	de
    00000928 13               [ 8] 2010 	inc	de
                                   2011 ;src/gameplay.c:376: *oam++ = sy+16; *oam++ = sx+8;   *oam++ = meta->dtile + tile_base; *oam++ = meta->props ^ S_FLIPX; meta++;
    00000929 F8 08            [12] 2012 	ldhl	sp,	#8
    0000092B 3A               [ 8] 2013 	ld	a, (hl-)
    0000092C 2B               [ 8] 2014 	dec	hl
    0000092D 02               [ 8] 2015 	ld	(bc), a
    0000092E 03               [ 8] 2016 	inc	bc
    0000092F 7E               [ 8] 2017 	ld	a, (hl)
    00000930 02               [ 8] 2018 	ld	(bc), a
    00000931 03               [ 8] 2019 	inc	bc
    00000932 6B               [ 4] 2020 	ld	l, e
    00000933 62               [ 4] 2021 	ld	h, d
    00000934 23               [ 8] 2022 	inc	hl
    00000935 23               [ 8] 2023 	inc	hl
    00000936 7E               [ 8] 2024 	ld	a, (hl)
    00000937 F8 0A            [12] 2025 	ldhl	sp,	#10
    00000939 86               [ 8] 2026 	add	a, (hl)
    0000093A 02               [ 8] 2027 	ld	(bc), a
    0000093B 03               [ 8] 2028 	inc	bc
    0000093C 6B               [ 4] 2029 	ld	l, e
    0000093D 62               [ 4] 2030 	ld	h, d
    0000093E 23               [ 8] 2031 	inc	hl
    0000093F 23               [ 8] 2032 	inc	hl
    00000940 23               [ 8] 2033 	inc	hl
    00000941 7E               [ 8] 2034 	ld	a, (hl)
    00000942 EE 20            [ 8] 2035 	xor	a, #0x20
    00000944 02               [ 8] 2036 	ld	(bc), a
    00000945 03               [ 8] 2037 	inc	bc
    00000946 13               [ 8] 2038 	inc	de
    00000947 13               [ 8] 2039 	inc	de
    00000948 13               [ 8] 2040 	inc	de
    00000949 13               [ 8] 2041 	inc	de
                                   2042 ;src/gameplay.c:377: *oam++ = sy+16; *oam++ = sx;     *oam++ = meta->dtile + tile_base; *oam++ = meta->props ^ S_FLIPX; meta++;
    0000094A F8 08            [12] 2043 	ldhl	sp,	#8
    0000094C 7E               [ 8] 2044 	ld	a, (hl)
    0000094D 02               [ 8] 2045 	ld	(bc), a
    0000094E 03               [ 8] 2046 	inc	bc
    0000094F F8 0E            [12] 2047 	ldhl	sp,	#14
    00000951 7E               [ 8] 2048 	ld	a, (hl)
    00000952 02               [ 8] 2049 	ld	(bc), a
    00000953 03               [ 8] 2050 	inc	bc
    00000954 6B               [ 4] 2051 	ld	l, e
    00000955 62               [ 4] 2052 	ld	h, d
    00000956 23               [ 8] 2053 	inc	hl
    00000957 23               [ 8] 2054 	inc	hl
    00000958 7E               [ 8] 2055 	ld	a, (hl)
    00000959 F8 0A            [12] 2056 	ldhl	sp,	#10
    0000095B 86               [ 8] 2057 	add	a, (hl)
    0000095C 02               [ 8] 2058 	ld	(bc), a
    0000095D 03               [ 8] 2059 	inc	bc
    0000095E 6B               [ 4] 2060 	ld	l, e
    0000095F 62               [ 4] 2061 	ld	h, d
    00000960 23               [ 8] 2062 	inc	hl
    00000961 23               [ 8] 2063 	inc	hl
    00000962 23               [ 8] 2064 	inc	hl
    00000963 7E               [ 8] 2065 	ld	a, (hl)
    00000964 EE 20            [ 8] 2066 	xor	a, #0x20
    00000966 02               [ 8] 2067 	ld	(bc), a
    00000967 03               [ 8] 2068 	inc	bc
    00000968 13               [ 8] 2069 	inc	de
    00000969 13               [ 8] 2070 	inc	de
    0000096A 13               [ 8] 2071 	inc	de
    0000096B 13               [ 8] 2072 	inc	de
                                   2073 ;src/gameplay.c:379: *oam++ = sy+32; *oam++ = sx+16;  *oam++ = meta->dtile + tile_base; *oam++ = meta->props ^ S_FLIPX; meta++;
    0000096C F8 09            [12] 2074 	ldhl	sp,	#9
    0000096E 3A               [ 8] 2075 	ld	a, (hl-)
    0000096F 2B               [ 8] 2076 	dec	hl
    00000970 02               [ 8] 2077 	ld	(bc), a
    00000971 03               [ 8] 2078 	inc	bc
    00000972 7E               [ 8] 2079 	ld	a, (hl)
    00000973 02               [ 8] 2080 	ld	(bc), a
    00000974 03               [ 8] 2081 	inc	bc
    00000975 6B               [ 4] 2082 	ld	l, e
    00000976 62               [ 4] 2083 	ld	h, d
    00000977 23               [ 8] 2084 	inc	hl
    00000978 23               [ 8] 2085 	inc	hl
    00000979 7E               [ 8] 2086 	ld	a, (hl)
    0000097A F8 0A            [12] 2087 	ldhl	sp,	#10
    0000097C 86               [ 8] 2088 	add	a, (hl)
    0000097D 02               [ 8] 2089 	ld	(bc), a
    0000097E 03               [ 8] 2090 	inc	bc
    0000097F 6B               [ 4] 2091 	ld	l, e
    00000980 62               [ 4] 2092 	ld	h, d
    00000981 23               [ 8] 2093 	inc	hl
    00000982 23               [ 8] 2094 	inc	hl
    00000983 23               [ 8] 2095 	inc	hl
    00000984 7E               [ 8] 2096 	ld	a, (hl)
    00000985 EE 20            [ 8] 2097 	xor	a, #0x20
    00000987 02               [ 8] 2098 	ld	(bc), a
    00000988 03               [ 8] 2099 	inc	bc
    00000989 13               [ 8] 2100 	inc	de
    0000098A 13               [ 8] 2101 	inc	de
    0000098B 13               [ 8] 2102 	inc	de
    0000098C 13               [ 8] 2103 	inc	de
                                   2104 ;src/gameplay.c:380: *oam++ = sy+32; *oam++ = sx+8;   *oam++ = meta->dtile + tile_base; *oam++ = meta->props ^ S_FLIPX; meta++;
    0000098D F8 09            [12] 2105 	ldhl	sp,	#9
    0000098F 7E               [ 8] 2106 	ld	a, (hl)
    00000990 02               [ 8] 2107 	ld	(bc), a
    00000991 03               [ 8] 2108 	inc	bc
    00000992 F8 06            [12] 2109 	ldhl	sp,	#6
    00000994 7E               [ 8] 2110 	ld	a, (hl)
    00000995 02               [ 8] 2111 	ld	(bc), a
    00000996 03               [ 8] 2112 	inc	bc
    00000997 6B               [ 4] 2113 	ld	l, e
    00000998 62               [ 4] 2114 	ld	h, d
    00000999 23               [ 8] 2115 	inc	hl
    0000099A 23               [ 8] 2116 	inc	hl
    0000099B 7E               [ 8] 2117 	ld	a, (hl)
    0000099C F8 0A            [12] 2118 	ldhl	sp,	#10
    0000099E 86               [ 8] 2119 	add	a, (hl)
    0000099F 02               [ 8] 2120 	ld	(bc), a
    000009A0 03               [ 8] 2121 	inc	bc
    000009A1 6B               [ 4] 2122 	ld	l, e
    000009A2 62               [ 4] 2123 	ld	h, d
    000009A3 23               [ 8] 2124 	inc	hl
    000009A4 23               [ 8] 2125 	inc	hl
    000009A5 23               [ 8] 2126 	inc	hl
    000009A6 7E               [ 8] 2127 	ld	a, (hl)
    000009A7 EE 20            [ 8] 2128 	xor	a, #0x20
    000009A9 02               [ 8] 2129 	ld	(bc), a
    000009AA 03               [ 8] 2130 	inc	bc
    000009AB 13               [ 8] 2131 	inc	de
    000009AC 13               [ 8] 2132 	inc	de
    000009AD 13               [ 8] 2133 	inc	de
    000009AE 13               [ 8] 2134 	inc	de
                                   2135 ;src/gameplay.c:381: *oam++ = sy+32; *oam++ = sx;     *oam++ = meta->dtile + tile_base; *oam++ = meta->props ^ S_FLIPX;
    000009AF F8 09            [12] 2136 	ldhl	sp,	#9
    000009B1 7E               [ 8] 2137 	ld	a, (hl)
    000009B2 02               [ 8] 2138 	ld	(bc), a
    000009B3 03               [ 8] 2139 	inc	bc
    000009B4 F8 0E            [12] 2140 	ldhl	sp,	#14
    000009B6 7E               [ 8] 2141 	ld	a, (hl)
    000009B7 02               [ 8] 2142 	ld	(bc), a
    000009B8 03               [ 8] 2143 	inc	bc
    000009B9 6B               [ 4] 2144 	ld	l, e
    000009BA 62               [ 4] 2145 	ld	h, d
    000009BB 23               [ 8] 2146 	inc	hl
    000009BC 23               [ 8] 2147 	inc	hl
    000009BD 7E               [ 8] 2148 	ld	a, (hl)
    000009BE F8 0A            [12] 2149 	ldhl	sp,	#10
    000009C0 86               [ 8] 2150 	add	a, (hl)
    000009C1 02               [ 8] 2151 	ld	(bc), a
    000009C2 03               [ 8] 2152 	inc	bc
    000009C3 13               [ 8] 2153 	inc	de
    000009C4 13               [ 8] 2154 	inc	de
    000009C5 13               [ 8] 2155 	inc	de
    000009C6 1A               [ 8] 2156 	ld	a, (de)
    000009C7 EE 20            [ 8] 2157 	xor	a, #0x20
    000009C9 02               [ 8] 2158 	ld	(bc), a
    000009CA                       2159 00103$:
                                   2160 ;src/gameplay.c:383: return 9;
    000009CA 3E 09            [ 8] 2161 	ld	a, #0x09
                                   2162 ;src/gameplay.c:384: }
    000009CC E8 0B            [16] 2163 	add	sp, #11
    000009CE E1               [12] 2164 	pop	hl
    000009CF E8 04            [16] 2165 	add	sp, #4
    000009D1 E9               [ 4] 2166 	jp	(hl)
                                   2167 ;src/gameplay.c:386: static void process_sprite_logic(
                                   2168 ;	---------------------------------
                                   2169 ; Function process_sprite_logic
                                   2170 ; ---------------------------------
    000009D2                       2171 _process_sprite_logic:
    000009D2 E8 B7            [16] 2172 	add	sp, #-73
    000009D4 F8 46            [12] 2173 	ldhl	sp,	#70
    000009D6 7B               [ 4] 2174 	ld	a, e
    000009D7 22               [ 8] 2175 	ld	(hl+), a
    000009D8 72               [ 8] 2176 	ld	(hl), d
    000009D9 F8 44            [12] 2177 	ldhl	sp,	#68
    000009DB 79               [ 4] 2178 	ld	a, c
    000009DC 22               [ 8] 2179 	ld	(hl+), a
    000009DD 70               [ 8] 2180 	ld	(hl), b
                                   2181 ;src/gameplay.c:391: uint16_t px = p->world_x;
    000009DE F8 4B            [12] 2182 	ldhl	sp,#75
    000009E0 2A               [ 8] 2183 	ld	a, (hl+)
    000009E1 5F               [ 4] 2184 	ld	e, a
    000009E2 56               [ 8] 2185 	ld	d, (hl)
    000009E3 1A               [ 8] 2186 	ld	a, (de)
    000009E4 F8 04            [12] 2187 	ldhl	sp,	#4
    000009E6 22               [ 8] 2188 	ld	(hl+), a
    000009E7 13               [ 8] 2189 	inc	de
    000009E8 1A               [ 8] 2190 	ld	a, (de)
    000009E9 77               [ 8] 2191 	ld	(hl), a
                                   2192 ;src/gameplay.c:392: uint16_t py = p->world_y.b.h;
    000009EA F8 4B            [12] 2193 	ldhl	sp,	#75
    000009EC 2A               [ 8] 2194 	ld	a, (hl+)
    000009ED 4F               [ 4] 2195 	ld	c, a
    000009EE 46               [ 8] 2196 	ld	b, (hl)
    000009EF 03               [ 8] 2197 	inc	bc
    000009F0 03               [ 8] 2198 	inc	bc
    000009F1 03               [ 8] 2199 	inc	bc
    000009F2 0A               [ 8] 2200 	ld	a, (bc)
    000009F3 F8 06            [12] 2201 	ldhl	sp,	#6
    000009F5 22               [ 8] 2202 	ld	(hl+), a
    000009F6 36 00            [12] 2203 	ld	(hl), #0x00
                                   2204 ;src/gameplay.c:395: uint16_t p_front = px + 15;
    000009F8 F8 04            [12] 2205 	ldhl	sp,	#4
    000009FA 7E               [ 8] 2206 	ld	a, (hl)
    000009FB F8 08            [12] 2207 	ldhl	sp,	#8
    000009FD 77               [ 8] 2208 	ld	(hl), a
    000009FE F8 05            [12] 2209 	ldhl	sp,	#5
    00000A00 7E               [ 8] 2210 	ld	a, (hl)
    00000A01 F8 09            [12] 2211 	ldhl	sp,	#9
    00000A03 32               [ 8] 2212 	ld	(hl-), a
    00000A04 2A               [ 8] 2213 	ld	a, (hl+)
    00000A05 5F               [ 4] 2214 	ld	e, a
    00000A06 56               [ 8] 2215 	ld	d, (hl)
    00000A07 21 0F 00         [12] 2216 	ld	hl, #0x000f
    00000A0A 19               [ 8] 2217 	add	hl, de
    00000A0B 4D               [ 4] 2218 	ld	c, l
    00000A0C 7C               [ 4] 2219 	ld	a, h
    00000A0D F8 0A            [12] 2220 	ldhl	sp,	#10
    00000A0F 71               [ 8] 2221 	ld	(hl), c
    00000A10 23               [ 8] 2222 	inc	hl
    00000A11 77               [ 8] 2223 	ld	(hl), a
                                   2224 ;src/gameplay.c:396: uint16_t p_bottom = py + PLAYER_SIZE;
    00000A12 F8 06            [12] 2225 	ldhl	sp,	#6
    00000A14 7E               [ 8] 2226 	ld	a, (hl)
    00000A15 F8 0C            [12] 2227 	ldhl	sp,	#12
    00000A17 22               [ 8] 2228 	ld	(hl+), a
    00000A18 AF               [ 4] 2229 	xor	a, a
    00000A19 32               [ 8] 2230 	ld	(hl-), a
    00000A1A 2A               [ 8] 2231 	ld	a, (hl+)
    00000A1B 5F               [ 4] 2232 	ld	e, a
    00000A1C 56               [ 8] 2233 	ld	d, (hl)
    00000A1D 21 0F 00         [12] 2234 	ld	hl, #0x000f
    00000A20 19               [ 8] 2235 	add	hl, de
    00000A21 4D               [ 4] 2236 	ld	c, l
    00000A22 7C               [ 4] 2237 	ld	a, h
    00000A23 F8 0E            [12] 2238 	ldhl	sp,	#14
    00000A25 71               [ 8] 2239 	ld	(hl), c
    00000A26 23               [ 8] 2240 	inc	hl
                                   2241 ;src/gameplay.c:397: uint16_t p_feet = py + PLAYER_SIZE;
    00000A27 22               [ 8] 2242 	ld	(hl+), a
    00000A28 71               [ 8] 2243 	ld	(hl), c
    00000A29 23               [ 8] 2244 	inc	hl
    00000A2A 77               [ 8] 2245 	ld	(hl), a
                                   2246 ;src/gameplay.c:399: for (i = 0; i < MAX_ACTIVE_SP_OBJECTS; i++) {
    00000A2B F8 46            [12] 2247 	ldhl	sp,#70
    00000A2D 2A               [ 8] 2248 	ld	a, (hl+)
    00000A2E 5F               [ 4] 2249 	ld	e, a
    00000A2F 56               [ 8] 2250 	ld	d, (hl)
    00000A30 21 60 00         [12] 2251 	ld	hl, #0x0060
    00000A33 19               [ 8] 2252 	add	hl, de
    00000A34 E5               [16] 2253 	push	hl
    00000A35 7D               [ 4] 2254 	ld	a, l
    00000A36 F8 14            [12] 2255 	ldhl	sp,	#20
    00000A38 77               [ 8] 2256 	ld	(hl), a
    00000A39 E1               [12] 2257 	pop	hl
    00000A3A 7C               [ 4] 2258 	ld	a, h
    00000A3B F8 13            [12] 2259 	ldhl	sp,	#19
    00000A3D 77               [ 8] 2260 	ld	(hl), a
    00000A3E F8 4B            [12] 2261 	ldhl	sp,#75
    00000A40 2A               [ 8] 2262 	ld	a, (hl+)
    00000A41 5F               [ 4] 2263 	ld	e, a
    00000A42 56               [ 8] 2264 	ld	d, (hl)
    00000A43 21 09 00         [12] 2265 	ld	hl, #0x0009
    00000A46 19               [ 8] 2266 	add	hl, de
    00000A47 E5               [16] 2267 	push	hl
    00000A48 7D               [ 4] 2268 	ld	a, l
    00000A49 F8 16            [12] 2269 	ldhl	sp,	#22
    00000A4B 77               [ 8] 2270 	ld	(hl), a
    00000A4C E1               [12] 2271 	pop	hl
    00000A4D 7C               [ 4] 2272 	ld	a, h
    00000A4E F8 15            [12] 2273 	ldhl	sp,	#21
    00000A50 77               [ 8] 2274 	ld	(hl), a
    00000A51 F8 4B            [12] 2275 	ldhl	sp,#75
    00000A53 2A               [ 8] 2276 	ld	a, (hl+)
    00000A54 5F               [ 4] 2277 	ld	e, a
    00000A55 56               [ 8] 2278 	ld	d, (hl)
    00000A56 21 08 00         [12] 2279 	ld	hl, #0x0008
    00000A59 19               [ 8] 2280 	add	hl, de
    00000A5A E5               [16] 2281 	push	hl
    00000A5B 7D               [ 4] 2282 	ld	a, l
    00000A5C F8 18            [12] 2283 	ldhl	sp,	#24
    00000A5E 77               [ 8] 2284 	ld	(hl), a
    00000A5F E1               [12] 2285 	pop	hl
    00000A60 7C               [ 4] 2286 	ld	a, h
    00000A61 F8 17            [12] 2287 	ldhl	sp,	#23
    00000A63 77               [ 8] 2288 	ld	(hl), a
    00000A64 F8 14            [12] 2289 	ldhl	sp,	#20
    00000A66 7E               [ 8] 2290 	ld	a, (hl)
    00000A67 F8 18            [12] 2291 	ldhl	sp,	#24
    00000A69 77               [ 8] 2292 	ld	(hl), a
    00000A6A F8 15            [12] 2293 	ldhl	sp,	#21
    00000A6C 7E               [ 8] 2294 	ld	a, (hl)
    00000A6D F8 19            [12] 2295 	ldhl	sp,	#25
    00000A6F 77               [ 8] 2296 	ld	(hl), a
    00000A70 F8 16            [12] 2297 	ldhl	sp,	#22
    00000A72 7E               [ 8] 2298 	ld	a, (hl)
    00000A73 F8 1A            [12] 2299 	ldhl	sp,	#26
    00000A75 77               [ 8] 2300 	ld	(hl), a
    00000A76 F8 17            [12] 2301 	ldhl	sp,	#23
    00000A78 7E               [ 8] 2302 	ld	a, (hl)
    00000A79 F8 1B            [12] 2303 	ldhl	sp,	#27
    00000A7B 77               [ 8] 2304 	ld	(hl), a
    00000A7C F8 4B            [12] 2305 	ldhl	sp,#75
    00000A7E 2A               [ 8] 2306 	ld	a, (hl+)
    00000A7F 5F               [ 4] 2307 	ld	e, a
    00000A80 56               [ 8] 2308 	ld	d, (hl)
    00000A81 21 0E 00         [12] 2309 	ld	hl, #0x000e
    00000A84 19               [ 8] 2310 	add	hl, de
    00000A85 E5               [16] 2311 	push	hl
    00000A86 7D               [ 4] 2312 	ld	a, l
    00000A87 F8 1E            [12] 2313 	ldhl	sp,	#30
    00000A89 77               [ 8] 2314 	ld	(hl), a
    00000A8A E1               [12] 2315 	pop	hl
    00000A8B 7C               [ 4] 2316 	ld	a, h
    00000A8C F8 1D            [12] 2317 	ldhl	sp,	#29
    00000A8E 77               [ 8] 2318 	ld	(hl), a
    00000A8F F8 14            [12] 2319 	ldhl	sp,	#20
    00000A91 7E               [ 8] 2320 	ld	a, (hl)
    00000A92 F8 1E            [12] 2321 	ldhl	sp,	#30
    00000A94 77               [ 8] 2322 	ld	(hl), a
    00000A95 F8 15            [12] 2323 	ldhl	sp,	#21
    00000A97 7E               [ 8] 2324 	ld	a, (hl)
    00000A98 F8 1F            [12] 2325 	ldhl	sp,	#31
    00000A9A 77               [ 8] 2326 	ld	(hl), a
    00000A9B F8 14            [12] 2327 	ldhl	sp,	#20
    00000A9D 7E               [ 8] 2328 	ld	a, (hl)
    00000A9E F8 20            [12] 2329 	ldhl	sp,	#32
    00000AA0 77               [ 8] 2330 	ld	(hl), a
    00000AA1 F8 15            [12] 2331 	ldhl	sp,	#21
    00000AA3 7E               [ 8] 2332 	ld	a, (hl)
    00000AA4 F8 21            [12] 2333 	ldhl	sp,	#33
    00000AA6 77               [ 8] 2334 	ld	(hl), a
    00000AA7 F8 16            [12] 2335 	ldhl	sp,	#22
    00000AA9 7E               [ 8] 2336 	ld	a, (hl)
    00000AAA F8 22            [12] 2337 	ldhl	sp,	#34
    00000AAC 77               [ 8] 2338 	ld	(hl), a
    00000AAD F8 17            [12] 2339 	ldhl	sp,	#23
    00000AAF 7E               [ 8] 2340 	ld	a, (hl)
    00000AB0 F8 23            [12] 2341 	ldhl	sp,	#35
    00000AB2 77               [ 8] 2342 	ld	(hl), a
    00000AB3 F8 14            [12] 2343 	ldhl	sp,	#20
    00000AB5 7E               [ 8] 2344 	ld	a, (hl)
    00000AB6 F8 24            [12] 2345 	ldhl	sp,	#36
    00000AB8 77               [ 8] 2346 	ld	(hl), a
    00000AB9 F8 15            [12] 2347 	ldhl	sp,	#21
    00000ABB 7E               [ 8] 2348 	ld	a, (hl)
    00000ABC F8 25            [12] 2349 	ldhl	sp,	#37
    00000ABE 77               [ 8] 2350 	ld	(hl), a
    00000ABF F8 16            [12] 2351 	ldhl	sp,	#22
    00000AC1 7E               [ 8] 2352 	ld	a, (hl)
    00000AC2 F8 26            [12] 2353 	ldhl	sp,	#38
    00000AC4 77               [ 8] 2354 	ld	(hl), a
    00000AC5 F8 17            [12] 2355 	ldhl	sp,	#23
    00000AC7 7E               [ 8] 2356 	ld	a, (hl)
    00000AC8 F8 27            [12] 2357 	ldhl	sp,	#39
    00000ACA 77               [ 8] 2358 	ld	(hl), a
    00000ACB F8 46            [12] 2359 	ldhl	sp,#70
    00000ACD 2A               [ 8] 2360 	ld	a, (hl+)
    00000ACE 5F               [ 4] 2361 	ld	e, a
    00000ACF 56               [ 8] 2362 	ld	d, (hl)
    00000AD0 21 10 00         [12] 2363 	ld	hl, #0x0010
    00000AD3 19               [ 8] 2364 	add	hl, de
    00000AD4 E5               [16] 2365 	push	hl
    00000AD5 7D               [ 4] 2366 	ld	a, l
    00000AD6 F8 2A            [12] 2367 	ldhl	sp,	#42
    00000AD8 77               [ 8] 2368 	ld	(hl), a
    00000AD9 E1               [12] 2369 	pop	hl
    00000ADA 7C               [ 4] 2370 	ld	a, h
    00000ADB F8 29            [12] 2371 	ldhl	sp,	#41
    00000ADD 77               [ 8] 2372 	ld	(hl), a
    00000ADE F8 46            [12] 2373 	ldhl	sp,#70
    00000AE0 2A               [ 8] 2374 	ld	a, (hl+)
    00000AE1 5F               [ 4] 2375 	ld	e, a
    00000AE2 56               [ 8] 2376 	ld	d, (hl)
    00000AE3 21 30 00         [12] 2377 	ld	hl, #0x0030
    00000AE6 19               [ 8] 2378 	add	hl, de
    00000AE7 E5               [16] 2379 	push	hl
    00000AE8 7D               [ 4] 2380 	ld	a, l
    00000AE9 F8 2C            [12] 2381 	ldhl	sp,	#44
    00000AEB 77               [ 8] 2382 	ld	(hl), a
    00000AEC E1               [12] 2383 	pop	hl
    00000AED 7C               [ 4] 2384 	ld	a, h
    00000AEE F8 2B            [12] 2385 	ldhl	sp,	#43
    00000AF0 77               [ 8] 2386 	ld	(hl), a
    00000AF1 F8 12            [12] 2387 	ldhl	sp,	#18
    00000AF3 7E               [ 8] 2388 	ld	a, (hl)
    00000AF4 F8 2C            [12] 2389 	ldhl	sp,	#44
    00000AF6 77               [ 8] 2390 	ld	(hl), a
    00000AF7 F8 13            [12] 2391 	ldhl	sp,	#19
    00000AF9 7E               [ 8] 2392 	ld	a, (hl)
    00000AFA F8 2D            [12] 2393 	ldhl	sp,	#45
    00000AFC 77               [ 8] 2394 	ld	(hl), a
    00000AFD F8 12            [12] 2395 	ldhl	sp,	#18
    00000AFF 7E               [ 8] 2396 	ld	a, (hl)
    00000B00 F8 2E            [12] 2397 	ldhl	sp,	#46
    00000B02 77               [ 8] 2398 	ld	(hl), a
    00000B03 F8 13            [12] 2399 	ldhl	sp,	#19
    00000B05 7E               [ 8] 2400 	ld	a, (hl)
    00000B06 F8 2F            [12] 2401 	ldhl	sp,	#47
    00000B08 77               [ 8] 2402 	ld	(hl), a
    00000B09 F8 4B            [12] 2403 	ldhl	sp,#75
    00000B0B 2A               [ 8] 2404 	ld	a, (hl+)
    00000B0C 5F               [ 4] 2405 	ld	e, a
    00000B0D 56               [ 8] 2406 	ld	d, (hl)
    00000B0E 21 10 00         [12] 2407 	ld	hl, #0x0010
    00000B11 19               [ 8] 2408 	add	hl, de
    00000B12 E5               [16] 2409 	push	hl
    00000B13 7D               [ 4] 2410 	ld	a, l
    00000B14 F8 32            [12] 2411 	ldhl	sp,	#50
    00000B16 77               [ 8] 2412 	ld	(hl), a
    00000B17 E1               [12] 2413 	pop	hl
    00000B18 7C               [ 4] 2414 	ld	a, h
    00000B19 F8 31            [12] 2415 	ldhl	sp,	#49
    00000B1B 77               [ 8] 2416 	ld	(hl), a
    00000B1C F8 4D            [12] 2417 	ldhl	sp,	#77
    00000B1E 7E               [ 8] 2418 	ld	a, (hl)
    00000B1F E6 10            [ 8] 2419 	and	a, #0x10
    00000B21 F8 32            [12] 2420 	ldhl	sp,	#50
    00000B23 77               [ 8] 2421 	ld	(hl), a
    00000B24 F8 12            [12] 2422 	ldhl	sp,	#18
    00000B26 7E               [ 8] 2423 	ld	a, (hl)
    00000B27 F8 33            [12] 2424 	ldhl	sp,	#51
    00000B29 77               [ 8] 2425 	ld	(hl), a
    00000B2A F8 13            [12] 2426 	ldhl	sp,	#19
    00000B2C 7E               [ 8] 2427 	ld	a, (hl)
    00000B2D F8 34            [12] 2428 	ldhl	sp,	#52
    00000B2F 77               [ 8] 2429 	ld	(hl), a
    00000B30 F8 12            [12] 2430 	ldhl	sp,	#18
    00000B32 7E               [ 8] 2431 	ld	a, (hl)
    00000B33 F8 35            [12] 2432 	ldhl	sp,	#53
    00000B35 77               [ 8] 2433 	ld	(hl), a
    00000B36 F8 13            [12] 2434 	ldhl	sp,	#19
    00000B38 7E               [ 8] 2435 	ld	a, (hl)
    00000B39 F8 36            [12] 2436 	ldhl	sp,	#54
    00000B3B 77               [ 8] 2437 	ld	(hl), a
    00000B3C F8 12            [12] 2438 	ldhl	sp,	#18
    00000B3E 7E               [ 8] 2439 	ld	a, (hl)
    00000B3F F8 37            [12] 2440 	ldhl	sp,	#55
    00000B41 77               [ 8] 2441 	ld	(hl), a
    00000B42 F8 13            [12] 2442 	ldhl	sp,	#19
    00000B44 7E               [ 8] 2443 	ld	a, (hl)
    00000B45 F8 38            [12] 2444 	ldhl	sp,	#56
    00000B47 77               [ 8] 2445 	ld	(hl), a
    00000B48 F8 12            [12] 2446 	ldhl	sp,	#18
    00000B4A 7E               [ 8] 2447 	ld	a, (hl)
    00000B4B F8 39            [12] 2448 	ldhl	sp,	#57
    00000B4D 77               [ 8] 2449 	ld	(hl), a
    00000B4E F8 13            [12] 2450 	ldhl	sp,	#19
    00000B50 7E               [ 8] 2451 	ld	a, (hl)
    00000B51 F8 3A            [12] 2452 	ldhl	sp,	#58
    00000B53 77               [ 8] 2453 	ld	(hl), a
    00000B54 F8 46            [12] 2454 	ldhl	sp,#70
    00000B56 2A               [ 8] 2455 	ld	a, (hl+)
    00000B57 5F               [ 4] 2456 	ld	e, a
    00000B58 56               [ 8] 2457 	ld	d, (hl)
    00000B59 21 50 00         [12] 2458 	ld	hl, #0x0050
    00000B5C 19               [ 8] 2459 	add	hl, de
    00000B5D E5               [16] 2460 	push	hl
    00000B5E 7D               [ 4] 2461 	ld	a, l
    00000B5F F8 3D            [12] 2462 	ldhl	sp,	#61
    00000B61 77               [ 8] 2463 	ld	(hl), a
    00000B62 E1               [12] 2464 	pop	hl
    00000B63 7C               [ 4] 2465 	ld	a, h
    00000B64 F8 3C            [12] 2466 	ldhl	sp,	#60
    00000B66 77               [ 8] 2467 	ld	(hl), a
    00000B67 F8 48            [12] 2468 	ldhl	sp,	#72
    00000B69 36 00            [12] 2469 	ld	(hl), #0x00
    00000B6B                       2470 00216$:
                                   2471 ;src/gameplay.c:400: if (!cache->active[i]) break;
    00000B6B F8 3B            [12] 2472 	ldhl	sp,#59
    00000B6D 2A               [ 8] 2473 	ld	a, (hl+)
    00000B6E 5F               [ 4] 2474 	ld	e, a
    00000B6F 56               [ 8] 2475 	ld	d, (hl)
    00000B70 F8 48            [12] 2476 	ldhl	sp,	#72
    00000B72 6E               [ 8] 2477 	ld	l, (hl)
    00000B73 26 00            [ 8] 2478 	ld	h, #0x00
    00000B75 19               [ 8] 2479 	add	hl, de
    00000B76 4D               [ 4] 2480 	ld	c, l
    00000B77 44               [ 4] 2481 	ld	b, h
    00000B78 0A               [ 8] 2482 	ld	a, (bc)
    00000B79 F8 43            [12] 2483 	ldhl	sp,	#67
    00000B7B 77               [ 8] 2484 	ld	(hl), a
    00000B7C 7E               [ 8] 2485 	ld	a, (hl)
    00000B7D B7               [ 4] 2486 	or	a, a
    00000B7E CArBEr14         [16] 2487 	jp	Z, 00217$
                                   2488 ;src/gameplay.c:402: uint16_t obj_x = cache->px[i];
    00000B81 F8 48            [12] 2489 	ldhl	sp,	#72
    00000B83 7E               [ 8] 2490 	ld	a, (hl)
    00000B84 87               [ 4] 2491 	add	a, a
    00000B85 F8 43            [12] 2492 	ldhl	sp,	#67
    00000B87 77               [ 8] 2493 	ld	(hl), a
    00000B88 F8 28            [12] 2494 	ldhl	sp,#40
    00000B8A 2A               [ 8] 2495 	ld	a, (hl+)
    00000B8B 5F               [ 4] 2496 	ld	e, a
    00000B8C 56               [ 8] 2497 	ld	d, (hl)
    00000B8D F8 43            [12] 2498 	ldhl	sp,	#67
    00000B8F 6E               [ 8] 2499 	ld	l, (hl)
    00000B90 26 00            [ 8] 2500 	ld	h, #0x00
    00000B92 19               [ 8] 2501 	add	hl, de
    00000B93 E5               [16] 2502 	push	hl
    00000B94 7D               [ 4] 2503 	ld	a, l
    00000B95 F8 3F            [12] 2504 	ldhl	sp,	#63
    00000B97 77               [ 8] 2505 	ld	(hl), a
    00000B98 E1               [12] 2506 	pop	hl
    00000B99 7C               [ 4] 2507 	ld	a, h
    00000B9A F8 3E            [12] 2508 	ldhl	sp,	#62
    00000B9C 32               [ 8] 2509 	ld	(hl-), a
    00000B9D 2A               [ 8] 2510 	ld	a, (hl+)
    00000B9E 5F               [ 4] 2511 	ld	e, a
    00000B9F 2A               [ 8] 2512 	ld	a, (hl+)
    00000BA0 23               [ 8] 2513 	inc	hl
    00000BA1 57               [ 4] 2514 	ld	d, a
    00000BA2 1A               [ 8] 2515 	ld	a, (de)
    00000BA3 22               [ 8] 2516 	ld	(hl+), a
    00000BA4 13               [ 8] 2517 	inc	de
    00000BA5 1A               [ 8] 2518 	ld	a, (de)
    00000BA6 77               [ 8] 2519 	ld	(hl), a
                                   2520 ;src/gameplay.c:403: if (obj_x > cam_px + 176u) break;
    00000BA7 F8 44            [12] 2521 	ldhl	sp,	#68
    00000BA9 7E               [ 8] 2522 	ld	a, (hl)
    00000BAA F8 3E            [12] 2523 	ldhl	sp,	#62
    00000BAC 77               [ 8] 2524 	ld	(hl), a
    00000BAD F8 45            [12] 2525 	ldhl	sp,	#69
    00000BAF 7E               [ 8] 2526 	ld	a, (hl)
    00000BB0 F8 3F            [12] 2527 	ldhl	sp,	#63
    00000BB2 32               [ 8] 2528 	ld	(hl-), a
    00000BB3 2A               [ 8] 2529 	ld	a, (hl+)
    00000BB4 5F               [ 4] 2530 	ld	e, a
    00000BB5 56               [ 8] 2531 	ld	d, (hl)
    00000BB6 21 B0 00         [12] 2532 	ld	hl, #0x00b0
    00000BB9 19               [ 8] 2533 	add	hl, de
    00000BBA E5               [16] 2534 	push	hl
    00000BBB 7D               [ 4] 2535 	ld	a, l
    00000BBC F8 04            [12] 2536 	ldhl	sp,	#4
    00000BBE 77               [ 8] 2537 	ld	(hl), a
    00000BBF E1               [12] 2538 	pop	hl
    00000BC0 7C               [ 4] 2539 	ld	a, h
    00000BC1 F8 03            [12] 2540 	ldhl	sp,	#3
    00000BC3 77               [ 8] 2541 	ld	(hl), a
    00000BC4 F8 40            [12] 2542 	ldhl	sp,	#64
    00000BC6 3A               [ 8] 2543 	ld	a, (hl-)
    00000BC7 2B               [ 8] 2544 	dec	hl
    00000BC8 77               [ 8] 2545 	ld	(hl), a
    00000BC9 F8 41            [12] 2546 	ldhl	sp,	#65
    00000BCB 3A               [ 8] 2547 	ld	a, (hl-)
    00000BCC 2B               [ 8] 2548 	dec	hl
    00000BCD 77               [ 8] 2549 	ld	(hl), a
    00000BCE F8 02            [12] 2550 	ldhl	sp,	#2
    00000BD0 5D               [ 4] 2551 	ld	e, l
    00000BD1 54               [ 4] 2552 	ld	d, h
    00000BD2 F8 3E            [12] 2553 	ldhl	sp,	#62
    00000BD4 1A               [ 8] 2554 	ld	a, (de)
    00000BD5 13               [ 8] 2555 	inc	de
    00000BD6 96               [ 8] 2556 	sub	a, (hl)
    00000BD7 23               [ 8] 2557 	inc	hl
    00000BD8 1A               [ 8] 2558 	ld	a, (de)
    00000BD9 9E               [ 8] 2559 	sbc	a, (hl)
    00000BDA DArBEr14         [16] 2560 	jp	C, 00217$
                                   2561 ;src/gameplay.c:405: uint8_t obj = cache->obj[i];
    00000BDD F8 46            [12] 2562 	ldhl	sp,#70
    00000BDF 2A               [ 8] 2563 	ld	a, (hl+)
    00000BE0 5F               [ 4] 2564 	ld	e, a
    00000BE1 2A               [ 8] 2565 	ld	a, (hl+)
    00000BE2 57               [ 4] 2566 	ld	d, a
    00000BE3 6E               [ 8] 2567 	ld	l, (hl)
    00000BE4 26 00            [ 8] 2568 	ld	h, #0x00
    00000BE6 19               [ 8] 2569 	add	hl, de
    00000BE7 E5               [16] 2570 	push	hl
    00000BE8 7D               [ 4] 2571 	ld	a, l
    00000BE9 F8 04            [12] 2572 	ldhl	sp,	#4
    00000BEB 77               [ 8] 2573 	ld	(hl), a
    00000BEC E1               [12] 2574 	pop	hl
    00000BED 7C               [ 4] 2575 	ld	a, h
    00000BEE F8 03            [12] 2576 	ldhl	sp,	#3
    00000BF0 32               [ 8] 2577 	ld	(hl-), a
    00000BF1 2A               [ 8] 2578 	ld	a, (hl+)
    00000BF2 5F               [ 4] 2579 	ld	e, a
    00000BF3 56               [ 8] 2580 	ld	d, (hl)
    00000BF4 1A               [ 8] 2581 	ld	a, (de)
    00000BF5 F8 3D            [12] 2582 	ldhl	sp,	#61
    00000BF7 77               [ 8] 2583 	ld	(hl), a
                                   2584 ;src/gameplay.c:406: uint16_t obj_y = cache->py[i];
    00000BF8 F8 2A            [12] 2585 	ldhl	sp,#42
    00000BFA 2A               [ 8] 2586 	ld	a, (hl+)
    00000BFB 5F               [ 4] 2587 	ld	e, a
    00000BFC 56               [ 8] 2588 	ld	d, (hl)
    00000BFD F8 43            [12] 2589 	ldhl	sp,	#67
    00000BFF 6E               [ 8] 2590 	ld	l, (hl)
    00000C00 26 00            [ 8] 2591 	ld	h, #0x00
    00000C02 19               [ 8] 2592 	add	hl, de
    00000C03 E5               [16] 2593 	push	hl
    00000C04 7D               [ 4] 2594 	ld	a, l
    00000C05 F8 44            [12] 2595 	ldhl	sp,	#68
    00000C07 77               [ 8] 2596 	ld	(hl), a
    00000C08 E1               [12] 2597 	pop	hl
    00000C09 7C               [ 4] 2598 	ld	a, h
    00000C0A F8 43            [12] 2599 	ldhl	sp,	#67
    00000C0C 32               [ 8] 2600 	ld	(hl-), a
    00000C0D 2A               [ 8] 2601 	ld	a, (hl+)
    00000C0E 5F               [ 4] 2602 	ld	e, a
    00000C0F 3A               [ 8] 2603 	ld	a, (hl-)
    00000C10 57               [ 4] 2604 	ld	d, a
    00000C11 1A               [ 8] 2605 	ld	a, (de)
    00000C12 22               [ 8] 2606 	ld	(hl+), a
    00000C13 13               [ 8] 2607 	inc	de
    00000C14 1A               [ 8] 2608 	ld	a, (de)
    00000C15 77               [ 8] 2609 	ld	(hl), a
                                   2610 ;src/gameplay.c:408: if (obj == OBJ_LEVEL_END) {
    00000C16 F8 3D            [12] 2611 	ldhl	sp,	#61
    00000C18 7E               [ 8] 2612 	ld	a, (hl)
    00000C19 D6 0F            [ 8] 2613 	sub	a, #0x0f
    00000C1B 20 28            [12] 2614 	jr	NZ, 00108$
                                   2615 ;src/gameplay.c:409: if (px >= (obj_x - 180)) p->level_complete = 1;
    00000C1D F8 3E            [12] 2616 	ldhl	sp,#62
    00000C1F 2A               [ 8] 2617 	ld	a, (hl+)
    00000C20 5F               [ 4] 2618 	ld	e, a
    00000C21 56               [ 8] 2619 	ld	d, (hl)
    00000C22 21 B4 00         [12] 2620 	ld	hl, #0x00b4
    00000C25 7B               [ 4] 2621 	ld	a, e
    00000C26 95               [ 4] 2622 	sub	a, l
    00000C27 5F               [ 4] 2623 	ld	e, a
    00000C28 7A               [ 4] 2624 	ld	a, d
    00000C29 9C               [ 4] 2625 	sbc	a, h
    00000C2A 47               [ 4] 2626 	ld	b, a
    00000C2B 4B               [ 4] 2627 	ld	c, e
    00000C2C F8 08            [12] 2628 	ldhl	sp,	#8
    00000C2E 2A               [ 8] 2629 	ld	a, (hl+)
    00000C2F 91               [ 4] 2630 	sub	a, c
    00000C30 7E               [ 8] 2631 	ld	a, (hl)
    00000C31 98               [ 4] 2632 	sbc	a, b
    00000C32 DArB5r14         [16] 2633 	jp	C, 00214$
    00000C35 F8 4B            [12] 2634 	ldhl	sp,#75
    00000C37 2A               [ 8] 2635 	ld	a, (hl+)
    00000C38 5F               [ 4] 2636 	ld	e, a
    00000C39 56               [ 8] 2637 	ld	d, (hl)
    00000C3A 21 12 00         [12] 2638 	ld	hl, #0x0012
    00000C3D 19               [ 8] 2639 	add	hl, de
    00000C3E 4D               [ 4] 2640 	ld	c, l
    00000C3F 44               [ 4] 2641 	ld	b, h
    00000C40 36 01            [12] 2642 	ld	(hl), #0x01
                                   2643 ;src/gameplay.c:410: continue;
    00000C42 C3rB5r14         [16] 2644 	jp	00214$
    00000C45                       2645 00108$:
                                   2646 ;src/gameplay.c:420: if (obj >= 100 && obj <= 147 && obj != OBJ_MIRROR_EXIT && obj != OBJ_MIRROR_PORTAL) {
    00000C45 F8 3D            [12] 2647 	ldhl	sp,	#61
    00000C47 7E               [ 8] 2648 	ld	a, (hl)
    00000C48 D6 64            [ 8] 2649 	sub	a, #0x64
    00000C4A DAr57r0D         [16] 2650 	jp	C, 00124$
    00000C4D 3E 93            [ 8] 2651 	ld	a, #0x93
    00000C4F 96               [ 8] 2652 	sub	a, (hl)
    00000C50 DAr57r0D         [16] 2653 	jp	C, 00124$
    00000C53 7E               [ 8] 2654 	ld	a, (hl)
    00000C54 D6 79            [ 8] 2655 	sub	a, #0x79
    00000C56 CAr57r0D         [16] 2656 	jp	Z, 00124$
    00000C59 F8 3D            [12] 2657 	ldhl	sp,	#61
    00000C5B 7E               [ 8] 2658 	ld	a, (hl)
    00000C5C D6 7E            [ 8] 2659 	sub	a, #0x7e
    00000C5E CAr57r0D         [16] 2660 	jp	Z, 00124$
                                   2661 ;src/gameplay.c:421: if (!cache->activated[i]) {
    00000C61 F8 12            [12] 2662 	ldhl	sp,#18
    00000C63 2A               [ 8] 2663 	ld	a, (hl+)
    00000C64 5F               [ 4] 2664 	ld	e, a
    00000C65 56               [ 8] 2665 	ld	d, (hl)
    00000C66 F8 48            [12] 2666 	ldhl	sp,	#72
    00000C68 6E               [ 8] 2667 	ld	l, (hl)
    00000C69 26 00            [ 8] 2668 	ld	h, #0x00
    00000C6B 19               [ 8] 2669 	add	hl, de
    00000C6C E5               [16] 2670 	push	hl
    00000C6D 7D               [ 4] 2671 	ld	a, l
    00000C6E F8 44            [12] 2672 	ldhl	sp,	#68
    00000C70 77               [ 8] 2673 	ld	(hl), a
    00000C71 E1               [12] 2674 	pop	hl
    00000C72 7C               [ 4] 2675 	ld	a, h
    00000C73 F8 43            [12] 2676 	ldhl	sp,	#67
    00000C75 32               [ 8] 2677 	ld	(hl-), a
    00000C76 2A               [ 8] 2678 	ld	a, (hl+)
    00000C77 5F               [ 4] 2679 	ld	e, a
    00000C78 56               [ 8] 2680 	ld	d, (hl)
    00000C79 1A               [ 8] 2681 	ld	a, (de)
    00000C7A F8 03            [12] 2682 	ldhl	sp,	#3
    00000C7C 77               [ 8] 2683 	ld	(hl), a
    00000C7D 7E               [ 8] 2684 	ld	a, (hl)
    00000C7E B7               [ 4] 2685 	or	a, a
    00000C7F C2r22r0D         [16] 2686 	jp	NZ, 00120$
                                   2687 ;src/gameplay.c:422: uint16_t trig_x = (obj_x > BG_TRIGGER_LEAD_PX)
    00000C82 F8 40            [12] 2688 	ldhl	sp,	#64
    00000C84 3E B0            [ 8] 2689 	ld	a, #0xb0
    00000C86 96               [ 8] 2690 	sub	a, (hl)
    00000C87 23               [ 8] 2691 	inc	hl
    00000C88 3E 00            [ 8] 2692 	ld	a, #0x00
    00000C8A 9E               [ 8] 2693 	sbc	a, (hl)
    00000C8B 30 13            [12] 2694 	jr	NC, 00219$
    00000C8D F8 3E            [12] 2695 	ldhl	sp,#62
    00000C8F 2A               [ 8] 2696 	ld	a, (hl+)
    00000C90 5F               [ 4] 2697 	ld	e, a
    00000C91 56               [ 8] 2698 	ld	d, (hl)
    00000C92 21 B0 00         [12] 2699 	ld	hl, #0x00b0
    00000C95 7B               [ 4] 2700 	ld	a, e
    00000C96 95               [ 4] 2701 	sub	a, l
    00000C97 5F               [ 4] 2702 	ld	e, a
    00000C98 7A               [ 4] 2703 	ld	a, d
    00000C99 9C               [ 4] 2704 	sbc	a, h
    00000C9A F8 03            [12] 2705 	ldhl	sp,	#3
    00000C9C 32               [ 8] 2706 	ld	(hl-), a
    00000C9D 73               [ 8] 2707 	ld	(hl), e
    00000C9E 18 05            [12] 2708 	jr	00220$
    00000CA0                       2709 00219$:
    00000CA0 AF               [ 4] 2710 	xor	a, a
    00000CA1 F8 02            [12] 2711 	ldhl	sp,	#2
    00000CA3 22               [ 8] 2712 	ld	(hl+), a
    00000CA4 77               [ 8] 2713 	ld	(hl), a
    00000CA5                       2714 00220$:
    00000CA5 F8 02            [12] 2715 	ldhl	sp,	#2
    00000CA7 2A               [ 8] 2716 	ld	a, (hl+)
    00000CA8 4F               [ 4] 2717 	ld	c, a
                                   2718 ;src/gameplay.c:424: if (px >= trig_x) {
    00000CA9 2A               [ 8] 2719 	ld	a, (hl+)
    00000CAA 47               [ 4] 2720 	ld	b, a
    00000CAB 2A               [ 8] 2721 	ld	a, (hl+)
    00000CAC 91               [ 4] 2722 	sub	a, c
    00000CAD 7E               [ 8] 2723 	ld	a, (hl)
    00000CAE 98               [ 4] 2724 	sbc	a, b
    00000CAF 38 71            [12] 2725 	jr	C, 00120$
                                   2726 ;src/gameplay.c:425: uint8_t pal_idx = obj - 100;
    00000CB1 F8 3D            [12] 2727 	ldhl	sp,	#61
    00000CB3 2A               [ 8] 2728 	ld	a, (hl+)
    00000CB4 23               [ 8] 2729 	inc	hl
    00000CB5 C6 9C            [ 8] 2730 	add	a, #0x9c
    00000CB7 77               [ 8] 2731 	ld	(hl), a
                                   2732 ;src/gameplay.c:426: if (_cpu == CGB_TYPE) {
    00000CB8 FAr00r00         [16] 2733 	ld	a, (#__cpu)
    00000CBB D6 11            [ 8] 2734 	sub	a, #0x11
    00000CBD 20 16            [12] 2735 	jr	NZ, 00110$
                                   2736 ;src/gameplay.c:427: set_bkg_palette(0, 1, &gbc_bg_palettes[pal_idx << 2]);
    00000CBF F8 3F            [12] 2737 	ldhl	sp,	#63
    00000CC1 4E               [ 8] 2738 	ld	c, (hl)
    00000CC2 AF               [ 4] 2739 	xor	a, a
    00000CC3 69               [ 4] 2740 	ld	l, c
    00000CC4 67               [ 4] 2741 	ld	h, a
    00000CC5 29               [ 8] 2742 	add	hl, hl
    00000CC6 29               [ 8] 2743 	add	hl, hl
    00000CC7 29               [ 8] 2744 	add	hl, hl
    00000CC8 11r3Fr00         [12] 2745 	ld	de, #_gbc_bg_palettes
    00000CCB 19               [ 8] 2746 	add	hl, de
    00000CCC E5               [16] 2747 	push	hl
    00000CCD AF               [ 4] 2748 	xor	a, a
    00000CCE 3C               [ 4] 2749 	inc	a
    00000CCF F5               [16] 2750 	push	af
    00000CD0 CDr00r00         [24] 2751 	call	_set_bkg_palette
    00000CD3 E8 04            [16] 2752 	add	sp, #4
    00000CD5                       2753 00110$:
                                   2754 ;src/gameplay.c:433: uint8_t row = pal_idx >> 4;
    00000CD5 F8 3F            [12] 2755 	ldhl	sp,	#63
    00000CD7 3A               [ 8] 2756 	ld	a, (hl-)
    00000CD8 2B               [ 8] 2757 	dec	hl
    00000CD9 CB 37            [ 8] 2758 	swap	a
    00000CDB E6 0F            [ 8] 2759 	and	a, #0x0f
    00000CDD 77               [ 8] 2760 	ld	(hl), a
    00000CDE 2A               [ 8] 2761 	ld	a, (hl+)
                                   2762 ;src/gameplay.c:434: if (row == 0)      *target_bg_idx = ((pal_idx & 15) == 15) ? 3 : 2;
    00000CDF 32               [ 8] 2763 	ld	(hl-), a
    00000CE0 7E               [ 8] 2764 	ld	a, (hl)
    00000CE1 B7               [ 4] 2765 	or	a, a
    00000CE2 20 20            [12] 2766 	jr	NZ, 00115$
    00000CE4 F8 4E            [12] 2767 	ldhl	sp,	#78
    00000CE6 7E               [ 8] 2768 	ld	a, (hl)
    00000CE7 F8 3D            [12] 2769 	ldhl	sp,	#61
    00000CE9 77               [ 8] 2770 	ld	(hl), a
    00000CEA F8 4F            [12] 2771 	ldhl	sp,	#79
    00000CEC 7E               [ 8] 2772 	ld	a, (hl)
    00000CED F8 3E            [12] 2773 	ldhl	sp,	#62
    00000CEF 22               [ 8] 2774 	ld	(hl+), a
    00000CF0 7E               [ 8] 2775 	ld	a, (hl)
    00000CF1 E6 0F            [ 8] 2776 	and	a, #0x0f
    00000CF3 D6 0F            [ 8] 2777 	sub	a, #0x0f
    00000CF5 3E 03            [ 8] 2778 	ld	a, #0x03
    00000CF7 28 02            [12] 2779 	jr	Z, 00222$
    00000CF9 3E 02            [ 8] 2780 	ld	a, #0x02
    00000CFB                       2781 00222$:
    00000CFB F8 3D            [12] 2782 	ldhl	sp,	#61
    00000CFD 5E               [ 8] 2783 	ld	e, (hl)
    00000CFE 23               [ 8] 2784 	inc	hl
    00000CFF 66               [ 8] 2785 	ld	h, (hl)
    00000D00 6B               [ 4] 2786 	ld	l, e
    00000D01 77               [ 8] 2787 	ld	(hl), a
    00000D02 18 17            [12] 2788 	jr	00116$
    00000D04                       2789 00115$:
                                   2790 ;src/gameplay.c:435: else if (row == 1) *target_bg_idx = 1;
    00000D04 F8 3E            [12] 2791 	ldhl	sp,	#62
    00000D06 7E               [ 8] 2792 	ld	a, (hl)
    00000D07 3D               [ 4] 2793 	dec	a
    00000D08 20 0A            [12] 2794 	jr	NZ, 00112$
    00000D0A F8 4E            [12] 2795 	ldhl	sp,	#78
    00000D0C 2A               [ 8] 2796 	ld	a, (hl+)
    00000D0D 4F               [ 4] 2797 	ld	c, a
    00000D0E 46               [ 8] 2798 	ld	b, (hl)
    00000D0F 3E 01            [ 8] 2799 	ld	a, #0x01
    00000D11 02               [ 8] 2800 	ld	(bc), a
    00000D12 18 07            [12] 2801 	jr	00116$
    00000D14                       2802 00112$:
                                   2803 ;src/gameplay.c:436: else               *target_bg_idx = 0;
    00000D14 F8 4E            [12] 2804 	ldhl	sp,	#78
    00000D16 2A               [ 8] 2805 	ld	a, (hl+)
    00000D17 4F               [ 4] 2806 	ld	c, a
    00000D18 46               [ 8] 2807 	ld	b, (hl)
    00000D19 AF               [ 4] 2808 	xor	a, a
    00000D1A 02               [ 8] 2809 	ld	(bc), a
    00000D1B                       2810 00116$:
                                   2811 ;src/gameplay.c:438: cache->activated[i] = 1;
    00000D1B F8 42            [12] 2812 	ldhl	sp,	#66
    00000D1D 2A               [ 8] 2813 	ld	a, (hl+)
    00000D1E 66               [ 8] 2814 	ld	h, (hl)
    00000D1F 6F               [ 4] 2815 	ld	l, a
    00000D20 36 01            [12] 2816 	ld	(hl), #0x01
    00000D22                       2817 00120$:
                                   2818 ;src/gameplay.c:441: if (obj_x > p_front + 16) break;
    00000D22 F8 0A            [12] 2819 	ldhl	sp,	#10
    00000D24 7E               [ 8] 2820 	ld	a, (hl)
    00000D25 F8 42            [12] 2821 	ldhl	sp,	#66
    00000D27 77               [ 8] 2822 	ld	(hl), a
    00000D28 F8 0B            [12] 2823 	ldhl	sp,	#11
    00000D2A 7E               [ 8] 2824 	ld	a, (hl)
    00000D2B F8 43            [12] 2825 	ldhl	sp,	#67
    00000D2D 32               [ 8] 2826 	ld	(hl-), a
    00000D2E 2A               [ 8] 2827 	ld	a, (hl+)
    00000D2F 5F               [ 4] 2828 	ld	e, a
    00000D30 56               [ 8] 2829 	ld	d, (hl)
    00000D31 21 10 00         [12] 2830 	ld	hl, #0x0010
    00000D34 19               [ 8] 2831 	add	hl, de
    00000D35 E5               [16] 2832 	push	hl
    00000D36 7D               [ 4] 2833 	ld	a, l
    00000D37 F8 40            [12] 2834 	ldhl	sp,	#64
    00000D39 77               [ 8] 2835 	ld	(hl), a
    00000D3A E1               [12] 2836 	pop	hl
    00000D3B 7C               [ 4] 2837 	ld	a, h
    00000D3C F8 3F            [12] 2838 	ldhl	sp,	#63
    00000D3E 22               [ 8] 2839 	ld	(hl+), a
    00000D3F 2A               [ 8] 2840 	ld	a, (hl+)
    00000D40 23               [ 8] 2841 	inc	hl
    00000D41 32               [ 8] 2842 	ld	(hl-), a
    00000D42 2A               [ 8] 2843 	ld	a, (hl+)
    00000D43 23               [ 8] 2844 	inc	hl
    00000D44 77               [ 8] 2845 	ld	(hl), a
    00000D45 F8 3E            [12] 2846 	ldhl	sp,	#62
    00000D47 5D               [ 4] 2847 	ld	e, l
    00000D48 54               [ 4] 2848 	ld	d, h
    00000D49 F8 42            [12] 2849 	ldhl	sp,	#66
    00000D4B 1A               [ 8] 2850 	ld	a, (de)
    00000D4C 13               [ 8] 2851 	inc	de
    00000D4D 96               [ 8] 2852 	sub	a, (hl)
    00000D4E 23               [ 8] 2853 	inc	hl
    00000D4F 1A               [ 8] 2854 	ld	a, (de)
    00000D50 9E               [ 8] 2855 	sbc	a, (hl)
    00000D51 D2rB5r14         [16] 2856 	jp	NC, 00214$
    00000D54 C3rBEr14         [16] 2857 	jp	00217$
                                   2858 ;src/gameplay.c:442: continue;
    00000D57                       2859 00124$:
                                   2860 ;src/gameplay.c:445: if (obj >= 16 && obj <= 19) {
    00000D57 F8 3D            [12] 2861 	ldhl	sp,	#61
    00000D59 7E               [ 8] 2862 	ld	a, (hl)
    00000D5A D6 10            [ 8] 2863 	sub	a, #0x10
    00000D5C DAr7Br0E         [16] 2864 	jp	C, 00211$
    00000D5F 3E 13            [ 8] 2865 	ld	a, #0x13
    00000D61 96               [ 8] 2866 	sub	a, (hl)
    00000D62 DAr7Br0E         [16] 2867 	jp	C, 00211$
                                   2868 ;src/gameplay.c:447: if (obj_x <= p_front && px <= obj_x + 48u) {
    00000D65 F8 0A            [12] 2869 	ldhl	sp,	#10
    00000D67 5D               [ 4] 2870 	ld	e, l
    00000D68 54               [ 4] 2871 	ld	d, h
    00000D69 F8 40            [12] 2872 	ldhl	sp,	#64
    00000D6B 1A               [ 8] 2873 	ld	a, (de)
    00000D6C 13               [ 8] 2874 	inc	de
    00000D6D 96               [ 8] 2875 	sub	a, (hl)
    00000D6E 23               [ 8] 2876 	inc	hl
    00000D6F 1A               [ 8] 2877 	ld	a, (de)
    00000D70 9E               [ 8] 2878 	sbc	a, (hl)
    00000D71 DArB5r14         [16] 2879 	jp	C, 00214$
    00000D74 F8 40            [12] 2880 	ldhl	sp,#64
    00000D76 2A               [ 8] 2881 	ld	a, (hl+)
    00000D77 5F               [ 4] 2882 	ld	e, a
    00000D78 56               [ 8] 2883 	ld	d, (hl)
    00000D79 21 30 00         [12] 2884 	ld	hl, #0x0030
    00000D7C 19               [ 8] 2885 	add	hl, de
    00000D7D E5               [16] 2886 	push	hl
    00000D7E 7D               [ 4] 2887 	ld	a, l
    00000D7F F8 40            [12] 2888 	ldhl	sp,	#64
    00000D81 77               [ 8] 2889 	ld	(hl), a
    00000D82 E1               [12] 2890 	pop	hl
    00000D83 7C               [ 4] 2891 	ld	a, h
    00000D84 F8 3F            [12] 2892 	ldhl	sp,	#63
    00000D86 77               [ 8] 2893 	ld	(hl), a
    00000D87 F8 3E            [12] 2894 	ldhl	sp,	#62
    00000D89 5D               [ 4] 2895 	ld	e, l
    00000D8A 54               [ 4] 2896 	ld	d, h
    00000D8B F8 08            [12] 2897 	ldhl	sp,	#8
    00000D8D 1A               [ 8] 2898 	ld	a, (de)
    00000D8E 13               [ 8] 2899 	inc	de
    00000D8F 96               [ 8] 2900 	sub	a, (hl)
    00000D90 23               [ 8] 2901 	inc	hl
    00000D91 1A               [ 8] 2902 	ld	a, (de)
    00000D92 9E               [ 8] 2903 	sbc	a, (hl)
    00000D93 DArB5r14         [16] 2904 	jp	C, 00214$
                                   2905 ;src/gameplay.c:448: if (py <= obj_y + 14u && p_bottom >= obj_y) {
    00000D96 F8 42            [12] 2906 	ldhl	sp,	#66
    00000D98 7E               [ 8] 2907 	ld	a, (hl)
    00000D99 F8 3E            [12] 2908 	ldhl	sp,	#62
    00000D9B 77               [ 8] 2909 	ld	(hl), a
    00000D9C F8 43            [12] 2910 	ldhl	sp,	#67
    00000D9E 7E               [ 8] 2911 	ld	a, (hl)
    00000D9F F8 3F            [12] 2912 	ldhl	sp,	#63
    00000DA1 32               [ 8] 2913 	ld	(hl-), a
    00000DA2 2A               [ 8] 2914 	ld	a, (hl+)
    00000DA3 5F               [ 4] 2915 	ld	e, a
    00000DA4 56               [ 8] 2916 	ld	d, (hl)
    00000DA5 21 0E 00         [12] 2917 	ld	hl, #0x000e
    00000DA8 19               [ 8] 2918 	add	hl, de
    00000DA9 E5               [16] 2919 	push	hl
    00000DAA 7D               [ 4] 2920 	ld	a, l
    00000DAB F8 42            [12] 2921 	ldhl	sp,	#66
    00000DAD 77               [ 8] 2922 	ld	(hl), a
    00000DAE E1               [12] 2923 	pop	hl
    00000DAF 7C               [ 4] 2924 	ld	a, h
    00000DB0 F8 41            [12] 2925 	ldhl	sp,	#65
    00000DB2 77               [ 8] 2926 	ld	(hl), a
    00000DB3 F8 40            [12] 2927 	ldhl	sp,	#64
    00000DB5 5D               [ 4] 2928 	ld	e, l
    00000DB6 54               [ 4] 2929 	ld	d, h
    00000DB7 F8 0C            [12] 2930 	ldhl	sp,	#12
    00000DB9 1A               [ 8] 2931 	ld	a, (de)
    00000DBA 13               [ 8] 2932 	inc	de
    00000DBB 96               [ 8] 2933 	sub	a, (hl)
    00000DBC 23               [ 8] 2934 	inc	hl
    00000DBD 1A               [ 8] 2935 	ld	a, (de)
    00000DBE 9E               [ 8] 2936 	sbc	a, (hl)
    00000DBF DArB5r14         [16] 2937 	jp	C, 00214$
    00000DC2 F8 0E            [12] 2938 	ldhl	sp,	#14
    00000DC4 5D               [ 4] 2939 	ld	e, l
    00000DC5 54               [ 4] 2940 	ld	d, h
    00000DC6 F8 42            [12] 2941 	ldhl	sp,	#66
    00000DC8 1A               [ 8] 2942 	ld	a, (de)
    00000DC9 13               [ 8] 2943 	inc	de
    00000DCA 96               [ 8] 2944 	sub	a, (hl)
    00000DCB 23               [ 8] 2945 	inc	hl
    00000DCC 1A               [ 8] 2946 	ld	a, (de)
    00000DCD 9E               [ 8] 2947 	sbc	a, (hl)
    00000DCE DArB5r14         [16] 2948 	jp	C, 00214$
                                   2949 ;src/gameplay.c:449: if (!cache->activated[i]) {
    00000DD1 F8 39            [12] 2950 	ldhl	sp,#57
    00000DD3 2A               [ 8] 2951 	ld	a, (hl+)
    00000DD4 5F               [ 4] 2952 	ld	e, a
    00000DD5 56               [ 8] 2953 	ld	d, (hl)
    00000DD6 F8 48            [12] 2954 	ldhl	sp,	#72
    00000DD8 6E               [ 8] 2955 	ld	l, (hl)
    00000DD9 26 00            [ 8] 2956 	ld	h, #0x00
    00000DDB 19               [ 8] 2957 	add	hl, de
    00000DDC E5               [16] 2958 	push	hl
    00000DDD 7D               [ 4] 2959 	ld	a, l
    00000DDE F8 44            [12] 2960 	ldhl	sp,	#68
    00000DE0 77               [ 8] 2961 	ld	(hl), a
    00000DE1 E1               [12] 2962 	pop	hl
    00000DE2 7C               [ 4] 2963 	ld	a, h
    00000DE3 F8 43            [12] 2964 	ldhl	sp,	#67
    00000DE5 32               [ 8] 2965 	ld	(hl-), a
    00000DE6 2A               [ 8] 2966 	ld	a, (hl+)
    00000DE7 5F               [ 4] 2967 	ld	e, a
    00000DE8 56               [ 8] 2968 	ld	d, (hl)
    00000DE9 1A               [ 8] 2969 	ld	a, (de)
    00000DEA B7               [ 4] 2970 	or	a, a
    00000DEB C2rB5r14         [16] 2971 	jp	NZ, 00214$
                                   2972 ;src/gameplay.c:450: uint8_t target_flipped = (obj >= 18);
    00000DEE F8 3D            [12] 2973 	ldhl	sp,	#61
    00000DF0 7E               [ 8] 2974 	ld	a, (hl)
    00000DF1 D6 12            [ 8] 2975 	sub	a, #0x12
    00000DF3 3E 00            [ 8] 2976 	ld	a, #0x00
    00000DF5 17               [ 4] 2977 	rla
    00000DF6 EE 01            [ 8] 2978 	xor	a, #0x01
    00000DF8 F8 41            [12] 2979 	ldhl	sp,	#65
    00000DFA 77               [ 8] 2980 	ld	(hl), a
                                   2981 ;src/gameplay.c:451: if (p->gravity_flipped != target_flipped) {
    00000DFB F8 16            [12] 2982 	ldhl	sp,#22
    00000DFD 2A               [ 8] 2983 	ld	a, (hl+)
    00000DFE 5F               [ 4] 2984 	ld	e, a
    00000DFF 56               [ 8] 2985 	ld	d, (hl)
    00000E00 1A               [ 8] 2986 	ld	a, (de)
    00000E01 4F               [ 4] 2987 	ld	c, a
    00000E02 F8 41            [12] 2988 	ldhl	sp,	#65
    00000E04 7E               [ 8] 2989 	ld	a, (hl)
    00000E05 91               [ 4] 2990 	sub	a, c
    00000E06 28 69            [12] 2991 	jr	Z, 00129$
                                   2992 ;src/gameplay.c:452: p->gravity_flipped = target_flipped;
    00000E08 F8 16            [12] 2993 	ldhl	sp,	#22
    00000E0A 2A               [ 8] 2994 	ld	a, (hl+)
    00000E0B 5F               [ 4] 2995 	ld	e, a
    00000E0C 56               [ 8] 2996 	ld	d, (hl)
    00000E0D F8 41            [12] 2997 	ldhl	sp,	#65
    00000E0F 7E               [ 8] 2998 	ld	a, (hl)
    00000E10 12               [ 8] 2999 	ld	(de), a
                                   3000 ;src/gameplay.c:453: p->vel_y.w = (p->vel_y.w >> 1) + (p->vel_y.w >> 3);
    00000E11 F8 4B            [12] 3001 	ldhl	sp,#75
    00000E13 2A               [ 8] 3002 	ld	a, (hl+)
    00000E14 5F               [ 4] 3003 	ld	e, a
    00000E15 56               [ 8] 3004 	ld	d, (hl)
    00000E16 21 04 00         [12] 3005 	ld	hl, #0x0004
    00000E19 19               [ 8] 3006 	add	hl, de
    00000E1A 33               [ 8] 3007 	inc	sp
    00000E1B 33               [ 8] 3008 	inc	sp
    00000E1C 5D               [ 4] 3009 	ld	e, l
    00000E1D 54               [ 4] 3010 	ld	d, h
    00000E1E D5               [16] 3011 	push	de
    00000E1F 1A               [ 8] 3012 	ld	a, (de)
    00000E20 F8 40            [12] 3013 	ldhl	sp,	#64
    00000E22 22               [ 8] 3014 	ld	(hl+), a
    00000E23 13               [ 8] 3015 	inc	de
    00000E24 1A               [ 8] 3016 	ld	a, (de)
    00000E25 32               [ 8] 3017 	ld	(hl-), a
    00000E26 7E               [ 8] 3018 	ld	a, (hl)
    00000E27 F8 02            [12] 3019 	ldhl	sp,	#2
    00000E29 77               [ 8] 3020 	ld	(hl), a
    00000E2A F8 41            [12] 3021 	ldhl	sp,	#65
    00000E2C 7E               [ 8] 3022 	ld	a, (hl)
    00000E2D F8 03            [12] 3023 	ldhl	sp,	#3
    00000E2F 77               [ 8] 3024 	ld	(hl), a
    00000E30 CB 2E            [16] 3025 	sra	(hl)
    00000E32 2B               [ 8] 3026 	dec	hl
    00000E33 CB 1E            [16] 3027 	rr	(hl)
    00000E35 D1               [12] 3028 	pop	de
    00000E36 D5               [16] 3029 	push	de
    00000E37 1A               [ 8] 3030 	ld	a, (de)
    00000E38 F8 40            [12] 3031 	ldhl	sp,	#64
    00000E3A 22               [ 8] 3032 	ld	(hl+), a
    00000E3B 13               [ 8] 3033 	inc	de
    00000E3C 1A               [ 8] 3034 	ld	a, (de)
    00000E3D 32               [ 8] 3035 	ld	(hl-), a
    00000E3E 3A               [ 8] 3036 	ld	a, (hl-)
    00000E3F 2B               [ 8] 3037 	dec	hl
    00000E40 77               [ 8] 3038 	ld	(hl), a
    00000E41 F8 41            [12] 3039 	ldhl	sp,	#65
    00000E43 3A               [ 8] 3040 	ld	a, (hl-)
    00000E44 2B               [ 8] 3041 	dec	hl
    00000E45 77               [ 8] 3042 	ld	(hl), a
    00000E46 CB 2E            [16] 3043 	sra	(hl)
    00000E48 2B               [ 8] 3044 	dec	hl
    00000E49 CB 1E            [16] 3045 	rr	(hl)
    00000E4B 23               [ 8] 3046 	inc	hl
    00000E4C CB 2E            [16] 3047 	sra	(hl)
    00000E4E 2B               [ 8] 3048 	dec	hl
    00000E4F CB 1E            [16] 3049 	rr	(hl)
    00000E51 23               [ 8] 3050 	inc	hl
    00000E52 CB 2E            [16] 3051 	sra	(hl)
    00000E54 2B               [ 8] 3052 	dec	hl
    00000E55 CB 1E            [16] 3053 	rr	(hl)
    00000E57 2A               [ 8] 3054 	ld	a, (hl+)
    00000E58 5F               [ 4] 3055 	ld	e, a
    00000E59 56               [ 8] 3056 	ld	d, (hl)
    00000E5A F8 02            [12] 3057 	ldhl	sp,	#2
    00000E5C 2A               [ 8] 3058 	ld	a,	(hl+)
    00000E5D 66               [ 8] 3059 	ld	h, (hl)
    00000E5E 6F               [ 4] 3060 	ld	l, a
    00000E5F 19               [ 8] 3061 	add	hl, de
    00000E60 E5               [16] 3062 	push	hl
    00000E61 7D               [ 4] 3063 	ld	a, l
    00000E62 F8 42            [12] 3064 	ldhl	sp,	#66
    00000E64 77               [ 8] 3065 	ld	(hl), a
    00000E65 E1               [12] 3066 	pop	hl
    00000E66 7C               [ 4] 3067 	ld	a, h
    00000E67 F8 41            [12] 3068 	ldhl	sp,	#65
    00000E69 32               [ 8] 3069 	ld	(hl-), a
    00000E6A D1               [12] 3070 	pop	de
    00000E6B D5               [16] 3071 	push	de
    00000E6C 2A               [ 8] 3072 	ld	a, (hl+)
    00000E6D 12               [ 8] 3073 	ld	(de), a
    00000E6E 13               [ 8] 3074 	inc	de
    00000E6F 7E               [ 8] 3075 	ld	a, (hl)
    00000E70 12               [ 8] 3076 	ld	(de), a
    00000E71                       3077 00129$:
                                   3078 ;src/gameplay.c:455: cache->activated[i] = 1;
    00000E71 F8 42            [12] 3079 	ldhl	sp,	#66
    00000E73 2A               [ 8] 3080 	ld	a, (hl+)
    00000E74 66               [ 8] 3081 	ld	h, (hl)
    00000E75 6F               [ 4] 3082 	ld	l, a
    00000E76 36 01            [12] 3083 	ld	(hl), #0x01
    00000E78 C3rB5r14         [16] 3084 	jp	00214$
    00000E7B                       3085 00211$:
                                   3086 ;src/gameplay.c:459: } else if (obj_x + 2 <= p_front && px <= obj_x + 15) {
    00000E7B F8 40            [12] 3087 	ldhl	sp,	#64
    00000E7D 3A               [ 8] 3088 	ld	a, (hl-)
    00000E7E 2B               [ 8] 3089 	dec	hl
    00000E7F 77               [ 8] 3090 	ld	(hl), a
    00000E80 F8 41            [12] 3091 	ldhl	sp,	#65
    00000E82 3A               [ 8] 3092 	ld	a, (hl-)
    00000E83 2B               [ 8] 3093 	dec	hl
    00000E84 32               [ 8] 3094 	ld	(hl-), a
    00000E85 2A               [ 8] 3095 	ld	a, (hl+)
    00000E86 5F               [ 4] 3096 	ld	e, a
    00000E87 56               [ 8] 3097 	ld	d, (hl)
    00000E88 21 02 00         [12] 3098 	ld	hl, #0x0002
    00000E8B 19               [ 8] 3099 	add	hl, de
    00000E8C E5               [16] 3100 	push	hl
    00000E8D 7D               [ 4] 3101 	ld	a, l
    00000E8E F8 42            [12] 3102 	ldhl	sp,	#66
    00000E90 77               [ 8] 3103 	ld	(hl), a
    00000E91 E1               [12] 3104 	pop	hl
    00000E92 7C               [ 4] 3105 	ld	a, h
    00000E93 F8 41            [12] 3106 	ldhl	sp,	#65
    00000E95 77               [ 8] 3107 	ld	(hl), a
    00000E96 F8 0A            [12] 3108 	ldhl	sp,	#10
    00000E98 5D               [ 4] 3109 	ld	e, l
    00000E99 54               [ 4] 3110 	ld	d, h
    00000E9A F8 40            [12] 3111 	ldhl	sp,	#64
    00000E9C 1A               [ 8] 3112 	ld	a, (de)
    00000E9D 13               [ 8] 3113 	inc	de
    00000E9E 96               [ 8] 3114 	sub	a, (hl)
    00000E9F 23               [ 8] 3115 	inc	hl
    00000EA0 1A               [ 8] 3116 	ld	a, (de)
    00000EA1 9E               [ 8] 3117 	sbc	a, (hl)
    00000EA2 DAr8Ar14         [16] 3118 	jp	C, 00207$
    00000EA5 F8 3E            [12] 3119 	ldhl	sp,#62
    00000EA7 2A               [ 8] 3120 	ld	a, (hl+)
    00000EA8 5F               [ 4] 3121 	ld	e, a
    00000EA9 56               [ 8] 3122 	ld	d, (hl)
    00000EAA 21 0F 00         [12] 3123 	ld	hl, #0x000f
    00000EAD 19               [ 8] 3124 	add	hl, de
    00000EAE 4D               [ 4] 3125 	ld	c, l
    00000EAF 44               [ 4] 3126 	ld	b, h
    00000EB0 F8 08            [12] 3127 	ldhl	sp,	#8
    00000EB2 79               [ 4] 3128 	ld	a, c
    00000EB3 96               [ 8] 3129 	sub	a, (hl)
    00000EB4 23               [ 8] 3130 	inc	hl
    00000EB5 78               [ 4] 3131 	ld	a, b
    00000EB6 9E               [ 8] 3132 	sbc	a, (hl)
    00000EB7 DAr8Ar14         [16] 3133 	jp	C, 00207$
                                   3134 ;src/gameplay.c:460: switch (obj) {
    00000EBA F8 3D            [12] 3135 	ldhl	sp,	#61
    00000EBC 7E               [ 8] 3136 	ld	a, (hl)
    00000EBD B7               [ 4] 3137 	or	a, a
    00000EBE 28 7A            [12] 3138 	jr	Z, 00140$
    00000EC0 F8 3D            [12] 3139 	ldhl	sp,	#61
    00000EC2 7E               [ 8] 3140 	ld	a, (hl)
    00000EC3 3D               [ 4] 3141 	dec	a
    00000EC4 28 74            [12] 3142 	jr	Z, 00140$
    00000EC6 F8 3D            [12] 3143 	ldhl	sp,	#61
    00000EC8 7E               [ 8] 3144 	ld	a, (hl)
    00000EC9 D6 02            [ 8] 3145 	sub	a, #0x02
    00000ECB 28 6D            [12] 3146 	jr	Z, 00140$
    00000ECD F8 3D            [12] 3147 	ldhl	sp,	#61
    00000ECF 7E               [ 8] 3148 	ld	a, (hl)
    00000ED0 D6 05            [ 8] 3149 	sub	a, #0x05
    00000ED2 3E 01            [ 8] 3150 	ld	a, #0x01
    00000ED4 28 01            [12] 3151 	jr	Z, 00843$
    00000ED6 AF               [ 4] 3152 	xor	a, a
    00000ED7                       3153 00843$:
    00000ED7 F8 03            [12] 3154 	ldhl	sp,	#3
    00000ED9 77               [ 8] 3155 	ld	(hl), a
    00000EDA 7E               [ 8] 3156 	ld	a, (hl)
    00000EDB B7               [ 4] 3157 	or	a, a
    00000EDC C2r69r12         [16] 3158 	jp	NZ, 00180$
    00000EDF F8 3D            [12] 3159 	ldhl	sp,	#61
    00000EE1 7E               [ 8] 3160 	ld	a, (hl)
    00000EE2 D6 06            [ 8] 3161 	sub	a, #0x06
    00000EE4 CAr69r12         [16] 3162 	jp	Z, 00180$
    00000EE7 F8 3D            [12] 3163 	ldhl	sp,	#61
    00000EE9 7E               [ 8] 3164 	ld	a, (hl)
    00000EEA D6 08            [ 8] 3165 	sub	a, #0x08
    00000EEC CArC1r0F         [16] 3166 	jp	Z, 00153$
    00000EEF F8 3D            [12] 3167 	ldhl	sp,	#61
    00000EF1 7E               [ 8] 3168 	ld	a, (hl)
    00000EF2 D6 09            [ 8] 3169 	sub	a, #0x09
    00000EF4 CArC1r0F         [16] 3170 	jp	Z, 00153$
    00000EF7 F8 3D            [12] 3171 	ldhl	sp,	#61
    00000EF9 7E               [ 8] 3172 	ld	a, (hl)
    00000EFA D6 0A            [ 8] 3173 	sub	a, #0x0a
    00000EFC CAr8Fr10         [16] 3174 	jp	Z, 00165$
    00000EFF F8 3D            [12] 3175 	ldhl	sp,	#61
    00000F01 7E               [ 8] 3176 	ld	a, (hl)
    00000F02 D6 0B            [ 8] 3177 	sub	a, #0x0b
    00000F04 CAr69r12         [16] 3178 	jp	Z, 00180$
    00000F07 F8 3D            [12] 3179 	ldhl	sp,	#61
    00000F09 7E               [ 8] 3180 	ld	a, (hl)
    00000F0A D6 0C            [ 8] 3181 	sub	a, #0x0c
    00000F0C CAr8Fr10         [16] 3182 	jp	Z, 00165$
    00000F0F F8 3D            [12] 3183 	ldhl	sp,	#61
    00000F11 7E               [ 8] 3184 	ld	a, (hl)
    00000F12 D6 0D            [ 8] 3185 	sub	a, #0x0d
    00000F14 CAr8Fr10         [16] 3186 	jp	Z, 00165$
    00000F17 F8 3D            [12] 3187 	ldhl	sp,	#61
    00000F19 7E               [ 8] 3188 	ld	a, (hl)
    00000F1A D6 0E            [ 8] 3189 	sub	a, #0x0e
    00000F1C CAr8Fr10         [16] 3190 	jp	Z, 00165$
    00000F1F F8 3D            [12] 3191 	ldhl	sp,	#61
    00000F21 7E               [ 8] 3192 	ld	a, (hl)
    00000F22 D6 25            [ 8] 3193 	sub	a, #0x25
    00000F24 CAr8Fr10         [16] 3194 	jp	Z, 00165$
    00000F27 F8 3D            [12] 3195 	ldhl	sp,	#61
    00000F29 7E               [ 8] 3196 	ld	a, (hl)
    00000F2A D6 79            [ 8] 3197 	sub	a, #0x79
    00000F2C CAr17r14         [16] 3198 	jp	Z, 00197$
    00000F2F F8 3D            [12] 3199 	ldhl	sp,	#61
    00000F31 7E               [ 8] 3200 	ld	a, (hl)
    00000F32 D6 7E            [ 8] 3201 	sub	a, #0x7e
    00000F34 CAr17r14         [16] 3202 	jp	Z, 00197$
    00000F37 C3rB5r14         [16] 3203 	jp	00214$
                                   3204 ;src/gameplay.c:463: case OBJ_BALL_PORTAL:
    00000F3A                       3205 00140$:
                                   3206 ;src/gameplay.c:464: if (py <= obj_y + 32 && p_bottom >= obj_y) {
    00000F3A F8 42            [12] 3207 	ldhl	sp,	#66
    00000F3C 7E               [ 8] 3208 	ld	a, (hl)
    00000F3D F8 3E            [12] 3209 	ldhl	sp,	#62
    00000F3F 77               [ 8] 3210 	ld	(hl), a
    00000F40 F8 43            [12] 3211 	ldhl	sp,	#67
    00000F42 7E               [ 8] 3212 	ld	a, (hl)
    00000F43 F8 3F            [12] 3213 	ldhl	sp,	#63
    00000F45 32               [ 8] 3214 	ld	(hl-), a
    00000F46 2A               [ 8] 3215 	ld	a, (hl+)
    00000F47 5F               [ 4] 3216 	ld	e, a
    00000F48 56               [ 8] 3217 	ld	d, (hl)
    00000F49 21 20 00         [12] 3218 	ld	hl, #0x0020
    00000F4C 19               [ 8] 3219 	add	hl, de
    00000F4D E5               [16] 3220 	push	hl
    00000F4E 7D               [ 4] 3221 	ld	a, l
    00000F4F F8 42            [12] 3222 	ldhl	sp,	#66
    00000F51 77               [ 8] 3223 	ld	(hl), a
    00000F52 E1               [12] 3224 	pop	hl
    00000F53 7C               [ 4] 3225 	ld	a, h
    00000F54 F8 41            [12] 3226 	ldhl	sp,	#65
    00000F56 77               [ 8] 3227 	ld	(hl), a
    00000F57 F8 40            [12] 3228 	ldhl	sp,	#64
    00000F59 5D               [ 4] 3229 	ld	e, l
    00000F5A 54               [ 4] 3230 	ld	d, h
    00000F5B F8 0C            [12] 3231 	ldhl	sp,	#12
    00000F5D 1A               [ 8] 3232 	ld	a, (de)
    00000F5E 13               [ 8] 3233 	inc	de
    00000F5F 96               [ 8] 3234 	sub	a, (hl)
    00000F60 23               [ 8] 3235 	inc	hl
    00000F61 1A               [ 8] 3236 	ld	a, (de)
    00000F62 9E               [ 8] 3237 	sbc	a, (hl)
    00000F63 DArB5r14         [16] 3238 	jp	C, 00214$
    00000F66 F8 0E            [12] 3239 	ldhl	sp,	#14
    00000F68 5D               [ 4] 3240 	ld	e, l
    00000F69 54               [ 4] 3241 	ld	d, h
    00000F6A F8 42            [12] 3242 	ldhl	sp,	#66
    00000F6C 1A               [ 8] 3243 	ld	a, (de)
    00000F6D 13               [ 8] 3244 	inc	de
    00000F6E 96               [ 8] 3245 	sub	a, (hl)
    00000F6F 23               [ 8] 3246 	inc	hl
    00000F70 1A               [ 8] 3247 	ld	a, (de)
    00000F71 9E               [ 8] 3248 	sbc	a, (hl)
    00000F72 DArB5r14         [16] 3249 	jp	C, 00214$
                                   3250 ;src/gameplay.c:465: if (!cache->activated[i]) {
    00000F75 F8 37            [12] 3251 	ldhl	sp,#55
    00000F77 2A               [ 8] 3252 	ld	a, (hl+)
    00000F78 5F               [ 4] 3253 	ld	e, a
    00000F79 56               [ 8] 3254 	ld	d, (hl)
    00000F7A F8 48            [12] 3255 	ldhl	sp,	#72
    00000F7C 6E               [ 8] 3256 	ld	l, (hl)
    00000F7D 26 00            [ 8] 3257 	ld	h, #0x00
    00000F7F 19               [ 8] 3258 	add	hl, de
    00000F80 E5               [16] 3259 	push	hl
    00000F81 7D               [ 4] 3260 	ld	a, l
    00000F82 F8 44            [12] 3261 	ldhl	sp,	#68
    00000F84 77               [ 8] 3262 	ld	(hl), a
    00000F85 E1               [12] 3263 	pop	hl
    00000F86 7C               [ 4] 3264 	ld	a, h
    00000F87 F8 43            [12] 3265 	ldhl	sp,	#67
    00000F89 32               [ 8] 3266 	ld	(hl-), a
    00000F8A 2A               [ 8] 3267 	ld	a, (hl+)
    00000F8B 5F               [ 4] 3268 	ld	e, a
    00000F8C 56               [ 8] 3269 	ld	d, (hl)
    00000F8D 1A               [ 8] 3270 	ld	a, (de)
    00000F8E B7               [ 4] 3271 	or	a, a
    00000F8F C2rB5r14         [16] 3272 	jp	NZ, 00214$
                                   3273 ;src/gameplay.c:466: if (obj == OBJ_CUBE_PORTAL) p->mode = MODE_CUBE;
    00000F92 F8 3D            [12] 3274 	ldhl	sp,	#61
    00000F94 7E               [ 8] 3275 	ld	a, (hl)
    00000F95 B7               [ 4] 3276 	or	a, a
    00000F96 20 09            [12] 3277 	jr	NZ, 00145$
    00000F98 F8 14            [12] 3278 	ldhl	sp,	#20
    00000F9A 2A               [ 8] 3279 	ld	a, (hl+)
    00000F9B 66               [ 8] 3280 	ld	h, (hl)
    00000F9C 6F               [ 4] 3281 	ld	l, a
    00000F9D 36 00            [12] 3282 	ld	(hl), #0x00
    00000F9F 18 16            [12] 3283 	jr	00146$
    00000FA1                       3284 00145$:
                                   3285 ;src/gameplay.c:467: else if (obj == OBJ_SHIP_PORTAL) p->mode = MODE_SHIP;
    00000FA1 F8 3D            [12] 3286 	ldhl	sp,	#61
    00000FA3 7E               [ 8] 3287 	ld	a, (hl)
    00000FA4 3D               [ 4] 3288 	dec	a
    00000FA5 20 09            [12] 3289 	jr	NZ, 00142$
    00000FA7 F8 14            [12] 3290 	ldhl	sp,	#20
    00000FA9 2A               [ 8] 3291 	ld	a, (hl+)
    00000FAA 66               [ 8] 3292 	ld	h, (hl)
    00000FAB 6F               [ 4] 3293 	ld	l, a
    00000FAC 36 01            [12] 3294 	ld	(hl), #0x01
    00000FAE 18 07            [12] 3295 	jr	00146$
    00000FB0                       3296 00142$:
                                   3297 ;src/gameplay.c:468: else p->mode = MODE_BALL;
    00000FB0 F8 14            [12] 3298 	ldhl	sp,	#20
    00000FB2 2A               [ 8] 3299 	ld	a, (hl+)
    00000FB3 66               [ 8] 3300 	ld	h, (hl)
    00000FB4 6F               [ 4] 3301 	ld	l, a
    00000FB5 36 02            [12] 3302 	ld	(hl), #0x02
    00000FB7                       3303 00146$:
                                   3304 ;src/gameplay.c:469: cache->activated[i] = 1;
    00000FB7 F8 42            [12] 3305 	ldhl	sp,	#66
    00000FB9 2A               [ 8] 3306 	ld	a, (hl+)
    00000FBA 66               [ 8] 3307 	ld	h, (hl)
    00000FBB 6F               [ 4] 3308 	ld	l, a
    00000FBC 36 01            [12] 3309 	ld	(hl), #0x01
                                   3310 ;src/gameplay.c:472: break;
    00000FBE C3rB5r14         [16] 3311 	jp	00214$
                                   3312 ;src/gameplay.c:475: case OBJ_GRAVITY_UP:
    00000FC1                       3313 00153$:
                                   3314 ;src/gameplay.c:476: if (py <= obj_y + 32 && p_bottom >= obj_y) {
    00000FC1 F8 42            [12] 3315 	ldhl	sp,	#66
    00000FC3 7E               [ 8] 3316 	ld	a, (hl)
    00000FC4 F8 3E            [12] 3317 	ldhl	sp,	#62
    00000FC6 77               [ 8] 3318 	ld	(hl), a
    00000FC7 F8 43            [12] 3319 	ldhl	sp,	#67
    00000FC9 7E               [ 8] 3320 	ld	a, (hl)
    00000FCA F8 3F            [12] 3321 	ldhl	sp,	#63
    00000FCC 32               [ 8] 3322 	ld	(hl-), a
    00000FCD 2A               [ 8] 3323 	ld	a, (hl+)
    00000FCE 5F               [ 4] 3324 	ld	e, a
    00000FCF 56               [ 8] 3325 	ld	d, (hl)
    00000FD0 21 20 00         [12] 3326 	ld	hl, #0x0020
    00000FD3 19               [ 8] 3327 	add	hl, de
    00000FD4 E5               [16] 3328 	push	hl
    00000FD5 7D               [ 4] 3329 	ld	a, l
    00000FD6 F8 42            [12] 3330 	ldhl	sp,	#66
    00000FD8 77               [ 8] 3331 	ld	(hl), a
    00000FD9 E1               [12] 3332 	pop	hl
    00000FDA 7C               [ 4] 3333 	ld	a, h
    00000FDB F8 41            [12] 3334 	ldhl	sp,	#65
    00000FDD 77               [ 8] 3335 	ld	(hl), a
    00000FDE F8 40            [12] 3336 	ldhl	sp,	#64
    00000FE0 5D               [ 4] 3337 	ld	e, l
    00000FE1 54               [ 4] 3338 	ld	d, h
    00000FE2 F8 0C            [12] 3339 	ldhl	sp,	#12
    00000FE4 1A               [ 8] 3340 	ld	a, (de)
    00000FE5 13               [ 8] 3341 	inc	de
    00000FE6 96               [ 8] 3342 	sub	a, (hl)
    00000FE7 23               [ 8] 3343 	inc	hl
    00000FE8 1A               [ 8] 3344 	ld	a, (de)
    00000FE9 9E               [ 8] 3345 	sbc	a, (hl)
    00000FEA DArB5r14         [16] 3346 	jp	C, 00214$
    00000FED F8 0E            [12] 3347 	ldhl	sp,	#14
    00000FEF 5D               [ 4] 3348 	ld	e, l
    00000FF0 54               [ 4] 3349 	ld	d, h
    00000FF1 F8 42            [12] 3350 	ldhl	sp,	#66
    00000FF3 1A               [ 8] 3351 	ld	a, (de)
    00000FF4 13               [ 8] 3352 	inc	de
    00000FF5 96               [ 8] 3353 	sub	a, (hl)
    00000FF6 23               [ 8] 3354 	inc	hl
    00000FF7 1A               [ 8] 3355 	ld	a, (de)
    00000FF8 9E               [ 8] 3356 	sbc	a, (hl)
    00000FF9 DArB5r14         [16] 3357 	jp	C, 00214$
                                   3358 ;src/gameplay.c:477: if (!cache->activated[i]) {
    00000FFC F8 35            [12] 3359 	ldhl	sp,#53
    00000FFE 2A               [ 8] 3360 	ld	a, (hl+)
    00000FFF 5F               [ 4] 3361 	ld	e, a
    00001000 56               [ 8] 3362 	ld	d, (hl)
    00001001 F8 48            [12] 3363 	ldhl	sp,	#72
    00001003 6E               [ 8] 3364 	ld	l, (hl)
    00001004 26 00            [ 8] 3365 	ld	h, #0x00
    00001006 19               [ 8] 3366 	add	hl, de
    00001007 4D               [ 4] 3367 	ld	c, l
    00001008 44               [ 4] 3368 	ld	b, h
    00001009 0A               [ 8] 3369 	ld	a, (bc)
    0000100A B7               [ 4] 3370 	or	a, a
    0000100B C2rB5r14         [16] 3371 	jp	NZ, 00214$
                                   3372 ;src/gameplay.c:478: uint8_t target_flipped = (obj == OBJ_GRAVITY_UP);
    0000100E F8 3D            [12] 3373 	ldhl	sp,	#61
    00001010 7E               [ 8] 3374 	ld	a, (hl)
    00001011 D6 09            [ 8] 3375 	sub	a, #0x09
    00001013 3E 01            [ 8] 3376 	ld	a, #0x01
    00001015 28 01            [12] 3377 	jr	Z, 00858$
    00001017 AF               [ 4] 3378 	xor	a, a
    00001018                       3379 00858$:
                                   3380 ;src/gameplay.c:479: if (p->gravity_flipped != target_flipped) {
    00001018 F8 16            [12] 3381 	ldhl	sp,#22
    0000101A 5E               [ 8] 3382 	ld	e, (hl)
    0000101B 23               [ 8] 3383 	inc	hl
    0000101C 56               [ 8] 3384 	ld	d, (hl)
    0000101D F5               [16] 3385 	push	af
    0000101E 1A               [ 8] 3386 	ld	a, (de)
    0000101F 6F               [ 4] 3387 	ld	l, a
    00001020 F1               [12] 3388 	pop	af
    00001021 BD               [ 4] 3389 	cp	a, l
    00001022 28 65            [12] 3390 	jr	Z, 00155$
                                   3391 ;src/gameplay.c:480: p->gravity_flipped = target_flipped;
    00001024 F8 16            [12] 3392 	ldhl	sp,	#22
    00001026 5E               [ 8] 3393 	ld	e, (hl)
    00001027 23               [ 8] 3394 	inc	hl
    00001028 66               [ 8] 3395 	ld	h, (hl)
    00001029 6B               [ 4] 3396 	ld	l, e
    0000102A 77               [ 8] 3397 	ld	(hl), a
                                   3398 ;src/gameplay.c:481: p->vel_y.w = (p->vel_y.w >> 1) + (p->vel_y.w >> 3);
    0000102B F8 4B            [12] 3399 	ldhl	sp,#75
    0000102D 2A               [ 8] 3400 	ld	a, (hl+)
    0000102E 5F               [ 4] 3401 	ld	e, a
    0000102F 56               [ 8] 3402 	ld	d, (hl)
    00001030 21 04 00         [12] 3403 	ld	hl, #0x0004
    00001033 19               [ 8] 3404 	add	hl, de
    00001034 E5               [16] 3405 	push	hl
    00001035 7D               [ 4] 3406 	ld	a, l
    00001036 F8 40            [12] 3407 	ldhl	sp,	#64
    00001038 77               [ 8] 3408 	ld	(hl), a
    00001039 E1               [12] 3409 	pop	hl
    0000103A 7C               [ 4] 3410 	ld	a, h
    0000103B F8 3F            [12] 3411 	ldhl	sp,	#63
    0000103D 32               [ 8] 3412 	ld	(hl-), a
    0000103E 2A               [ 8] 3413 	ld	a, (hl+)
    0000103F 5F               [ 4] 3414 	ld	e, a
    00001040 56               [ 8] 3415 	ld	d, (hl)
    00001041 1A               [ 8] 3416 	ld	a, (de)
    00001042 F8 42            [12] 3417 	ldhl	sp,	#66
    00001044 22               [ 8] 3418 	ld	(hl+), a
    00001045 13               [ 8] 3419 	inc	de
    00001046 1A               [ 8] 3420 	ld	a, (de)
    00001047 32               [ 8] 3421 	ld	(hl-), a
    00001048 3A               [ 8] 3422 	ld	a, (hl-)
    00001049 2B               [ 8] 3423 	dec	hl
    0000104A 77               [ 8] 3424 	ld	(hl), a
    0000104B F8 43            [12] 3425 	ldhl	sp,	#67
    0000104D 3A               [ 8] 3426 	ld	a, (hl-)
    0000104E 2B               [ 8] 3427 	dec	hl
    0000104F 77               [ 8] 3428 	ld	(hl), a
    00001050 CB 2E            [16] 3429 	sra	(hl)
    00001052 2B               [ 8] 3430 	dec	hl
    00001053 CB 1E            [16] 3431 	rr	(hl)
    00001055 2B               [ 8] 3432 	dec	hl
    00001056 2B               [ 8] 3433 	dec	hl
    00001057 2A               [ 8] 3434 	ld	a, (hl+)
    00001058 5F               [ 4] 3435 	ld	e, a
    00001059 56               [ 8] 3436 	ld	d, (hl)
    0000105A 1A               [ 8] 3437 	ld	a, (de)
    0000105B 6F               [ 4] 3438 	ld	l, a
    0000105C 13               [ 8] 3439 	inc	de
    0000105D 1A               [ 8] 3440 	ld	a, (de)
    0000105E 67               [ 4] 3441 	ld	h, a
    0000105F 5D               [ 4] 3442 	ld	e, l
    00001060 54               [ 4] 3443 	ld	d, h
    00001061 CB 2A            [ 8] 3444 	sra	d
    00001063 CB 1B            [ 8] 3445 	rr	e
    00001065 CB 2A            [ 8] 3446 	sra	d
    00001067 CB 1B            [ 8] 3447 	rr	e
    00001069 CB 2A            [ 8] 3448 	sra	d
    0000106B CB 1B            [ 8] 3449 	rr	e
    0000106D F8 40            [12] 3450 	ldhl	sp,	#64
    0000106F 2A               [ 8] 3451 	ld	a,	(hl+)
    00001070 66               [ 8] 3452 	ld	h, (hl)
    00001071 6F               [ 4] 3453 	ld	l, a
    00001072 19               [ 8] 3454 	add	hl, de
    00001073 E5               [16] 3455 	push	hl
    00001074 7D               [ 4] 3456 	ld	a, l
    00001075 F8 44            [12] 3457 	ldhl	sp,	#68
    00001077 77               [ 8] 3458 	ld	(hl), a
    00001078 E1               [12] 3459 	pop	hl
    00001079 7C               [ 4] 3460 	ld	a, h
    0000107A F8 43            [12] 3461 	ldhl	sp,	#67
    0000107C 77               [ 8] 3462 	ld	(hl), a
    0000107D F8 3E            [12] 3463 	ldhl	sp,	#62
    0000107F 2A               [ 8] 3464 	ld	a, (hl+)
    00001080 5F               [ 4] 3465 	ld	e, a
    00001081 56               [ 8] 3466 	ld	d, (hl)
    00001082 F8 42            [12] 3467 	ldhl	sp,	#66
    00001084 2A               [ 8] 3468 	ld	a, (hl+)
    00001085 12               [ 8] 3469 	ld	(de), a
    00001086 13               [ 8] 3470 	inc	de
    00001087 7E               [ 8] 3471 	ld	a, (hl)
    00001088 12               [ 8] 3472 	ld	(de), a
    00001089                       3473 00155$:
                                   3474 ;src/gameplay.c:483: cache->activated[i] = 1;
    00001089 3E 01            [ 8] 3475 	ld	a, #0x01
    0000108B 02               [ 8] 3476 	ld	(bc), a
                                   3477 ;src/gameplay.c:486: break;
    0000108C C3rB5r14         [16] 3478 	jp	00214$
                                   3479 ;src/gameplay.c:492: case OBJ_PAD_BLUE_UP:
    0000108F                       3480 00165$:
                                   3481 ;src/gameplay.c:494: uint8_t is_ceiling = (obj == OBJ_PAD_YELLOW_UP || obj == OBJ_PAD_BLUE_UP);
    0000108F F8 3D            [12] 3482 	ldhl	sp,	#61
    00001091 7E               [ 8] 3483 	ld	a, (hl)
    00001092 D6 0C            [ 8] 3484 	sub	a, #0x0c
    00001094 28 0A            [12] 3485 	jr	Z, 00224$
    00001096 F8 3D            [12] 3486 	ldhl	sp,	#61
    00001098 7E               [ 8] 3487 	ld	a, (hl)
    00001099 D6 0E            [ 8] 3488 	sub	a, #0x0e
    0000109B 28 03            [12] 3489 	jr	Z, 00224$
    0000109D AF               [ 4] 3490 	xor	a, a
    0000109E 18 02            [12] 3491 	jr	00225$
    000010A0                       3492 00224$:
    000010A0 3E 01            [ 8] 3493 	ld	a, #0x01
    000010A2                       3494 00225$:
    000010A2 F8 41            [12] 3495 	ldhl	sp,	#65
    000010A4 77               [ 8] 3496 	ld	(hl), a
    000010A5 7E               [ 8] 3497 	ld	a, (hl)
    000010A6 F8 03            [12] 3498 	ldhl	sp,	#3
    000010A8 77               [ 8] 3499 	ld	(hl), a
                                   3500 ;src/gameplay.c:495: uint16_t pad_top = is_ceiling ? obj_y : (obj_y + 13);
    000010A9 F8 41            [12] 3501 	ldhl	sp,	#65
    000010AB 7E               [ 8] 3502 	ld	a, (hl)
    000010AC B7               [ 4] 3503 	or	a, a
    000010AD 28 0B            [12] 3504 	jr	Z, 00226$
    000010AF 23               [ 8] 3505 	inc	hl
    000010B0 3A               [ 8] 3506 	ld	a, (hl-)
    000010B1 2B               [ 8] 3507 	dec	hl
    000010B2 77               [ 8] 3508 	ld	(hl), a
    000010B3 F8 43            [12] 3509 	ldhl	sp,	#67
    000010B5 3A               [ 8] 3510 	ld	a, (hl-)
    000010B6 2B               [ 8] 3511 	dec	hl
    000010B7 77               [ 8] 3512 	ld	(hl), a
    000010B8 18 1D            [12] 3513 	jr	00227$
    000010BA                       3514 00226$:
    000010BA F8 42            [12] 3515 	ldhl	sp,	#66
    000010BC 7E               [ 8] 3516 	ld	a, (hl)
    000010BD F8 3E            [12] 3517 	ldhl	sp,	#62
    000010BF 77               [ 8] 3518 	ld	(hl), a
    000010C0 F8 43            [12] 3519 	ldhl	sp,	#67
    000010C2 7E               [ 8] 3520 	ld	a, (hl)
    000010C3 F8 3F            [12] 3521 	ldhl	sp,	#63
    000010C5 32               [ 8] 3522 	ld	(hl-), a
    000010C6 2A               [ 8] 3523 	ld	a, (hl+)
    000010C7 5F               [ 4] 3524 	ld	e, a
    000010C8 56               [ 8] 3525 	ld	d, (hl)
    000010C9 21 0D 00         [12] 3526 	ld	hl, #0x000d
    000010CC 19               [ 8] 3527 	add	hl, de
    000010CD E5               [16] 3528 	push	hl
    000010CE 7D               [ 4] 3529 	ld	a, l
    000010CF F8 42            [12] 3530 	ldhl	sp,	#66
    000010D1 77               [ 8] 3531 	ld	(hl), a
    000010D2 E1               [12] 3532 	pop	hl
    000010D3 7C               [ 4] 3533 	ld	a, h
    000010D4 F8 41            [12] 3534 	ldhl	sp,	#65
    000010D6 77               [ 8] 3535 	ld	(hl), a
    000010D7                       3536 00227$:
    000010D7 F8 40            [12] 3537 	ldhl	sp,	#64
    000010D9 3A               [ 8] 3538 	ld	a, (hl-)
    000010DA 2B               [ 8] 3539 	dec	hl
    000010DB 77               [ 8] 3540 	ld	(hl), a
    000010DC F8 41            [12] 3541 	ldhl	sp,	#65
    000010DE 3A               [ 8] 3542 	ld	a, (hl-)
    000010DF 2B               [ 8] 3543 	dec	hl
    000010E0 77               [ 8] 3544 	ld	(hl), a
                                   3545 ;src/gameplay.c:496: uint16_t pad_bot = is_ceiling ? (obj_y + 3) : (obj_y + 16);
    000010E1 F8 03            [12] 3546 	ldhl	sp,	#3
    000010E3 7E               [ 8] 3547 	ld	a, (hl)
    000010E4 B7               [ 4] 3548 	or	a, a
    000010E5 28 15            [12] 3549 	jr	Z, 00228$
    000010E7 F8 42            [12] 3550 	ldhl	sp,#66
    000010E9 2A               [ 8] 3551 	ld	a, (hl+)
    000010EA 5F               [ 4] 3552 	ld	e, a
    000010EB 56               [ 8] 3553 	ld	d, (hl)
    000010EC 21 03 00         [12] 3554 	ld	hl, #0x0003
    000010EF 19               [ 8] 3555 	add	hl, de
    000010F0 E5               [16] 3556 	push	hl
    000010F1 7D               [ 4] 3557 	ld	a, l
    000010F2 F8 42            [12] 3558 	ldhl	sp,	#66
    000010F4 77               [ 8] 3559 	ld	(hl), a
    000010F5 E1               [12] 3560 	pop	hl
    000010F6 7C               [ 4] 3561 	ld	a, h
    000010F7 F8 41            [12] 3562 	ldhl	sp,	#65
    000010F9 77               [ 8] 3563 	ld	(hl), a
    000010FA 18 13            [12] 3564 	jr	00229$
    000010FC                       3565 00228$:
    000010FC F8 42            [12] 3566 	ldhl	sp,#66
    000010FE 2A               [ 8] 3567 	ld	a, (hl+)
    000010FF 5F               [ 4] 3568 	ld	e, a
    00001100 56               [ 8] 3569 	ld	d, (hl)
    00001101 21 10 00         [12] 3570 	ld	hl, #0x0010
    00001104 19               [ 8] 3571 	add	hl, de
    00001105 E5               [16] 3572 	push	hl
    00001106 7D               [ 4] 3573 	ld	a, l
    00001107 F8 42            [12] 3574 	ldhl	sp,	#66
    00001109 77               [ 8] 3575 	ld	(hl), a
    0000110A E1               [12] 3576 	pop	hl
    0000110B 7C               [ 4] 3577 	ld	a, h
    0000110C F8 41            [12] 3578 	ldhl	sp,	#65
    0000110E 77               [ 8] 3579 	ld	(hl), a
    0000110F                       3580 00229$:
    0000110F F8 40            [12] 3581 	ldhl	sp,	#64
    00001111 2A               [ 8] 3582 	ld	a, (hl+)
    00001112 23               [ 8] 3583 	inc	hl
    00001113 32               [ 8] 3584 	ld	(hl-), a
    00001114 2A               [ 8] 3585 	ld	a, (hl+)
    00001115 23               [ 8] 3586 	inc	hl
    00001116 77               [ 8] 3587 	ld	(hl), a
                                   3588 ;src/gameplay.c:498: if (py <= pad_bot && p_bottom >= pad_top) {
    00001117 F8 42            [12] 3589 	ldhl	sp,	#66
    00001119 5D               [ 4] 3590 	ld	e, l
    0000111A 54               [ 4] 3591 	ld	d, h
    0000111B F8 06            [12] 3592 	ldhl	sp,	#6
    0000111D 1A               [ 8] 3593 	ld	a, (de)
    0000111E 13               [ 8] 3594 	inc	de
    0000111F 96               [ 8] 3595 	sub	a, (hl)
    00001120 23               [ 8] 3596 	inc	hl
    00001121 1A               [ 8] 3597 	ld	a, (de)
    00001122 9E               [ 8] 3598 	sbc	a, (hl)
    00001123 DArB5r14         [16] 3599 	jp	C, 00214$
    00001126 F8 0E            [12] 3600 	ldhl	sp,	#14
    00001128 5D               [ 4] 3601 	ld	e, l
    00001129 54               [ 4] 3602 	ld	d, h
    0000112A F8 3E            [12] 3603 	ldhl	sp,	#62
    0000112C 1A               [ 8] 3604 	ld	a, (de)
    0000112D 13               [ 8] 3605 	inc	de
    0000112E 96               [ 8] 3606 	sub	a, (hl)
    0000112F 23               [ 8] 3607 	inc	hl
    00001130 1A               [ 8] 3608 	ld	a, (de)
    00001131 9E               [ 8] 3609 	sbc	a, (hl)
    00001132 DArB5r14         [16] 3610 	jp	C, 00214$
                                   3611 ;src/gameplay.c:499: if (!cache->activated[i]) {
    00001135 F8 33            [12] 3612 	ldhl	sp,#51
    00001137 2A               [ 8] 3613 	ld	a, (hl+)
    00001138 5F               [ 4] 3614 	ld	e, a
    00001139 56               [ 8] 3615 	ld	d, (hl)
    0000113A F8 48            [12] 3616 	ldhl	sp,	#72
    0000113C 6E               [ 8] 3617 	ld	l, (hl)
    0000113D 26 00            [ 8] 3618 	ld	h, #0x00
    0000113F 19               [ 8] 3619 	add	hl, de
    00001140 4D               [ 4] 3620 	ld	c, l
    00001141 44               [ 4] 3621 	ld	b, h
    00001142 0A               [ 8] 3622 	ld	a, (bc)
    00001143 B7               [ 4] 3623 	or	a, a
    00001144 C2rB5r14         [16] 3624 	jp	NZ, 00214$
                                   3625 ;src/gameplay.c:500: cache->activated[i] = 1;
    00001147 3E 01            [ 8] 3626 	ld	a, #0x01
    00001149 02               [ 8] 3627 	ld	(bc), a
                                   3628 ;src/gameplay.c:501: if (obj == OBJ_PAD_BLUE || obj == OBJ_PAD_BLUE_UP) {
    0000114A F8 3D            [12] 3629 	ldhl	sp,	#61
    0000114C 7E               [ 8] 3630 	ld	a, (hl)
    0000114D D6 0D            [ 8] 3631 	sub	a, #0x0d
    0000114F 28 07            [12] 3632 	jr	Z, 00169$
    00001151 F8 3D            [12] 3633 	ldhl	sp,	#61
    00001153 7E               [ 8] 3634 	ld	a, (hl)
    00001154 D6 0E            [ 8] 3635 	sub	a, #0x0e
    00001156 20 2F            [12] 3636 	jr	NZ, 00170$
    00001158                       3637 00169$:
                                   3638 ;src/gameplay.c:502: p->gravity_flipped = !p->gravity_flipped;
    00001158 F8 16            [12] 3639 	ldhl	sp,#22
    0000115A 2A               [ 8] 3640 	ld	a, (hl+)
    0000115B 5F               [ 4] 3641 	ld	e, a
    0000115C 56               [ 8] 3642 	ld	d, (hl)
    0000115D 1A               [ 8] 3643 	ld	a, (de)
    0000115E D6 01            [ 8] 3644 	sub	a, #0x01
    00001160 3E 00            [ 8] 3645 	ld	a, #0x00
    00001162 17               [ 4] 3646 	rla
    00001163 4F               [ 4] 3647 	ld	c, a
    00001164 3A               [ 8] 3648 	ld	a, (hl-)
    00001165 6E               [ 8] 3649 	ld	l, (hl)
    00001166 67               [ 4] 3650 	ld	h, a
    00001167 71               [ 8] 3651 	ld	(hl), c
                                   3652 ;src/gameplay.c:503: p->vel_y.w = (p->gravity_flipped) ? -BLUE_PAD_FORCE : BLUE_PAD_FORCE;
    00001168 F8 4B            [12] 3653 	ldhl	sp,#75
    0000116A 2A               [ 8] 3654 	ld	a, (hl+)
    0000116B 5F               [ 4] 3655 	ld	e, a
    0000116C 56               [ 8] 3656 	ld	d, (hl)
    0000116D 21 04 00         [12] 3657 	ld	hl, #0x0004
    00001170 19               [ 8] 3658 	add	hl, de
    00001171 5D               [ 4] 3659 	ld	e, l
    00001172 54               [ 4] 3660 	ld	d, h
    00001173 79               [ 4] 3661 	ld	a, c
    00001174 B7               [ 4] 3662 	or	a, a
    00001175 28 05            [12] 3663 	jr	Z, 00230$
    00001177 01 60 FC         [12] 3664 	ld	bc, #0xfc60
    0000117A 18 03            [12] 3665 	jr	00231$
    0000117C                       3666 00230$:
    0000117C 01 A0 03         [12] 3667 	ld	bc, #0x03a0
    0000117F                       3668 00231$:
    0000117F 79               [ 4] 3669 	ld	a, c
    00001180 12               [ 8] 3670 	ld	(de), a
    00001181 13               [ 8] 3671 	inc	de
    00001182 78               [ 4] 3672 	ld	a, b
    00001183 12               [ 8] 3673 	ld	(de), a
    00001184 C3r59r12         [16] 3674 	jp	00171$
    00001187                       3675 00170$:
                                   3676 ;src/gameplay.c:504: } else if (obj == OBJ_PAD_PINK) {
    00001187 F8 3D            [12] 3677 	ldhl	sp,	#61
    00001189 7E               [ 8] 3678 	ld	a, (hl)
    0000118A D6 25            [ 8] 3679 	sub	a, #0x25
    0000118C 20 5F            [12] 3680 	jr	NZ, 00167$
                                   3681 ;src/gameplay.c:505: int16_t force = (p->mode == MODE_BALL) ? BALL_PINK_PAD : PINK_PAD_FORCE;
    0000118E F8 14            [12] 3682 	ldhl	sp,#20
    00001190 2A               [ 8] 3683 	ld	a, (hl+)
    00001191 5F               [ 4] 3684 	ld	e, a
    00001192 56               [ 8] 3685 	ld	d, (hl)
    00001193 1A               [ 8] 3686 	ld	a, (de)
    00001194 D6 02            [ 8] 3687 	sub	a, #0x02
    00001196 20 05            [12] 3688 	jr	NZ, 00232$
    00001198 01 A0 FC         [12] 3689 	ld	bc, #0xfca0
    0000119B 18 03            [12] 3690 	jr	00233$
    0000119D                       3691 00232$:
    0000119D 01 F0 FA         [12] 3692 	ld	bc, #0xfaf0
    000011A0                       3693 00233$:
    000011A0 F8 3E            [12] 3694 	ldhl	sp,	#62
    000011A2 79               [ 4] 3695 	ld	a, c
    000011A3 22               [ 8] 3696 	ld	(hl+), a
    000011A4 70               [ 8] 3697 	ld	(hl), b
                                   3698 ;src/gameplay.c:506: p->vel_y.w = (p->gravity_flipped) ? -force : force;
    000011A5 F8 4B            [12] 3699 	ldhl	sp,#75
    000011A7 2A               [ 8] 3700 	ld	a, (hl+)
    000011A8 5F               [ 4] 3701 	ld	e, a
    000011A9 56               [ 8] 3702 	ld	d, (hl)
    000011AA 21 04 00         [12] 3703 	ld	hl, #0x0004
    000011AD 19               [ 8] 3704 	add	hl, de
    000011AE E5               [16] 3705 	push	hl
    000011AF 7D               [ 4] 3706 	ld	a, l
    000011B0 F8 42            [12] 3707 	ldhl	sp,	#66
    000011B2 77               [ 8] 3708 	ld	(hl), a
    000011B3 E1               [12] 3709 	pop	hl
    000011B4 7C               [ 4] 3710 	ld	a, h
    000011B5 F8 41            [12] 3711 	ldhl	sp,	#65
    000011B7 77               [ 8] 3712 	ld	(hl), a
    000011B8 F8 16            [12] 3713 	ldhl	sp,#22
    000011BA 2A               [ 8] 3714 	ld	a, (hl+)
    000011BB 5F               [ 4] 3715 	ld	e, a
    000011BC 56               [ 8] 3716 	ld	d, (hl)
    000011BD 1A               [ 8] 3717 	ld	a, (de)
    000011BE B7               [ 4] 3718 	or	a, a
    000011BF 28 13            [12] 3719 	jr	Z, 00234$
    000011C1 11 00 00         [12] 3720 	ld	de, #0x0000
    000011C4 F8 3E            [12] 3721 	ldhl	sp,	#62
    000011C6 2A               [ 8] 3722 	ld	a,	(hl+)
    000011C7 66               [ 8] 3723 	ld	h, (hl)
    000011C8 6F               [ 4] 3724 	ld	l, a
    000011C9 7B               [ 4] 3725 	ld	a, e
    000011CA 95               [ 4] 3726 	sub	a, l
    000011CB 5F               [ 4] 3727 	ld	e, a
    000011CC 7A               [ 4] 3728 	ld	a, d
    000011CD 9C               [ 4] 3729 	sbc	a, h
    000011CE F8 43            [12] 3730 	ldhl	sp,	#67
    000011D0 32               [ 8] 3731 	ld	(hl-), a
    000011D1 73               [ 8] 3732 	ld	(hl), e
    000011D2 18 0C            [12] 3733 	jr	00235$
    000011D4                       3734 00234$:
    000011D4 F8 3E            [12] 3735 	ldhl	sp,	#62
    000011D6 7E               [ 8] 3736 	ld	a, (hl)
    000011D7 F8 42            [12] 3737 	ldhl	sp,	#66
    000011D9 77               [ 8] 3738 	ld	(hl), a
    000011DA F8 3F            [12] 3739 	ldhl	sp,	#63
    000011DC 7E               [ 8] 3740 	ld	a, (hl)
    000011DD F8 43            [12] 3741 	ldhl	sp,	#67
    000011DF 77               [ 8] 3742 	ld	(hl), a
    000011E0                       3743 00235$:
    000011E0 F8 40            [12] 3744 	ldhl	sp,	#64
    000011E2 2A               [ 8] 3745 	ld	a, (hl+)
    000011E3 5F               [ 4] 3746 	ld	e, a
    000011E4 2A               [ 8] 3747 	ld	a, (hl+)
    000011E5 57               [ 4] 3748 	ld	d, a
    000011E6 2A               [ 8] 3749 	ld	a, (hl+)
    000011E7 12               [ 8] 3750 	ld	(de), a
    000011E8 13               [ 8] 3751 	inc	de
    000011E9 7E               [ 8] 3752 	ld	a, (hl)
    000011EA 12               [ 8] 3753 	ld	(de), a
    000011EB 18 6C            [12] 3754 	jr	00171$
    000011ED                       3755 00167$:
                                   3756 ;src/gameplay.c:508: int16_t force = (p->mode == MODE_BALL) ? BALL_YELLOW_PAD : PAD_JUMP_FORCE;
    000011ED F8 18            [12] 3757 	ldhl	sp,#24
    000011EF 2A               [ 8] 3758 	ld	a, (hl+)
    000011F0 5F               [ 4] 3759 	ld	e, a
    000011F1 56               [ 8] 3760 	ld	d, (hl)
    000011F2 1A               [ 8] 3761 	ld	a, (de)
    000011F3 D6 02            [ 8] 3762 	sub	a, #0x02
    000011F5 20 09            [12] 3763 	jr	NZ, 00236$
    000011F7 F8 42            [12] 3764 	ldhl	sp,	#66
    000011F9 3E 10            [ 8] 3765 	ld	a, #0x10
    000011FB 22               [ 8] 3766 	ld	(hl+), a
    000011FC 36 FB            [12] 3767 	ld	(hl), #0xfb
    000011FE 18 07            [12] 3768 	jr	00237$
    00001200                       3769 00236$:
    00001200 F8 42            [12] 3770 	ldhl	sp,	#66
    00001202 3E 40            [ 8] 3771 	ld	a, #0x40
    00001204 22               [ 8] 3772 	ld	(hl+), a
    00001205 36 F8            [12] 3773 	ld	(hl), #0xf8
    00001207                       3774 00237$:
    00001207 F8 42            [12] 3775 	ldhl	sp,	#66
    00001209 7E               [ 8] 3776 	ld	a, (hl)
    0000120A F8 3E            [12] 3777 	ldhl	sp,	#62
    0000120C 77               [ 8] 3778 	ld	(hl), a
    0000120D F8 43            [12] 3779 	ldhl	sp,	#67
    0000120F 7E               [ 8] 3780 	ld	a, (hl)
    00001210 F8 3F            [12] 3781 	ldhl	sp,	#63
    00001212 77               [ 8] 3782 	ld	(hl), a
                                   3783 ;src/gameplay.c:509: p->vel_y.w = (p->gravity_flipped) ? -force : force;
    00001213 F8 4B            [12] 3784 	ldhl	sp,#75
    00001215 2A               [ 8] 3785 	ld	a, (hl+)
    00001216 5F               [ 4] 3786 	ld	e, a
    00001217 56               [ 8] 3787 	ld	d, (hl)
    00001218 21 04 00         [12] 3788 	ld	hl, #0x0004
    0000121B 19               [ 8] 3789 	add	hl, de
    0000121C E5               [16] 3790 	push	hl
    0000121D 7D               [ 4] 3791 	ld	a, l
    0000121E F8 42            [12] 3792 	ldhl	sp,	#66
    00001220 77               [ 8] 3793 	ld	(hl), a
    00001221 E1               [12] 3794 	pop	hl
    00001222 7C               [ 4] 3795 	ld	a, h
    00001223 F8 41            [12] 3796 	ldhl	sp,	#65
    00001225 77               [ 8] 3797 	ld	(hl), a
    00001226 F8 1A            [12] 3798 	ldhl	sp,#26
    00001228 2A               [ 8] 3799 	ld	a, (hl+)
    00001229 5F               [ 4] 3800 	ld	e, a
    0000122A 56               [ 8] 3801 	ld	d, (hl)
    0000122B 1A               [ 8] 3802 	ld	a, (de)
    0000122C B7               [ 4] 3803 	or	a, a
    0000122D 28 13            [12] 3804 	jr	Z, 00238$
    0000122F 11 00 00         [12] 3805 	ld	de, #0x0000
    00001232 F8 3E            [12] 3806 	ldhl	sp,	#62
    00001234 2A               [ 8] 3807 	ld	a,	(hl+)
    00001235 66               [ 8] 3808 	ld	h, (hl)
    00001236 6F               [ 4] 3809 	ld	l, a
    00001237 7B               [ 4] 3810 	ld	a, e
    00001238 95               [ 4] 3811 	sub	a, l
    00001239 5F               [ 4] 3812 	ld	e, a
    0000123A 7A               [ 4] 3813 	ld	a, d
    0000123B 9C               [ 4] 3814 	sbc	a, h
    0000123C F8 43            [12] 3815 	ldhl	sp,	#67
    0000123E 32               [ 8] 3816 	ld	(hl-), a
    0000123F 73               [ 8] 3817 	ld	(hl), e
    00001240 18 0C            [12] 3818 	jr	00239$
    00001242                       3819 00238$:
    00001242 F8 3E            [12] 3820 	ldhl	sp,	#62
    00001244 7E               [ 8] 3821 	ld	a, (hl)
    00001245 F8 42            [12] 3822 	ldhl	sp,	#66
    00001247 77               [ 8] 3823 	ld	(hl), a
    00001248 F8 3F            [12] 3824 	ldhl	sp,	#63
    0000124A 7E               [ 8] 3825 	ld	a, (hl)
    0000124B F8 43            [12] 3826 	ldhl	sp,	#67
    0000124D 77               [ 8] 3827 	ld	(hl), a
    0000124E                       3828 00239$:
    0000124E F8 40            [12] 3829 	ldhl	sp,	#64
    00001250 2A               [ 8] 3830 	ld	a, (hl+)
    00001251 5F               [ 4] 3831 	ld	e, a
    00001252 2A               [ 8] 3832 	ld	a, (hl+)
    00001253 57               [ 4] 3833 	ld	d, a
    00001254 2A               [ 8] 3834 	ld	a, (hl+)
    00001255 12               [ 8] 3835 	ld	(de), a
    00001256 13               [ 8] 3836 	inc	de
    00001257 7E               [ 8] 3837 	ld	a, (hl)
    00001258 12               [ 8] 3838 	ld	(de), a
    00001259                       3839 00171$:
                                   3840 ;src/gameplay.c:511: p->on_ground = 0;
    00001259 F8 4B            [12] 3841 	ldhl	sp,#75
    0000125B 2A               [ 8] 3842 	ld	a, (hl+)
    0000125C 5F               [ 4] 3843 	ld	e, a
    0000125D 56               [ 8] 3844 	ld	d, (hl)
    0000125E 21 06 00         [12] 3845 	ld	hl, #0x0006
    00001261 19               [ 8] 3846 	add	hl, de
    00001262 4D               [ 4] 3847 	ld	c, l
    00001263 44               [ 4] 3848 	ld	b, h
    00001264 AF               [ 4] 3849 	xor	a, a
    00001265 02               [ 8] 3850 	ld	(bc), a
                                   3851 ;src/gameplay.c:514: break;
    00001266 C3rB5r14         [16] 3852 	jp	00214$
                                   3853 ;src/gameplay.c:519: case OBJ_ORB_BLUE:
    00001269                       3854 00180$:
                                   3855 ;src/gameplay.c:521: if (joy & J_A) {
    00001269 F8 32            [12] 3856 	ldhl	sp,	#50
    0000126B 7E               [ 8] 3857 	ld	a, (hl)
    0000126C B7               [ 4] 3858 	or	a, a
    0000126D CArB5r14         [16] 3859 	jp	Z, 00214$
                                   3860 ;src/gameplay.c:522: if ((!(p->last_joy & J_A) || p->orb_buffered) && py <= obj_y + 16 && p_feet >= obj_y) {
    00001270 F8 1C            [12] 3861 	ldhl	sp,#28
    00001272 2A               [ 8] 3862 	ld	a, (hl+)
    00001273 5F               [ 4] 3863 	ld	e, a
    00001274 56               [ 8] 3864 	ld	d, (hl)
    00001275 1A               [ 8] 3865 	ld	a, (de)
    00001276 CB 67            [ 8] 3866 	bit	4, a
    00001278 28 0A            [12] 3867 	jr	Z, 00192$
    0000127A F8 30            [12] 3868 	ldhl	sp,#48
    0000127C 2A               [ 8] 3869 	ld	a, (hl+)
    0000127D 5F               [ 4] 3870 	ld	e, a
    0000127E 56               [ 8] 3871 	ld	d, (hl)
    0000127F 1A               [ 8] 3872 	ld	a, (de)
    00001280 B7               [ 4] 3873 	or	a, a
    00001281 CArB5r14         [16] 3874 	jp	Z, 00214$
    00001284                       3875 00192$:
    00001284 F8 42            [12] 3876 	ldhl	sp,	#66
    00001286 7E               [ 8] 3877 	ld	a, (hl)
    00001287 F8 3E            [12] 3878 	ldhl	sp,	#62
    00001289 77               [ 8] 3879 	ld	(hl), a
    0000128A F8 43            [12] 3880 	ldhl	sp,	#67
    0000128C 7E               [ 8] 3881 	ld	a, (hl)
    0000128D F8 3F            [12] 3882 	ldhl	sp,	#63
    0000128F 32               [ 8] 3883 	ld	(hl-), a
    00001290 2A               [ 8] 3884 	ld	a, (hl+)
    00001291 5F               [ 4] 3885 	ld	e, a
    00001292 56               [ 8] 3886 	ld	d, (hl)
    00001293 21 10 00         [12] 3887 	ld	hl, #0x0010
    00001296 19               [ 8] 3888 	add	hl, de
    00001297 E5               [16] 3889 	push	hl
    00001298 7D               [ 4] 3890 	ld	a, l
    00001299 F8 42            [12] 3891 	ldhl	sp,	#66
    0000129B 77               [ 8] 3892 	ld	(hl), a
    0000129C E1               [12] 3893 	pop	hl
    0000129D 7C               [ 4] 3894 	ld	a, h
    0000129E F8 41            [12] 3895 	ldhl	sp,	#65
    000012A0 77               [ 8] 3896 	ld	(hl), a
    000012A1 F8 40            [12] 3897 	ldhl	sp,	#64
    000012A3 5D               [ 4] 3898 	ld	e, l
    000012A4 54               [ 4] 3899 	ld	d, h
    000012A5 F8 0C            [12] 3900 	ldhl	sp,	#12
    000012A7 1A               [ 8] 3901 	ld	a, (de)
    000012A8 13               [ 8] 3902 	inc	de
    000012A9 96               [ 8] 3903 	sub	a, (hl)
    000012AA 23               [ 8] 3904 	inc	hl
    000012AB 1A               [ 8] 3905 	ld	a, (de)
    000012AC 9E               [ 8] 3906 	sbc	a, (hl)
    000012AD DArB5r14         [16] 3907 	jp	C, 00214$
    000012B0 F8 10            [12] 3908 	ldhl	sp,	#16
    000012B2 5D               [ 4] 3909 	ld	e, l
    000012B3 54               [ 4] 3910 	ld	d, h
    000012B4 F8 42            [12] 3911 	ldhl	sp,	#66
    000012B6 1A               [ 8] 3912 	ld	a, (de)
    000012B7 13               [ 8] 3913 	inc	de
    000012B8 96               [ 8] 3914 	sub	a, (hl)
    000012B9 23               [ 8] 3915 	inc	hl
    000012BA 1A               [ 8] 3916 	ld	a, (de)
    000012BB 9E               [ 8] 3917 	sbc	a, (hl)
    000012BC DArB5r14         [16] 3918 	jp	C, 00214$
                                   3919 ;src/gameplay.c:523: if (!cache->activated[i]) {
    000012BF F8 2E            [12] 3920 	ldhl	sp,#46
    000012C1 2A               [ 8] 3921 	ld	a, (hl+)
    000012C2 5F               [ 4] 3922 	ld	e, a
    000012C3 56               [ 8] 3923 	ld	d, (hl)
    000012C4 F8 48            [12] 3924 	ldhl	sp,	#72
    000012C6 6E               [ 8] 3925 	ld	l, (hl)
    000012C7 26 00            [ 8] 3926 	ld	h, #0x00
    000012C9 19               [ 8] 3927 	add	hl, de
    000012CA 4D               [ 4] 3928 	ld	c, l
    000012CB 44               [ 4] 3929 	ld	b, h
    000012CC 0A               [ 8] 3930 	ld	a, (bc)
    000012CD B7               [ 4] 3931 	or	a, a
    000012CE C2rB5r14         [16] 3932 	jp	NZ, 00214$
                                   3933 ;src/gameplay.c:524: cache->activated[i] = 1;
    000012D1 3E 01            [ 8] 3934 	ld	a, #0x01
    000012D3 02               [ 8] 3935 	ld	(bc), a
                                   3936 ;src/gameplay.c:525: p->orb_buffered = 0; // Clear buffer after hit
    000012D4 F8 30            [12] 3937 	ldhl	sp,	#48
    000012D6 2A               [ 8] 3938 	ld	a, (hl+)
    000012D7 66               [ 8] 3939 	ld	h, (hl)
    000012D8 6F               [ 4] 3940 	ld	l, a
    000012D9 36 00            [12] 3941 	ld	(hl), #0x00
                                   3942 ;src/gameplay.c:526: if (obj == OBJ_ORB_BLUE) {
    000012DB F8 03            [12] 3943 	ldhl	sp,	#3
    000012DD 7E               [ 8] 3944 	ld	a, (hl)
    000012DE B7               [ 4] 3945 	or	a, a
    000012DF 28 50            [12] 3946 	jr	Z, 00185$
                                   3947 ;src/gameplay.c:527: p->gravity_flipped = !p->gravity_flipped;
    000012E1 F8 16            [12] 3948 	ldhl	sp,#22
    000012E3 2A               [ 8] 3949 	ld	a, (hl+)
    000012E4 5F               [ 4] 3950 	ld	e, a
    000012E5 3A               [ 8] 3951 	ld	a, (hl-)
    000012E6 57               [ 4] 3952 	ld	d, a
    000012E7 1A               [ 8] 3953 	ld	a, (de)
    000012E8 D6 01            [ 8] 3954 	sub	a, #0x01
    000012EA 3E 00            [ 8] 3955 	ld	a, #0x00
    000012EC 17               [ 4] 3956 	rla
    000012ED 5E               [ 8] 3957 	ld	e, (hl)
    000012EE 23               [ 8] 3958 	inc	hl
    000012EF 66               [ 8] 3959 	ld	h, (hl)
    000012F0 6B               [ 4] 3960 	ld	l, e
    000012F1 77               [ 8] 3961 	ld	(hl), a
                                   3962 ;src/gameplay.c:528: int16_t force = (p->mode == MODE_BALL) ? BLUE_ORB_FORCE : BLUE_PAD_FORCE;
    000012F2 F8 1E            [12] 3963 	ldhl	sp,#30
    000012F4 2A               [ 8] 3964 	ld	a, (hl+)
    000012F5 5F               [ 4] 3965 	ld	e, a
    000012F6 56               [ 8] 3966 	ld	d, (hl)
    000012F7 1A               [ 8] 3967 	ld	a, (de)
    000012F8 D6 02            [ 8] 3968 	sub	a, #0x02
    000012FA 20 05            [12] 3969 	jr	NZ, 00240$
    000012FC 01 A0 01         [12] 3970 	ld	bc, #0x01a0
    000012FF 18 03            [12] 3971 	jr	00241$
    00001301                       3972 00240$:
    00001301 01 A0 03         [12] 3973 	ld	bc, #0x03a0
    00001304                       3974 00241$:
                                   3975 ;src/gameplay.c:529: p->vel_y.w = (p->gravity_flipped) ? -force : force;
    00001304 F8 4B            [12] 3976 	ldhl	sp,#75
    00001306 2A               [ 8] 3977 	ld	a, (hl+)
    00001307 5F               [ 4] 3978 	ld	e, a
    00001308 56               [ 8] 3979 	ld	d, (hl)
    00001309 21 04 00         [12] 3980 	ld	hl, #0x0004
    0000130C 19               [ 8] 3981 	add	hl, de
    0000130D E5               [16] 3982 	push	hl
    0000130E 7D               [ 4] 3983 	ld	a, l
    0000130F F8 44            [12] 3984 	ldhl	sp,	#68
    00001311 77               [ 8] 3985 	ld	(hl), a
    00001312 E1               [12] 3986 	pop	hl
    00001313 7C               [ 4] 3987 	ld	a, h
    00001314 F8 43            [12] 3988 	ldhl	sp,	#67
    00001316 77               [ 8] 3989 	ld	(hl), a
    00001317 F8 16            [12] 3990 	ldhl	sp,#22
    00001319 2A               [ 8] 3991 	ld	a, (hl+)
    0000131A 5F               [ 4] 3992 	ld	e, a
    0000131B 56               [ 8] 3993 	ld	d, (hl)
    0000131C 1A               [ 8] 3994 	ld	a, (de)
    0000131D B7               [ 4] 3995 	or	a, a
    0000131E 28 06            [12] 3996 	jr	Z, 00242$
    00001320 AF               [ 4] 3997 	xor	a, a
    00001321 91               [ 4] 3998 	sub	a, c
    00001322 4F               [ 4] 3999 	ld	c, a
    00001323 9F               [ 4] 4000 	sbc	a, a
    00001324 90               [ 4] 4001 	sub	a, b
    00001325 47               [ 4] 4002 	ld	b, a
    00001326                       4003 00242$:
    00001326 F8 42            [12] 4004 	ldhl	sp,	#66
    00001328 2A               [ 8] 4005 	ld	a, (hl+)
    00001329 66               [ 8] 4006 	ld	h, (hl)
    0000132A 6F               [ 4] 4007 	ld	l, a
    0000132B 79               [ 4] 4008 	ld	a, c
    0000132C 22               [ 8] 4009 	ld	(hl+), a
    0000132D 70               [ 8] 4010 	ld	(hl), b
    0000132E C3r07r14         [16] 4011 	jp	00186$
    00001331                       4012 00185$:
                                   4013 ;src/gameplay.c:530: } else if (obj == OBJ_ORB_PINK) {
    00001331 F8 3D            [12] 4014 	ldhl	sp,	#61
    00001333 7E               [ 8] 4015 	ld	a, (hl)
    00001334 D6 06            [ 8] 4016 	sub	a, #0x06
    00001336 20 5F            [12] 4017 	jr	NZ, 00182$
                                   4018 ;src/gameplay.c:531: int16_t force = (p->mode == MODE_BALL) ? BALL_PINK_ORB : MAGENTA_JUMP_FORCE;
    00001338 F8 20            [12] 4019 	ldhl	sp,#32
    0000133A 2A               [ 8] 4020 	ld	a, (hl+)
    0000133B 5F               [ 4] 4021 	ld	e, a
    0000133C 56               [ 8] 4022 	ld	d, (hl)
    0000133D 1A               [ 8] 4023 	ld	a, (de)
    0000133E D6 02            [ 8] 4024 	sub	a, #0x02
    00001340 20 05            [12] 4025 	jr	NZ, 00244$
    00001342 01 D0 FC         [12] 4026 	ld	bc, #0xfcd0
    00001345 18 03            [12] 4027 	jr	00245$
    00001347                       4028 00244$:
    00001347 01 30 FC         [12] 4029 	ld	bc, #0xfc30
    0000134A                       4030 00245$:
    0000134A F8 3E            [12] 4031 	ldhl	sp,	#62
    0000134C 79               [ 4] 4032 	ld	a, c
    0000134D 22               [ 8] 4033 	ld	(hl+), a
    0000134E 70               [ 8] 4034 	ld	(hl), b
                                   4035 ;src/gameplay.c:532: p->vel_y.w = (p->gravity_flipped) ? -force : force;
    0000134F F8 4B            [12] 4036 	ldhl	sp,#75
    00001351 2A               [ 8] 4037 	ld	a, (hl+)
    00001352 5F               [ 4] 4038 	ld	e, a
    00001353 56               [ 8] 4039 	ld	d, (hl)
    00001354 21 04 00         [12] 4040 	ld	hl, #0x0004
    00001357 19               [ 8] 4041 	add	hl, de
    00001358 E5               [16] 4042 	push	hl
    00001359 7D               [ 4] 4043 	ld	a, l
    0000135A F8 42            [12] 4044 	ldhl	sp,	#66
    0000135C 77               [ 8] 4045 	ld	(hl), a
    0000135D E1               [12] 4046 	pop	hl
    0000135E 7C               [ 4] 4047 	ld	a, h
    0000135F F8 41            [12] 4048 	ldhl	sp,	#65
    00001361 77               [ 8] 4049 	ld	(hl), a
    00001362 F8 22            [12] 4050 	ldhl	sp,#34
    00001364 2A               [ 8] 4051 	ld	a, (hl+)
    00001365 5F               [ 4] 4052 	ld	e, a
    00001366 56               [ 8] 4053 	ld	d, (hl)
    00001367 1A               [ 8] 4054 	ld	a, (de)
    00001368 B7               [ 4] 4055 	or	a, a
    00001369 28 13            [12] 4056 	jr	Z, 00246$
    0000136B 11 00 00         [12] 4057 	ld	de, #0x0000
    0000136E F8 3E            [12] 4058 	ldhl	sp,	#62
    00001370 2A               [ 8] 4059 	ld	a,	(hl+)
    00001371 66               [ 8] 4060 	ld	h, (hl)
    00001372 6F               [ 4] 4061 	ld	l, a
    00001373 7B               [ 4] 4062 	ld	a, e
    00001374 95               [ 4] 4063 	sub	a, l
    00001375 5F               [ 4] 4064 	ld	e, a
    00001376 7A               [ 4] 4065 	ld	a, d
    00001377 9C               [ 4] 4066 	sbc	a, h
    00001378 F8 43            [12] 4067 	ldhl	sp,	#67
    0000137A 32               [ 8] 4068 	ld	(hl-), a
    0000137B 73               [ 8] 4069 	ld	(hl), e
    0000137C 18 0C            [12] 4070 	jr	00247$
    0000137E                       4071 00246$:
    0000137E F8 3E            [12] 4072 	ldhl	sp,	#62
    00001380 7E               [ 8] 4073 	ld	a, (hl)
    00001381 F8 42            [12] 4074 	ldhl	sp,	#66
    00001383 77               [ 8] 4075 	ld	(hl), a
    00001384 F8 3F            [12] 4076 	ldhl	sp,	#63
    00001386 7E               [ 8] 4077 	ld	a, (hl)
    00001387 F8 43            [12] 4078 	ldhl	sp,	#67
    00001389 77               [ 8] 4079 	ld	(hl), a
    0000138A                       4080 00247$:
    0000138A F8 40            [12] 4081 	ldhl	sp,	#64
    0000138C 2A               [ 8] 4082 	ld	a, (hl+)
    0000138D 5F               [ 4] 4083 	ld	e, a
    0000138E 2A               [ 8] 4084 	ld	a, (hl+)
    0000138F 57               [ 4] 4085 	ld	d, a
    00001390 2A               [ 8] 4086 	ld	a, (hl+)
    00001391 12               [ 8] 4087 	ld	(de), a
    00001392 13               [ 8] 4088 	inc	de
    00001393 7E               [ 8] 4089 	ld	a, (hl)
    00001394 12               [ 8] 4090 	ld	(de), a
    00001395 18 70            [12] 4091 	jr	00186$
    00001397                       4092 00182$:
                                   4093 ;src/gameplay.c:534: int16_t force = (p->mode == MODE_BALL) ? BALL_YELLOW_ORB : JUMP_FORCE;
    00001397 F8 24            [12] 4094 	ldhl	sp,#36
    00001399 2A               [ 8] 4095 	ld	a, (hl+)
    0000139A 5F               [ 4] 4096 	ld	e, a
    0000139B 56               [ 8] 4097 	ld	d, (hl)
    0000139C 1A               [ 8] 4098 	ld	a, (de)
    0000139D D6 02            [ 8] 4099 	sub	a, #0x02
    0000139F 20 09            [12] 4100 	jr	NZ, 00248$
    000013A1 F8 42            [12] 4101 	ldhl	sp,	#66
    000013A3 3E F0            [ 8] 4102 	ld	a, #0xf0
    000013A5 22               [ 8] 4103 	ld	(hl+), a
    000013A6 36 FB            [12] 4104 	ld	(hl), #0xfb
    000013A8 18 07            [12] 4105 	jr	00249$
    000013AA                       4106 00248$:
    000013AA F8 42            [12] 4107 	ldhl	sp,	#66
    000013AC 36 70            [12] 4108 	ld	(hl), #0x70
    000013AE 23               [ 8] 4109 	inc	hl
    000013AF 36 FA            [12] 4110 	ld	(hl), #0xfa
    000013B1                       4111 00249$:
    000013B1 F8 42            [12] 4112 	ldhl	sp,	#66
    000013B3 7E               [ 8] 4113 	ld	a, (hl)
    000013B4 F8 3E            [12] 4114 	ldhl	sp,	#62
    000013B6 77               [ 8] 4115 	ld	(hl), a
    000013B7 F8 43            [12] 4116 	ldhl	sp,	#67
    000013B9 7E               [ 8] 4117 	ld	a, (hl)
    000013BA F8 3F            [12] 4118 	ldhl	sp,	#63
    000013BC 77               [ 8] 4119 	ld	(hl), a
                                   4120 ;src/gameplay.c:535: p->vel_y.w = (p->gravity_flipped) ? -force : force;
    000013BD F8 4B            [12] 4121 	ldhl	sp,#75
    000013BF 2A               [ 8] 4122 	ld	a, (hl+)
    000013C0 5F               [ 4] 4123 	ld	e, a
    000013C1 56               [ 8] 4124 	ld	d, (hl)
    000013C2 21 04 00         [12] 4125 	ld	hl, #0x0004
    000013C5 19               [ 8] 4126 	add	hl, de
    000013C6 E5               [16] 4127 	push	hl
    000013C7 7D               [ 4] 4128 	ld	a, l
    000013C8 F8 42            [12] 4129 	ldhl	sp,	#66
    000013CA 77               [ 8] 4130 	ld	(hl), a
    000013CB E1               [12] 4131 	pop	hl
    000013CC 7C               [ 4] 4132 	ld	a, h
    000013CD F8 41            [12] 4133 	ldhl	sp,	#65
    000013CF 77               [ 8] 4134 	ld	(hl), a
    000013D0 F8 26            [12] 4135 	ldhl	sp,#38
    000013D2 2A               [ 8] 4136 	ld	a, (hl+)
    000013D3 5F               [ 4] 4137 	ld	e, a
    000013D4 56               [ 8] 4138 	ld	d, (hl)
    000013D5 1A               [ 8] 4139 	ld	a, (de)
    000013D6 F8 43            [12] 4140 	ldhl	sp,	#67
    000013D8 77               [ 8] 4141 	ld	(hl), a
    000013D9 7E               [ 8] 4142 	ld	a, (hl)
    000013DA B7               [ 4] 4143 	or	a, a
    000013DB 28 13            [12] 4144 	jr	Z, 00250$
    000013DD 11 00 00         [12] 4145 	ld	de, #0x0000
    000013E0 F8 3E            [12] 4146 	ldhl	sp,	#62
    000013E2 2A               [ 8] 4147 	ld	a,	(hl+)
    000013E3 66               [ 8] 4148 	ld	h, (hl)
    000013E4 6F               [ 4] 4149 	ld	l, a
    000013E5 7B               [ 4] 4150 	ld	a, e
    000013E6 95               [ 4] 4151 	sub	a, l
    000013E7 5F               [ 4] 4152 	ld	e, a
    000013E8 7A               [ 4] 4153 	ld	a, d
    000013E9 9C               [ 4] 4154 	sbc	a, h
    000013EA F8 43            [12] 4155 	ldhl	sp,	#67
    000013EC 32               [ 8] 4156 	ld	(hl-), a
    000013ED 73               [ 8] 4157 	ld	(hl), e
    000013EE 18 0C            [12] 4158 	jr	00251$
    000013F0                       4159 00250$:
    000013F0 F8 3E            [12] 4160 	ldhl	sp,	#62
    000013F2 7E               [ 8] 4161 	ld	a, (hl)
    000013F3 F8 42            [12] 4162 	ldhl	sp,	#66
    000013F5 77               [ 8] 4163 	ld	(hl), a
    000013F6 F8 3F            [12] 4164 	ldhl	sp,	#63
    000013F8 7E               [ 8] 4165 	ld	a, (hl)
    000013F9 F8 43            [12] 4166 	ldhl	sp,	#67
    000013FB 77               [ 8] 4167 	ld	(hl), a
    000013FC                       4168 00251$:
    000013FC F8 40            [12] 4169 	ldhl	sp,	#64
    000013FE 2A               [ 8] 4170 	ld	a, (hl+)
    000013FF 5F               [ 4] 4171 	ld	e, a
    00001400 2A               [ 8] 4172 	ld	a, (hl+)
    00001401 57               [ 4] 4173 	ld	d, a
    00001402 2A               [ 8] 4174 	ld	a, (hl+)
    00001403 12               [ 8] 4175 	ld	(de), a
    00001404 13               [ 8] 4176 	inc	de
    00001405 7E               [ 8] 4177 	ld	a, (hl)
    00001406 12               [ 8] 4178 	ld	(de), a
    00001407                       4179 00186$:
                                   4180 ;src/gameplay.c:537: p->on_ground = 0;
    00001407 F8 4B            [12] 4181 	ldhl	sp,#75
    00001409 2A               [ 8] 4182 	ld	a, (hl+)
    0000140A 5F               [ 4] 4183 	ld	e, a
    0000140B 56               [ 8] 4184 	ld	d, (hl)
    0000140C 21 06 00         [12] 4185 	ld	hl, #0x0006
    0000140F 19               [ 8] 4186 	add	hl, de
    00001410 4D               [ 4] 4187 	ld	c, l
    00001411 44               [ 4] 4188 	ld	b, h
    00001412 AF               [ 4] 4189 	xor	a, a
    00001413 02               [ 8] 4190 	ld	(bc), a
                                   4191 ;src/gameplay.c:541: break;
    00001414 C3rB5r14         [16] 4192 	jp	00214$
                                   4193 ;src/gameplay.c:546: case OBJ_MIRROR_EXIT:
    00001417                       4194 00197$:
                                   4195 ;src/gameplay.c:547: if (py <= obj_y + 32 && p_bottom >= obj_y) {
    00001417 F8 42            [12] 4196 	ldhl	sp,	#66
    00001419 7E               [ 8] 4197 	ld	a, (hl)
    0000141A F8 3E            [12] 4198 	ldhl	sp,	#62
    0000141C 77               [ 8] 4199 	ld	(hl), a
    0000141D F8 43            [12] 4200 	ldhl	sp,	#67
    0000141F 7E               [ 8] 4201 	ld	a, (hl)
    00001420 F8 3F            [12] 4202 	ldhl	sp,	#63
    00001422 32               [ 8] 4203 	ld	(hl-), a
    00001423 2A               [ 8] 4204 	ld	a, (hl+)
    00001424 5F               [ 4] 4205 	ld	e, a
    00001425 56               [ 8] 4206 	ld	d, (hl)
    00001426 21 20 00         [12] 4207 	ld	hl, #0x0020
    00001429 19               [ 8] 4208 	add	hl, de
    0000142A E5               [16] 4209 	push	hl
    0000142B 7D               [ 4] 4210 	ld	a, l
    0000142C F8 42            [12] 4211 	ldhl	sp,	#66
    0000142E 77               [ 8] 4212 	ld	(hl), a
    0000142F E1               [12] 4213 	pop	hl
    00001430 7C               [ 4] 4214 	ld	a, h
    00001431 F8 41            [12] 4215 	ldhl	sp,	#65
    00001433 77               [ 8] 4216 	ld	(hl), a
    00001434 F8 40            [12] 4217 	ldhl	sp,	#64
    00001436 5D               [ 4] 4218 	ld	e, l
    00001437 54               [ 4] 4219 	ld	d, h
    00001438 F8 0C            [12] 4220 	ldhl	sp,	#12
    0000143A 1A               [ 8] 4221 	ld	a, (de)
    0000143B 13               [ 8] 4222 	inc	de
    0000143C 96               [ 8] 4223 	sub	a, (hl)
    0000143D 23               [ 8] 4224 	inc	hl
    0000143E 1A               [ 8] 4225 	ld	a, (de)
    0000143F 9E               [ 8] 4226 	sbc	a, (hl)
    00001440 38 73            [12] 4227 	jr	C, 00214$
    00001442 F8 0E            [12] 4228 	ldhl	sp,	#14
    00001444 5D               [ 4] 4229 	ld	e, l
    00001445 54               [ 4] 4230 	ld	d, h
    00001446 F8 42            [12] 4231 	ldhl	sp,	#66
    00001448 1A               [ 8] 4232 	ld	a, (de)
    00001449 13               [ 8] 4233 	inc	de
    0000144A 96               [ 8] 4234 	sub	a, (hl)
    0000144B 23               [ 8] 4235 	inc	hl
    0000144C 1A               [ 8] 4236 	ld	a, (de)
    0000144D 9E               [ 8] 4237 	sbc	a, (hl)
    0000144E 38 65            [12] 4238 	jr	C, 00214$
                                   4239 ;src/gameplay.c:548: if (!cache->activated[i]) {
    00001450 F8 2C            [12] 4240 	ldhl	sp,#44
    00001452 2A               [ 8] 4241 	ld	a, (hl+)
    00001453 5F               [ 4] 4242 	ld	e, a
    00001454 56               [ 8] 4243 	ld	d, (hl)
    00001455 F8 48            [12] 4244 	ldhl	sp,	#72
    00001457 6E               [ 8] 4245 	ld	l, (hl)
    00001458 26 00            [ 8] 4246 	ld	h, #0x00
    0000145A 19               [ 8] 4247 	add	hl, de
    0000145B 4D               [ 4] 4248 	ld	c, l
    0000145C 44               [ 4] 4249 	ld	b, h
    0000145D 0A               [ 8] 4250 	ld	a, (bc)
    0000145E B7               [ 4] 4251 	or	a, a
    0000145F 20 54            [12] 4252 	jr	NZ, 00214$
                                   4253 ;src/gameplay.c:549: p->reversed = (obj == OBJ_MIRROR_PORTAL) ? 1 : 0;
    00001461 F8 4B            [12] 4254 	ldhl	sp,#75
    00001463 2A               [ 8] 4255 	ld	a, (hl+)
    00001464 5F               [ 4] 4256 	ld	e, a
    00001465 56               [ 8] 4257 	ld	d, (hl)
    00001466 21 0A 00         [12] 4258 	ld	hl, #0x000a
    00001469 19               [ 8] 4259 	add	hl, de
    0000146A E5               [16] 4260 	push	hl
    0000146B 7D               [ 4] 4261 	ld	a, l
    0000146C F8 44            [12] 4262 	ldhl	sp,	#68
    0000146E 77               [ 8] 4263 	ld	(hl), a
    0000146F E1               [12] 4264 	pop	hl
    00001470 7C               [ 4] 4265 	ld	a, h
    00001471 F8 43            [12] 4266 	ldhl	sp,	#67
    00001473 77               [ 8] 4267 	ld	(hl), a
    00001474 F8 3D            [12] 4268 	ldhl	sp,	#61
    00001476 7E               [ 8] 4269 	ld	a, (hl)
    00001477 D6 7E            [ 8] 4270 	sub	a, #0x7e
    00001479 3E 01            [ 8] 4271 	ld	a, #0x01
    0000147B 28 01            [12] 4272 	jr	Z, 00253$
    0000147D AF               [ 4] 4273 	xor	a, a
    0000147E                       4274 00253$:
    0000147E F8 42            [12] 4275 	ldhl	sp,	#66
    00001480 5E               [ 8] 4276 	ld	e, (hl)
    00001481 23               [ 8] 4277 	inc	hl
    00001482 66               [ 8] 4278 	ld	h, (hl)
    00001483 6B               [ 4] 4279 	ld	l, e
    00001484 77               [ 8] 4280 	ld	(hl), a
                                   4281 ;src/gameplay.c:550: cache->activated[i] = 1;
    00001485 3E 01            [ 8] 4282 	ld	a, #0x01
    00001487 02               [ 8] 4283 	ld	(bc), a
                                   4284 ;src/gameplay.c:554: }
    00001488 18 2B            [12] 4285 	jr	00214$
    0000148A                       4286 00207$:
                                   4287 ;src/gameplay.c:555: } else if (obj_x > p_front + 16) {
    0000148A F8 0A            [12] 4288 	ldhl	sp,	#10
    0000148C 7E               [ 8] 4289 	ld	a, (hl)
    0000148D F8 40            [12] 4290 	ldhl	sp,	#64
    0000148F 77               [ 8] 4291 	ld	(hl), a
    00001490 F8 0B            [12] 4292 	ldhl	sp,	#11
    00001492 7E               [ 8] 4293 	ld	a, (hl)
    00001493 F8 41            [12] 4294 	ldhl	sp,	#65
    00001495 32               [ 8] 4295 	ld	(hl-), a
    00001496 2A               [ 8] 4296 	ld	a, (hl+)
    00001497 5F               [ 4] 4297 	ld	e, a
    00001498 56               [ 8] 4298 	ld	d, (hl)
    00001499 21 10 00         [12] 4299 	ld	hl, #0x0010
    0000149C 19               [ 8] 4300 	add	hl, de
    0000149D E5               [16] 4301 	push	hl
    0000149E 7D               [ 4] 4302 	ld	a, l
    0000149F F8 44            [12] 4303 	ldhl	sp,	#68
    000014A1 77               [ 8] 4304 	ld	(hl), a
    000014A2 E1               [12] 4305 	pop	hl
    000014A3 7C               [ 4] 4306 	ld	a, h
    000014A4 F8 43            [12] 4307 	ldhl	sp,	#67
    000014A6 77               [ 8] 4308 	ld	(hl), a
    000014A7 F8 42            [12] 4309 	ldhl	sp,	#66
    000014A9 5D               [ 4] 4310 	ld	e, l
    000014AA 54               [ 4] 4311 	ld	d, h
    000014AB F8 3E            [12] 4312 	ldhl	sp,	#62
    000014AD 1A               [ 8] 4313 	ld	a, (de)
    000014AE 13               [ 8] 4314 	inc	de
    000014AF 96               [ 8] 4315 	sub	a, (hl)
    000014B0 23               [ 8] 4316 	inc	hl
    000014B1 1A               [ 8] 4317 	ld	a, (de)
    000014B2 9E               [ 8] 4318 	sbc	a, (hl)
    000014B3 38 09            [12] 4319 	jr	C, 00217$
                                   4320 ;src/gameplay.c:556: break;
    000014B5                       4321 00214$:
                                   4322 ;src/gameplay.c:399: for (i = 0; i < MAX_ACTIVE_SP_OBJECTS; i++) {
    000014B5 F8 48            [12] 4323 	ldhl	sp,	#72
    000014B7 34               [12] 4324 	inc	(hl)
    000014B8 7E               [ 8] 4325 	ld	a, (hl)
    000014B9 D6 10            [ 8] 4326 	sub	a, #0x10
    000014BB DAr6Br0B         [16] 4327 	jp	C, 00216$
    000014BE                       4328 00217$:
                                   4329 ;src/gameplay.c:559: }
    000014BE E8 49            [16] 4330 	add	sp, #73
    000014C0 E1               [12] 4331 	pop	hl
    000014C1 E8 05            [16] 4332 	add	sp, #5
    000014C3 E9               [ 4] 4333 	jp	(hl)
                                   4334 ;src/gameplay.c:561: static uint8_t draw_sprites(
                                   4335 ;	---------------------------------
                                   4336 ; Function draw_sprites
                                   4337 ; ---------------------------------
    000014C4                       4338 _draw_sprites:
    000014C4 E8 ED            [16] 4339 	add	sp, #-19
    000014C6 F8 10            [12] 4340 	ldhl	sp,	#16
    000014C8 7B               [ 4] 4341 	ld	a, e
    000014C9 22               [ 8] 4342 	ld	(hl+), a
    000014CA 72               [ 8] 4343 	ld	(hl), d
    000014CB F8 0E            [12] 4344 	ldhl	sp,	#14
    000014CD 79               [ 4] 4345 	ld	a, c
    000014CE 22               [ 8] 4346 	ld	(hl+), a
                                   4347 ;src/gameplay.c:568: for (i = 0; i < MAX_ACTIVE_SP_OBJECTS && oam_start < MAX_HARDWARE_SPRITES - 2; i++) {
    000014CF 78               [ 4] 4348 	ld	a, b
    000014D0 22               [ 8] 4349 	ld	(hl+), a
    000014D1 2A               [ 8] 4350 	ld	a, (hl+)
    000014D2 5F               [ 4] 4351 	ld	e, a
    000014D3 56               [ 8] 4352 	ld	d, (hl)
    000014D4 21 50 00         [12] 4353 	ld	hl, #0x0050
    000014D7 19               [ 8] 4354 	add	hl, de
    000014D8 33               [ 8] 4355 	inc	sp
    000014D9 33               [ 8] 4356 	inc	sp
    000014DA E5               [16] 4357 	push	hl
    000014DB F8 10            [12] 4358 	ldhl	sp,#16
    000014DD 2A               [ 8] 4359 	ld	a, (hl+)
    000014DE 5F               [ 4] 4360 	ld	e, a
    000014DF 56               [ 8] 4361 	ld	d, (hl)
    000014E0 21 10 00         [12] 4362 	ld	hl, #0x0010
    000014E3 19               [ 8] 4363 	add	hl, de
    000014E4 E5               [16] 4364 	push	hl
    000014E5 7D               [ 4] 4365 	ld	a, l
    000014E6 F8 04            [12] 4366 	ldhl	sp,	#4
    000014E8 77               [ 8] 4367 	ld	(hl), a
    000014E9 E1               [12] 4368 	pop	hl
    000014EA 7C               [ 4] 4369 	ld	a, h
    000014EB F8 03            [12] 4370 	ldhl	sp,	#3
    000014ED 77               [ 8] 4371 	ld	(hl), a
    000014EE F8 10            [12] 4372 	ldhl	sp,#16
    000014F0 2A               [ 8] 4373 	ld	a, (hl+)
    000014F1 5F               [ 4] 4374 	ld	e, a
    000014F2 56               [ 8] 4375 	ld	d, (hl)
    000014F3 21 30 00         [12] 4376 	ld	hl, #0x0030
    000014F6 19               [ 8] 4377 	add	hl, de
    000014F7 E5               [16] 4378 	push	hl
    000014F8 7D               [ 4] 4379 	ld	a, l
    000014F9 F8 06            [12] 4380 	ldhl	sp,	#6
    000014FB 77               [ 8] 4381 	ld	(hl), a
    000014FC E1               [12] 4382 	pop	hl
    000014FD 7C               [ 4] 4383 	ld	a, h
    000014FE F8 05            [12] 4384 	ldhl	sp,	#5
    00001500 77               [ 8] 4385 	ld	(hl), a
    00001501 F8 12            [12] 4386 	ldhl	sp,	#18
    00001503 36 00            [12] 4387 	ld	(hl), #0x00
    00001505                       4388 00160$:
    00001505 F8 12            [12] 4389 	ldhl	sp,	#18
    00001507 7E               [ 8] 4390 	ld	a, (hl)
    00001508 D6 10            [ 8] 4391 	sub	a, #0x10
    0000150A D2rC3r17         [16] 4392 	jp	NC, 00155$
    0000150D F8 18            [12] 4393 	ldhl	sp,	#24
    0000150F 7E               [ 8] 4394 	ld	a, (hl)
    00001510 D6 26            [ 8] 4395 	sub	a, #0x26
    00001512 D2rC3r17         [16] 4396 	jp	NC, 00155$
                                   4397 ;src/gameplay.c:569: if (!cache->active[i]) break;
    00001515 D1               [12] 4398 	pop	de
    00001516 D5               [16] 4399 	push	de
    00001517 F8 12            [12] 4400 	ldhl	sp,	#18
    00001519 6E               [ 8] 4401 	ld	l, (hl)
    0000151A 26 00            [ 8] 4402 	ld	h, #0x00
    0000151C 19               [ 8] 4403 	add	hl, de
    0000151D 4D               [ 4] 4404 	ld	c, l
    0000151E 44               [ 4] 4405 	ld	b, h
    0000151F 0A               [ 8] 4406 	ld	a, (bc)
    00001520 B7               [ 4] 4407 	or	a, a
    00001521 CArC3r17         [16] 4408 	jp	Z, 00155$
                                   4409 ;src/gameplay.c:571: uint16_t obj_x = cache->px[i];
    00001524 F8 12            [12] 4410 	ldhl	sp,	#18
    00001526 7E               [ 8] 4411 	ld	a, (hl)
    00001527 87               [ 4] 4412 	add	a, a
    00001528 F8 0A            [12] 4413 	ldhl	sp,	#10
    0000152A 77               [ 8] 4414 	ld	(hl), a
    0000152B F8 02            [12] 4415 	ldhl	sp,#2
    0000152D 2A               [ 8] 4416 	ld	a, (hl+)
    0000152E 5F               [ 4] 4417 	ld	e, a
    0000152F 56               [ 8] 4418 	ld	d, (hl)
    00001530 F8 0A            [12] 4419 	ldhl	sp,	#10
    00001532 6E               [ 8] 4420 	ld	l, (hl)
    00001533 26 00            [ 8] 4421 	ld	h, #0x00
    00001535 19               [ 8] 4422 	add	hl, de
    00001536 2A               [ 8] 4423 	ld	a, (hl+)
    00001537 4F               [ 4] 4424 	ld	c, a
    00001538 46               [ 8] 4425 	ld	b, (hl)
                                   4426 ;src/gameplay.c:572: if (obj_x > cam_px + 176u) break;
    00001539 F8 0E            [12] 4427 	ldhl	sp,	#14
    0000153B 2A               [ 8] 4428 	ld	a, (hl+)
    0000153C 5F               [ 4] 4429 	ld	e, a
    0000153D 56               [ 8] 4430 	ld	d, (hl)
    0000153E 21 B0 00         [12] 4431 	ld	hl, #0x00b0
    00001541 19               [ 8] 4432 	add	hl, de
    00001542 59               [ 4] 4433 	ld	e, c
    00001543 50               [ 4] 4434 	ld	d, b
    00001544 7D               [ 4] 4435 	ld	a, l
    00001545 93               [ 4] 4436 	sub	a, e
    00001546 7C               [ 4] 4437 	ld	a, h
    00001547 9A               [ 4] 4438 	sbc	a, d
    00001548 DArC3r17         [16] 4439 	jp	C, 00155$
                                   4440 ;src/gameplay.c:574: uint8_t obj = cache->obj[i];
    0000154B F8 10            [12] 4441 	ldhl	sp,#16
    0000154D 2A               [ 8] 4442 	ld	a, (hl+)
    0000154E 5F               [ 4] 4443 	ld	e, a
    0000154F 2A               [ 8] 4444 	ld	a, (hl+)
    00001550 57               [ 4] 4445 	ld	d, a
    00001551 6E               [ 8] 4446 	ld	l, (hl)
    00001552 26 00            [ 8] 4447 	ld	h, #0x00
    00001554 19               [ 8] 4448 	add	hl, de
    00001555 5D               [ 4] 4449 	ld	e, l
    00001556 54               [ 4] 4450 	ld	d, h
    00001557 1A               [ 8] 4451 	ld	a, (de)
    00001558 F8 0D            [12] 4452 	ldhl	sp,	#13
    0000155A 77               [ 8] 4453 	ld	(hl), a
                                   4454 ;src/gameplay.c:575: if (obj == OBJ_LEVEL_END || obj >= 100) continue;
    0000155B 7E               [ 8] 4455 	ld	a, (hl)
    0000155C D6 0F            [ 8] 4456 	sub	a, #0x0f
    0000155E CArBDr17         [16] 4457 	jp	Z, 00154$
    00001561 F8 0D            [12] 4458 	ldhl	sp,	#13
    00001563 7E               [ 8] 4459 	ld	a, (hl)
    00001564 D6 64            [ 8] 4460 	sub	a, #0x64
    00001566 D2rBDr17         [16] 4461 	jp	NC, 00154$
                                   4462 ;src/gameplay.c:580: dist_x = (uint8_t)obj_x - (uint8_t)cam_px;
    00001569 23               [ 8] 4463 	inc	hl
    0000156A 79               [ 4] 4464 	ld	a, c
    0000156B 4E               [ 8] 4465 	ld	c, (hl)
    0000156C 91               [ 4] 4466 	sub	a, c
                                   4467 ;src/gameplay.c:583: if (dist_x > 176 && dist_x < 224) continue;
    0000156D FE B1            [ 8] 4468 	cp	a, #0xb1
    0000156F 38 05            [12] 4469 	jr	C, 00109$
    00001571 FE E0            [ 8] 4470 	cp	a, #0xe0
    00001573 DArBDr17         [16] 4471 	jp	C, 00154$
    00001576                       4472 00109$:
                                   4473 ;src/gameplay.c:586: screen_x = 128 - dist_x + 8;
    00001576 F8 0C            [12] 4474 	ldhl	sp,	#12
    00001578 77               [ 8] 4475 	ld	(hl), a
                                   4476 ;src/gameplay.c:585: if (reversed) {
    00001579 F8 17            [12] 4477 	ldhl	sp,	#23
    0000157B 7E               [ 8] 4478 	ld	a, (hl)
    0000157C B7               [ 4] 4479 	or	a, a
    0000157D 28 09            [12] 4480 	jr	Z, 00112$
                                   4481 ;src/gameplay.c:586: screen_x = 128 - dist_x + 8;
    0000157F 3E 88            [ 8] 4482 	ld	a, #0x88
    00001581 F8 0C            [12] 4483 	ldhl	sp,	#12
    00001583 96               [ 8] 4484 	sub	a, (hl)
    00001584 2B               [ 8] 4485 	dec	hl
    00001585 77               [ 8] 4486 	ld	(hl), a
    00001586 18 06            [12] 4487 	jr	00113$
    00001588                       4488 00112$:
                                   4489 ;src/gameplay.c:588: screen_x = dist_x + PLAYER_SCREEN_X + 8;
    00001588 F8 0C            [12] 4490 	ldhl	sp,	#12
    0000158A 3A               [ 8] 4491 	ld	a, (hl-)
    0000158B C6 28            [ 8] 4492 	add	a, #0x28
    0000158D 77               [ 8] 4493 	ld	(hl), a
    0000158E                       4494 00113$:
                                   4495 ;src/gameplay.c:591: screen_y = ((uint8_t)cache->py[i] - (uint8_t)cam_py) + 16;
    0000158E F8 04            [12] 4496 	ldhl	sp,#4
    00001590 2A               [ 8] 4497 	ld	a, (hl+)
    00001591 5F               [ 4] 4498 	ld	e, a
    00001592 56               [ 8] 4499 	ld	d, (hl)
    00001593 F8 0A            [12] 4500 	ldhl	sp,	#10
    00001595 6E               [ 8] 4501 	ld	l, (hl)
    00001596 26 00            [ 8] 4502 	ld	h, #0x00
    00001598 19               [ 8] 4503 	add	hl, de
    00001599 4D               [ 4] 4504 	ld	c, l
    0000159A 44               [ 4] 4505 	ld	b, h
    0000159B 0A               [ 8] 4506 	ld	a, (bc)
    0000159C F8 15            [12] 4507 	ldhl	sp,	#21
    0000159E 4E               [ 8] 4508 	ld	c, (hl)
    0000159F 91               [ 4] 4509 	sub	a, c
    000015A0 C6 10            [ 8] 4510 	add	a, #0x10
    000015A2 F8 0C            [12] 4511 	ldhl	sp,	#12
                                   4512 ;src/gameplay.c:593: if (screen_x > 160 && screen_x < 232) continue;
    000015A4 32               [ 8] 4513 	ld	(hl-), a
    000015A5 3E A0            [ 8] 4514 	ld	a, #0xa0
    000015A7 96               [ 8] 4515 	sub	a, (hl)
    000015A8 30 06            [12] 4516 	jr	NC, 00115$
    000015AA 7E               [ 8] 4517 	ld	a, (hl)
    000015AB D6 E8            [ 8] 4518 	sub	a, #0xe8
    000015AD DArBDr17         [16] 4519 	jp	C, 00154$
    000015B0                       4520 00115$:
                                   4521 ;src/gameplay.c:594: if (screen_y > 160 && screen_y < 208) continue;
    000015B0 3E A0            [ 8] 4522 	ld	a, #0xa0
    000015B2 F8 0C            [12] 4523 	ldhl	sp,	#12
    000015B4 96               [ 8] 4524 	sub	a, (hl)
    000015B5 30 06            [12] 4525 	jr	NC, 00118$
    000015B7 7E               [ 8] 4526 	ld	a, (hl)
    000015B8 D6 D0            [ 8] 4527 	sub	a, #0xd0
    000015BA DArBDr17         [16] 4528 	jp	C, 00154$
    000015BD                       4529 00118$:
                                   4530 ;src/gameplay.c:596: if (oam_start > MAX_HARDWARE_SPRITES - 9) break;
    000015BD 3E 1F            [ 8] 4531 	ld	a, #0x1f
    000015BF F8 18            [12] 4532 	ldhl	sp,	#24
    000015C1 96               [ 8] 4533 	sub	a, (hl)
    000015C2 DArC3r17         [16] 4534 	jp	C, 00155$
                                   4535 ;src/gameplay.c:597: if (obj >= 46) continue;
    000015C5 F8 0D            [12] 4536 	ldhl	sp,	#13
    000015C7 7E               [ 8] 4537 	ld	a, (hl)
    000015C8 D6 2E            [ 8] 4538 	sub	a, #0x2e
    000015CA D2rBDr17         [16] 4539 	jp	NC, 00154$
                                   4540 ;src/gameplay.c:598: const metasprite_t *sprite = (obj == 45)
    000015CD 7E               [ 8] 4541 	ld	a, (hl)
    000015CE D6 2D            [ 8] 4542 	sub	a, #0x2d
    000015D0 3E 01            [ 8] 4543 	ld	a, #0x01
    000015D2 28 01            [12] 4544 	jr	Z, 00396$
    000015D4 AF               [ 4] 4545 	xor	a, a
    000015D5                       4546 00396$:
    000015D5 4F               [ 4] 4547 	ld	c, a
    000015D6 B7               [ 4] 4548 	or	a, a
    000015D7 28 05            [12] 4549 	jr	Z, 00163$
    000015D9 11r00r00         [12] 4550 	ld	de, #_famidash_deco_45
    000015DC 18 18            [12] 4551 	jr	00164$
    000015DE                       4552 00163$:
    000015DE F8 0D            [12] 4553 	ldhl	sp,	#13
    000015E0 7E               [ 8] 4554 	ld	a, (hl)
    000015E1 D6 26            [ 8] 4555 	sub	a, #0x26
    000015E3 30 0D            [12] 4556 	jr	NC, 00165$
    000015E5 46               [ 8] 4557 	ld	b, (hl)
    000015E6 AF               [ 4] 4558 	xor	a, a
    000015E7 68               [ 4] 4559 	ld	l, b
    000015E8 67               [ 4] 4560 	ld	h, a
    000015E9 29               [ 8] 4561 	add	hl, hl
    000015EA 11r00r00         [12] 4562 	ld	de, #_famidash_sprite_table
    000015ED 19               [ 8] 4563 	add	hl, de
    000015EE 2A               [ 8] 4564 	ld	a, (hl+)
    000015EF 46               [ 8] 4565 	ld	b, (hl)
    000015F0 18 02            [12] 4566 	jr	00166$
    000015F2                       4567 00165$:
    000015F2 AF               [ 4] 4568 	xor	a, a
    000015F3 47               [ 4] 4569 	ld	b, a
    000015F4                       4570 00166$:
    000015F4 5F               [ 4] 4571 	ld	e, a
    000015F5 50               [ 4] 4572 	ld	d, b
    000015F6                       4573 00164$:
    000015F6 F8 09            [12] 4574 	ldhl	sp,	#9
    000015F8 7B               [ 4] 4575 	ld	a, e
                                   4576 ;src/gameplay.c:601: if (sprite == 0) continue;
    000015F9 22               [ 8] 4577 	ld	(hl+), a
    000015FA 72               [ 8] 4578 	ld	(hl), d
    000015FB B2               [ 4] 4579 	or	a, d
    000015FC CArBDr17         [16] 4580 	jp	Z, 00154$
                                   4581 ;src/gameplay.c:604: if (obj == OBJ_ORB_BLUE || obj == OBJ_ORB_PINK || obj == OBJ_ORB_YELLOW ||
    000015FF F8 0D            [12] 4582 	ldhl	sp,	#13
    00001601 7E               [ 8] 4583 	ld	a, (hl)
    00001602 D6 05            [ 8] 4584 	sub	a, #0x05
    00001604 CArBDr17         [16] 4585 	jp	Z, 00154$
    00001607 F8 0D            [12] 4586 	ldhl	sp,	#13
    00001609 7E               [ 8] 4587 	ld	a, (hl)
    0000160A D6 06            [ 8] 4588 	sub	a, #0x06
    0000160C CArBDr17         [16] 4589 	jp	Z, 00154$
    0000160F F8 0D            [12] 4590 	ldhl	sp,	#13
    00001611 7E               [ 8] 4591 	ld	a, (hl)
    00001612 D6 0B            [ 8] 4592 	sub	a, #0x0b
    00001614 CArBDr17         [16] 4593 	jp	Z, 00154$
                                   4594 ;src/gameplay.c:605: obj == OBJ_PAD_YELLOW || obj == OBJ_PAD_YELLOW_UP || obj == OBJ_PAD_BLUE ||
    00001617 F8 0D            [12] 4595 	ldhl	sp,	#13
    00001619 7E               [ 8] 4596 	ld	a, (hl)
    0000161A D6 0A            [ 8] 4597 	sub	a, #0x0a
    0000161C CArBDr17         [16] 4598 	jp	Z, 00154$
    0000161F F8 0D            [12] 4599 	ldhl	sp,	#13
    00001621 7E               [ 8] 4600 	ld	a, (hl)
    00001622 D6 0C            [ 8] 4601 	sub	a, #0x0c
    00001624 CArBDr17         [16] 4602 	jp	Z, 00154$
    00001627 F8 0D            [12] 4603 	ldhl	sp,	#13
    00001629 7E               [ 8] 4604 	ld	a, (hl)
    0000162A D6 0D            [ 8] 4605 	sub	a, #0x0d
    0000162C CArBDr17         [16] 4606 	jp	Z, 00154$
                                   4607 ;src/gameplay.c:606: obj == OBJ_PAD_BLUE_UP || obj == OBJ_PAD_PINK) {
    0000162F F8 0D            [12] 4608 	ldhl	sp,	#13
    00001631 7E               [ 8] 4609 	ld	a, (hl)
    00001632 D6 0E            [ 8] 4610 	sub	a, #0x0e
    00001634 CArBDr17         [16] 4611 	jp	Z, 00154$
    00001637 F8 0D            [12] 4612 	ldhl	sp,	#13
    00001639 7E               [ 8] 4613 	ld	a, (hl)
    0000163A D6 25            [ 8] 4614 	sub	a, #0x25
    0000163C CArBDr17         [16] 4615 	jp	Z, 00154$
                                   4616 ;src/gameplay.c:610: if (obj == 45) {
    0000163F 79               [ 4] 4617 	ld	a, c
    00001640 B7               [ 4] 4618 	or	a, a
    00001641 28 20            [12] 4619 	jr	Z, 00152$
                                   4620 ;src/gameplay.c:612: oam_start, screen_x, screen_y - 8, reversed);
    00001643 F8 0C            [12] 4621 	ldhl	sp,	#12
    00001645 7E               [ 8] 4622 	ld	a, (hl)
    00001646 C6 F8            [ 8] 4623 	add	a, #0xf8
                                   4624 ;src/gameplay.c:611: oam_start += draw_oam_2x2(FAMIDASH_SPRITE_TILE_BASE + CHAIN_BLOCK_TILE,
    00001648 F8 17            [12] 4625 	ldhl	sp,	#23
    0000164A 66               [ 8] 4626 	ld	h, (hl)
    0000164B E5               [16] 4627 	push	hl
    0000164C 33               [ 8] 4628 	inc	sp
    0000164D F5               [16] 4629 	push	af
    0000164E 33               [ 8] 4630 	inc	sp
    0000164F F8 0D            [12] 4631 	ldhl	sp,	#13
    00001651 7E               [ 8] 4632 	ld	a, (hl)
    00001652 F5               [16] 4633 	push	af
    00001653 33               [ 8] 4634 	inc	sp
    00001654 F8 1B            [12] 4635 	ldhl	sp,	#27
    00001656 5E               [ 8] 4636 	ld	e, (hl)
    00001657 3E C4            [ 8] 4637 	ld	a, #0xc4
    00001659 CDrABr04         [24] 4638 	call	_draw_oam_2x2
    0000165C F8 18            [12] 4639 	ldhl	sp,	#24
    0000165E 86               [ 8] 4640 	add	a, (hl)
    0000165F 77               [ 8] 4641 	ld	(hl), a
    00001660 C3rBDr17         [16] 4642 	jp	00154$
    00001663                       4643 00152$:
                                   4644 ;src/gameplay.c:613: } else if (obj >= 16 && obj <= 19) {
    00001663 F8 0D            [12] 4645 	ldhl	sp,	#13
    00001665 7E               [ 8] 4646 	ld	a, (hl)
    00001666 D6 10            [ 8] 4647 	sub	a, #0x10
    00001668 DAr3Cr17         [16] 4648 	jp	C, 00148$
    0000166B 3E 13            [ 8] 4649 	ld	a, #0x13
    0000166D 96               [ 8] 4650 	sub	a, (hl)
    0000166E DAr3Cr17         [16] 4651 	jp	C, 00148$
                                   4652 ;src/gameplay.c:614: if (reversed) oam_start += move_metasprite_hflip(sprite, FAMIDASH_SPRITE_TILE_BASE, oam_start, screen_x, screen_y);
    00001671 F8 18            [12] 4653 	ldhl	sp,	#24
    00001673 7E               [ 8] 4654 	ld	a, (hl)
    00001674 F8 0D            [12] 4655 	ldhl	sp,	#13
    00001676 77               [ 8] 4656 	ld	(hl), a
    00001677 F8 17            [12] 4657 	ldhl	sp,	#23
    00001679 7E               [ 8] 4658 	ld	a, (hl)
    0000167A B7               [ 4] 4659 	or	a, a
    0000167B CArFCr16         [16] 4660 	jp	Z, 00136$
    0000167E F8 09            [12] 4661 	ldhl	sp,	#9
    00001680 2A               [ 8] 4662 	ld	a, (hl+)
    00001681 4F               [ 4] 4663 	ld	c, a
    00001682 2A               [ 8] 4664 	ld	a, (hl+)
    00001683 47               [ 4] 4665 	ld	b, a
    00001684 7E               [ 8] 4666 	ld	a, (hl)
    00001685 F8 06            [12] 4667 	ldhl	sp,	#6
    00001687 77               [ 8] 4668 	ld	(hl), a
    00001688 F8 0D            [12] 4669 	ldhl	sp,	#13
    0000168A 7E               [ 8] 4670 	ld	a, (hl)
    0000168B F8 07            [12] 4671 	ldhl	sp,	#7
    0000168D 77               [ 8] 4672 	ld	(hl), a
                                   4673 ;c:\gbdk\include\gb\metasprites.h:250: __current_metasprite = metasprite;
    0000168E 21r00r00         [12] 4674 	ld	hl, #___current_metasprite
    00001691 79               [ 4] 4675 	ld	a, c
    00001692 22               [ 8] 4676 	ld	(hl+), a
    00001693 70               [ 8] 4677 	ld	(hl), b
                                   4678 ;c:\gbdk\include\gb\metasprites.h:251: __current_base_tile = base_tile;
    00001694 21r00r00         [12] 4679 	ld	hl, #___current_base_tile
    00001697 36 70            [12] 4680 	ld	(hl), #0x70
                                   4681 ;c:\gbdk\include\gb\metasprites.h:252: __current_base_prop = 0;
    00001699 AF               [ 4] 4682 	xor	a, a
    0000169A EAr00r00         [16] 4683 	ld	(#___current_base_prop),a
                                   4684 ;c:\gbdk\include\gb\metasprites.h:253: return __move_metasprite_hflip(base_sprite, ((y - ((LCDC_REG & LCDCF_OBJ16) ? 16u : 8u)) << 8) | x);
    0000169D F8 0C            [12] 4685 	ldhl	sp,	#12
    0000169F 4E               [ 8] 4686 	ld	c, (hl)
    000016A0 F0r00            [12] 4687 	ldh	a, (_LCDC_REG + 0)
    000016A2 CB 57            [ 8] 4688 	bit	2, a
    000016A4 28 09            [12] 4689 	jr	Z, 00167$
    000016A6 F8 08            [12] 4690 	ldhl	sp,	#8
    000016A8 3E 10            [ 8] 4691 	ld	a, #0x10
    000016AA 22               [ 8] 4692 	ld	(hl+), a
    000016AB AF               [ 4] 4693 	xor	a, a
    000016AC 77               [ 8] 4694 	ld	(hl), a
    000016AD 18 07            [12] 4695 	jr	00168$
    000016AF                       4696 00167$:
    000016AF F8 08            [12] 4697 	ldhl	sp,	#8
    000016B1 3E 08            [ 8] 4698 	ld	a, #0x08
    000016B3 22               [ 8] 4699 	ld	(hl+), a
    000016B4 AF               [ 4] 4700 	xor	a, a
    000016B5 77               [ 8] 4701 	ld	(hl), a
    000016B6                       4702 00168$:
    000016B6 F8 0A            [12] 4703 	ldhl	sp,	#10
    000016B8 79               [ 4] 4704 	ld	a, c
    000016B9 22               [ 8] 4705 	ld	(hl+), a
    000016BA AF               [ 4] 4706 	xor	a, a
    000016BB 32               [ 8] 4707 	ld	(hl-), a
    000016BC 2A               [ 8] 4708 	ld	a, (hl+)
    000016BD 5F               [ 4] 4709 	ld	e, a
    000016BE 56               [ 8] 4710 	ld	d, (hl)
    000016BF F8 08            [12] 4711 	ldhl	sp,	#8
    000016C1 2A               [ 8] 4712 	ld	a,	(hl+)
    000016C2 66               [ 8] 4713 	ld	h, (hl)
    000016C3 6F               [ 4] 4714 	ld	l, a
    000016C4 7B               [ 4] 4715 	ld	a, e
    000016C5 95               [ 4] 4716 	sub	a, l
    000016C6 5F               [ 4] 4717 	ld	e, a
    000016C7 7A               [ 4] 4718 	ld	a, d
    000016C8 9C               [ 4] 4719 	sbc	a, h
    000016C9 F8 0D            [12] 4720 	ldhl	sp,	#13
    000016CB 32               [ 8] 4721 	ld	(hl-), a
    000016CC 73               [ 8] 4722 	ld	(hl), e
    000016CD 2A               [ 8] 4723 	ld	a, (hl+)
    000016CE 32               [ 8] 4724 	ld	(hl-), a
    000016CF 36 00            [12] 4725 	ld	(hl), #0x00
    000016D1 F8 06            [12] 4726 	ldhl	sp,	#6
    000016D3 7E               [ 8] 4727 	ld	a, (hl)
    000016D4 F8 0A            [12] 4728 	ldhl	sp,	#10
    000016D6 22               [ 8] 4729 	ld	(hl+), a
    000016D7 AF               [ 4] 4730 	xor	a, a
    000016D8 32               [ 8] 4731 	ld	(hl-), a
    000016D9 3A               [ 8] 4732 	ld	a, (hl-)
    000016DA 2B               [ 8] 4733 	dec	hl
    000016DB 77               [ 8] 4734 	ld	(hl), a
    000016DC F8 0D            [12] 4735 	ldhl	sp,	#13
    000016DE 7E               [ 8] 4736 	ld	a, (hl)
    000016DF F8 09            [12] 4737 	ldhl	sp,	#9
    000016E1 32               [ 8] 4738 	ld	(hl-), a
    000016E2 7E               [ 8] 4739 	ld	a, (hl)
    000016E3 F8 0C            [12] 4740 	ldhl	sp,	#12
    000016E5 77               [ 8] 4741 	ld	(hl), a
    000016E6 F8 09            [12] 4742 	ldhl	sp,	#9
    000016E8 7E               [ 8] 4743 	ld	a, (hl)
    000016E9 F8 0D            [12] 4744 	ldhl	sp,	#13
    000016EB 32               [ 8] 4745 	ld	(hl-), a
    000016EC 2A               [ 8] 4746 	ld	a, (hl+)
    000016ED 5F               [ 4] 4747 	ld	e, a
    000016EE 56               [ 8] 4748 	ld	d, (hl)
    000016EF F8 07            [12] 4749 	ldhl	sp,	#7
    000016F1 7E               [ 8] 4750 	ld	a, (hl)
    000016F2 CDr00r00         [24] 4751 	call	___move_metasprite_hflip
                                   4752 ;src/gameplay.c:614: if (reversed) oam_start += move_metasprite_hflip(sprite, FAMIDASH_SPRITE_TILE_BASE, oam_start, screen_x, screen_y);
    000016F5 F8 18            [12] 4753 	ldhl	sp,	#24
    000016F7 86               [ 8] 4754 	add	a, (hl)
    000016F8 77               [ 8] 4755 	ld	(hl), a
    000016F9 C3rBDr17         [16] 4756 	jp	00154$
    000016FC                       4757 00136$:
                                   4758 ;c:\gbdk\include\gb\metasprites.h:169: __current_metasprite = metasprite;
    000016FC F8 09            [12] 4759 	ldhl	sp,	#9
    000016FE 7E               [ 8] 4760 	ld	a, (hl)
    000016FF EAr00r00         [16] 4761 	ld	(#___current_metasprite),a
    00001702 F8 0A            [12] 4762 	ldhl	sp,	#10
    00001704 7E               [ 8] 4763 	ld	a, (hl)
    00001705 EAr01r00         [16] 4764 	ld	(#___current_metasprite + 1),a
                                   4765 ;c:\gbdk\include\gb\metasprites.h:170: __current_base_tile = base_tile;
    00001708 21r00r00         [12] 4766 	ld	hl, #___current_base_tile
    0000170B 36 70            [12] 4767 	ld	(hl), #0x70
                                   4768 ;c:\gbdk\include\gb\metasprites.h:171: __current_base_prop = 0;
    0000170D AF               [ 4] 4769 	xor	a, a
    0000170E EAr00r00         [16] 4770 	ld	(#___current_base_prop),a
                                   4771 ;c:\gbdk\include\gb\metasprites.h:172: return __move_metasprite(base_sprite, (y << 8) | (uint8_t)x);
    00001711 F8 0C            [12] 4772 	ldhl	sp,	#12
    00001713 7E               [ 8] 4773 	ld	a, (hl)
    00001714 F8 09            [12] 4774 	ldhl	sp,	#9
    00001716 22               [ 8] 4775 	ld	(hl+), a
    00001717 AF               [ 4] 4776 	xor	a, a
    00001718 32               [ 8] 4777 	ld	(hl-), a
    00001719 2A               [ 8] 4778 	ld	a, (hl+)
    0000171A 32               [ 8] 4779 	ld	(hl-), a
    0000171B AF               [ 4] 4780 	xor	a, a
    0000171C 22               [ 8] 4781 	ld	(hl+), a
    0000171D 23               [ 8] 4782 	inc	hl
    0000171E 7E               [ 8] 4783 	ld	a, (hl)
    0000171F F8 07            [12] 4784 	ldhl	sp,	#7
    00001721 22               [ 8] 4785 	ld	(hl+), a
    00001722 AF               [ 4] 4786 	xor	a, a
    00001723 32               [ 8] 4787 	ld	(hl-), a
    00001724 7E               [ 8] 4788 	ld	a, (hl)
    00001725 F8 0B            [12] 4789 	ldhl	sp,	#11
    00001727 32               [ 8] 4790 	ld	(hl-), a
    00001728 2A               [ 8] 4791 	ld	a, (hl+)
    00001729 23               [ 8] 4792 	inc	hl
    0000172A 32               [ 8] 4793 	ld	(hl-), a
    0000172B 2A               [ 8] 4794 	ld	a, (hl+)
    0000172C 5F               [ 4] 4795 	ld	e, a
    0000172D 2A               [ 8] 4796 	ld	a, (hl+)
    0000172E 57               [ 4] 4797 	ld	d, a
    0000172F 7E               [ 8] 4798 	ld	a, (hl)
    00001730 CDr00r00         [24] 4799 	call	___move_metasprite
                                   4800 ;src/gameplay.c:615: else oam_start += move_metasprite(sprite, FAMIDASH_SPRITE_TILE_BASE, oam_start, screen_x, screen_y);
    00001733 F8 0D            [12] 4801 	ldhl	sp,	#13
    00001735 86               [ 8] 4802 	add	a, (hl)
    00001736 F8 18            [12] 4803 	ldhl	sp,	#24
    00001738 77               [ 8] 4804 	ld	(hl), a
    00001739 C3rBDr17         [16] 4805 	jp	00154$
    0000173C                       4806 00148$:
                                   4807 ;src/gameplay.c:616: } else if (obj == OBJ_CUBE_PORTAL || obj == OBJ_SHIP_PORTAL || obj == OBJ_BALL_PORTAL) {
    0000173C F8 0D            [12] 4808 	ldhl	sp,	#13
    0000173E 7E               [ 8] 4809 	ld	a, (hl)
    0000173F B7               [ 4] 4810 	or	a, a
    00001740 28 0B            [12] 4811 	jr	Z, 00142$
    00001742 7E               [ 8] 4812 	ld	a, (hl)
    00001743 3D               [ 4] 4813 	dec	a
    00001744 28 07            [12] 4814 	jr	Z, 00142$
    00001746 F8 0D            [12] 4815 	ldhl	sp,	#13
    00001748 7E               [ 8] 4816 	ld	a, (hl)
    00001749 D6 02            [ 8] 4817 	sub	a, #0x02
    0000174B 20 20            [12] 4818 	jr	NZ, 00143$
    0000174D                       4819 00142$:
                                   4820 ;src/gameplay.c:617: oam_start += draw_oam_3x3(sprite, FAMIDASH_SPRITE_TILE_BASE, oam_start, screen_x, screen_y, reversed);
    0000174D F8 17            [12] 4821 	ldhl	sp,	#23
    0000174F 7E               [ 8] 4822 	ld	a, (hl)
    00001750 F5               [16] 4823 	push	af
    00001751 33               [ 8] 4824 	inc	sp
    00001752 F8 0D            [12] 4825 	ldhl	sp,	#13
    00001754 3A               [ 8] 4826 	ld	a, (hl-)
    00001755 57               [ 4] 4827 	ld	d, a
    00001756 5E               [ 8] 4828 	ld	e, (hl)
    00001757 D5               [16] 4829 	push	de
    00001758 F8 1B            [12] 4830 	ldhl	sp,	#27
    0000175A 7E               [ 8] 4831 	ld	a, (hl)
    0000175B F5               [16] 4832 	push	af
    0000175C 33               [ 8] 4833 	inc	sp
    0000175D 3E 70            [ 8] 4834 	ld	a, #0x70
    0000175F F8 0D            [12] 4835 	ldhl	sp,	#13
    00001761 5E               [ 8] 4836 	ld	e, (hl)
    00001762 23               [ 8] 4837 	inc	hl
    00001763 56               [ 8] 4838 	ld	d, (hl)
    00001764 CDr1Er07         [24] 4839 	call	_draw_oam_3x3
    00001767 F8 18            [12] 4840 	ldhl	sp,	#24
    00001769 86               [ 8] 4841 	add	a, (hl)
    0000176A 77               [ 8] 4842 	ld	(hl), a
    0000176B 18 50            [12] 4843 	jr	00154$
    0000176D                       4844 00143$:
                                   4845 ;src/gameplay.c:618: } else if (obj == OBJ_GRAVITY_DOWN || obj == OBJ_GRAVITY_UP) {
    0000176D F8 0D            [12] 4846 	ldhl	sp,	#13
    0000176F 7E               [ 8] 4847 	ld	a, (hl)
    00001770 D6 08            [ 8] 4848 	sub	a, #0x08
    00001772 28 07            [12] 4849 	jr	Z, 00138$
    00001774 F8 0D            [12] 4850 	ldhl	sp,	#13
    00001776 7E               [ 8] 4851 	ld	a, (hl)
    00001777 D6 09            [ 8] 4852 	sub	a, #0x09
    00001779 20 20            [12] 4853 	jr	NZ, 00139$
    0000177B                       4854 00138$:
                                   4855 ;src/gameplay.c:619: oam_start += draw_oam_2x3(sprite, FAMIDASH_SPRITE_TILE_BASE, oam_start, screen_x, screen_y, reversed);
    0000177B F8 17            [12] 4856 	ldhl	sp,	#23
    0000177D 7E               [ 8] 4857 	ld	a, (hl)
    0000177E F5               [16] 4858 	push	af
    0000177F 33               [ 8] 4859 	inc	sp
    00001780 F8 0D            [12] 4860 	ldhl	sp,	#13
    00001782 3A               [ 8] 4861 	ld	a, (hl-)
    00001783 57               [ 4] 4862 	ld	d, a
    00001784 5E               [ 8] 4863 	ld	e, (hl)
    00001785 D5               [16] 4864 	push	de
    00001786 F8 1B            [12] 4865 	ldhl	sp,	#27
    00001788 7E               [ 8] 4866 	ld	a, (hl)
    00001789 F5               [16] 4867 	push	af
    0000178A 33               [ 8] 4868 	inc	sp
    0000178B 3E 70            [ 8] 4869 	ld	a, #0x70
    0000178D F8 0D            [12] 4870 	ldhl	sp,	#13
    0000178F 5E               [ 8] 4871 	ld	e, (hl)
    00001790 23               [ 8] 4872 	inc	hl
    00001791 56               [ 8] 4873 	ld	d, (hl)
    00001792 CDr37r05         [24] 4874 	call	_draw_oam_2x3
    00001795 F8 18            [12] 4875 	ldhl	sp,	#24
    00001797 86               [ 8] 4876 	add	a, (hl)
    00001798 77               [ 8] 4877 	ld	(hl), a
    00001799 18 22            [12] 4878 	jr	00154$
    0000179B                       4879 00139$:
                                   4880 ;src/gameplay.c:621: oam_start += draw_oam_2x1(sprite, FAMIDASH_SPRITE_TILE_BASE, oam_start, screen_x, screen_y, reversed);
    0000179B F8 17            [12] 4881 	ldhl	sp,	#23
    0000179D 7E               [ 8] 4882 	ld	a, (hl)
    0000179E F5               [16] 4883 	push	af
    0000179F 33               [ 8] 4884 	inc	sp
    000017A0 F8 0D            [12] 4885 	ldhl	sp,	#13
    000017A2 3A               [ 8] 4886 	ld	a, (hl-)
    000017A3 57               [ 4] 4887 	ld	d, a
    000017A4 5E               [ 8] 4888 	ld	e, (hl)
    000017A5 D5               [16] 4889 	push	de
    000017A6 F8 1B            [12] 4890 	ldhl	sp,	#27
    000017A8 7E               [ 8] 4891 	ld	a, (hl)
    000017A9 F5               [16] 4892 	push	af
    000017AA 33               [ 8] 4893 	inc	sp
    000017AB 3E 70            [ 8] 4894 	ld	a, #0x70
    000017AD F8 0D            [12] 4895 	ldhl	sp,	#13
    000017AF 5E               [ 8] 4896 	ld	e, (hl)
    000017B0 23               [ 8] 4897 	inc	hl
    000017B1 56               [ 8] 4898 	ld	d, (hl)
    000017B2 CDrCCr03         [24] 4899 	call	_draw_oam_2x1
    000017B5 F8 0D            [12] 4900 	ldhl	sp,#13
    000017B7 77               [ 8] 4901 	ld	(hl), a
    000017B8 7E               [ 8] 4902 	ld	a, (hl)
    000017B9 F8 18            [12] 4903 	ldhl	sp,	#24
    000017BB 86               [ 8] 4904 	add	a, (hl)
    000017BC 77               [ 8] 4905 	ld	(hl), a
    000017BD                       4906 00154$:
                                   4907 ;src/gameplay.c:568: for (i = 0; i < MAX_ACTIVE_SP_OBJECTS && oam_start < MAX_HARDWARE_SPRITES - 2; i++) {
    000017BD F8 12            [12] 4908 	ldhl	sp,	#18
    000017BF 34               [12] 4909 	inc	(hl)
    000017C0 C3r05r15         [16] 4910 	jp	00160$
    000017C3                       4911 00155$:
                                   4912 ;src/gameplay.c:624: return oam_start;
    000017C3 F8 18            [12] 4913 	ldhl	sp,	#24
    000017C5 7E               [ 8] 4914 	ld	a, (hl)
                                   4915 ;src/gameplay.c:625: }
    000017C6 E8 13            [16] 4916 	add	sp, #19
    000017C8 E1               [12] 4917 	pop	hl
    000017C9 E8 04            [16] 4918 	add	sp, #4
    000017CB E9               [ 4] 4919 	jp	(hl)
                                   4920 ;src/gameplay.c:627: void setup_menu_font(void) BANKED {
                                   4921 ;	---------------------------------
                                   4922 ; Function setup_menu_font
                                   4923 ; ---------------------------------
                         0000000A  4924 	b_setup_menu_font	= 10
    000017CC                       4925 _setup_menu_font::
                                   4926 ;src/gameplay.c:628: set_bkg_data(FONT_PUSAB_START, 39, FontPusab);
    000017CC 11r00r00         [12] 4927 	ld	de, #_FontPusab
    000017CF D5               [16] 4928 	push	de
    000017D0 21 D0 27         [12] 4929 	ld	hl, #0x27d0
    000017D3 E5               [16] 4930 	push	hl
    000017D4 CDr00r00         [24] 4931 	call	_set_bkg_data
    000017D7 E8 04            [16] 4932 	add	sp, #4
                                   4933 ;src/gameplay.c:629: }
    000017D9 C9               [16] 4934 	ret
                                   4935 ;src/gameplay.c:631: static void draw_text(uint8_t x, uint8_t y, const char *str) {
                                   4936 ;	---------------------------------
                                   4937 ; Function draw_text
                                   4938 ; ---------------------------------
    000017DA                       4939 _draw_text:
    000017DA E8 FD            [16] 4940 	add	sp, #-3
    000017DC F8 02            [12] 4941 	ldhl	sp,	#2
    000017DE 32               [ 8] 4942 	ld	(hl-), a
    000017DF 73               [ 8] 4943 	ld	(hl), e
                                   4944 ;src/gameplay.c:633: while (*str) {
    000017E0 F8 05            [12] 4945 	ldhl	sp,	#5
    000017E2 2A               [ 8] 4946 	ld	a, (hl+)
    000017E3 4F               [ 4] 4947 	ld	c, a
    000017E4 46               [ 8] 4948 	ld	b, (hl)
    000017E5                       4949 00122$:
    000017E5 0A               [ 8] 4950 	ld	a, (bc)
    000017E6 F8 00            [12] 4951 	ldhl	sp,	#0
    000017E8 77               [ 8] 4952 	ld	(hl), a
    000017E9 B7               [ 4] 4953 	or	a, a
    000017EA 28 62            [12] 4954 	jr	Z, 00125$
                                   4955 ;src/gameplay.c:634: char c = *str;
    000017EC 6E               [ 8] 4956 	ld	l, (hl)
                                   4957 ;src/gameplay.c:635: if (c == ' ') tile = 0;
    000017ED 7D               [ 4] 4958 	ld	a, l
    000017EE D6 20            [ 8] 4959 	sub	a, #0x20
    000017F0 20 03            [12] 4960 	jr	NZ, 00120$
    000017F2 AF               [ 4] 4961 	xor	a, a
    000017F3 18 46            [12] 4962 	jr	00121$
    000017F5                       4963 00120$:
                                   4964 ;src/gameplay.c:636: else if (c == '%') tile = 1;
    000017F5 7D               [ 4] 4965 	ld	a, l
    000017F6 D6 25            [ 8] 4966 	sub	a, #0x25
    000017F8 20 04            [12] 4967 	jr	NZ, 00117$
    000017FA 3E 01            [ 8] 4968 	ld	a, #0x01
    000017FC 18 3D            [12] 4969 	jr	00121$
    000017FE                       4970 00117$:
                                   4971 ;src/gameplay.c:637: else if (c == '/') tile = 2;
    000017FE 7D               [ 4] 4972 	ld	a, l
    000017FF D6 2F            [ 8] 4973 	sub	a, #0x2f
    00001801 20 04            [12] 4974 	jr	NZ, 00114$
    00001803 3E 02            [ 8] 4975 	ld	a, #0x02
    00001805 18 34            [12] 4976 	jr	00121$
    00001807                       4977 00114$:
                                   4978 ;src/gameplay.c:638: else if (c >= '0' && c <= '9') tile = (c - '0') + 3;
    00001807 7D               [ 4] 4979 	ld	a, l
    00001808 EE 80            [ 8] 4980 	xor	a, #0x80
    0000180A D6 B0            [ 8] 4981 	sub	a, #0xb0
    0000180C 38 0A            [12] 4982 	jr	C, 00110$
    0000180E 3E 39            [ 8] 4983 	ld	a, #0x39
    00001810 95               [ 4] 4984 	sub	a, l
    00001811 38 05            [12] 4985 	jr	C, 00110$
    00001813 7D               [ 4] 4986 	ld	a, l
    00001814 C6 D3            [ 8] 4987 	add	a, #0xd3
    00001816 18 23            [12] 4988 	jr	00121$
    00001818                       4989 00110$:
                                   4990 ;src/gameplay.c:639: else if (c >= 'A' && c <= 'Z') tile = (c - 'A') + 13;
    00001818 7D               [ 4] 4991 	ld	a, l
    00001819 EE 80            [ 8] 4992 	xor	a, #0x80
    0000181B D6 C1            [ 8] 4993 	sub	a, #0xc1
    0000181D 38 0A            [12] 4994 	jr	C, 00106$
    0000181F 3E 5A            [ 8] 4995 	ld	a, #0x5a
    00001821 95               [ 4] 4996 	sub	a, l
    00001822 38 05            [12] 4997 	jr	C, 00106$
    00001824 7D               [ 4] 4998 	ld	a, l
    00001825 C6 CC            [ 8] 4999 	add	a, #0xcc
    00001827 18 12            [12] 5000 	jr	00121$
    00001829                       5001 00106$:
                                   5002 ;src/gameplay.c:640: else if (c >= 'a' && c <= 'z') tile = (c - 'a') + 13;
    00001829 7D               [ 4] 5003 	ld	a, l
    0000182A EE 80            [ 8] 5004 	xor	a, #0x80
    0000182C D6 E1            [ 8] 5005 	sub	a, #0xe1
    0000182E 38 0A            [12] 5006 	jr	C, 00102$
    00001830 3E 7A            [ 8] 5007 	ld	a, #0x7a
    00001832 95               [ 4] 5008 	sub	a, l
    00001833 38 05            [12] 5009 	jr	C, 00102$
    00001835 7D               [ 4] 5010 	ld	a, l
    00001836 C6 AC            [ 8] 5011 	add	a, #0xac
    00001838 18 01            [12] 5012 	jr	00121$
    0000183A                       5013 00102$:
                                   5014 ;src/gameplay.c:641: else tile = 0;
    0000183A AF               [ 4] 5015 	xor	a, a
    0000183B                       5016 00121$:
                                   5017 ;src/gameplay.c:642: set_bkg_tile_xy(x++, y, FONT_PUSAB_START + tile);
    0000183B C6 D0            [ 8] 5018 	add	a, #0xd0
    0000183D F8 02            [12] 5019 	ldhl	sp,	#2
    0000183F 56               [ 8] 5020 	ld	d, (hl)
    00001840 34               [12] 5021 	inc	(hl)
    00001841 2B               [ 8] 5022 	dec	hl
    00001842 C5               [16] 5023 	push	bc
    00001843 F5               [16] 5024 	push	af
    00001844 33               [ 8] 5025 	inc	sp
    00001845 5E               [ 8] 5026 	ld	e, (hl)
    00001846 7A               [ 4] 5027 	ld	a, d
    00001847 CDr00r00         [24] 5028 	call	_set_bkg_tile_xy
    0000184A C1               [12] 5029 	pop	bc
                                   5030 ;src/gameplay.c:643: str++;
    0000184B 03               [ 8] 5031 	inc	bc
    0000184C 18 97            [12] 5032 	jr	00122$
    0000184E                       5033 00125$:
                                   5034 ;src/gameplay.c:645: }
    0000184E E8 03            [16] 5035 	add	sp, #3
    00001850 E1               [12] 5036 	pop	hl
    00001851 F1               [12] 5037 	pop	af
    00001852 E9               [ 4] 5038 	jp	(hl)
                                   5039 ;src/gameplay.c:647: void draw_menu(void) BANKED {
                                   5040 ;	---------------------------------
                                   5041 ; Function draw_menu
                                   5042 ; ---------------------------------
                         0000000A  5043 	b_draw_menu	= 10
    00001853                       5044 _draw_menu::
    00001853 3B               [ 8] 5045 	dec	sp
                                   5046 ;src/gameplay.c:648: if (_cpu == CGB_TYPE) {
    00001854 FAr00r00         [16] 5047 	ld	a, (#__cpu)
    00001857 D6 11            [ 8] 5048 	sub	a, #0x11
    00001859 20 0C            [12] 5049 	jr	NZ, 00102$
                                   5050 ;src/gameplay.c:653: set_bkg_palette(0, 1, menu_pal);
    0000185B 11rF6r18         [12] 5051 	ld	de, #_draw_menu_menu_pal_30000_367
    0000185E D5               [16] 5052 	push	de
    0000185F AF               [ 4] 5053 	xor	a, a
    00001860 3C               [ 4] 5054 	inc	a
    00001861 F5               [16] 5055 	push	af
    00001862 CDr00r00         [24] 5056 	call	_set_bkg_palette
    00001865 E8 04            [16] 5057 	add	sp, #4
    00001867                       5058 00102$:
                                   5059 ;src/gameplay.c:655: BGP_REG = 0x2F; // Inverted Palette: White=00, Light Gray=Dark Gray(10), Dark Gray=Black(11), Black=Black(11)
    00001867 3E 2F            [ 8] 5060 	ld	a, #0x2f
    00001869 E0r00            [12] 5061 	ldh	(_BGP_REG + 0), a
                                   5062 ;src/gameplay.c:656: fill_bkg_rect(0, 0, 20, 18, 0x00);
    0000186B AF               [ 4] 5063 	xor	a, a
    0000186C 67               [ 4] 5064 	ld	h, a
    0000186D 2E 12            [ 8] 5065 	ld	l, #0x12
    0000186F E5               [16] 5066 	push	hl
    00001870 3E 14            [ 8] 5067 	ld	a, #0x14
    00001872 F5               [16] 5068 	push	af
    00001873 33               [ 8] 5069 	inc	sp
    00001874 AF               [ 4] 5070 	xor	a, a
    00001875 0F               [ 4] 5071 	rrca
    00001876 F5               [16] 5072 	push	af
    00001877 CDr00r00         [24] 5073 	call	_fill_bkg_rect
    0000187A E8 05            [16] 5074 	add	sp, #5
                                   5075 ;src/gameplay.c:657: draw_text(0, 0, "GD POCKET DEMO 02");
    0000187C 11rFEr18         [12] 5076 	ld	de, #___str_0
    0000187F D5               [16] 5077 	push	de
    00001880 AF               [ 4] 5078 	xor	a, a
    00001881 5F               [ 4] 5079 	ld	e, a
    00001882 CDrDAr17         [24] 5080 	call	_draw_text
                                   5081 ;src/gameplay.c:658: for (uint8_t i = 0; i < MAX_LEVELS; i++) {
    00001885 0E 00            [ 8] 5082 	ld	c, #0x00
    00001887                       5083 00108$:
    00001887 FAr00r00         [16] 5084 	ld	a, (_MAX_LEVELS)
    0000188A 47               [ 4] 5085 	ld	b, a
                                   5086 ;src/gameplay.c:660: draw_text(1, 2 + i, "0"); // cursor icon
    0000188B 79               [ 4] 5087 	ld	a,c
    0000188C B8               [ 4] 5088 	cp	a,b
    0000188D 30 51            [12] 5089 	jr	NC, 00106$
                                   5090 ;src/gameplay.c:661: draw_text(3, 2 + i, game_levels[i]->name);
    0000188F 59               [ 4] 5091 	ld	e, c
    00001890 16 00            [ 8] 5092 	ld	d, #0x00
                                   5093 ;src/gameplay.c:660: draw_text(1, 2 + i, "0"); // cursor icon
    00001892 C6 02            [ 8] 5094 	add	a, #0x02
    00001894 F8 00            [12] 5095 	ldhl	sp,	#0
    00001896 77               [ 8] 5096 	ld	(hl), a
                                   5097 ;src/gameplay.c:661: draw_text(3, 2 + i, game_levels[i]->name);
    00001897 CB 23            [ 8] 5098 	sla	e
    00001899 CB 12            [ 8] 5099 	rl	d
                                   5100 ;src/gameplay.c:659: if (i == selected) {
    0000189B FAr00r00         [16] 5101 	ld	a, (#_selected)
    0000189E 91               [ 4] 5102 	sub	a, c
    0000189F 20 27            [12] 5103 	jr	NZ, 00104$
                                   5104 ;src/gameplay.c:660: draw_text(1, 2 + i, "0"); // cursor icon
    000018A1 C5               [16] 5105 	push	bc
    000018A2 D5               [16] 5106 	push	de
    000018A3 21r10r19         [12] 5107 	ld	hl, #___str_1
    000018A6 E5               [16] 5108 	push	hl
    000018A7 F8 06            [12] 5109 	ldhl	sp,	#6
    000018A9 5E               [ 8] 5110 	ld	e, (hl)
    000018AA 3E 01            [ 8] 5111 	ld	a, #0x01
    000018AC CDrDAr17         [24] 5112 	call	_draw_text
    000018AF D1               [12] 5113 	pop	de
    000018B0 C1               [12] 5114 	pop	bc
                                   5115 ;src/gameplay.c:661: draw_text(3, 2 + i, game_levels[i]->name);
    000018B1 21r00r00         [12] 5116 	ld	hl, #_game_levels
    000018B4 19               [ 8] 5117 	add	hl, de
    000018B5 2A               [ 8] 5118 	ld	a,	(hl+)
    000018B6 66               [ 8] 5119 	ld	h, (hl)
    000018B7 6F               [ 4] 5120 	ld	l, a
    000018B8 2A               [ 8] 5121 	ld	a,	(hl+)
    000018B9 66               [ 8] 5122 	ld	h, (hl)
    000018BA 6F               [ 4] 5123 	ld	l, a
    000018BB C5               [16] 5124 	push	bc
    000018BC E5               [16] 5125 	push	hl
    000018BD F8 04            [12] 5126 	ldhl	sp,	#4
    000018BF 5E               [ 8] 5127 	ld	e, (hl)
    000018C0 3E 03            [ 8] 5128 	ld	a, #0x03
    000018C2 CDrDAr17         [24] 5129 	call	_draw_text
    000018C5 C1               [12] 5130 	pop	bc
    000018C6 18 15            [12] 5131 	jr	00109$
    000018C8                       5132 00104$:
                                   5133 ;src/gameplay.c:663: draw_text(3, 2 + i, game_levels[i]->name);
    000018C8 21r00r00         [12] 5134 	ld	hl, #_game_levels
    000018CB 19               [ 8] 5135 	add	hl, de
    000018CC 2A               [ 8] 5136 	ld	a,	(hl+)
    000018CD 66               [ 8] 5137 	ld	h, (hl)
    000018CE 6F               [ 4] 5138 	ld	l, a
    000018CF 2A               [ 8] 5139 	ld	a,	(hl+)
    000018D0 66               [ 8] 5140 	ld	h, (hl)
    000018D1 6F               [ 4] 5141 	ld	l, a
    000018D2 C5               [16] 5142 	push	bc
    000018D3 E5               [16] 5143 	push	hl
    000018D4 F8 04            [12] 5144 	ldhl	sp,	#4
    000018D6 5E               [ 8] 5145 	ld	e, (hl)
    000018D7 3E 03            [ 8] 5146 	ld	a, #0x03
    000018D9 CDrDAr17         [24] 5147 	call	_draw_text
    000018DC C1               [12] 5148 	pop	bc
    000018DD                       5149 00109$:
                                   5150 ;src/gameplay.c:658: for (uint8_t i = 0; i < MAX_LEVELS; i++) {
    000018DD 0C               [ 4] 5151 	inc	c
    000018DE 18 A7            [12] 5152 	jr	00108$
    000018E0                       5153 00106$:
                                   5154 ;src/gameplay.c:666: draw_text(0, 16, "SOTOSPRO24");
    000018E0 11r12r19         [12] 5155 	ld	de, #___str_2
    000018E3 D5               [16] 5156 	push	de
    000018E4 1E 10            [ 8] 5157 	ld	e, #0x10
    000018E6 AF               [ 4] 5158 	xor	a, a
    000018E7 CDrDAr17         [24] 5159 	call	_draw_text
                                   5160 ;src/gameplay.c:667: SHOW_BKG;
    000018EA F0r00            [12] 5161 	ldh	a, (_LCDC_REG + 0)
    000018EC F6 01            [ 8] 5162 	or	a, #0x01
    000018EE E0r00            [12] 5163 	ldh	(_LCDC_REG + 0), a
                                   5164 ;src/gameplay.c:668: redraw = 0;
    000018F0 AF               [ 4] 5165 	xor	a, a
    000018F1 EAr00r00         [16] 5166 	ld	(#_redraw),a
                                   5167 ;src/gameplay.c:669: }
    000018F4 33               [ 8] 5168 	inc	sp
    000018F5 C9               [16] 5169 	ret
    000018F6                       5170 _draw_menu_menu_pal_30000_367:
    000018F6 42 14                 5171 	.dw #0x1442
    000018F8 8C 49                 5172 	.dw #0x498c
    000018FA 39 7F                 5173 	.dw #0x7f39
    000018FC FF 7F                 5174 	.dw #0x7fff
    000018FE                       5175 ___str_0:
    000018FE 47 44 20 50 4F 43 4B  5176 	.ascii "GD POCKET DEMO 02"
             45 54 20 44 45 4D 4F
             20 30 32
    0000190F 00                    5177 	.db 0x00
    00001910                       5178 ___str_1:
    00001910 30                    5179 	.ascii "0"
    00001911 00                    5180 	.db 0x00
    00001912                       5181 ___str_2:
    00001912 53 4F 54 4F 53 50 52  5182 	.ascii "SOTOSPRO24"
             4F 32 34
    0000191C 00                    5183 	.db 0x00
                                   5184 ;src/gameplay.c:671: void play_level(uint8_t idx) BANKED {
                                   5185 ;	---------------------------------
                                   5186 ; Function play_level
                                   5187 ; ---------------------------------
                         0000000A  5188 	b_play_level	= 10
    0000191D                       5189 _play_level::
    0000191D 21 20 FF         [12] 5190 	ld	hl, #-224
    00001920 39               [ 8] 5191 	add	hl, sp
    00001921 F9               [ 8] 5192 	ld	sp, hl
                                   5193 ;src/gameplay.c:681: l = game_levels[idx];
    00001922 01r00r00         [12] 5194 	ld	bc, #_game_levels+0
    00001925 21 E6 00         [12] 5195 	ld	hl, #230
    00001928 39               [ 8] 5196 	add	hl, sp
    00001929 5E               [ 8] 5197 	ld	e, (hl)
    0000192A 16 00            [ 8] 5198 	ld	d, #0x00
    0000192C CB 23            [ 8] 5199 	sla	e
    0000192E CB 12            [ 8] 5200 	rl	d
    00001930 21 DE 00         [12] 5201 	ld	hl, #222
    00001933 39               [ 8] 5202 	add	hl, sp
    00001934 7B               [ 4] 5203 	ld	a, e
    00001935 22               [ 8] 5204 	ld	(hl+), a
    00001936 7A               [ 4] 5205 	ld	a, d
    00001937 32               [ 8] 5206 	ld	(hl-), a
    00001938 2A               [ 8] 5207 	ld	a,	(hl+)
    00001939 66               [ 8] 5208 	ld	h, (hl)
    0000193A 6F               [ 4] 5209 	ld	l, a
    0000193B 09               [ 8] 5210 	add	hl, bc
    0000193C 4D               [ 4] 5211 	ld	c, l
    0000193D 44               [ 4] 5212 	ld	b, h
    0000193E 59               [ 4] 5213 	ld	e, c
    0000193F 50               [ 4] 5214 	ld	d, b
    00001940 1A               [ 8] 5215 	ld	a, (de)
    00001941 21 B1 00         [12] 5216 	ld	hl, #177
    00001944 39               [ 8] 5217 	add	hl, sp
    00001945 22               [ 8] 5218 	ld	(hl+), a
    00001946 13               [ 8] 5219 	inc	de
    00001947 1A               [ 8] 5220 	ld	a, (de)
                                   5221 ;src/gameplay.c:682: level_tiles = l->tiles;
    00001948 32               [ 8] 5222 	ld	(hl-), a
    00001949 2A               [ 8] 5223 	ld	a, (hl+)
    0000194A 5F               [ 4] 5224 	ld	e, a
    0000194B 56               [ 8] 5225 	ld	d, (hl)
    0000194C 21 02 00         [12] 5226 	ld	hl, #0x0002
    0000194F 19               [ 8] 5227 	add	hl, de
    00001950 E5               [16] 5228 	push	hl
    00001951 7D               [ 4] 5229 	ld	a, l
    00001952 21 DD 00         [12] 5230 	ld	hl, #221
    00001955 39               [ 8] 5231 	add	hl, sp
    00001956 77               [ 8] 5232 	ld	(hl), a
    00001957 E1               [12] 5233 	pop	hl
    00001958 7C               [ 4] 5234 	ld	a, h
    00001959 21 DC 00         [12] 5235 	ld	hl, #220
    0000195C 39               [ 8] 5236 	add	hl, sp
    0000195D 32               [ 8] 5237 	ld	(hl-), a
    0000195E 2A               [ 8] 5238 	ld	a, (hl+)
    0000195F 5F               [ 4] 5239 	ld	e, a
    00001960 56               [ 8] 5240 	ld	d, (hl)
    00001961 1A               [ 8] 5241 	ld	a, (de)
    00001962 21 D9 00         [12] 5242 	ld	hl, #217
    00001965 39               [ 8] 5243 	add	hl, sp
    00001966 22               [ 8] 5244 	ld	(hl+), a
    00001967 13               [ 8] 5245 	inc	de
    00001968 1A               [ 8] 5246 	ld	a, (de)
    00001969 77               [ 8] 5247 	ld	(hl), a
                                   5248 ;src/gameplay.c:683: level_map = l->map;
    0000196A 21 B1 00         [12] 5249 	ld	hl,#0xb1
    0000196D 39               [ 8] 5250 	add	hl,sp
    0000196E 2A               [ 8] 5251 	ld	a, (hl+)
    0000196F 5F               [ 4] 5252 	ld	e, a
    00001970 56               [ 8] 5253 	ld	d, (hl)
    00001971 21 06 00         [12] 5254 	ld	hl, #0x0006
    00001974 19               [ 8] 5255 	add	hl, de
    00001975 4D               [ 4] 5256 	ld	c, l
    00001976 44               [ 4] 5257 	ld	b, h
    00001977 59               [ 4] 5258 	ld	e, c
    00001978 50               [ 4] 5259 	ld	d, b
    00001979 1A               [ 8] 5260 	ld	a, (de)
    0000197A 21 B3 00         [12] 5261 	ld	hl, #179
    0000197D 39               [ 8] 5262 	add	hl, sp
    0000197E 22               [ 8] 5263 	ld	(hl+), a
    0000197F 13               [ 8] 5264 	inc	de
    00001980 1A               [ 8] 5265 	ld	a, (de)
                                   5266 ;src/gameplay.c:684: level_tile_count = l->tile_count;
    00001981 32               [ 8] 5267 	ld	(hl-), a
    00001982 2B               [ 8] 5268 	dec	hl
    00001983 2B               [ 8] 5269 	dec	hl
    00001984 2A               [ 8] 5270 	ld	a, (hl+)
    00001985 5F               [ 4] 5271 	ld	e, a
    00001986 56               [ 8] 5272 	ld	d, (hl)
    00001987 21 08 00         [12] 5273 	ld	hl, #0x0008
    0000198A 19               [ 8] 5274 	add	hl, de
    0000198B 4D               [ 4] 5275 	ld	c, l
    0000198C 44               [ 4] 5276 	ld	b, h
    0000198D 59               [ 4] 5277 	ld	e, c
    0000198E 50               [ 4] 5278 	ld	d, b
    0000198F 1A               [ 8] 5279 	ld	a, (de)
    00001990 21 B5 00         [12] 5280 	ld	hl, #181
    00001993 39               [ 8] 5281 	add	hl, sp
    00001994 22               [ 8] 5282 	ld	(hl+), a
    00001995 13               [ 8] 5283 	inc	de
    00001996 1A               [ 8] 5284 	ld	a, (de)
    00001997 77               [ 8] 5285 	ld	(hl), a
                                   5286 ;src/gameplay.c:685: level_map_w = l->map_width;
    00001998 21 B1 00         [12] 5287 	ld	hl,#0xb1
    0000199B 39               [ 8] 5288 	add	hl,sp
    0000199C 2A               [ 8] 5289 	ld	a, (hl+)
    0000199D 5F               [ 4] 5290 	ld	e, a
    0000199E 56               [ 8] 5291 	ld	d, (hl)
    0000199F 21 0A 00         [12] 5292 	ld	hl, #0x000a
    000019A2 19               [ 8] 5293 	add	hl, de
    000019A3 4D               [ 4] 5294 	ld	c, l
    000019A4 44               [ 4] 5295 	ld	b, h
    000019A5 59               [ 4] 5296 	ld	e, c
    000019A6 50               [ 4] 5297 	ld	d, b
    000019A7 1A               [ 8] 5298 	ld	a, (de)
    000019A8 21 B7 00         [12] 5299 	ld	hl, #183
    000019AB 39               [ 8] 5300 	add	hl, sp
    000019AC 22               [ 8] 5301 	ld	(hl+), a
    000019AD 13               [ 8] 5302 	inc	de
    000019AE 1A               [ 8] 5303 	ld	a, (de)
    000019AF 77               [ 8] 5304 	ld	(hl), a
                                   5305 ;src/gameplay.c:686: level_map_h = l->map_height;
    000019B0 21 B1 00         [12] 5306 	ld	hl,#0xb1
    000019B3 39               [ 8] 5307 	add	hl,sp
    000019B4 2A               [ 8] 5308 	ld	a, (hl+)
    000019B5 5F               [ 4] 5309 	ld	e, a
    000019B6 56               [ 8] 5310 	ld	d, (hl)
    000019B7 21 0C 00         [12] 5311 	ld	hl, #0x000c
    000019BA 19               [ 8] 5312 	add	hl, de
    000019BB 4D               [ 4] 5313 	ld	c, l
    000019BC 44               [ 4] 5314 	ld	b, h
    000019BD 59               [ 4] 5315 	ld	e, c
    000019BE 50               [ 4] 5316 	ld	d, b
    000019BF 1A               [ 8] 5317 	ld	a, (de)
    000019C0 21 B9 00         [12] 5318 	ld	hl, #185
    000019C3 39               [ 8] 5319 	add	hl, sp
    000019C4 22               [ 8] 5320 	ld	(hl+), a
    000019C5 13               [ 8] 5321 	inc	de
    000019C6 1A               [ 8] 5322 	ld	a, (de)
                                   5323 ;src/gameplay.c:687: level_tiles_bank = BANK(chr_gb);
    000019C7 22               [ 8] 5324 	ld	(hl+), a
    000019C8 36r00            [12] 5325 	ld	(hl), #<(___bank_chr_gb)
                                   5326 ;src/gameplay.c:688: level_map_bank = l->map_bank;
    000019CA 21 B1 00         [12] 5327 	ld	hl,#0xb1
    000019CD 39               [ 8] 5328 	add	hl,sp
    000019CE 2A               [ 8] 5329 	ld	a, (hl+)
    000019CF 5F               [ 4] 5330 	ld	e, a
    000019D0 56               [ 8] 5331 	ld	d, (hl)
    000019D1 21 10 00         [12] 5332 	ld	hl, #0x0010
    000019D4 19               [ 8] 5333 	add	hl, de
    000019D5 4D               [ 4] 5334 	ld	c, l
    000019D6 44               [ 4] 5335 	ld	b, h
    000019D7 0A               [ 8] 5336 	ld	a, (bc)
    000019D8 21 BC 00         [12] 5337 	ld	hl, #188
    000019DB 39               [ 8] 5338 	add	hl, sp
    000019DC 77               [ 8] 5339 	ld	(hl), a
                                   5340 ;src/gameplay.c:690: NR52_REG = 0x80;
    000019DD 3E 80            [ 8] 5341 	ld	a, #0x80
    000019DF E0r00            [12] 5342 	ldh	(_NR52_REG + 0), a
                                   5343 ;src/gameplay.c:691: NR51_REG = 0xFF;
    000019E1 3E FF            [ 8] 5344 	ld	a, #0xff
    000019E3 E0r00            [12] 5345 	ldh	(_NR51_REG + 0), a
                                   5346 ;src/gameplay.c:692: NR50_REG = 0x77;
    000019E5 3E 77            [ 8] 5347 	ld	a, #0x77
    000019E7 E0r00            [12] 5348 	ldh	(_NR50_REG + 0), a
                                   5349 ;src/gameplay.c:694: if (level_songs[idx]) {
    000019E9 11r00r00         [12] 5350 	ld	de, #_level_songs
    000019EC 21 DE 00         [12] 5351 	ld	hl, #222
    000019EF 39               [ 8] 5352 	add	hl, sp
    000019F0 2A               [ 8] 5353 	ld	a,	(hl+)
    000019F1 66               [ 8] 5354 	ld	h, (hl)
    000019F2 6F               [ 4] 5355 	ld	l, a
    000019F3 19               [ 8] 5356 	add	hl, de
    000019F4 E5               [16] 5357 	push	hl
    000019F5 7D               [ 4] 5358 	ld	a, l
    000019F6 21 BF 00         [12] 5359 	ld	hl, #191
    000019F9 39               [ 8] 5360 	add	hl, sp
    000019FA 77               [ 8] 5361 	ld	(hl), a
    000019FB E1               [12] 5362 	pop	hl
    000019FC 7C               [ 4] 5363 	ld	a, h
    000019FD 21 BE 00         [12] 5364 	ld	hl, #190
    00001A00 39               [ 8] 5365 	add	hl, sp
    00001A01 32               [ 8] 5366 	ld	(hl-), a
    00001A02 2A               [ 8] 5367 	ld	a, (hl+)
    00001A03 5F               [ 4] 5368 	ld	e, a
    00001A04 56               [ 8] 5369 	ld	d, (hl)
    00001A05 1A               [ 8] 5370 	ld	a, (de)
    00001A06 4F               [ 4] 5371 	ld	c, a
    00001A07 13               [ 8] 5372 	inc	de
    00001A08 1A               [ 8] 5373 	ld	a, (de)
    00001A09 47               [ 4] 5374 	ld	b, a
    00001A0A B1               [ 4] 5375 	or	a, c
    00001A0B 28 38            [12] 5376 	jr	Z, 00102$
                                   5377 ;src/gameplay.c:695: init_music_banked(level_songs[idx], song_bank[idx], l->timer_divider);
    00001A0D 21 B1 00         [12] 5378 	ld	hl,#0xb1
    00001A10 39               [ 8] 5379 	add	hl,sp
    00001A11 2A               [ 8] 5380 	ld	a, (hl+)
    00001A12 5F               [ 4] 5381 	ld	e, a
    00001A13 56               [ 8] 5382 	ld	d, (hl)
    00001A14 21 11 00         [12] 5383 	ld	hl, #0x0011
    00001A17 19               [ 8] 5384 	add	hl, de
    00001A18 5D               [ 4] 5385 	ld	e, l
    00001A19 54               [ 4] 5386 	ld	d, h
    00001A1A 1A               [ 8] 5387 	ld	a, (de)
    00001A1B 21 DF 00         [12] 5388 	ld	hl, #223
    00001A1E 39               [ 8] 5389 	add	hl, sp
    00001A1F 77               [ 8] 5390 	ld	(hl), a
    00001A20 11r00r00         [12] 5391 	ld	de, #_song_bank+0
    00001A23 21 E6 00         [12] 5392 	ld	hl, #230
    00001A26 39               [ 8] 5393 	add	hl, sp
    00001A27 6E               [ 8] 5394 	ld	l, (hl)
    00001A28 26 00            [ 8] 5395 	ld	h, #0x00
    00001A2A 19               [ 8] 5396 	add	hl, de
    00001A2B 5D               [ 4] 5397 	ld	e, l
    00001A2C 54               [ 4] 5398 	ld	d, h
    00001A2D 1A               [ 8] 5399 	ld	a, (de)
    00001A2E D5               [16] 5400 	push	de
    00001A2F 21 E1 00         [12] 5401 	ld	hl, #225
    00001A32 39               [ 8] 5402 	add	hl, sp
    00001A33 66               [ 8] 5403 	ld	h, (hl)
    00001A34 E5               [16] 5404 	push	hl
    00001A35 33               [ 8] 5405 	inc	sp
    00001A36 59               [ 4] 5406 	ld	e, c
    00001A37 50               [ 4] 5407 	ld	d, b
    00001A38 CDr00r00         [24] 5408 	call	_init_music_banked
    00001A3B D1               [12] 5409 	pop	de
                                   5410 ;src/gameplay.c:696: current_song_bank = song_bank[idx];
    00001A3C 1A               [ 8] 5411 	ld	a, (de)
    00001A3D EAr00r00         [16] 5412 	ld	(#_current_song_bank),a
                                   5413 ;src/gameplay.c:697: music_ready = 1;
    00001A40 21r00r00         [12] 5414 	ld	hl, #_music_ready
    00001A43 36 01            [12] 5415 	ld	(hl), #0x01
    00001A45                       5416 00102$:
                                   5417 ;src/gameplay.c:700: uint16_t cam_px = 0;
    00001A45 AF               [ 4] 5418 	xor	a, a
    00001A46 21 DE 00         [12] 5419 	ld	hl, #222
    00001A49 39               [ 8] 5420 	add	hl, sp
    00001A4A 22               [ 8] 5421 	ld	(hl+), a
    00001A4B 77               [ 8] 5422 	ld	(hl), a
                                   5423 ;src/gameplay.c:701: uint16_t cam_py = 112;
    00001A4C 21 BF 00         [12] 5424 	ld	hl, #191
    00001A4F 39               [ 8] 5425 	add	hl, sp
    00001A50 3E 70            [ 8] 5426 	ld	a, #0x70
    00001A52 22               [ 8] 5427 	ld	(hl+), a
    00001A53 AF               [ 4] 5428 	xor	a, a
    00001A54 77               [ 8] 5429 	ld	(hl), a
                                   5430 ;src/gameplay.c:702: uint16_t cam_py_max = (level_map_h << 4);
    00001A55 21 B9 00         [12] 5431 	ld	hl, #185
    00001A58 39               [ 8] 5432 	add	hl, sp
    00001A59 2A               [ 8] 5433 	ld	a, (hl+)
    00001A5A 4E               [ 8] 5434 	ld	c, (hl)
    00001A5B 87               [ 4] 5435 	add	a, a
    00001A5C CB 11            [ 8] 5436 	rl	c
    00001A5E 87               [ 4] 5437 	add	a, a
    00001A5F CB 11            [ 8] 5438 	rl	c
    00001A61 87               [ 4] 5439 	add	a, a
    00001A62 CB 11            [ 8] 5440 	rl	c
    00001A64 87               [ 4] 5441 	add	a, a
    00001A65 CB 11            [ 8] 5442 	rl	c
                                   5443 ;src/gameplay.c:703: if (cam_py_max > 144u) cam_py_max -= 144u;
    00001A67 21 D7 00         [12] 5444 	ld	hl, #215
    00001A6A 39               [ 8] 5445 	add	hl, sp
    00001A6B 22               [ 8] 5446 	ld	(hl+), a
    00001A6C 79               [ 4] 5447 	ld	a, c
    00001A6D 32               [ 8] 5448 	ld	(hl-), a
    00001A6E 3E 90            [ 8] 5449 	ld	a, #0x90
    00001A70 96               [ 8] 5450 	sub	a, (hl)
    00001A71 23               [ 8] 5451 	inc	hl
    00001A72 3E 00            [ 8] 5452 	ld	a, #0x00
    00001A74 9E               [ 8] 5453 	sbc	a, (hl)
    00001A75 30 19            [12] 5454 	jr	NC, 00104$
    00001A77 21 D7 00         [12] 5455 	ld	hl,#0xd7
    00001A7A 39               [ 8] 5456 	add	hl,sp
    00001A7B 2A               [ 8] 5457 	ld	a, (hl+)
    00001A7C 5F               [ 4] 5458 	ld	e, a
    00001A7D 56               [ 8] 5459 	ld	d, (hl)
    00001A7E 21 90 00         [12] 5460 	ld	hl, #0x0090
    00001A81 7B               [ 4] 5461 	ld	a, e
    00001A82 95               [ 4] 5462 	sub	a, l
    00001A83 5F               [ 4] 5463 	ld	e, a
    00001A84 7A               [ 4] 5464 	ld	a, d
    00001A85 9C               [ 4] 5465 	sbc	a, h
    00001A86 4B               [ 4] 5466 	ld	c, e
    00001A87 21 C1 00         [12] 5467 	ld	hl, #193
    00001A8A 39               [ 8] 5468 	add	hl, sp
    00001A8B 71               [ 8] 5469 	ld	(hl), c
    00001A8C 23               [ 8] 5470 	inc	hl
    00001A8D 77               [ 8] 5471 	ld	(hl), a
    00001A8E 18 07            [12] 5472 	jr	00105$
    00001A90                       5473 00104$:
                                   5474 ;src/gameplay.c:704: else cam_py_max = 0;
    00001A90 AF               [ 4] 5475 	xor	a, a
    00001A91 21 C1 00         [12] 5476 	ld	hl, #193
    00001A94 39               [ 8] 5477 	add	hl, sp
    00001A95 22               [ 8] 5478 	ld	(hl+), a
    00001A96 77               [ 8] 5479 	ld	(hl), a
    00001A97                       5480 00105$:
                                   5481 ;src/gameplay.c:705: uint16_t loaded_r = BKG_MT_W - 1;
    00001A97 21 C3 00         [12] 5482 	ld	hl, #195
    00001A9A 39               [ 8] 5483 	add	hl, sp
    00001A9B 3E 0F            [ 8] 5484 	ld	a, #0x0f
    00001A9D 22               [ 8] 5485 	ld	(hl+), a
    00001A9E AF               [ 4] 5486 	xor	a, a
    00001A9F 77               [ 8] 5487 	ld	(hl), a
                                   5488 ;src/gameplay.c:710: uint8_t target_bg_idx = 0;
    00001AA0 21 DD 00         [12] 5489 	ld	hl, #221
    00001AA3 39               [ 8] 5490 	add	hl, sp
    00001AA4 36 00            [12] 5491 	ld	(hl), #0x00
                                   5492 ;src/gameplay.c:711: const uint8_t bg_pals[] = {
    00001AA6 F8 04            [12] 5493 	ldhl	sp,	#4
    00001AA8 3E E4            [ 8] 5494 	ld	a, #0xe4
    00001AAA 22               [ 8] 5495 	ld	(hl+), a
    00001AAB 3E 39            [ 8] 5496 	ld	a, #0x39
    00001AAD 22               [ 8] 5497 	ld	(hl+), a
    00001AAE 3E 3E            [ 8] 5498 	ld	a, #0x3e
    00001AB0 22               [ 8] 5499 	ld	(hl+), a
    00001AB1 36 3F            [12] 5500 	ld	(hl), #0x3f
                                   5501 ;src/gameplay.c:719: player_init(&player, 0, 240);
    00001AB3 11 F0 00         [12] 5502 	ld	de, #0x00f0
    00001AB6 D5               [16] 5503 	push	de
    00001AB7 01 00 00         [12] 5504 	ld	bc, #0x0000
    00001ABA 21 0A 00         [12] 5505 	ld	hl, #10
    00001ABD 39               [ 8] 5506 	add	hl, sp
    00001ABE 5D               [ 4] 5507 	ld	e, l
    00001ABF 54               [ 4] 5508 	ld	d, h
    00001AC0 CDr00r00         [24] 5509 	call	_player_init
                                   5510 ;c:\gbdk\include\gb\gb.h:811: __asm__("di");
    00001AC3 F3               [ 4] 5511 	di
                                   5512 ;src/gameplay.c:722: DISPLAY_OFF;
    00001AC4 CDr00r00         [24] 5513 	call	_display_off
                                   5514 ;src/gameplay.c:723: load_bkg_tileset(level_tiles, level_tile_count, level_tiles_bank);
    00001AC7 21 BB 00         [12] 5515 	ld	hl, #187
    00001ACA 39               [ 8] 5516 	add	hl, sp
    00001ACB 7E               [ 8] 5517 	ld	a, (hl)
    00001ACC F5               [16] 5518 	push	af
    00001ACD 33               [ 8] 5519 	inc	sp
    00001ACE 21 B6 00         [12] 5520 	ld	hl, #182
    00001AD1 39               [ 8] 5521 	add	hl, sp
    00001AD2 2A               [ 8] 5522 	ld	a, (hl+)
    00001AD3 4F               [ 4] 5523 	ld	c, a
    00001AD4 46               [ 8] 5524 	ld	b, (hl)
    00001AD5 21 DA 00         [12] 5525 	ld	hl, #218
    00001AD8 39               [ 8] 5526 	add	hl, sp
    00001AD9 2A               [ 8] 5527 	ld	a, (hl+)
    00001ADA 5F               [ 4] 5528 	ld	e, a
    00001ADB 56               [ 8] 5529 	ld	d, (hl)
    00001ADC CDr00r00         [24] 5530 	call	_load_bkg_tileset
                                   5531 ;src/gameplay.c:724: set_sprite_data(0, 8, icon1_tiles);
    00001ADF 11r00r00         [12] 5532 	ld	de, #_icon1_tiles
    00001AE2 D5               [16] 5533 	push	de
    00001AE3 21 00 08         [12] 5534 	ld	hl, #0x800
    00001AE6 E5               [16] 5535 	push	hl
    00001AE7 CDr00r00         [24] 5536 	call	_set_sprite_data
    00001AEA E8 04            [16] 5537 	add	sp, #4
                                   5538 ;src/gameplay.c:725: set_sprite_data(8, 4, ship_tiles);
    00001AEC 11r00r00         [12] 5539 	ld	de, #_ship_tiles
    00001AEF D5               [16] 5540 	push	de
    00001AF0 21 08 04         [12] 5541 	ld	hl, #0x408
    00001AF3 E5               [16] 5542 	push	hl
    00001AF4 CDr00r00         [24] 5543 	call	_set_sprite_data
    00001AF7 E8 04            [16] 5544 	add	sp, #4
                                   5545 ;src/gameplay.c:726: set_sprite_data(12, 4, ball_tiles);
    00001AF9 11r00r00         [12] 5546 	ld	de, #_ball_tiles
    00001AFC D5               [16] 5547 	push	de
    00001AFD 21 0C 04         [12] 5548 	ld	hl, #0x40c
    00001B00 E5               [16] 5549 	push	hl
    00001B01 CDr00r00         [24] 5550 	call	_set_sprite_data
    00001B04 E8 04            [16] 5551 	add	sp, #4
                                   5552 ;src/gameplay.c:727: set_sprite_data(FAMIDASH_SPRITE_TILE_BASE, FAMIDASH_SPRITE_TILE_COUNT, famidash_sprites_tiles);
    00001B06 11r00r00         [12] 5553 	ld	de, #_famidash_sprites_tiles
    00001B09 D5               [16] 5554 	push	de
    00001B0A 21 70 5C         [12] 5555 	ld	hl, #0x5c70
    00001B0D E5               [16] 5556 	push	hl
    00001B0E CDr00r00         [24] 5557 	call	_set_sprite_data
    00001B11 E8 04            [16] 5558 	add	sp, #4
                                   5559 ;c:\gbdk\include\gb\gb.h:1461: SCX_REG=x, SCY_REG=y;
    00001B13 AF               [ 4] 5560 	xor	a, a
    00001B14 E0r00            [12] 5561 	ldh	(_SCX_REG + 0), a
    00001B16 3E 70            [ 8] 5562 	ld	a, #0x70
    00001B18 E0r00            [12] 5563 	ldh	(_SCY_REG + 0), a
                                   5564 ;src/gameplay.c:729: fill_scroll_bg(level_map, level_map_w, level_map_bank, 0);
    00001B1A AF               [ 4] 5565 	xor	a, a
    00001B1B F5               [16] 5566 	push	af
    00001B1C 33               [ 8] 5567 	inc	sp
    00001B1D 21 BD 00         [12] 5568 	ld	hl, #189
    00001B20 39               [ 8] 5569 	add	hl, sp
    00001B21 7E               [ 8] 5570 	ld	a, (hl)
    00001B22 F5               [16] 5571 	push	af
    00001B23 33               [ 8] 5572 	inc	sp
    00001B24 21 B9 00         [12] 5573 	ld	hl, #185
    00001B27 39               [ 8] 5574 	add	hl, sp
    00001B28 2A               [ 8] 5575 	ld	a, (hl+)
    00001B29 4F               [ 4] 5576 	ld	c, a
    00001B2A 46               [ 8] 5577 	ld	b, (hl)
    00001B2B 21 B5 00         [12] 5578 	ld	hl, #181
    00001B2E 39               [ 8] 5579 	add	hl, sp
    00001B2F 2A               [ 8] 5580 	ld	a, (hl+)
    00001B30 5F               [ 4] 5581 	ld	e, a
    00001B31 56               [ 8] 5582 	ld	d, (hl)
    00001B32 CDr00r00         [24] 5583 	call	_fill_scroll_bg
                                   5584 ;src/gameplay.c:731: if (_cpu == CGB_TYPE) {
    00001B35 FAr00r00         [16] 5585 	ld	a, (#__cpu)
    00001B38 D6 11            [ 8] 5586 	sub	a, #0x11
    00001B3A 20 19            [12] 5587 	jr	NZ, 00107$
                                   5588 ;src/gameplay.c:735: set_bkg_palette(0, 1, &gbc_bg_palettes[GBC_DEFAULT_BG_PAL << 2]);
    00001B3C 11r3Fr01         [12] 5589 	ld	de, #(_gbc_bg_palettes + 256)
    00001B3F D5               [16] 5590 	push	de
    00001B40 AF               [ 4] 5591 	xor	a, a
    00001B41 3C               [ 4] 5592 	inc	a
    00001B42 F5               [16] 5593 	push	af
    00001B43 CDr00r00         [24] 5594 	call	_set_bkg_palette
    00001B46 E8 04            [16] 5595 	add	sp, #4
                                   5596 ;src/gameplay.c:736: set_sprite_palette(0, 2, gbc_sprite_palettes);
    00001B48 11rBFr01         [12] 5597 	ld	de, #_gbc_sprite_palettes
    00001B4B D5               [16] 5598 	push	de
    00001B4C 21 00 02         [12] 5599 	ld	hl, #0x200
    00001B4F E5               [16] 5600 	push	hl
    00001B50 CDr00r00         [24] 5601 	call	_set_sprite_palette
    00001B53 E8 04            [16] 5602 	add	sp, #4
    00001B55                       5603 00107$:
                                   5604 ;src/gameplay.c:739: BGP_REG = bg_pals[0];
    00001B55 F8 04            [12] 5605 	ldhl	sp,	#4
    00001B57 7E               [ 8] 5606 	ld	a, (hl)
    00001B58 E0r00            [12] 5607 	ldh	(_BGP_REG + 0), a
                                   5608 ;src/gameplay.c:740: OBP0_REG = 0xE4;
    00001B5A 3E E4            [ 8] 5609 	ld	a, #0xe4
    00001B5C E0r00            [12] 5610 	ldh	(_OBP0_REG + 0), a
                                   5611 ;src/gameplay.c:741: SPRITES_8x16;
    00001B5E F0r00            [12] 5612 	ldh	a, (_LCDC_REG + 0)
    00001B60 F6 04            [ 8] 5613 	or	a, #0x04
    00001B62 E0r00            [12] 5614 	ldh	(_LCDC_REG + 0), a
                                   5615 ;src/gameplay.c:742: OBP1_REG = 0xE4;
    00001B64 3E E4            [ 8] 5616 	ld	a, #0xe4
    00001B66 E0r00            [12] 5617 	ldh	(_OBP1_REG + 0), a
                                   5618 ;src/gameplay.c:743: SHOW_BKG;
    00001B68 F0r00            [12] 5619 	ldh	a, (_LCDC_REG + 0)
    00001B6A F6 01            [ 8] 5620 	or	a, #0x01
    00001B6C E0r00            [12] 5621 	ldh	(_LCDC_REG + 0), a
                                   5622 ;src/gameplay.c:744: SHOW_SPRITES;
    00001B6E F0r00            [12] 5623 	ldh	a, (_LCDC_REG + 0)
    00001B70 F6 02            [ 8] 5624 	or	a, #0x02
    00001B72 E0r00            [12] 5625 	ldh	(_LCDC_REG + 0), a
                                   5626 ;src/gameplay.c:745: DISPLAY_ON;
    00001B74 F0r00            [12] 5627 	ldh	a, (_LCDC_REG + 0)
    00001B76 F6 80            [ 8] 5628 	or	a, #0x80
    00001B78 E0r00            [12] 5629 	ldh	(_LCDC_REG + 0), a
                                   5630 ;src/gameplay.c:746: TAC_REG = 0x04;
    00001B7A 3E 04            [ 8] 5631 	ld	a, #0x04
    00001B7C E0r00            [12] 5632 	ldh	(_TAC_REG + 0), a
                                   5633 ;c:\gbdk\include\gb\gb.h:795: __asm__("ei");
    00001B7E FB               [ 4] 5634 	ei
                                   5635 ;src/gameplay.c:749: uint16_t scroll_acc = 0;
    00001B7F 21 C5 00         [12] 5636 	ld	hl, #197
    00001B82 39               [ 8] 5637 	add	hl, sp
                                   5638 ;src/gameplay.c:750: uint8_t prev_joy = 0;
                                   5639 ;src/gameplay.c:751: uint8_t previous_oam_index = MAX_HARDWARE_SPRITES;
    00001B83 AF               [ 4] 5640 	xor	a, a
    00001B84 22               [ 8] 5641 	ld	(hl+), a
    00001B85 22               [ 8] 5642 	ld	(hl+), a
    00001B86 36 28            [12] 5643 	ld	(hl), #0x28
                                   5644 ;src/gameplay.c:753: uint16_t sp_stream_idx = 0;
    00001B88 AF               [ 4] 5645 	xor	a, a
    00001B89 21 8F 00         [12] 5646 	ld	hl, #143
    00001B8C 39               [ 8] 5647 	add	hl, sp
    00001B8D 22               [ 8] 5648 	ld	(hl+), a
    00001B8E 77               [ 8] 5649 	ld	(hl), a
                                   5650 ;src/gameplay.c:754: uint16_t sp_cache_col = 0xFFFF;
    00001B8F 21 C8 00         [12] 5651 	ld	hl, #200
    00001B92 39               [ 8] 5652 	add	hl, sp
                                   5653 ;src/gameplay.c:756: uint16_t cached_collision_col = 0xFFFF;
    00001B93 3E FF            [ 8] 5654 	ld	a,#0xff
    00001B95 22               [ 8] 5655 	ld	(hl+),a
    00001B96 22               [ 8] 5656 	ld	(hl+), a
    00001B97 3E FF            [ 8] 5657 	ld	a, #0xff
    00001B99 22               [ 8] 5658 	ld	(hl+), a
    00001B9A 36 FF            [12] 5659 	ld	(hl), #0xff
                                   5660 ;src/gameplay.c:757: uint8_t prev_reversed = player.reversed;
    00001B9C F8 12            [12] 5661 	ldhl	sp,	#18
    00001B9E 7E               [ 8] 5662 	ld	a, (hl)
    00001B9F 21 CC 00         [12] 5663 	ld	hl, #204
    00001BA2 39               [ 8] 5664 	add	hl, sp
    00001BA3 77               [ 8] 5665 	ld	(hl), a
                                   5666 ;src/gameplay.c:758: sp_cache_reset(&active_sp, &sp_stream_idx);
    00001BA4 21 8F 00         [12] 5667 	ld	hl, #143
    00001BA7 39               [ 8] 5668 	add	hl, sp
    00001BA8 4D               [ 4] 5669 	ld	c, l
    00001BA9 44               [ 4] 5670 	ld	b, h
    00001BAA 21 1F 00         [12] 5671 	ld	hl, #31
    00001BAD 39               [ 8] 5672 	add	hl, sp
    00001BAE 5D               [ 4] 5673 	ld	e, l
    00001BAF 54               [ 4] 5674 	ld	d, h
    00001BB0 CDr00r00         [24] 5675 	call	_sp_cache_reset
                                   5676 ;src/gameplay.c:759: while (1) {
    00001BB3 21 DB 00         [12] 5677 	ld	hl, #219
    00001BB6 39               [ 8] 5678 	add	hl, sp
    00001BB7 7E               [ 8] 5679 	ld	a, (hl)
    00001BB8 21 CD 00         [12] 5680 	ld	hl, #205
    00001BBB 39               [ 8] 5681 	add	hl, sp
    00001BBC 77               [ 8] 5682 	ld	(hl), a
    00001BBD 21 DC 00         [12] 5683 	ld	hl, #220
    00001BC0 39               [ 8] 5684 	add	hl, sp
    00001BC1 7E               [ 8] 5685 	ld	a, (hl)
    00001BC2 21 CE 00         [12] 5686 	ld	hl, #206
    00001BC5 39               [ 8] 5687 	add	hl, sp
    00001BC6 77               [ 8] 5688 	ld	(hl), a
    00001BC7 21 B1 00         [12] 5689 	ld	hl,#0xb1
    00001BCA 39               [ 8] 5690 	add	hl,sp
    00001BCB 2A               [ 8] 5691 	ld	a, (hl+)
    00001BCC 5F               [ 4] 5692 	ld	e, a
    00001BCD 56               [ 8] 5693 	ld	d, (hl)
    00001BCE 21 04 00         [12] 5694 	ld	hl, #0x0004
    00001BD1 19               [ 8] 5695 	add	hl, de
    00001BD2 E5               [16] 5696 	push	hl
    00001BD3 7D               [ 4] 5697 	ld	a, l
    00001BD4 21 D1 00         [12] 5698 	ld	hl, #209
    00001BD7 39               [ 8] 5699 	add	hl, sp
    00001BD8 77               [ 8] 5700 	ld	(hl), a
    00001BD9 E1               [12] 5701 	pop	hl
    00001BDA 7C               [ 4] 5702 	ld	a, h
    00001BDB 21 D0 00         [12] 5703 	ld	hl, #208
    00001BDE 39               [ 8] 5704 	add	hl, sp
    00001BDF 77               [ 8] 5705 	ld	(hl), a
    00001BE0 21 B1 00         [12] 5706 	ld	hl,#0xb1
    00001BE3 39               [ 8] 5707 	add	hl,sp
    00001BE4 2A               [ 8] 5708 	ld	a, (hl+)
    00001BE5 5F               [ 4] 5709 	ld	e, a
    00001BE6 56               [ 8] 5710 	ld	d, (hl)
    00001BE7 21 11 00         [12] 5711 	ld	hl, #0x0011
    00001BEA 19               [ 8] 5712 	add	hl, de
    00001BEB E5               [16] 5713 	push	hl
    00001BEC 7D               [ 4] 5714 	ld	a, l
    00001BED 21 D3 00         [12] 5715 	ld	hl, #211
    00001BF0 39               [ 8] 5716 	add	hl, sp
    00001BF1 77               [ 8] 5717 	ld	(hl), a
    00001BF2 E1               [12] 5718 	pop	hl
    00001BF3 7C               [ 4] 5719 	ld	a, h
    00001BF4 21 D2 00         [12] 5720 	ld	hl, #210
    00001BF7 39               [ 8] 5721 	add	hl, sp
    00001BF8 77               [ 8] 5722 	ld	(hl), a
    00001BF9 11r00r00         [12] 5723 	ld	de, #_song_bank
    00001BFC 21 E6 00         [12] 5724 	ld	hl, #230
    00001BFF 39               [ 8] 5725 	add	hl, sp
    00001C00 6E               [ 8] 5726 	ld	l, (hl)
    00001C01 26 00            [ 8] 5727 	ld	h, #0x00
    00001C03 19               [ 8] 5728 	add	hl, de
    00001C04 E5               [16] 5729 	push	hl
    00001C05 7D               [ 4] 5730 	ld	a, l
    00001C06 21 D5 00         [12] 5731 	ld	hl, #213
    00001C09 39               [ 8] 5732 	add	hl, sp
    00001C0A 77               [ 8] 5733 	ld	(hl), a
    00001C0B E1               [12] 5734 	pop	hl
    00001C0C 7C               [ 4] 5735 	ld	a, h
    00001C0D 21 D4 00         [12] 5736 	ld	hl, #212
    00001C10 39               [ 8] 5737 	add	hl, sp
    00001C11 77               [ 8] 5738 	ld	(hl), a
    00001C12 21 DB 00         [12] 5739 	ld	hl, #219
    00001C15 39               [ 8] 5740 	add	hl, sp
    00001C16 7E               [ 8] 5741 	ld	a, (hl)
    00001C17 21 D5 00         [12] 5742 	ld	hl, #213
    00001C1A 39               [ 8] 5743 	add	hl, sp
    00001C1B 77               [ 8] 5744 	ld	(hl), a
    00001C1C 21 DC 00         [12] 5745 	ld	hl, #220
    00001C1F 39               [ 8] 5746 	add	hl, sp
    00001C20 7E               [ 8] 5747 	ld	a, (hl)
    00001C21 21 D6 00         [12] 5748 	ld	hl, #214
    00001C24 39               [ 8] 5749 	add	hl, sp
    00001C25 77               [ 8] 5750 	ld	(hl), a
    00001C26                       5751 00207$:
                                   5752 ;src/gameplay.c:760: uint8_t joy = joypad();
    00001C26 CDr00r00         [24] 5753 	call	_joypad
    00001C29 21 DC 00         [12] 5754 	ld	hl, #220
    00001C2C 39               [ 8] 5755 	add	hl, sp
    00001C2D 77               [ 8] 5756 	ld	(hl), a
                                   5757 ;src/gameplay.c:761: if (joy & J_START) break;
    00001C2E E5               [16] 5758 	push	hl
    00001C2F 21 DE 00         [12] 5759 	ld	hl, #222
    00001C32 39               [ 8] 5760 	add	hl, sp
    00001C33 CB 7E            [12] 5761 	bit	7, (hl)
    00001C35 E1               [12] 5762 	pop	hl
    00001C36 C2r42r27         [16] 5763 	jp	NZ, 00208$
                                   5764 ;src/gameplay.c:763: if ((joy & J_UP) || player.level_complete) {
    00001C39 E5               [16] 5765 	push	hl
    00001C3A 21 DE 00         [12] 5766 	ld	hl, #222
    00001C3D 39               [ 8] 5767 	add	hl, sp
    00001C3E CB 56            [12] 5768 	bit	2, (hl)
    00001C40 E1               [12] 5769 	pop	hl
    00001C41 20 06            [12] 5770 	jr	NZ, 00113$
    00001C43 F8 1A            [12] 5771 	ldhl	sp,	#26
    00001C45 7E               [ 8] 5772 	ld	a, (hl)
    00001C46 B7               [ 4] 5773 	or	a, a
    00001C47 28 4F            [12] 5774 	jr	Z, 00114$
    00001C49                       5775 00113$:
                                   5776 ;src/gameplay.c:764: HIDE_SPRITES;
    00001C49 F0r00            [12] 5777 	ldh	a, (_LCDC_REG + 0)
    00001C4B E6 FD            [ 8] 5778 	and	a, #0xfd
    00001C4D E0r00            [12] 5779 	ldh	(_LCDC_REG + 0), a
                                   5780 ;c:\gbdk\include\gb\gb.h:1461: SCX_REG=x, SCY_REG=y;
    00001C4F 3E 00            [ 8] 5781 	ld	a, #0x00
    00001C51 E0r00            [12] 5782 	ldh	(_SCX_REG + 0), a
    00001C53 3E 00            [ 8] 5783 	ld	a, #0x00
    00001C55 E0r00            [12] 5784 	ldh	(_SCY_REG + 0), a
                                   5785 ;c:\gbdk\include\gb\gb.h:811: __asm__("di");
    00001C57 F3               [ 4] 5786 	di
                                   5787 ;src/gameplay.c:767: setup_menu_font();
    00001C58 1Er00            [ 8] 5788 	ld	e, #b_setup_menu_font
    00001C5A 21rCCr17         [12] 5789 	ld	hl, #_setup_menu_font
    00001C5D CDr00r00         [24] 5790 	call	___sdcc_bcall_ehl
                                   5791 ;c:\gbdk\include\gb\gb.h:795: __asm__("ei");
    00001C60 FB               [ 4] 5792 	ei
                                   5793 ;src/gameplay.c:769: fill_bkg_rect(0, 0, 20, 18, 0x00);
    00001C61 AF               [ 4] 5794 	xor	a, a
    00001C62 67               [ 4] 5795 	ld	h, a
    00001C63 2E 12            [ 8] 5796 	ld	l, #0x12
    00001C65 E5               [16] 5797 	push	hl
    00001C66 3E 14            [ 8] 5798 	ld	a, #0x14
    00001C68 F5               [16] 5799 	push	af
    00001C69 33               [ 8] 5800 	inc	sp
    00001C6A AF               [ 4] 5801 	xor	a, a
    00001C6B 0F               [ 4] 5802 	rrca
    00001C6C F5               [16] 5803 	push	af
    00001C6D CDr00r00         [24] 5804 	call	_fill_bkg_rect
    00001C70 E8 05            [16] 5805 	add	sp, #5
                                   5806 ;src/gameplay.c:770: draw_text(3, 6, "LEVEL COMPLETE");
    00001C72 11r6Ar27         [12] 5807 	ld	de, #___str_3
    00001C75 D5               [16] 5808 	push	de
    00001C76 1E 06            [ 8] 5809 	ld	e, #0x06
    00001C78 3E 03            [ 8] 5810 	ld	a, #0x03
    00001C7A CDrDAr17         [24] 5811 	call	_draw_text
                                   5812 ;src/gameplay.c:771: draw_text(3, 12, "PRESS A TO EXIT");
    00001C7D 11r79r27         [12] 5813 	ld	de, #___str_4
    00001C80 D5               [16] 5814 	push	de
    00001C81 1E 0C            [ 8] 5815 	ld	e, #0x0c
    00001C83 3E 03            [ 8] 5816 	ld	a, #0x03
    00001C85 CDrDAr17         [24] 5817 	call	_draw_text
                                   5818 ;src/gameplay.c:772: waitpadup();
    00001C88 CDr00r00         [24] 5819 	call	_waitpadup
                                   5820 ;src/gameplay.c:773: while (!(joypad() & J_A)) wait_vbl_done();
    00001C8B                       5821 00110$:
    00001C8B CDr00r00         [24] 5822 	call	_joypad
    00001C8E CB 67            [ 8] 5823 	bit	4, a
    00001C90 C2r42r27         [16] 5824 	jp	NZ, 00208$
    00001C93 CDr00r00         [24] 5825 	call	_wait_vbl_done
    00001C96 18 F3            [12] 5826 	jr	00110$
                                   5827 ;src/gameplay.c:774: break;
    00001C98                       5828 00114$:
                                   5829 ;src/gameplay.c:778: if ((joy & J_B) && !(prev_joy & J_B)) player_noclip = !player_noclip;
    00001C98 E5               [16] 5830 	push	hl
    00001C99 21 DE 00         [12] 5831 	ld	hl, #222
    00001C9C 39               [ 8] 5832 	add	hl, sp
    00001C9D CB 6E            [12] 5833 	bit	5, (hl)
    00001C9F E1               [12] 5834 	pop	hl
    00001CA0 28 14            [12] 5835 	jr	Z, 00117$
    00001CA2 E5               [16] 5836 	push	hl
    00001CA3 21 C8 00         [12] 5837 	ld	hl, #200
    00001CA6 39               [ 8] 5838 	add	hl, sp
    00001CA7 CB 6E            [12] 5839 	bit	5, (hl)
    00001CA9 E1               [12] 5840 	pop	hl
    00001CAA 20 0A            [12] 5841 	jr	NZ, 00117$
    00001CAC 21r00r00         [12] 5842 	ld	hl, #_player_noclip
    00001CAF 7E               [ 8] 5843 	ld	a, (hl)
    00001CB0 D6 01            [ 8] 5844 	sub	a, #0x01
    00001CB2 3E 00            [ 8] 5845 	ld	a, #0x00
    00001CB4 17               [ 4] 5846 	rla
    00001CB5 77               [ 8] 5847 	ld	(hl), a
    00001CB6                       5848 00117$:
                                   5849 ;src/gameplay.c:780: if ((joy & J_SELECT) && !(prev_joy & J_SELECT)) {
    00001CB6 E5               [16] 5850 	push	hl
    00001CB7 21 DE 00         [12] 5851 	ld	hl, #222
    00001CBA 39               [ 8] 5852 	add	hl, sp
    00001CBB CB 76            [12] 5853 	bit	6, (hl)
    00001CBD E1               [12] 5854 	pop	hl
    00001CBE 28 3E            [12] 5855 	jr	Z, 00124$
    00001CC0 E5               [16] 5856 	push	hl
    00001CC1 21 C8 00         [12] 5857 	ld	hl, #200
    00001CC4 39               [ 8] 5858 	add	hl, sp
    00001CC5 CB 76            [12] 5859 	bit	6, (hl)
    00001CC7 E1               [12] 5860 	pop	hl
    00001CC8 20 34            [12] 5861 	jr	NZ, 00124$
                                   5862 ;src/gameplay.c:781: target_bg_idx++;
    00001CCA 21 DD 00         [12] 5863 	ld	hl, #221
    00001CCD 39               [ 8] 5864 	add	hl, sp
    00001CCE 34               [12] 5865 	inc	(hl)
                                   5866 ;src/gameplay.c:782: if (target_bg_idx > 3) target_bg_idx = 0;
    00001CCF 3E 03            [ 8] 5867 	ld	a, #0x03
    00001CD1 96               [ 8] 5868 	sub	a, (hl)
    00001CD2 30 02            [12] 5869 	jr	NC, 00120$
    00001CD4 36 00            [12] 5870 	ld	(hl), #0x00
    00001CD6                       5871 00120$:
                                   5872 ;src/gameplay.c:783: if (_cpu == CGB_TYPE) {
    00001CD6 FAr00r00         [16] 5873 	ld	a, (#__cpu)
    00001CD9 D6 11            [ 8] 5874 	sub	a, #0x11
    00001CDB 20 21            [12] 5875 	jr	NZ, 00124$
                                   5876 ;src/gameplay.c:786: set_bkg_palette(0, 1, &gbc_bg_palettes[dbg_pals[target_bg_idx] << 2]);
    00001CDD 11r66r27         [12] 5877 	ld	de, #_play_level_dbg_pals_60003_392
    00001CE0 21 DD 00         [12] 5878 	ld	hl, #221
    00001CE3 39               [ 8] 5879 	add	hl, sp
    00001CE4 6E               [ 8] 5880 	ld	l, (hl)
    00001CE5 26 00            [ 8] 5881 	ld	h, #0x00
    00001CE7 19               [ 8] 5882 	add	hl, de
    00001CE8 4D               [ 4] 5883 	ld	c, l
    00001CE9 44               [ 4] 5884 	ld	b, h
    00001CEA 0A               [ 8] 5885 	ld	a, (bc)
    00001CEB 6F               [ 4] 5886 	ld	l, a
    00001CEC 26 00            [ 8] 5887 	ld	h, #0x00
    00001CEE 29               [ 8] 5888 	add	hl, hl
    00001CEF 29               [ 8] 5889 	add	hl, hl
    00001CF0 29               [ 8] 5890 	add	hl, hl
    00001CF1 11r3Fr00         [12] 5891 	ld	de, #_gbc_bg_palettes
    00001CF4 19               [ 8] 5892 	add	hl, de
    00001CF5 E5               [16] 5893 	push	hl
    00001CF6 AF               [ 4] 5894 	xor	a, a
    00001CF7 3C               [ 4] 5895 	inc	a
    00001CF8 F5               [16] 5896 	push	af
    00001CF9 CDr00r00         [24] 5897 	call	_set_bkg_palette
    00001CFC E8 04            [16] 5898 	add	sp, #4
    00001CFE                       5899 00124$:
                                   5900 ;src/gameplay.c:790: prev_joy = joy;
    00001CFE 21 DC 00         [12] 5901 	ld	hl, #220
    00001D01 39               [ 8] 5902 	add	hl, sp
    00001D02 7E               [ 8] 5903 	ld	a, (hl)
    00001D03 21 C6 00         [12] 5904 	ld	hl, #198
    00001D06 39               [ 8] 5905 	add	hl, sp
    00001D07 77               [ 8] 5906 	ld	(hl), a
                                   5907 ;src/gameplay.c:792: uint16_t px_prev = cam_px >> 4;
    00001D08 21 DE 00         [12] 5908 	ld	hl, #222
    00001D0B 39               [ 8] 5909 	add	hl, sp
    00001D0C 7E               [ 8] 5910 	ld	a, (hl)
    00001D0D 21 D7 00         [12] 5911 	ld	hl, #215
    00001D10 39               [ 8] 5912 	add	hl, sp
    00001D11 77               [ 8] 5913 	ld	(hl), a
    00001D12 21 DF 00         [12] 5914 	ld	hl, #223
    00001D15 39               [ 8] 5915 	add	hl, sp
    00001D16 7E               [ 8] 5916 	ld	a, (hl)
    00001D17 21 D8 00         [12] 5917 	ld	hl, #216
    00001D1A 39               [ 8] 5918 	add	hl, sp
    00001D1B 77               [ 8] 5919 	ld	(hl), a
    00001D1C CB 3E            [16] 5920 	srl	(hl)
    00001D1E 2B               [ 8] 5921 	dec	hl
    00001D1F CB 1E            [16] 5922 	rr	(hl)
    00001D21 23               [ 8] 5923 	inc	hl
    00001D22 CB 3E            [16] 5924 	srl	(hl)
    00001D24 2B               [ 8] 5925 	dec	hl
    00001D25 CB 1E            [16] 5926 	rr	(hl)
    00001D27 23               [ 8] 5927 	inc	hl
    00001D28 CB 3E            [16] 5928 	srl	(hl)
    00001D2A 2B               [ 8] 5929 	dec	hl
    00001D2B CB 1E            [16] 5930 	rr	(hl)
    00001D2D 23               [ 8] 5931 	inc	hl
    00001D2E CB 3E            [16] 5932 	srl	(hl)
    00001D30 2B               [ 8] 5933 	dec	hl
    00001D31 CB 1E            [16] 5934 	rr	(hl)
    00001D33 7E               [ 8] 5935 	ld	a, (hl)
    00001D34 F8 02            [12] 5936 	ldhl	sp,	#2
    00001D36 77               [ 8] 5937 	ld	(hl), a
    00001D37 21 D8 00         [12] 5938 	ld	hl, #216
    00001D3A 39               [ 8] 5939 	add	hl, sp
    00001D3B 7E               [ 8] 5940 	ld	a, (hl)
    00001D3C F8 03            [12] 5941 	ldhl	sp,	#3
    00001D3E 77               [ 8] 5942 	ld	(hl), a
                                   5943 ;src/gameplay.c:793: uint8_t needs_render = 0;
    00001D3F 21 DB 00         [12] 5944 	ld	hl, #219
    00001D42 39               [ 8] 5945 	add	hl, sp
                                   5946 ;src/gameplay.c:794: uint16_t need_col = 0;
    00001D43 AF               [ 4] 5947 	xor	a, a
    00001D44 32               [ 8] 5948 	ld	(hl-), a
    00001D45 2B               [ 8] 5949 	dec	hl
    00001D46 AF               [ 4] 5950 	xor	a, a
    00001D47 22               [ 8] 5951 	ld	(hl+), a
    00001D48 77               [ 8] 5952 	ld	(hl), a
                                   5953 ;src/gameplay.c:797: if (cam_px < ((level_map_w - VIEW_MT_W) << 4)) {
    00001D49 21 B7 00         [12] 5954 	ld	hl, #183
    00001D4C 39               [ 8] 5955 	add	hl, sp
    00001D4D 2A               [ 8] 5956 	ld	a, (hl+)
    00001D4E 4F               [ 4] 5957 	ld	c, a
    00001D4F 46               [ 8] 5958 	ld	b, (hl)
    00001D50 79               [ 4] 5959 	ld	a, c
    00001D51 C6 F6            [ 8] 5960 	add	a, #0xf6
    00001D53 6F               [ 4] 5961 	ld	l, a
    00001D54 78               [ 4] 5962 	ld	a, b
    00001D55 CE FF            [ 8] 5963 	adc	a, #0xff
    00001D57 67               [ 4] 5964 	ld	h, a
    00001D58 29               [ 8] 5965 	add	hl, hl
    00001D59 29               [ 8] 5966 	add	hl, hl
    00001D5A 29               [ 8] 5967 	add	hl, hl
    00001D5B 29               [ 8] 5968 	add	hl, hl
    00001D5C 4D               [ 4] 5969 	ld	c, l
    00001D5D 44               [ 4] 5970 	ld	b, h
    00001D5E 21 DE 00         [12] 5971 	ld	hl, #222
    00001D61 39               [ 8] 5972 	add	hl, sp
    00001D62 2A               [ 8] 5973 	ld	a, (hl+)
    00001D63 5F               [ 4] 5974 	ld	e, a
    00001D64 56               [ 8] 5975 	ld	d, (hl)
    00001D65 7B               [ 4] 5976 	ld	a, e
    00001D66 91               [ 4] 5977 	sub	a, c
    00001D67 7A               [ 4] 5978 	ld	a, d
    00001D68 98               [ 4] 5979 	sbc	a, b
    00001D69 D2rF5r1D         [16] 5980 	jp	NC, 00132$
                                   5981 ;src/gameplay.c:798: scroll_acc += SCROLL_SPEED_FP;
    00001D6C 21 C5 00         [12] 5982 	ld	hl, #197
    00001D6F 39               [ 8] 5983 	add	hl, sp
    00001D70 4E               [ 8] 5984 	ld	c, (hl)
    00001D71 06 00            [ 8] 5985 	ld	b, #0x00
    00001D73 21 CA 02         [12] 5986 	ld	hl, #0x02ca
    00001D76 09               [ 8] 5987 	add	hl, bc
    00001D77 4D               [ 4] 5988 	ld	c, l
                                   5989 ;src/gameplay.c:799: cam_px += scroll_acc >> 8;
    00001D78 5C               [ 4] 5990 	ld	e, h
    00001D79 16 00            [ 8] 5991 	ld	d, #0x00
    00001D7B 21 DE 00         [12] 5992 	ld	hl, #222
    00001D7E 39               [ 8] 5993 	add	hl, sp
    00001D7F 2A               [ 8] 5994 	ld	a,	(hl+)
    00001D80 66               [ 8] 5995 	ld	h, (hl)
    00001D81 6F               [ 4] 5996 	ld	l, a
    00001D82 19               [ 8] 5997 	add	hl, de
    00001D83 E5               [16] 5998 	push	hl
    00001D84 7D               [ 4] 5999 	ld	a, l
    00001D85 21 E0 00         [12] 6000 	ld	hl, #224
    00001D88 39               [ 8] 6001 	add	hl, sp
    00001D89 77               [ 8] 6002 	ld	(hl), a
    00001D8A E1               [12] 6003 	pop	hl
    00001D8B 7C               [ 4] 6004 	ld	a, h
    00001D8C 21 DF 00         [12] 6005 	ld	hl, #223
    00001D8F 39               [ 8] 6006 	add	hl, sp
    00001D90 77               [ 8] 6007 	ld	(hl), a
                                   6008 ;src/gameplay.c:800: scroll_acc &= 0xFF;
    00001D91 21 C5 00         [12] 6009 	ld	hl, #197
    00001D94 39               [ 8] 6010 	add	hl, sp
    00001D95 71               [ 8] 6011 	ld	(hl), c
                                   6012 ;src/gameplay.c:792: uint16_t px_prev = cam_px >> 4;
    00001D96 21 DE 00         [12] 6013 	ld	hl, #222
    00001D99 39               [ 8] 6014 	add	hl, sp
    00001D9A 7E               [ 8] 6015 	ld	a, (hl)
    00001D9B 21 D7 00         [12] 6016 	ld	hl, #215
    00001D9E 39               [ 8] 6017 	add	hl, sp
    00001D9F 77               [ 8] 6018 	ld	(hl), a
    00001DA0 21 DF 00         [12] 6019 	ld	hl, #223
    00001DA3 39               [ 8] 6020 	add	hl, sp
    00001DA4 7E               [ 8] 6021 	ld	a, (hl)
    00001DA5 21 D8 00         [12] 6022 	ld	hl, #216
    00001DA8 39               [ 8] 6023 	add	hl, sp
    00001DA9 77               [ 8] 6024 	ld	(hl), a
    00001DAA CB 3E            [16] 6025 	srl	(hl)
    00001DAC 2B               [ 8] 6026 	dec	hl
    00001DAD CB 1E            [16] 6027 	rr	(hl)
    00001DAF 23               [ 8] 6028 	inc	hl
    00001DB0 CB 3E            [16] 6029 	srl	(hl)
    00001DB2 2B               [ 8] 6030 	dec	hl
    00001DB3 CB 1E            [16] 6031 	rr	(hl)
    00001DB5 23               [ 8] 6032 	inc	hl
    00001DB6 CB 3E            [16] 6033 	srl	(hl)
    00001DB8 2B               [ 8] 6034 	dec	hl
    00001DB9 CB 1E            [16] 6035 	rr	(hl)
    00001DBB 23               [ 8] 6036 	inc	hl
    00001DBC CB 3E            [16] 6037 	srl	(hl)
    00001DBE 2B               [ 8] 6038 	dec	hl
    00001DBF CB 1E            [16] 6039 	rr	(hl)
                                   6040 ;src/gameplay.c:801: uint16_t px_curr = cam_px >> 4;
    00001DC1 2A               [ 8] 6041 	ld	a, (hl+)
    00001DC2 4F               [ 4] 6042 	ld	c, a
    00001DC3 46               [ 8] 6043 	ld	b, (hl)
                                   6044 ;src/gameplay.c:802: if (px_curr != px_prev) {
    00001DC4 F8 02            [12] 6045 	ldhl	sp,	#2
    00001DC6 7E               [ 8] 6046 	ld	a, (hl)
    00001DC7 91               [ 4] 6047 	sub	a, c
    00001DC8 20 05            [12] 6048 	jr	NZ, 00684$
    00001DCA 23               [ 8] 6049 	inc	hl
    00001DCB 7E               [ 8] 6050 	ld	a, (hl)
    00001DCC 90               [ 4] 6051 	sub	a, b
    00001DCD 28 26            [12] 6052 	jr	Z, 00132$
    00001DCF                       6053 00684$:
                                   6054 ;src/gameplay.c:803: uint16_t need = px_curr + VIEW_MT_W;
    00001DCF 21 0A 00         [12] 6055 	ld	hl, #0x000a
    00001DD2 09               [ 8] 6056 	add	hl, bc
    00001DD3 4D               [ 4] 6057 	ld	c, l
    00001DD4 44               [ 4] 6058 	ld	b, h
                                   6059 ;src/gameplay.c:804: if (need > loaded_r && need < level_map_w) {
    00001DD5 21 C3 00         [12] 6060 	ld	hl, #195
    00001DD8 39               [ 8] 6061 	add	hl, sp
    00001DD9 2A               [ 8] 6062 	ld	a, (hl+)
    00001DDA 91               [ 4] 6063 	sub	a, c
    00001DDB 7E               [ 8] 6064 	ld	a, (hl)
    00001DDC 98               [ 4] 6065 	sbc	a, b
    00001DDD 30 16            [12] 6066 	jr	NC, 00132$
    00001DDF 21 B7 00         [12] 6067 	ld	hl, #183
    00001DE2 39               [ 8] 6068 	add	hl, sp
    00001DE3 79               [ 4] 6069 	ld	a, c
    00001DE4 96               [ 8] 6070 	sub	a, (hl)
    00001DE5 23               [ 8] 6071 	inc	hl
    00001DE6 78               [ 4] 6072 	ld	a, b
    00001DE7 9E               [ 8] 6073 	sbc	a, (hl)
    00001DE8 30 0B            [12] 6074 	jr	NC, 00132$
                                   6075 ;src/gameplay.c:805: needs_render = 1;
    00001DEA 21 DB 00         [12] 6076 	ld	hl, #219
    00001DED 39               [ 8] 6077 	add	hl, sp
                                   6078 ;src/gameplay.c:806: need_col = need;
    00001DEE 3E 01            [ 8] 6079 	ld	a, #0x01
    00001DF0 32               [ 8] 6080 	ld	(hl-), a
    00001DF1 2B               [ 8] 6081 	dec	hl
    00001DF2 79               [ 4] 6082 	ld	a, c
    00001DF3 22               [ 8] 6083 	ld	(hl+), a
    00001DF4 70               [ 8] 6084 	ld	(hl), b
    00001DF5                       6085 00132$:
                                   6086 ;src/gameplay.c:811: player.world_x = cam_px;
    00001DF5 21 DE 00         [12] 6087 	ld	hl, #222
    00001DF8 39               [ 8] 6088 	add	hl, sp
    00001DF9 7E               [ 8] 6089 	ld	a, (hl)
    00001DFA F8 08            [12] 6090 	ldhl	sp,	#8
    00001DFC 77               [ 8] 6091 	ld	(hl), a
    00001DFD 21 DF 00         [12] 6092 	ld	hl, #223
    00001E00 39               [ 8] 6093 	add	hl, sp
    00001E01 7E               [ 8] 6094 	ld	a, (hl)
    00001E02 F8 09            [12] 6095 	ldhl	sp,	#9
    00001E04 77               [ 8] 6096 	ld	(hl), a
                                   6097 ;src/gameplay.c:758: sp_cache_reset(&active_sp, &sp_stream_idx);
                                   6098 ;src/gameplay.c:814: if ((cam_px >> 4) != sp_cache_col) {
    00001E05 21 D7 00         [12] 6099 	ld	hl, #215
    00001E08 39               [ 8] 6100 	add	hl, sp
    00001E09 7E               [ 8] 6101 	ld	a, (hl)
    00001E0A 21 C8 00         [12] 6102 	ld	hl, #200
    00001E0D 39               [ 8] 6103 	add	hl, sp
    00001E0E 96               [ 8] 6104 	sub	a, (hl)
    00001E0F 20 0C            [12] 6105 	jr	NZ, 00685$
    00001E11 21 D8 00         [12] 6106 	ld	hl, #216
    00001E14 39               [ 8] 6107 	add	hl, sp
    00001E15 7E               [ 8] 6108 	ld	a, (hl)
    00001E16 21 C9 00         [12] 6109 	ld	hl, #201
    00001E19 39               [ 8] 6110 	add	hl, sp
    00001E1A 96               [ 8] 6111 	sub	a, (hl)
    00001E1B 28 2F            [12] 6112 	jr	Z, 00134$
    00001E1D                       6113 00685$:
                                   6114 ;src/gameplay.c:815: sp_cache_update(l, cam_px, &active_sp, &sp_stream_idx);
    00001E1D 21 8F 00         [12] 6115 	ld	hl, #143
    00001E20 39               [ 8] 6116 	add	hl, sp
    00001E21 E5               [16] 6117 	push	hl
    00001E22 21 21 00         [12] 6118 	ld	hl, #33
    00001E25 39               [ 8] 6119 	add	hl, sp
    00001E26 E5               [16] 6120 	push	hl
    00001E27 21 E2 00         [12] 6121 	ld	hl, #226
    00001E2A 39               [ 8] 6122 	add	hl, sp
    00001E2B 2A               [ 8] 6123 	ld	a, (hl+)
    00001E2C 4F               [ 4] 6124 	ld	c, a
    00001E2D 46               [ 8] 6125 	ld	b, (hl)
    00001E2E 21 B5 00         [12] 6126 	ld	hl, #181
    00001E31 39               [ 8] 6127 	add	hl, sp
    00001E32 2A               [ 8] 6128 	ld	a, (hl+)
    00001E33 5F               [ 4] 6129 	ld	e, a
    00001E34 56               [ 8] 6130 	ld	d, (hl)
    00001E35 CDrCFr01         [24] 6131 	call	_sp_cache_update
                                   6132 ;src/gameplay.c:816: sp_cache_col = cam_px >> 4;
    00001E38 21 D7 00         [12] 6133 	ld	hl, #215
    00001E3B 39               [ 8] 6134 	add	hl, sp
    00001E3C 7E               [ 8] 6135 	ld	a, (hl)
    00001E3D 21 C8 00         [12] 6136 	ld	hl, #200
    00001E40 39               [ 8] 6137 	add	hl, sp
    00001E41 77               [ 8] 6138 	ld	(hl), a
    00001E42 21 D8 00         [12] 6139 	ld	hl, #216
    00001E45 39               [ 8] 6140 	add	hl, sp
    00001E46 7E               [ 8] 6141 	ld	a, (hl)
    00001E47 21 C9 00         [12] 6142 	ld	hl, #201
    00001E4A 39               [ 8] 6143 	add	hl, sp
    00001E4B 77               [ 8] 6144 	ld	(hl), a
    00001E4C                       6145 00134$:
                                   6146 ;src/gameplay.c:821: process_sprite_logic(&active_sp, cam_px, &player, joy, &target_bg_idx);
    00001E4C 21 DD 00         [12] 6147 	ld	hl, #221
    00001E4F 39               [ 8] 6148 	add	hl, sp
    00001E50 E5               [16] 6149 	push	hl
    00001E51 21 DE 00         [12] 6150 	ld	hl, #222
    00001E54 39               [ 8] 6151 	add	hl, sp
    00001E55 7E               [ 8] 6152 	ld	a, (hl)
    00001E56 F5               [16] 6153 	push	af
    00001E57 33               [ 8] 6154 	inc	sp
    00001E58 21 0B 00         [12] 6155 	ld	hl, #11
    00001E5B 39               [ 8] 6156 	add	hl, sp
    00001E5C E5               [16] 6157 	push	hl
    00001E5D 21 E3 00         [12] 6158 	ld	hl, #227
    00001E60 39               [ 8] 6159 	add	hl, sp
    00001E61 2A               [ 8] 6160 	ld	a, (hl+)
    00001E62 4F               [ 4] 6161 	ld	c, a
    00001E63 46               [ 8] 6162 	ld	b, (hl)
    00001E64 21 24 00         [12] 6163 	ld	hl, #36
    00001E67 39               [ 8] 6164 	add	hl, sp
    00001E68 5D               [ 4] 6165 	ld	e, l
    00001E69 54               [ 4] 6166 	ld	d, h
    00001E6A CDrD2r09         [24] 6167 	call	_process_sprite_logic
                                   6168 ;src/gameplay.c:823: if (player.reversed != prev_reversed) {
    00001E6D F8 12            [12] 6169 	ldhl	sp,	#18
    00001E6F 4E               [ 8] 6170 	ld	c, (hl)
    00001E70 21 CC 00         [12] 6171 	ld	hl, #204
    00001E73 39               [ 8] 6172 	add	hl, sp
    00001E74 7E               [ 8] 6173 	ld	a, (hl)
    00001E75 91               [ 4] 6174 	sub	a, c
    00001E76 CAr6Ar1F         [16] 6175 	jp	Z, 00141$
                                   6176 ;c:\gbdk\include\gb\gb.h:811: __asm__("di");
    00001E79 F3               [ 4] 6177 	di
                                   6178 ;src/gameplay.c:827: const uint8_t* target_tiles = player.reversed ? l->tiles_rev : l->tiles;
    00001E7A 79               [ 4] 6179 	ld	a, c
    00001E7B B7               [ 4] 6180 	or	a, a
    00001E7C 28 0D            [12] 6181 	jr	Z, 00244$
    00001E7E 21 CF 00         [12] 6182 	ld	hl,#0xcf
    00001E81 39               [ 8] 6183 	add	hl,sp
    00001E82 2A               [ 8] 6184 	ld	a, (hl+)
    00001E83 5F               [ 4] 6185 	ld	e, a
    00001E84 56               [ 8] 6186 	ld	d, (hl)
    00001E85 1A               [ 8] 6187 	ld	a, (de)
    00001E86 4F               [ 4] 6188 	ld	c, a
    00001E87 13               [ 8] 6189 	inc	de
    00001E88 1A               [ 8] 6190 	ld	a, (de)
    00001E89 18 0B            [12] 6191 	jr	00245$
    00001E8B                       6192 00244$:
    00001E8B 21 CD 00         [12] 6193 	ld	hl,#0xcd
    00001E8E 39               [ 8] 6194 	add	hl,sp
    00001E8F 2A               [ 8] 6195 	ld	a, (hl+)
    00001E90 5F               [ 4] 6196 	ld	e, a
    00001E91 56               [ 8] 6197 	ld	d, (hl)
    00001E92 1A               [ 8] 6198 	ld	a, (de)
    00001E93 4F               [ 4] 6199 	ld	c, a
    00001E94 13               [ 8] 6200 	inc	de
    00001E95 1A               [ 8] 6201 	ld	a, (de)
    00001E96                       6202 00245$:
    00001E96 59               [ 4] 6203 	ld	e, c
                                   6204 ;src/gameplay.c:828: load_bkg_tileset(target_tiles, level_tile_count, level_tiles_bank);
    00001E97 21 BB 00         [12] 6205 	ld	hl, #187
    00001E9A 39               [ 8] 6206 	add	hl, sp
    00001E9B 66               [ 8] 6207 	ld	h, (hl)
    00001E9C E5               [16] 6208 	push	hl
    00001E9D 33               [ 8] 6209 	inc	sp
    00001E9E 21 B6 00         [12] 6210 	ld	hl, #182
    00001EA1 39               [ 8] 6211 	add	hl, sp
    00001EA2 4E               [ 8] 6212 	ld	c, (hl)
    00001EA3 23               [ 8] 6213 	inc	hl
    00001EA4 46               [ 8] 6214 	ld	b, (hl)
    00001EA5 57               [ 4] 6215 	ld	d, a
    00001EA6 CDr00r00         [24] 6216 	call	_load_bkg_tileset
                                   6217 ;src/gameplay.c:831: uint16_t start_col = cam_px >> 4;
    00001EA9 21 D7 00         [12] 6218 	ld	hl, #215
    00001EAC 39               [ 8] 6219 	add	hl, sp
    00001EAD 7E               [ 8] 6220 	ld	a, (hl)
    00001EAE F8 02            [12] 6221 	ldhl	sp,	#2
    00001EB0 77               [ 8] 6222 	ld	(hl), a
    00001EB1 21 D8 00         [12] 6223 	ld	hl, #216
    00001EB4 39               [ 8] 6224 	add	hl, sp
    00001EB5 7E               [ 8] 6225 	ld	a, (hl)
    00001EB6 F8 03            [12] 6226 	ldhl	sp,	#3
    00001EB8 77               [ 8] 6227 	ld	(hl), a
                                   6228 ;src/gameplay.c:832: for (uint8_t i = 0; i < 16; i++) {
    00001EB9 21 D8 00         [12] 6229 	ld	hl, #216
    00001EBC 39               [ 8] 6230 	add	hl, sp
    00001EBD 36 00            [12] 6231 	ld	(hl), #0x00
    00001EBF                       6232 00237$:
                                   6233 ;src/gameplay.c:833: uint16_t curr_col = start_col + i;
    00001EBF F8 02            [12] 6234 	ldhl	sp,	#2
    00001EC1 7E               [ 8] 6235 	ld	a, (hl)
    00001EC2 21 C3 00         [12] 6236 	ld	hl, #195
    00001EC5 39               [ 8] 6237 	add	hl, sp
    00001EC6 77               [ 8] 6238 	ld	(hl), a
    00001EC7 F8 03            [12] 6239 	ldhl	sp,	#3
    00001EC9 7E               [ 8] 6240 	ld	a, (hl)
    00001ECA 21 C4 00         [12] 6241 	ld	hl, #196
    00001ECD 39               [ 8] 6242 	add	hl, sp
    00001ECE 77               [ 8] 6243 	ld	(hl), a
                                   6244 ;src/gameplay.c:832: for (uint8_t i = 0; i < 16; i++) {
    00001ECF 21 D8 00         [12] 6245 	ld	hl, #216
    00001ED2 39               [ 8] 6246 	add	hl, sp
    00001ED3 7E               [ 8] 6247 	ld	a, (hl)
    00001ED4 D6 10            [ 8] 6248 	sub	a, #0x10
    00001ED6 30 75            [12] 6249 	jr	NC, 00139$
                                   6250 ;src/gameplay.c:833: uint16_t curr_col = start_col + i;
    00001ED8 4E               [ 8] 6251 	ld	c, (hl)
    00001ED9 06 00            [ 8] 6252 	ld	b, #0x00
    00001EDB 21 C3 00         [12] 6253 	ld	hl, #195
    00001EDE 39               [ 8] 6254 	add	hl, sp
    00001EDF 2A               [ 8] 6255 	ld	a,	(hl+)
    00001EE0 66               [ 8] 6256 	ld	h, (hl)
    00001EE1 6F               [ 4] 6257 	ld	l, a
    00001EE2 09               [ 8] 6258 	add	hl, bc
    00001EE3 4D               [ 4] 6259 	ld	c, l
    00001EE4 7C               [ 4] 6260 	ld	a, h
    00001EE5 21 C3 00         [12] 6261 	ld	hl, #195
    00001EE8 39               [ 8] 6262 	add	hl, sp
    00001EE9 71               [ 8] 6263 	ld	(hl), c
    00001EEA 23               [ 8] 6264 	inc	hl
    00001EEB 77               [ 8] 6265 	ld	(hl), a
                                   6266 ;src/gameplay.c:834: if (curr_col < level_map_w) {
    00001EEC 21 C3 00         [12] 6267 	ld	hl, #195
    00001EEF 39               [ 8] 6268 	add	hl, sp
    00001EF0 5D               [ 4] 6269 	ld	e, l
    00001EF1 54               [ 4] 6270 	ld	d, h
    00001EF2 21 B7 00         [12] 6271 	ld	hl, #183
    00001EF5 39               [ 8] 6272 	add	hl, sp
    00001EF6 1A               [ 8] 6273 	ld	a, (de)
    00001EF7 13               [ 8] 6274 	inc	de
    00001EF8 96               [ 8] 6275 	sub	a, (hl)
    00001EF9 23               [ 8] 6276 	inc	hl
    00001EFA 1A               [ 8] 6277 	ld	a, (de)
    00001EFB 9E               [ 8] 6278 	sbc	a, (hl)
    00001EFC 30 47            [12] 6279 	jr	NC, 00238$
                                   6280 ;src/gameplay.c:835: uint8_t vram_slot = (uint8_t)(curr_col & 15);
    00001EFE 21 C3 00         [12] 6281 	ld	hl, #195
    00001F01 39               [ 8] 6282 	add	hl, sp
    00001F02 7E               [ 8] 6283 	ld	a, (hl)
    00001F03 E6 0F            [ 8] 6284 	and	a, #0x0f
    00001F05 4F               [ 4] 6285 	ld	c, a
                                   6286 ;src/gameplay.c:757: uint8_t prev_reversed = player.reversed;
    00001F06 F8 12            [12] 6287 	ldhl	sp,	#18
    00001F08 7E               [ 8] 6288 	ld	a, (hl)
    00001F09 21 CC 00         [12] 6289 	ld	hl, #204
    00001F0C 39               [ 8] 6290 	add	hl, sp
    00001F0D 77               [ 8] 6291 	ld	(hl), a
                                   6292 ;src/gameplay.c:836: if (player.reversed) vram_slot = (uint8_t)(-(int8_t)vram_slot & 15);
    00001F0E 7E               [ 8] 6293 	ld	a, (hl)
    00001F0F B7               [ 4] 6294 	or	a, a
    00001F10 28 0A            [12] 6295 	jr	Z, 00136$
    00001F12 21 D7 00         [12] 6296 	ld	hl, #215
    00001F15 39               [ 8] 6297 	add	hl, sp
    00001F16 71               [ 8] 6298 	ld	(hl), c
    00001F17 AF               [ 4] 6299 	xor	a, a
    00001F18 96               [ 8] 6300 	sub	a, (hl)
    00001F19 E6 0F            [ 8] 6301 	and	a, #0x0f
    00001F1B 4F               [ 4] 6302 	ld	c, a
    00001F1C                       6303 00136$:
                                   6304 ;src/gameplay.c:837: draw_mt_column(vram_slot, curr_col, level_map, level_map_w, level_map_bank, player.reversed);
    00001F1C 21 CC 00         [12] 6305 	ld	hl, #204
    00001F1F 39               [ 8] 6306 	add	hl, sp
    00001F20 7E               [ 8] 6307 	ld	a, (hl)
    00001F21 F5               [16] 6308 	push	af
    00001F22 33               [ 8] 6309 	inc	sp
    00001F23 21 BD 00         [12] 6310 	ld	hl, #189
    00001F26 39               [ 8] 6311 	add	hl, sp
    00001F27 7E               [ 8] 6312 	ld	a, (hl)
    00001F28 F5               [16] 6313 	push	af
    00001F29 33               [ 8] 6314 	inc	sp
    00001F2A 21 B9 00         [12] 6315 	ld	hl, #185
    00001F2D 39               [ 8] 6316 	add	hl, sp
    00001F2E 2A               [ 8] 6317 	ld	a, (hl+)
    00001F2F 5F               [ 4] 6318 	ld	e, a
    00001F30 56               [ 8] 6319 	ld	d, (hl)
    00001F31 D5               [16] 6320 	push	de
    00001F32 21 B7 00         [12] 6321 	ld	hl, #183
    00001F35 39               [ 8] 6322 	add	hl, sp
    00001F36 2A               [ 8] 6323 	ld	a, (hl+)
    00001F37 5F               [ 4] 6324 	ld	e, a
    00001F38 56               [ 8] 6325 	ld	d, (hl)
    00001F39 D5               [16] 6326 	push	de
    00001F3A 21 C9 00         [12] 6327 	ld	hl, #201
    00001F3D 39               [ 8] 6328 	add	hl, sp
    00001F3E 2A               [ 8] 6329 	ld	a, (hl+)
    00001F3F 5F               [ 4] 6330 	ld	e, a
    00001F40 56               [ 8] 6331 	ld	d, (hl)
    00001F41 79               [ 4] 6332 	ld	a, c
    00001F42 CDr00r00         [24] 6333 	call	_draw_mt_column
    00001F45                       6334 00238$:
                                   6335 ;src/gameplay.c:832: for (uint8_t i = 0; i < 16; i++) {
    00001F45 21 D8 00         [12] 6336 	ld	hl, #216
    00001F48 39               [ 8] 6337 	add	hl, sp
    00001F49 34               [12] 6338 	inc	(hl)
    00001F4A C3rBFr1E         [16] 6339 	jp	00237$
    00001F4D                       6340 00139$:
                                   6341 ;c:\gbdk\include\gb\gb.h:795: __asm__("ei");
    00001F4D FB               [ 4] 6342 	ei
                                   6343 ;src/gameplay.c:842: loaded_r = start_col + 15;
    00001F4E 21 C3 00         [12] 6344 	ld	hl,#0xc3
    00001F51 39               [ 8] 6345 	add	hl,sp
    00001F52 2A               [ 8] 6346 	ld	a, (hl+)
    00001F53 5F               [ 4] 6347 	ld	e, a
    00001F54 56               [ 8] 6348 	ld	d, (hl)
    00001F55 21 0F 00         [12] 6349 	ld	hl, #0x000f
    00001F58 19               [ 8] 6350 	add	hl, de
    00001F59 4D               [ 4] 6351 	ld	c, l
    00001F5A 7C               [ 4] 6352 	ld	a, h
    00001F5B 21 C3 00         [12] 6353 	ld	hl, #195
    00001F5E 39               [ 8] 6354 	add	hl, sp
    00001F5F 71               [ 8] 6355 	ld	(hl), c
    00001F60 23               [ 8] 6356 	inc	hl
    00001F61 77               [ 8] 6357 	ld	(hl), a
                                   6358 ;src/gameplay.c:843: prev_reversed = player.reversed;
    00001F62 F8 12            [12] 6359 	ldhl	sp,	#18
    00001F64 7E               [ 8] 6360 	ld	a, (hl)
    00001F65 21 CC 00         [12] 6361 	ld	hl, #204
    00001F68 39               [ 8] 6362 	add	hl, sp
    00001F69 77               [ 8] 6363 	ld	(hl), a
    00001F6A                       6364 00141$:
                                   6365 ;src/gameplay.c:846: uint16_t collision_col = cam_px >> 4;
    00001F6A 21 DE 00         [12] 6366 	ld	hl, #222
    00001F6D 39               [ 8] 6367 	add	hl, sp
    00001F6E 7E               [ 8] 6368 	ld	a, (hl)
    00001F6F 21 D7 00         [12] 6369 	ld	hl, #215
    00001F72 39               [ 8] 6370 	add	hl, sp
    00001F73 77               [ 8] 6371 	ld	(hl), a
    00001F74 21 DF 00         [12] 6372 	ld	hl, #223
    00001F77 39               [ 8] 6373 	add	hl, sp
    00001F78 7E               [ 8] 6374 	ld	a, (hl)
    00001F79 21 D8 00         [12] 6375 	ld	hl, #216
    00001F7C 39               [ 8] 6376 	add	hl, sp
    00001F7D 77               [ 8] 6377 	ld	(hl), a
    00001F7E CB 3E            [16] 6378 	srl	(hl)
    00001F80 2B               [ 8] 6379 	dec	hl
    00001F81 CB 1E            [16] 6380 	rr	(hl)
    00001F83 23               [ 8] 6381 	inc	hl
    00001F84 CB 3E            [16] 6382 	srl	(hl)
    00001F86 2B               [ 8] 6383 	dec	hl
    00001F87 CB 1E            [16] 6384 	rr	(hl)
    00001F89 23               [ 8] 6385 	inc	hl
    00001F8A CB 3E            [16] 6386 	srl	(hl)
    00001F8C 2B               [ 8] 6387 	dec	hl
    00001F8D CB 1E            [16] 6388 	rr	(hl)
    00001F8F 23               [ 8] 6389 	inc	hl
    00001F90 CB 3E            [16] 6390 	srl	(hl)
    00001F92 2B               [ 8] 6391 	dec	hl
    00001F93 CB 1E            [16] 6392 	rr	(hl)
                                   6393 ;src/gameplay.c:847: if (collision_col != cached_collision_col) {
    00001F95 21 CA 00         [12] 6394 	ld	hl, #202
    00001F98 39               [ 8] 6395 	add	hl, sp
    00001F99 7E               [ 8] 6396 	ld	a, (hl)
    00001F9A 21 D7 00         [12] 6397 	ld	hl, #215
    00001F9D 39               [ 8] 6398 	add	hl, sp
    00001F9E 96               [ 8] 6399 	sub	a, (hl)
    00001F9F 20 0C            [12] 6400 	jr	NZ, 00687$
    00001FA1 21 CB 00         [12] 6401 	ld	hl, #203
    00001FA4 39               [ 8] 6402 	add	hl, sp
    00001FA5 7E               [ 8] 6403 	ld	a, (hl)
    00001FA6 21 D8 00         [12] 6404 	ld	hl, #216
    00001FA9 39               [ 8] 6405 	add	hl, sp
    00001FAA 96               [ 8] 6406 	sub	a, (hl)
    00001FAB 28 39            [12] 6407 	jr	Z, 00143$
    00001FAD                       6408 00687$:
                                   6409 ;src/gameplay.c:849: level_map_bank, collision_columns);
                                   6410 ;src/gameplay.c:848: load_collision_columns(collision_col, level_map, level_map_w,
    00001FAD 21 91 00         [12] 6411 	ld	hl, #145
    00001FB0 39               [ 8] 6412 	add	hl, sp
    00001FB1 E5               [16] 6413 	push	hl
    00001FB2 21 BE 00         [12] 6414 	ld	hl, #190
    00001FB5 39               [ 8] 6415 	add	hl, sp
    00001FB6 7E               [ 8] 6416 	ld	a, (hl)
    00001FB7 F5               [16] 6417 	push	af
    00001FB8 33               [ 8] 6418 	inc	sp
    00001FB9 21 BA 00         [12] 6419 	ld	hl, #186
    00001FBC 39               [ 8] 6420 	add	hl, sp
    00001FBD 2A               [ 8] 6421 	ld	a, (hl+)
    00001FBE 5F               [ 4] 6422 	ld	e, a
    00001FBF 56               [ 8] 6423 	ld	d, (hl)
    00001FC0 D5               [16] 6424 	push	de
    00001FC1 21 B8 00         [12] 6425 	ld	hl, #184
    00001FC4 39               [ 8] 6426 	add	hl, sp
    00001FC5 2A               [ 8] 6427 	ld	a, (hl+)
    00001FC6 4F               [ 4] 6428 	ld	c, a
    00001FC7 46               [ 8] 6429 	ld	b, (hl)
    00001FC8 21 DC 00         [12] 6430 	ld	hl, #220
    00001FCB 39               [ 8] 6431 	add	hl, sp
    00001FCC 2A               [ 8] 6432 	ld	a, (hl+)
    00001FCD 5F               [ 4] 6433 	ld	e, a
    00001FCE 56               [ 8] 6434 	ld	d, (hl)
    00001FCF CDr00r00         [24] 6435 	call	_load_collision_columns
                                   6436 ;src/gameplay.c:850: cached_collision_col = collision_col;
    00001FD2 21 D7 00         [12] 6437 	ld	hl, #215
    00001FD5 39               [ 8] 6438 	add	hl, sp
    00001FD6 7E               [ 8] 6439 	ld	a, (hl)
    00001FD7 21 CA 00         [12] 6440 	ld	hl, #202
    00001FDA 39               [ 8] 6441 	add	hl, sp
    00001FDB 77               [ 8] 6442 	ld	(hl), a
    00001FDC 21 D8 00         [12] 6443 	ld	hl, #216
    00001FDF 39               [ 8] 6444 	add	hl, sp
    00001FE0 7E               [ 8] 6445 	ld	a, (hl)
    00001FE1 21 CB 00         [12] 6446 	ld	hl, #203
    00001FE4 39               [ 8] 6447 	add	hl, sp
    00001FE5 77               [ 8] 6448 	ld	(hl), a
    00001FE6                       6449 00143$:
                                   6450 ;src/gameplay.c:853: died = player_update(&player, joy, collision_columns, level_map_h);
                                   6451 ;src/gameplay.c:719: player_init(&player, 0, 240);
                                   6452 ;src/gameplay.c:853: died = player_update(&player, joy, collision_columns, level_map_h);
    00001FE6 21 B9 00         [12] 6453 	ld	hl, #185
    00001FE9 39               [ 8] 6454 	add	hl, sp
    00001FEA 2A               [ 8] 6455 	ld	a, (hl+)
    00001FEB 5F               [ 4] 6456 	ld	e, a
    00001FEC 56               [ 8] 6457 	ld	d, (hl)
    00001FED D5               [16] 6458 	push	de
    00001FEE 21 93 00         [12] 6459 	ld	hl, #147
    00001FF1 39               [ 8] 6460 	add	hl, sp
    00001FF2 E5               [16] 6461 	push	hl
    00001FF3 21 E0 00         [12] 6462 	ld	hl, #224
    00001FF6 39               [ 8] 6463 	add	hl, sp
    00001FF7 7E               [ 8] 6464 	ld	a, (hl)
    00001FF8 21 0C 00         [12] 6465 	ld	hl, #12
    00001FFB 39               [ 8] 6466 	add	hl, sp
    00001FFC 5D               [ 4] 6467 	ld	e, l
    00001FFD 54               [ 4] 6468 	ld	d, h
    00001FFE CDr00r00         [24] 6469 	call	_player_update
    00002001 21 D7 00         [12] 6470 	ld	hl, #215
    00002004 39               [ 8] 6471 	add	hl, sp
    00002005 77               [ 8] 6472 	ld	(hl), a
                                   6473 ;src/gameplay.c:855: py = player_screen_y(&player, cam_py);
    00002006 21 BF 00         [12] 6474 	ld	hl, #191
    00002009 39               [ 8] 6475 	add	hl, sp
    0000200A 2A               [ 8] 6476 	ld	a, (hl+)
    0000200B 4F               [ 4] 6477 	ld	c, a
    0000200C 46               [ 8] 6478 	ld	b, (hl)
    0000200D 21 08 00         [12] 6479 	ld	hl, #8
    00002010 39               [ 8] 6480 	add	hl, sp
    00002011 5D               [ 4] 6481 	ld	e, l
    00002012 54               [ 4] 6482 	ld	d, h
    00002013 CDr00r00         [24] 6483 	call	_player_screen_y
                                   6484 ;src/gameplay.c:856: if (py < CAM_Y_TOP_ZONE) {
    00002016 F8 02            [12] 6485 	ldhl	sp,	#2
    00002018 79               [ 4] 6486 	ld	a, c
    00002019 22               [ 8] 6487 	ld	(hl+), a
    0000201A 78               [ 4] 6488 	ld	a, b
    0000201B 32               [ 8] 6489 	ld	(hl-), a
    0000201C 2A               [ 8] 6490 	ld	a, (hl+)
    0000201D D6 14            [ 8] 6491 	sub	a, #0x14
    0000201F 7E               [ 8] 6492 	ld	a, (hl)
    00002020 DE 00            [ 8] 6493 	sbc	a, #0x00
    00002022 56               [ 8] 6494 	ld	d, (hl)
    00002023 3E 00            [ 8] 6495 	ld	a, #0x00
    00002025 CB 7F            [ 8] 6496 	bit	7,a
    00002027 28 07            [12] 6497 	jr	Z, 00688$
    00002029 CB 7A            [ 8] 6498 	bit	7, d
    0000202B 20 08            [12] 6499 	jr	NZ, 00689$
    0000202D BF               [ 4] 6500 	cp	a, a
    0000202E 18 05            [12] 6501 	jr	00689$
    00002030                       6502 00688$:
    00002030 CB 7A            [ 8] 6503 	bit	7, d
    00002032 28 01            [12] 6504 	jr	Z, 00689$
    00002034 37               [ 4] 6505 	scf
    00002035                       6506 00689$:
    00002035 30 2D            [12] 6507 	jr	NC, 00155$
                                   6508 ;src/gameplay.c:857: int16_t target_cam_py = (int16_t)player.world_y.b.h - CAM_Y_TOP_ZONE;
    00002037 F8 0B            [12] 6509 	ldhl	sp,	#11
    00002039 7E               [ 8] 6510 	ld	a, (hl)
    0000203A 2E 00            [ 8] 6511 	ld	l, #0x00
    0000203C C6 EC            [ 8] 6512 	add	a, #0xec
    0000203E 4F               [ 4] 6513 	ld	c, a
    0000203F 7D               [ 4] 6514 	ld	a, l
    00002040 CE FF            [ 8] 6515 	adc	a, #0xff
    00002042 47               [ 4] 6516 	ld	b, a
                                   6517 ;src/gameplay.c:858: if (target_cam_py < 0) target_cam_py = 0;
    00002043 60               [ 4] 6518 	ld	h, b
    00002044 CB 7C            [ 8] 6519 	bit	7, h
    00002046 28 03            [12] 6520 	jr	Z, 00145$
    00002048 01 00 00         [12] 6521 	ld	bc, #0x0000
    0000204B                       6522 00145$:
                                   6523 ;src/gameplay.c:859: if ((uint16_t)target_cam_py > cam_py_max) target_cam_py = (int16_t)cam_py_max;
    0000204B 59               [ 4] 6524 	ld	e, c
    0000204C 50               [ 4] 6525 	ld	d, b
    0000204D 21 C1 00         [12] 6526 	ld	hl, #193
    00002050 39               [ 8] 6527 	add	hl, sp
    00002051 2A               [ 8] 6528 	ld	a, (hl+)
    00002052 93               [ 4] 6529 	sub	a, e
    00002053 7E               [ 8] 6530 	ld	a, (hl)
    00002054 9A               [ 4] 6531 	sbc	a, d
    00002055 30 04            [12] 6532 	jr	NC, 00147$
    00002057 2B               [ 8] 6533 	dec	hl
    00002058 2A               [ 8] 6534 	ld	a, (hl+)
    00002059 4F               [ 4] 6535 	ld	c, a
    0000205A 46               [ 8] 6536 	ld	b, (hl)
    0000205B                       6537 00147$:
                                   6538 ;src/gameplay.c:860: cam_py = (uint16_t)target_cam_py;
    0000205B 21 BF 00         [12] 6539 	ld	hl, #191
    0000205E 39               [ 8] 6540 	add	hl, sp
    0000205F 79               [ 4] 6541 	ld	a, c
    00002060 22               [ 8] 6542 	ld	(hl+), a
    00002061 70               [ 8] 6543 	ld	(hl), b
    00002062 18 36            [12] 6544 	jr	00156$
    00002064                       6545 00155$:
                                   6546 ;src/gameplay.c:862: else if (py > CAM_Y_BOTTOM_ZONE) {
    00002064 F8 02            [12] 6547 	ldhl	sp,	#2
    00002066 3E 64            [ 8] 6548 	ld	a, #0x64
    00002068 96               [ 8] 6549 	sub	a, (hl)
    00002069 23               [ 8] 6550 	inc	hl
    0000206A 3E 00            [ 8] 6551 	ld	a, #0x00
    0000206C 9E               [ 8] 6552 	sbc	a, (hl)
    0000206D 30 2B            [12] 6553 	jr	NC, 00156$
                                   6554 ;src/gameplay.c:863: int16_t target_cam_py = (int16_t)player.world_y.b.h - CAM_Y_BOTTOM_ZONE;
    0000206F F8 0B            [12] 6555 	ldhl	sp,	#11
    00002071 7E               [ 8] 6556 	ld	a, (hl)
    00002072 2E 00            [ 8] 6557 	ld	l, #0x00
    00002074 C6 9C            [ 8] 6558 	add	a, #0x9c
    00002076 4F               [ 4] 6559 	ld	c, a
    00002077 7D               [ 4] 6560 	ld	a, l
    00002078 CE FF            [ 8] 6561 	adc	a, #0xff
    0000207A 47               [ 4] 6562 	ld	b, a
                                   6563 ;src/gameplay.c:864: if (target_cam_py < 0) target_cam_py = 0;
    0000207B 60               [ 4] 6564 	ld	h, b
    0000207C CB 7C            [ 8] 6565 	bit	7, h
    0000207E 28 03            [12] 6566 	jr	Z, 00149$
    00002080 01 00 00         [12] 6567 	ld	bc, #0x0000
    00002083                       6568 00149$:
                                   6569 ;src/gameplay.c:865: if ((uint16_t)target_cam_py > cam_py_max) target_cam_py = (int16_t)cam_py_max;
    00002083 59               [ 4] 6570 	ld	e, c
    00002084 50               [ 4] 6571 	ld	d, b
    00002085 21 C1 00         [12] 6572 	ld	hl, #193
    00002088 39               [ 8] 6573 	add	hl, sp
    00002089 2A               [ 8] 6574 	ld	a, (hl+)
    0000208A 93               [ 4] 6575 	sub	a, e
    0000208B 7E               [ 8] 6576 	ld	a, (hl)
    0000208C 9A               [ 4] 6577 	sbc	a, d
    0000208D 30 04            [12] 6578 	jr	NC, 00151$
    0000208F 2B               [ 8] 6579 	dec	hl
    00002090 2A               [ 8] 6580 	ld	a, (hl+)
    00002091 4F               [ 4] 6581 	ld	c, a
    00002092 46               [ 8] 6582 	ld	b, (hl)
    00002093                       6583 00151$:
                                   6584 ;src/gameplay.c:866: cam_py = (uint16_t)target_cam_py;
    00002093 21 BF 00         [12] 6585 	ld	hl, #191
    00002096 39               [ 8] 6586 	add	hl, sp
    00002097 79               [ 4] 6587 	ld	a, c
    00002098 22               [ 8] 6588 	ld	(hl+), a
    00002099 70               [ 8] 6589 	ld	(hl), b
    0000209A                       6590 00156$:
                                   6591 ;src/gameplay.c:871: if (player.reversed) {
    0000209A F8 12            [12] 6592 	ldhl	sp,	#18
    0000209C 7E               [ 8] 6593 	ld	a, (hl)
    0000209D B7               [ 4] 6594 	or	a, a
    0000209E 28 21            [12] 6595 	jr	Z, 00158$
                                   6596 ;src/gameplay.c:873: scroll_px = (uint16_t)(-(int16_t)cam_px - 128);
    000020A0 21 DE 00         [12] 6597 	ld	hl, #222
    000020A3 39               [ 8] 6598 	add	hl, sp
    000020A4 2A               [ 8] 6599 	ld	a, (hl+)
    000020A5 4F               [ 4] 6600 	ld	c, a
    000020A6 46               [ 8] 6601 	ld	b, (hl)
    000020A7 AF               [ 4] 6602 	xor	a, a
    000020A8 91               [ 4] 6603 	sub	a, c
    000020A9 4F               [ 4] 6604 	ld	c, a
    000020AA 9F               [ 4] 6605 	sbc	a, a
    000020AB 90               [ 4] 6606 	sub	a, b
    000020AC 47               [ 4] 6607 	ld	b, a
    000020AD 79               [ 4] 6608 	ld	a, c
    000020AE C6 80            [ 8] 6609 	add	a, #0x80
    000020B0 4F               [ 4] 6610 	ld	c, a
    000020B1 78               [ 4] 6611 	ld	a, b
    000020B2 CE FF            [ 8] 6612 	adc	a, #0xff
    000020B4 F8 00            [12] 6613 	ldhl	sp,	#0
    000020B6 71               [ 8] 6614 	ld	(hl), c
    000020B7 23               [ 8] 6615 	inc	hl
    000020B8 77               [ 8] 6616 	ld	(hl), a
                                   6617 ;src/gameplay.c:874: sprite_x_final = 128; // Mirrored player position
    000020B9 21 DC 00         [12] 6618 	ld	hl, #220
    000020BC 39               [ 8] 6619 	add	hl, sp
    000020BD 36 80            [12] 6620 	ld	(hl), #0x80
    000020BF 18 35            [12] 6621 	jr	00159$
    000020C1                       6622 00158$:
                                   6623 ;src/gameplay.c:876: scroll_px = (cam_px > PLAYER_SCREEN_X) ? (cam_px - PLAYER_SCREEN_X) : 0;
    000020C1 21 DE 00         [12] 6624 	ld	hl, #222
    000020C4 39               [ 8] 6625 	add	hl, sp
    000020C5 2A               [ 8] 6626 	ld	a, (hl+)
    000020C6 4F               [ 4] 6627 	ld	c, a
    000020C7 46               [ 8] 6628 	ld	b, (hl)
    000020C8 3E 20            [ 8] 6629 	ld	a, #0x20
    000020CA B9               [ 4] 6630 	cp	a, c
    000020CB 3E 00            [ 8] 6631 	ld	a, #0x00
    000020CD 98               [ 4] 6632 	sbc	a, b
    000020CE 30 09            [12] 6633 	jr	NC, 00246$
    000020D0 79               [ 4] 6634 	ld	a, c
    000020D1 C6 E0            [ 8] 6635 	add	a, #0xe0
    000020D3 5F               [ 4] 6636 	ld	e, a
    000020D4 78               [ 4] 6637 	ld	a, b
    000020D5 CE FF            [ 8] 6638 	adc	a, #0xff
    000020D7 18 02            [12] 6639 	jr	00247$
    000020D9                       6640 00246$:
    000020D9 AF               [ 4] 6641 	xor	a, a
    000020DA 5F               [ 4] 6642 	ld	e, a
    000020DB                       6643 00247$:
    000020DB F8 00            [12] 6644 	ldhl	sp,	#0
    000020DD 73               [ 8] 6645 	ld	(hl), e
    000020DE 23               [ 8] 6646 	inc	hl
    000020DF 77               [ 8] 6647 	ld	(hl), a
                                   6648 ;src/gameplay.c:877: sprite_x_final = (cam_px < PLAYER_SCREEN_X) ? (uint8_t)cam_px : PLAYER_SCREEN_X;
    000020E0 79               [ 4] 6649 	ld	a, c
    000020E1 D6 20            [ 8] 6650 	sub	a, #0x20
    000020E3 78               [ 4] 6651 	ld	a, b
    000020E4 DE 00            [ 8] 6652 	sbc	a, #0x00
    000020E6 30 07            [12] 6653 	jr	NC, 00248$
    000020E8 21 DE 00         [12] 6654 	ld	hl, #222
    000020EB 39               [ 8] 6655 	add	hl, sp
    000020EC 7E               [ 8] 6656 	ld	a, (hl)
    000020ED 18 02            [12] 6657 	jr	00249$
    000020EF                       6658 00248$:
    000020EF 3E 20            [ 8] 6659 	ld	a, #0x20
    000020F1                       6660 00249$:
    000020F1 21 DC 00         [12] 6661 	ld	hl, #220
    000020F4 39               [ 8] 6662 	add	hl, sp
    000020F5 77               [ 8] 6663 	ld	(hl), a
    000020F6                       6664 00159$:
                                   6665 ;src/gameplay.c:879: int16_t final_py = player_screen_y(&player, cam_py);
    000020F6 21 BF 00         [12] 6666 	ld	hl, #191
    000020F9 39               [ 8] 6667 	add	hl, sp
    000020FA 2A               [ 8] 6668 	ld	a, (hl+)
    000020FB 4F               [ 4] 6669 	ld	c, a
    000020FC 46               [ 8] 6670 	ld	b, (hl)
    000020FD 21 08 00         [12] 6671 	ld	hl, #8
    00002100 39               [ 8] 6672 	add	hl, sp
    00002101 5D               [ 4] 6673 	ld	e, l
    00002102 54               [ 4] 6674 	ld	d, h
    00002103 CDr00r00         [24] 6675 	call	_player_screen_y
    00002106 F8 02            [12] 6676 	ldhl	sp,	#2
    00002108 79               [ 4] 6677 	ld	a, c
    00002109 22               [ 8] 6678 	ld	(hl+), a
    0000210A 70               [ 8] 6679 	ld	(hl), b
                                   6680 ;src/gameplay.c:881: wait_vbl_done();
    0000210B CDr00r00         [24] 6681 	call	_wait_vbl_done
                                   6682 ;src/gameplay.c:882: BGP_REG = bg_pals[target_bg_idx];
    0000210E E5               [16] 6683 	push	hl
    0000210F 21 06 00         [12] 6684 	ld	hl, #6
    00002112 39               [ 8] 6685 	add	hl, sp
    00002113 5D               [ 4] 6686 	ld	e, l
    00002114 54               [ 4] 6687 	ld	d, h
    00002115 E1               [12] 6688 	pop	hl
    00002116 21 DD 00         [12] 6689 	ld	hl, #221
    00002119 39               [ 8] 6690 	add	hl, sp
    0000211A 6E               [ 8] 6691 	ld	l, (hl)
    0000211B 26 00            [ 8] 6692 	ld	h, #0x00
    0000211D 19               [ 8] 6693 	add	hl, de
    0000211E 4D               [ 4] 6694 	ld	c, l
    0000211F 44               [ 4] 6695 	ld	b, h
    00002120 0A               [ 8] 6696 	ld	a, (bc)
    00002121 E0r00            [12] 6697 	ldh	(_BGP_REG + 0), a
                                   6698 ;src/gameplay.c:883: move_bkg((uint8_t)scroll_px, (uint8_t)cam_py);
    00002123 21 BF 00         [12] 6699 	ld	hl, #191
    00002126 39               [ 8] 6700 	add	hl, sp
    00002127 4E               [ 8] 6701 	ld	c, (hl)
    00002128 F8 00            [12] 6702 	ldhl	sp,	#0
    0000212A 7E               [ 8] 6703 	ld	a, (hl)
    0000212B E0r00            [12] 6704 	ldh	(_SCX_REG + 0), a
                                   6705 ;c:\gbdk\include\gb\gb.h:1461: SCX_REG=x, SCY_REG=y;
    0000212D 79               [ 4] 6706 	ld	a, c
    0000212E E0r00            [12] 6707 	ldh	(_SCY_REG + 0), a
                                   6708 ;src/gameplay.c:885: if (needs_render) {
    00002130 21 DB 00         [12] 6709 	ld	hl, #219
    00002133 39               [ 8] 6710 	add	hl, sp
    00002134 7E               [ 8] 6711 	ld	a, (hl)
    00002135 B7               [ 4] 6712 	or	a, a
    00002136 28 53            [12] 6713 	jr	Z, 00163$
                                   6714 ;src/gameplay.c:886: loaded_r = need_col;
    00002138 2B               [ 8] 6715 	dec	hl
    00002139 2B               [ 8] 6716 	dec	hl
    0000213A 7E               [ 8] 6717 	ld	a, (hl)
    0000213B 21 C3 00         [12] 6718 	ld	hl, #195
    0000213E 39               [ 8] 6719 	add	hl, sp
    0000213F 77               [ 8] 6720 	ld	(hl), a
    00002140 21 DA 00         [12] 6721 	ld	hl, #218
    00002143 39               [ 8] 6722 	add	hl, sp
    00002144 7E               [ 8] 6723 	ld	a, (hl)
    00002145 21 C4 00         [12] 6724 	ld	hl, #196
    00002148 39               [ 8] 6725 	add	hl, sp
    00002149 77               [ 8] 6726 	ld	(hl), a
                                   6727 ;src/gameplay.c:887: uint8_t vram_slot = (uint8_t)(need_col & 15);
    0000214A 21 D9 00         [12] 6728 	ld	hl, #217
    0000214D 39               [ 8] 6729 	add	hl, sp
    0000214E 2A               [ 8] 6730 	ld	a, (hl+)
    0000214F 23               [ 8] 6731 	inc	hl
    00002150 77               [ 8] 6732 	ld	(hl), a
    00002151 7E               [ 8] 6733 	ld	a, (hl)
    00002152 E6 0F            [ 8] 6734 	and	a, #0x0f
    00002154 77               [ 8] 6735 	ld	(hl), a
                                   6736 ;src/gameplay.c:757: uint8_t prev_reversed = player.reversed;
    00002155 F8 12            [12] 6737 	ldhl	sp,	#18
    00002157 4E               [ 8] 6738 	ld	c, (hl)
                                   6739 ;src/gameplay.c:889: if (player.reversed) vram_slot = (uint8_t)(-(int8_t)vram_slot & 15);
    00002158 79               [ 4] 6740 	ld	a, c
    00002159 B7               [ 4] 6741 	or	a, a
    0000215A 28 09            [12] 6742 	jr	Z, 00161$
    0000215C 21 DB 00         [12] 6743 	ld	hl, #219
    0000215F 39               [ 8] 6744 	add	hl, sp
    00002160 AF               [ 4] 6745 	xor	a, a
    00002161 96               [ 8] 6746 	sub	a, (hl)
    00002162 E6 0F            [ 8] 6747 	and	a, #0x0f
    00002164 77               [ 8] 6748 	ld	(hl), a
    00002165                       6749 00161$:
                                   6750 ;src/gameplay.c:890: draw_mt_column(vram_slot, need_col, level_map, level_map_w, level_map_bank, player.reversed);
    00002165 79               [ 4] 6751 	ld	a, c
    00002166 F5               [16] 6752 	push	af
    00002167 33               [ 8] 6753 	inc	sp
    00002168 21 BD 00         [12] 6754 	ld	hl, #189
    0000216B 39               [ 8] 6755 	add	hl, sp
    0000216C 7E               [ 8] 6756 	ld	a, (hl)
    0000216D F5               [16] 6757 	push	af
    0000216E 33               [ 8] 6758 	inc	sp
    0000216F 21 B9 00         [12] 6759 	ld	hl, #185
    00002172 39               [ 8] 6760 	add	hl, sp
    00002173 2A               [ 8] 6761 	ld	a, (hl+)
    00002174 5F               [ 4] 6762 	ld	e, a
    00002175 56               [ 8] 6763 	ld	d, (hl)
    00002176 D5               [16] 6764 	push	de
    00002177 21 B7 00         [12] 6765 	ld	hl, #183
    0000217A 39               [ 8] 6766 	add	hl, sp
    0000217B 2A               [ 8] 6767 	ld	a, (hl+)
    0000217C 5F               [ 4] 6768 	ld	e, a
    0000217D 56               [ 8] 6769 	ld	d, (hl)
    0000217E D5               [16] 6770 	push	de
    0000217F 21 DF 00         [12] 6771 	ld	hl, #223
    00002182 39               [ 8] 6772 	add	hl, sp
    00002183 2A               [ 8] 6773 	ld	a, (hl+)
    00002184 5F               [ 4] 6774 	ld	e, a
    00002185 2A               [ 8] 6775 	ld	a, (hl+)
    00002186 57               [ 4] 6776 	ld	d, a
    00002187 7E               [ 8] 6777 	ld	a, (hl)
    00002188 CDr00r00         [24] 6778 	call	_draw_mt_column
    0000218B                       6779 00163$:
                                   6780 ;src/gameplay.c:893: uint8_t oam_index = draw_sprites(
    0000218B F8 12            [12] 6781 	ldhl	sp,	#18
    0000218D 46               [ 8] 6782 	ld	b, (hl)
    0000218E AF               [ 4] 6783 	xor	a, a
    0000218F F5               [16] 6784 	push	af
    00002190 33               [ 8] 6785 	inc	sp
    00002191 C5               [16] 6786 	push	bc
    00002192 33               [ 8] 6787 	inc	sp
    00002193 21 C1 00         [12] 6788 	ld	hl, #193
    00002196 39               [ 8] 6789 	add	hl, sp
    00002197 2A               [ 8] 6790 	ld	a, (hl+)
    00002198 5F               [ 4] 6791 	ld	e, a
    00002199 56               [ 8] 6792 	ld	d, (hl)
    0000219A D5               [16] 6793 	push	de
    0000219B 21 E2 00         [12] 6794 	ld	hl, #226
    0000219E 39               [ 8] 6795 	add	hl, sp
    0000219F 2A               [ 8] 6796 	ld	a, (hl+)
    000021A0 4F               [ 4] 6797 	ld	c, a
    000021A1 46               [ 8] 6798 	ld	b, (hl)
    000021A2 21 23 00         [12] 6799 	ld	hl, #35
    000021A5 39               [ 8] 6800 	add	hl, sp
    000021A6 5D               [ 4] 6801 	ld	e, l
    000021A7 54               [ 4] 6802 	ld	d, h
    000021A8 CDrC4r14         [24] 6803 	call	_draw_sprites
    000021AB 21 D8 00         [12] 6804 	ld	hl, #216
    000021AE 39               [ 8] 6805 	add	hl, sp
    000021AF 77               [ 8] 6806 	ld	(hl), a
                                   6807 ;src/gameplay.c:898: if (player.mode == MODE_SHIP) {
    000021B0 F8 11            [12] 6808 	ldhl	sp,	#17
    000021B2 7E               [ 8] 6809 	ld	a, (hl)
    000021B3 21 D9 00         [12] 6810 	ld	hl, #217
    000021B6 39               [ 8] 6811 	add	hl, sp
    000021B7 77               [ 8] 6812 	ld	(hl), a
                                   6813 ;src/gameplay.c:757: uint8_t prev_reversed = player.reversed;
    000021B8 F8 12            [12] 6814 	ldhl	sp,	#18
    000021BA 7E               [ 8] 6815 	ld	a, (hl)
    000021BB 21 DA 00         [12] 6816 	ld	hl, #218
    000021BE 39               [ 8] 6817 	add	hl, sp
    000021BF 77               [ 8] 6818 	ld	(hl), a
                                   6819 ;src/gameplay.c:900: if (player.reversed) oam_index += move_metasprite_hvflip(ship_metasprites[0], 0, oam_index, sprite_x_final + 24, final_py + 24);
    000021C0 F8 02            [12] 6820 	ldhl	sp,	#2
    000021C2 7E               [ 8] 6821 	ld	a, (hl)
    000021C3 21 DB 00         [12] 6822 	ld	hl, #219
    000021C6 39               [ 8] 6823 	add	hl, sp
                                   6824 ;src/gameplay.c:898: if (player.mode == MODE_SHIP) {
    000021C7 32               [ 8] 6825 	ld	(hl-), a
    000021C8 2B               [ 8] 6826 	dec	hl
    000021C9 7E               [ 8] 6827 	ld	a, (hl)
    000021CA 3D               [ 4] 6828 	dec	a
    000021CB C2r21r23         [16] 6829 	jp	NZ, 00195$
                                   6830 ;src/gameplay.c:899: if (player.gravity_flipped) {
    000021CE F8 10            [12] 6831 	ldhl	sp,	#16
    000021D0 7E               [ 8] 6832 	ld	a, (hl)
    000021D1 B7               [ 4] 6833 	or	a, a
    000021D2 CArA9r22         [16] 6834 	jp	Z, 00171$
                                   6835 ;c:\gbdk\include\gb\metasprites.h:293: return __move_metasprite_hvflip(base_sprite, ((y - ((LCDC_REG & LCDCF_OBJ16) ? 16u : 8u)) << 8) | (uint8_t)(x - 8));
    000021D5 F0r00            [12] 6836 	ldh	a, (_LCDC_REG + 0)
    000021D7 E6 04            [ 8] 6837 	and	a, #0x04
    000021D9 21 D9 00         [12] 6838 	ld	hl, #217
    000021DC 39               [ 8] 6839 	add	hl, sp
                                   6840 ;src/gameplay.c:900: if (player.reversed) oam_index += move_metasprite_hvflip(ship_metasprites[0], 0, oam_index, sprite_x_final + 24, final_py + 24);
    000021DD 22               [ 8] 6841 	ld	(hl+), a
    000021DE 7E               [ 8] 6842 	ld	a, (hl)
    000021DF B7               [ 4] 6843 	or	a, a
    000021E0 28 63            [12] 6844 	jr	Z, 00165$
    000021E2 23               [ 8] 6845 	inc	hl
    000021E3 7E               [ 8] 6846 	ld	a, (hl)
    000021E4 C6 18            [ 8] 6847 	add	a, #0x18
    000021E6 22               [ 8] 6848 	ld	(hl+), a
    000021E7 7E               [ 8] 6849 	ld	a, (hl)
    000021E8 C6 18            [ 8] 6850 	add	a, #0x18
    000021EA 77               [ 8] 6851 	ld	(hl), a
    000021EB 21r00r00         [12] 6852 	ld	hl, #_ship_metasprites
    000021EE 2A               [ 8] 6853 	ld	a, (hl+)
    000021EF 4F               [ 4] 6854 	ld	c, a
    000021F0 46               [ 8] 6855 	ld	b, (hl)
    000021F1 21 D8 00         [12] 6856 	ld	hl, #216
    000021F4 39               [ 8] 6857 	add	hl, sp
    000021F5 2A               [ 8] 6858 	ld	a, (hl+)
    000021F6 23               [ 8] 6859 	inc	hl
    000021F7 77               [ 8] 6860 	ld	(hl), a
                                   6861 ;c:\gbdk\include\gb\metasprites.h:290: __current_metasprite = metasprite;
    000021F8 21r00r00         [12] 6862 	ld	hl, #___current_metasprite
    000021FB 79               [ 4] 6863 	ld	a, c
    000021FC 22               [ 8] 6864 	ld	(hl+), a
    000021FD 70               [ 8] 6865 	ld	(hl), b
                                   6866 ;c:\gbdk\include\gb\metasprites.h:291: __current_base_tile = base_tile;
                                   6867 ;c:\gbdk\include\gb\metasprites.h:292: __current_base_prop = 0;
    000021FE AF               [ 4] 6868 	xor	a, a
    000021FF EAr00r00         [16] 6869 	ld	(#___current_base_tile), a
    00002202 EAr00r00         [16] 6870 	ld	(#___current_base_prop),a
                                   6871 ;c:\gbdk\include\gb\metasprites.h:293: return __move_metasprite_hvflip(base_sprite, ((y - ((LCDC_REG & LCDCF_OBJ16) ? 16u : 8u)) << 8) | (uint8_t)(x - 8));
    00002205 21 D9 00         [12] 6872 	ld	hl, #217
    00002208 39               [ 8] 6873 	add	hl, sp
    00002209 7E               [ 8] 6874 	ld	a, (hl)
    0000220A B7               [ 4] 6875 	or	a, a
    0000220B 28 09            [12] 6876 	jr	Z, 00250$
    0000220D F8 02            [12] 6877 	ldhl	sp,	#2
    0000220F 3E 10            [ 8] 6878 	ld	a, #0x10
    00002211 22               [ 8] 6879 	ld	(hl+), a
    00002212 AF               [ 4] 6880 	xor	a, a
    00002213 77               [ 8] 6881 	ld	(hl), a
    00002214 18 07            [12] 6882 	jr	00251$
    00002216                       6883 00250$:
    00002216 F8 02            [12] 6884 	ldhl	sp,	#2
    00002218 3E 08            [ 8] 6885 	ld	a, #0x08
    0000221A 22               [ 8] 6886 	ld	(hl+), a
    0000221B AF               [ 4] 6887 	xor	a, a
    0000221C 77               [ 8] 6888 	ld	(hl), a
    0000221D                       6889 00251$:
    0000221D 21 DB 00         [12] 6890 	ld	hl, #219
    00002220 39               [ 8] 6891 	add	hl, sp
    00002221 5E               [ 8] 6892 	ld	e, (hl)
    00002222 F8 02            [12] 6893 	ldhl	sp,	#2
    00002224 2A               [ 8] 6894 	ld	a,	(hl+)
    00002225 66               [ 8] 6895 	ld	h, (hl)
    00002226 6F               [ 4] 6896 	ld	l, a
    00002227 7B               [ 4] 6897 	ld	a, e
    00002228 95               [ 4] 6898 	sub	a, l
    00002229 47               [ 4] 6899 	ld	b, a
    0000222A 21 DC 00         [12] 6900 	ld	hl, #220
    0000222D 39               [ 8] 6901 	add	hl, sp
    0000222E 3A               [ 8] 6902 	ld	a, (hl-)
    0000222F 2B               [ 8] 6903 	dec	hl
    00002230 C6 F8            [ 8] 6904 	add	a, #0xf8
    00002232 5F               [ 4] 6905 	ld	e, a
    00002233 50               [ 4] 6906 	ld	d, b
    00002234 7E               [ 8] 6907 	ld	a, (hl)
    00002235 CDr00r00         [24] 6908 	call	___move_metasprite_hvflip
                                   6909 ;src/gameplay.c:900: if (player.reversed) oam_index += move_metasprite_hvflip(ship_metasprites[0], 0, oam_index, sprite_x_final + 24, final_py + 24);
    00002238 21 D8 00         [12] 6910 	ld	hl, #216
    0000223B 39               [ 8] 6911 	add	hl, sp
    0000223C 86               [ 8] 6912 	add	a, (hl)
    0000223D 21 DC 00         [12] 6913 	ld	hl, #220
    00002240 39               [ 8] 6914 	add	hl, sp
    00002241 77               [ 8] 6915 	ld	(hl), a
    00002242 C3rAFr25         [16] 6916 	jp	00196$
    00002245                       6917 00165$:
                                   6918 ;src/gameplay.c:901: else oam_index += move_metasprite_hflip(ship_metasprites[0], 0, oam_index, sprite_x_final + 8, final_py + 32);
    00002245 21 DB 00         [12] 6919 	ld	hl, #219
    00002248 39               [ 8] 6920 	add	hl, sp
    00002249 7E               [ 8] 6921 	ld	a, (hl)
    0000224A C6 20            [ 8] 6922 	add	a, #0x20
    0000224C 22               [ 8] 6923 	ld	(hl+), a
    0000224D 7E               [ 8] 6924 	ld	a, (hl)
    0000224E C6 08            [ 8] 6925 	add	a, #0x08
    00002250 77               [ 8] 6926 	ld	(hl), a
    00002251 21r00r00         [12] 6927 	ld	hl, #_ship_metasprites
    00002254 2A               [ 8] 6928 	ld	a, (hl+)
    00002255 4F               [ 4] 6929 	ld	c, a
    00002256 46               [ 8] 6930 	ld	b, (hl)
    00002257 21 D8 00         [12] 6931 	ld	hl, #216
    0000225A 39               [ 8] 6932 	add	hl, sp
    0000225B 2A               [ 8] 6933 	ld	a, (hl+)
    0000225C 23               [ 8] 6934 	inc	hl
    0000225D 77               [ 8] 6935 	ld	(hl), a
                                   6936 ;c:\gbdk\include\gb\metasprites.h:250: __current_metasprite = metasprite;
    0000225E 21r00r00         [12] 6937 	ld	hl, #___current_metasprite
    00002261 79               [ 4] 6938 	ld	a, c
    00002262 22               [ 8] 6939 	ld	(hl+), a
    00002263 70               [ 8] 6940 	ld	(hl), b
                                   6941 ;c:\gbdk\include\gb\metasprites.h:251: __current_base_tile = base_tile;
                                   6942 ;c:\gbdk\include\gb\metasprites.h:252: __current_base_prop = 0;
    00002264 AF               [ 4] 6943 	xor	a, a
    00002265 EAr00r00         [16] 6944 	ld	(#___current_base_tile), a
    00002268 EAr00r00         [16] 6945 	ld	(#___current_base_prop),a
                                   6946 ;c:\gbdk\include\gb\metasprites.h:253: return __move_metasprite_hflip(base_sprite, ((y - ((LCDC_REG & LCDCF_OBJ16) ? 16u : 8u)) << 8) | x);
    0000226B 21 D9 00         [12] 6947 	ld	hl, #217
    0000226E 39               [ 8] 6948 	add	hl, sp
    0000226F 7E               [ 8] 6949 	ld	a, (hl)
    00002270 B7               [ 4] 6950 	or	a, a
    00002271 28 09            [12] 6951 	jr	Z, 00252$
    00002273 F8 02            [12] 6952 	ldhl	sp,	#2
    00002275 3E 10            [ 8] 6953 	ld	a, #0x10
    00002277 22               [ 8] 6954 	ld	(hl+), a
    00002278 AF               [ 4] 6955 	xor	a, a
    00002279 77               [ 8] 6956 	ld	(hl), a
    0000227A 18 07            [12] 6957 	jr	00253$
    0000227C                       6958 00252$:
    0000227C F8 02            [12] 6959 	ldhl	sp,	#2
    0000227E 3E 08            [ 8] 6960 	ld	a, #0x08
    00002280 22               [ 8] 6961 	ld	(hl+), a
    00002281 AF               [ 4] 6962 	xor	a, a
    00002282 77               [ 8] 6963 	ld	(hl), a
    00002283                       6964 00253$:
    00002283 21 DB 00         [12] 6965 	ld	hl, #219
    00002286 39               [ 8] 6966 	add	hl, sp
    00002287 5E               [ 8] 6967 	ld	e, (hl)
    00002288 F8 02            [12] 6968 	ldhl	sp,	#2
    0000228A 2A               [ 8] 6969 	ld	a,	(hl+)
    0000228B 66               [ 8] 6970 	ld	h, (hl)
    0000228C 6F               [ 4] 6971 	ld	l, a
    0000228D 7B               [ 4] 6972 	ld	a, e
    0000228E 95               [ 4] 6973 	sub	a, l
    0000228F 47               [ 4] 6974 	ld	b, a
    00002290 21 DC 00         [12] 6975 	ld	hl, #220
    00002293 39               [ 8] 6976 	add	hl, sp
    00002294 3A               [ 8] 6977 	ld	a, (hl-)
    00002295 2B               [ 8] 6978 	dec	hl
    00002296 5F               [ 4] 6979 	ld	e, a
    00002297 50               [ 4] 6980 	ld	d, b
    00002298 7E               [ 8] 6981 	ld	a, (hl)
    00002299 CDr00r00         [24] 6982 	call	___move_metasprite_hflip
                                   6983 ;src/gameplay.c:901: else oam_index += move_metasprite_hflip(ship_metasprites[0], 0, oam_index, sprite_x_final + 8, final_py + 32);
    0000229C 21 D8 00         [12] 6984 	ld	hl, #216
    0000229F 39               [ 8] 6985 	add	hl, sp
    000022A0 86               [ 8] 6986 	add	a, (hl)
    000022A1 21 DC 00         [12] 6987 	ld	hl, #220
    000022A4 39               [ 8] 6988 	add	hl, sp
    000022A5 77               [ 8] 6989 	ld	(hl), a
    000022A6 C3rAFr25         [16] 6990 	jp	00196$
    000022A9                       6991 00171$:
                                   6992 ;src/gameplay.c:903: if (player.reversed) oam_index += move_metasprite_vflip(ship_metasprites[0], 0, oam_index, sprite_x_final + 24, final_py + 16);
    000022A9 21 DB 00         [12] 6993 	ld	hl, #219
    000022AC 39               [ 8] 6994 	add	hl, sp
    000022AD 3A               [ 8] 6995 	ld	a, (hl-)
    000022AE C6 10            [ 8] 6996 	add	a, #0x10
    000022B0 4F               [ 4] 6997 	ld	c, a
    000022B1 7E               [ 8] 6998 	ld	a, (hl)
    000022B2 B7               [ 4] 6999 	or	a, a
    000022B3 28 38            [12] 7000 	jr	Z, 00168$
    000022B5 23               [ 8] 7001 	inc	hl
    000022B6 23               [ 8] 7002 	inc	hl
    000022B7 7E               [ 8] 7003 	ld	a, (hl)
    000022B8 C6 18            [ 8] 7004 	add	a, #0x18
    000022BA 77               [ 8] 7005 	ld	(hl), a
    000022BB 21r00r00         [12] 7006 	ld	hl, #_ship_metasprites
    000022BE 2A               [ 8] 7007 	ld	a,	(hl+)
    000022BF 46               [ 8] 7008 	ld	b, (hl)
                                   7009 ;c:\gbdk\include\gb\metasprites.h:209: __current_metasprite = metasprite;
    000022C0 5F               [ 4] 7010 	ld	e, a
    000022C1 50               [ 4] 7011 	ld	d, b
    000022C2 21r00r00         [12] 7012 	ld	hl, #___current_metasprite
    000022C5 7B               [ 4] 7013 	ld	a, e
    000022C6 22               [ 8] 7014 	ld	(hl+), a
    000022C7 72               [ 8] 7015 	ld	(hl), d
                                   7016 ;c:\gbdk\include\gb\metasprites.h:210: __current_base_tile = base_tile;
                                   7017 ;c:\gbdk\include\gb\metasprites.h:211: __current_base_prop = 0;
    000022C8 AF               [ 4] 7018 	xor	a, a
    000022C9 EAr00r00         [16] 7019 	ld	(#___current_base_tile), a
    000022CC EAr00r00         [16] 7020 	ld	(#___current_base_prop),a
                                   7021 ;c:\gbdk\include\gb\metasprites.h:212: return __move_metasprite_vflip(base_sprite, (y << 8) | (uint8_t)(x - 8u));
    000022CF 51               [ 4] 7022 	ld	d, c
    000022D0 21 DC 00         [12] 7023 	ld	hl, #220
    000022D3 39               [ 8] 7024 	add	hl, sp
    000022D4 7E               [ 8] 7025 	ld	a, (hl)
    000022D5 C6 F8            [ 8] 7026 	add	a, #0xf8
    000022D7 5F               [ 4] 7027 	ld	e, a
    000022D8 21 D8 00         [12] 7028 	ld	hl, #216
    000022DB 39               [ 8] 7029 	add	hl, sp
    000022DC 7E               [ 8] 7030 	ld	a, (hl)
    000022DD CDr00r00         [24] 7031 	call	___move_metasprite_vflip
                                   7032 ;src/gameplay.c:903: if (player.reversed) oam_index += move_metasprite_vflip(ship_metasprites[0], 0, oam_index, sprite_x_final + 24, final_py + 16);
    000022E0 21 D8 00         [12] 7033 	ld	hl, #216
    000022E3 39               [ 8] 7034 	add	hl, sp
    000022E4 86               [ 8] 7035 	add	a, (hl)
    000022E5 21 DC 00         [12] 7036 	ld	hl, #220
    000022E8 39               [ 8] 7037 	add	hl, sp
    000022E9 77               [ 8] 7038 	ld	(hl), a
    000022EA C3rAFr25         [16] 7039 	jp	00196$
    000022ED                       7040 00168$:
                                   7041 ;src/gameplay.c:904: else oam_index += move_metasprite(ship_metasprites[0], 0, oam_index, sprite_x_final + 8, final_py + 16);
    000022ED 41               [ 4] 7042 	ld	b, c
    000022EE 21 DC 00         [12] 7043 	ld	hl, #220
    000022F1 39               [ 8] 7044 	add	hl, sp
    000022F2 7E               [ 8] 7045 	ld	a, (hl)
    000022F3 C6 08            [ 8] 7046 	add	a, #0x08
    000022F5 4F               [ 4] 7047 	ld	c, a
    000022F6 21r00r00         [12] 7048 	ld	hl, #_ship_metasprites
    000022F9 2A               [ 8] 7049 	ld	a,	(hl+)
    000022FA 66               [ 8] 7050 	ld	h, (hl)
                                   7051 ;c:\gbdk\include\gb\metasprites.h:169: __current_metasprite = metasprite;
    000022FB 5F               [ 4] 7052 	ld	e, a
    000022FC 54               [ 4] 7053 	ld	d, h
    000022FD 21r00r00         [12] 7054 	ld	hl, #___current_metasprite
    00002300 7B               [ 4] 7055 	ld	a, e
    00002301 22               [ 8] 7056 	ld	(hl+), a
    00002302 72               [ 8] 7057 	ld	(hl), d
                                   7058 ;c:\gbdk\include\gb\metasprites.h:170: __current_base_tile = base_tile;
                                   7059 ;c:\gbdk\include\gb\metasprites.h:171: __current_base_prop = 0;
    00002303 AF               [ 4] 7060 	xor	a, a
    00002304 EAr00r00         [16] 7061 	ld	(#___current_base_tile), a
    00002307 EAr00r00         [16] 7062 	ld	(#___current_base_prop),a
                                   7063 ;c:\gbdk\include\gb\metasprites.h:172: return __move_metasprite(base_sprite, (y << 8) | (uint8_t)x);
    0000230A 50               [ 4] 7064 	ld	d, b
    0000230B 59               [ 4] 7065 	ld	e, c
    0000230C 21 D8 00         [12] 7066 	ld	hl, #216
    0000230F 39               [ 8] 7067 	add	hl, sp
    00002310 7E               [ 8] 7068 	ld	a, (hl)
    00002311 CDr00r00         [24] 7069 	call	___move_metasprite
                                   7070 ;src/gameplay.c:904: else oam_index += move_metasprite(ship_metasprites[0], 0, oam_index, sprite_x_final + 8, final_py + 16);
    00002314 21 D8 00         [12] 7071 	ld	hl, #216
    00002317 39               [ 8] 7072 	add	hl, sp
    00002318 86               [ 8] 7073 	add	a, (hl)
    00002319 21 DC 00         [12] 7074 	ld	hl, #220
    0000231C 39               [ 8] 7075 	add	hl, sp
    0000231D 77               [ 8] 7076 	ld	(hl), a
    0000231E C3rAFr25         [16] 7077 	jp	00196$
    00002321                       7078 00195$:
                                   7079 ;src/gameplay.c:906: } else if (player.mode == MODE_BALL) {
    00002321 21 D9 00         [12] 7080 	ld	hl, #217
    00002324 39               [ 8] 7081 	add	hl, sp
    00002325 7E               [ 8] 7082 	ld	a, (hl)
    00002326 D6 02            [ 8] 7083 	sub	a, #0x02
    00002328 C2r14r24         [16] 7084 	jp	NZ, 00192$
                                   7085 ;src/gameplay.c:907: if (player.gravity_flipped) {
    0000232B F8 10            [12] 7086 	ldhl	sp,	#16
    0000232D 4E               [ 8] 7087 	ld	c, (hl)
                                   7088 ;src/gameplay.c:901: else oam_index += move_metasprite_hflip(ship_metasprites[0], 0, oam_index, sprite_x_final + 8, final_py + 32);
    0000232E 21 DC 00         [12] 7089 	ld	hl, #220
    00002331 39               [ 8] 7090 	add	hl, sp
    00002332 7E               [ 8] 7091 	ld	a, (hl)
    00002333 C6 08            [ 8] 7092 	add	a, #0x08
                                   7093 ;src/gameplay.c:903: if (player.reversed) oam_index += move_metasprite_vflip(ship_metasprites[0], 0, oam_index, sprite_x_final + 24, final_py + 16);
    00002335 32               [ 8] 7094 	ld	(hl-), a
    00002336 7E               [ 8] 7095 	ld	a, (hl)
    00002337 C6 10            [ 8] 7096 	add	a, #0x10
    00002339 77               [ 8] 7097 	ld	(hl), a
                                   7098 ;src/gameplay.c:907: if (player.gravity_flipped) {
    0000233A 79               [ 4] 7099 	ld	a, c
    0000233B B7               [ 4] 7100 	or	a, a
    0000233C 28 6A            [12] 7101 	jr	Z, 00180$
                                   7102 ;src/gameplay.c:908: if (player.reversed) oam_index += move_metasprite(ball_metasprites[0], 12, oam_index, sprite_x_final + 8, final_py + 16);
    0000233E 2B               [ 8] 7103 	dec	hl
    0000233F 7E               [ 8] 7104 	ld	a, (hl)
    00002340 B7               [ 4] 7105 	or	a, a
    00002341 28 31            [12] 7106 	jr	Z, 00174$
    00002343 23               [ 8] 7107 	inc	hl
    00002344 2A               [ 8] 7108 	ld	a, (hl+)
    00002345 47               [ 4] 7109 	ld	b, a
    00002346 4E               [ 8] 7110 	ld	c, (hl)
    00002347 21r00r00         [12] 7111 	ld	hl, #_ball_metasprites
    0000234A 2A               [ 8] 7112 	ld	a,	(hl+)
    0000234B 66               [ 8] 7113 	ld	h, (hl)
                                   7114 ;c:\gbdk\include\gb\metasprites.h:169: __current_metasprite = metasprite;
    0000234C 5F               [ 4] 7115 	ld	e, a
    0000234D 54               [ 4] 7116 	ld	d, h
    0000234E 21r00r00         [12] 7117 	ld	hl, #___current_metasprite
    00002351 7B               [ 4] 7118 	ld	a, e
    00002352 22               [ 8] 7119 	ld	(hl+), a
    00002353 72               [ 8] 7120 	ld	(hl), d
                                   7121 ;c:\gbdk\include\gb\metasprites.h:170: __current_base_tile = base_tile;
    00002354 21r00r00         [12] 7122 	ld	hl, #___current_base_tile
    00002357 36 0C            [12] 7123 	ld	(hl), #0x0c
                                   7124 ;c:\gbdk\include\gb\metasprites.h:171: __current_base_prop = 0;
    00002359 AF               [ 4] 7125 	xor	a, a
    0000235A EAr00r00         [16] 7126 	ld	(#___current_base_prop),a
                                   7127 ;c:\gbdk\include\gb\metasprites.h:172: return __move_metasprite(base_sprite, (y << 8) | (uint8_t)x);
    0000235D 50               [ 4] 7128 	ld	d, b
    0000235E 59               [ 4] 7129 	ld	e, c
    0000235F 21 D8 00         [12] 7130 	ld	hl, #216
    00002362 39               [ 8] 7131 	add	hl, sp
    00002363 7E               [ 8] 7132 	ld	a, (hl)
    00002364 CDr00r00         [24] 7133 	call	___move_metasprite
                                   7134 ;src/gameplay.c:908: if (player.reversed) oam_index += move_metasprite(ball_metasprites[0], 12, oam_index, sprite_x_final + 8, final_py + 16);
    00002367 21 D8 00         [12] 7135 	ld	hl, #216
    0000236A 39               [ 8] 7136 	add	hl, sp
    0000236B 86               [ 8] 7137 	add	a, (hl)
    0000236C 21 DC 00         [12] 7138 	ld	hl, #220
    0000236F 39               [ 8] 7139 	add	hl, sp
    00002370 77               [ 8] 7140 	ld	(hl), a
    00002371 C3rAFr25         [16] 7141 	jp	00196$
    00002374                       7142 00174$:
                                   7143 ;src/gameplay.c:909: else oam_index += move_metasprite(ball_metasprites[0], 12, oam_index, sprite_x_final + 8, final_py + 16);
    00002374 21 DB 00         [12] 7144 	ld	hl, #219
    00002377 39               [ 8] 7145 	add	hl, sp
    00002378 2A               [ 8] 7146 	ld	a, (hl+)
    00002379 47               [ 4] 7147 	ld	b, a
    0000237A 4E               [ 8] 7148 	ld	c, (hl)
    0000237B 21r00r00         [12] 7149 	ld	hl, #_ball_metasprites
    0000237E 2A               [ 8] 7150 	ld	a,	(hl+)
    0000237F 66               [ 8] 7151 	ld	h, (hl)
                                   7152 ;c:\gbdk\include\gb\metasprites.h:169: __current_metasprite = metasprite;
    00002380 5F               [ 4] 7153 	ld	e, a
    00002381 54               [ 4] 7154 	ld	d, h
    00002382 21r00r00         [12] 7155 	ld	hl, #___current_metasprite
    00002385 7B               [ 4] 7156 	ld	a, e
    00002386 22               [ 8] 7157 	ld	(hl+), a
    00002387 72               [ 8] 7158 	ld	(hl), d
                                   7159 ;c:\gbdk\include\gb\metasprites.h:170: __current_base_tile = base_tile;
    00002388 21r00r00         [12] 7160 	ld	hl, #___current_base_tile
    0000238B 36 0C            [12] 7161 	ld	(hl), #0x0c
                                   7162 ;c:\gbdk\include\gb\metasprites.h:171: __current_base_prop = 0;
    0000238D AF               [ 4] 7163 	xor	a, a
    0000238E EAr00r00         [16] 7164 	ld	(#___current_base_prop),a
                                   7165 ;c:\gbdk\include\gb\metasprites.h:172: return __move_metasprite(base_sprite, (y << 8) | (uint8_t)x);
    00002391 50               [ 4] 7166 	ld	d, b
    00002392 59               [ 4] 7167 	ld	e, c
    00002393 21 D8 00         [12] 7168 	ld	hl, #216
    00002396 39               [ 8] 7169 	add	hl, sp
    00002397 7E               [ 8] 7170 	ld	a, (hl)
    00002398 CDr00r00         [24] 7171 	call	___move_metasprite
                                   7172 ;src/gameplay.c:909: else oam_index += move_metasprite(ball_metasprites[0], 12, oam_index, sprite_x_final + 8, final_py + 16);
    0000239B 21 D8 00         [12] 7173 	ld	hl, #216
    0000239E 39               [ 8] 7174 	add	hl, sp
    0000239F 86               [ 8] 7175 	add	a, (hl)
    000023A0 21 DC 00         [12] 7176 	ld	hl, #220
    000023A3 39               [ 8] 7177 	add	hl, sp
    000023A4 77               [ 8] 7178 	ld	(hl), a
    000023A5 C3rAFr25         [16] 7179 	jp	00196$
    000023A8                       7180 00180$:
                                   7181 ;src/gameplay.c:911: if (player.reversed) oam_index += move_metasprite(ball_metasprites[0], 12, oam_index, sprite_x_final + 8, final_py + 16);
    000023A8 21 DA 00         [12] 7182 	ld	hl, #218
    000023AB 39               [ 8] 7183 	add	hl, sp
    000023AC 7E               [ 8] 7184 	ld	a, (hl)
    000023AD B7               [ 4] 7185 	or	a, a
    000023AE 28 31            [12] 7186 	jr	Z, 00177$
    000023B0 23               [ 8] 7187 	inc	hl
    000023B1 2A               [ 8] 7188 	ld	a, (hl+)
    000023B2 47               [ 4] 7189 	ld	b, a
    000023B3 4E               [ 8] 7190 	ld	c, (hl)
    000023B4 21r00r00         [12] 7191 	ld	hl, #_ball_metasprites
    000023B7 2A               [ 8] 7192 	ld	a,	(hl+)
    000023B8 66               [ 8] 7193 	ld	h, (hl)
                                   7194 ;c:\gbdk\include\gb\metasprites.h:169: __current_metasprite = metasprite;
    000023B9 5F               [ 4] 7195 	ld	e, a
    000023BA 54               [ 4] 7196 	ld	d, h
    000023BB 21r00r00         [12] 7197 	ld	hl, #___current_metasprite
    000023BE 7B               [ 4] 7198 	ld	a, e
    000023BF 22               [ 8] 7199 	ld	(hl+), a
    000023C0 72               [ 8] 7200 	ld	(hl), d
                                   7201 ;c:\gbdk\include\gb\metasprites.h:170: __current_base_tile = base_tile;
    000023C1 21r00r00         [12] 7202 	ld	hl, #___current_base_tile
    000023C4 36 0C            [12] 7203 	ld	(hl), #0x0c
                                   7204 ;c:\gbdk\include\gb\metasprites.h:171: __current_base_prop = 0;
    000023C6 AF               [ 4] 7205 	xor	a, a
    000023C7 EAr00r00         [16] 7206 	ld	(#___current_base_prop),a
                                   7207 ;c:\gbdk\include\gb\metasprites.h:172: return __move_metasprite(base_sprite, (y << 8) | (uint8_t)x);
    000023CA 50               [ 4] 7208 	ld	d, b
    000023CB 59               [ 4] 7209 	ld	e, c
    000023CC 21 D8 00         [12] 7210 	ld	hl, #216
    000023CF 39               [ 8] 7211 	add	hl, sp
    000023D0 7E               [ 8] 7212 	ld	a, (hl)
    000023D1 CDr00r00         [24] 7213 	call	___move_metasprite
                                   7214 ;src/gameplay.c:911: if (player.reversed) oam_index += move_metasprite(ball_metasprites[0], 12, oam_index, sprite_x_final + 8, final_py + 16);
    000023D4 21 D8 00         [12] 7215 	ld	hl, #216
    000023D7 39               [ 8] 7216 	add	hl, sp
    000023D8 86               [ 8] 7217 	add	a, (hl)
    000023D9 21 DC 00         [12] 7218 	ld	hl, #220
    000023DC 39               [ 8] 7219 	add	hl, sp
    000023DD 77               [ 8] 7220 	ld	(hl), a
    000023DE C3rAFr25         [16] 7221 	jp	00196$
    000023E1                       7222 00177$:
                                   7223 ;src/gameplay.c:912: else oam_index += move_metasprite(ball_metasprites[0], 12, oam_index, sprite_x_final + 8, final_py + 16);
    000023E1 21 DB 00         [12] 7224 	ld	hl, #219
    000023E4 39               [ 8] 7225 	add	hl, sp
    000023E5 2A               [ 8] 7226 	ld	a, (hl+)
    000023E6 47               [ 4] 7227 	ld	b, a
    000023E7 4E               [ 8] 7228 	ld	c, (hl)
    000023E8 21r01r00         [12] 7229 	ld	hl, #_ball_metasprites + 1
    000023EB 3A               [ 8] 7230 	ld	a,	(hl-)
                                   7231 ;c:\gbdk\include\gb\metasprites.h:169: __current_metasprite = metasprite;
    000023EC 5E               [ 8] 7232 	ld	e, (hl)
    000023ED 57               [ 4] 7233 	ld	d, a
    000023EE 21r00r00         [12] 7234 	ld	hl, #___current_metasprite
    000023F1 7B               [ 4] 7235 	ld	a, e
    000023F2 22               [ 8] 7236 	ld	(hl+), a
    000023F3 72               [ 8] 7237 	ld	(hl), d
                                   7238 ;c:\gbdk\include\gb\metasprites.h:170: __current_base_tile = base_tile;
    000023F4 21r00r00         [12] 7239 	ld	hl, #___current_base_tile
    000023F7 36 0C            [12] 7240 	ld	(hl), #0x0c
                                   7241 ;c:\gbdk\include\gb\metasprites.h:171: __current_base_prop = 0;
    000023F9 AF               [ 4] 7242 	xor	a, a
    000023FA EAr00r00         [16] 7243 	ld	(#___current_base_prop),a
                                   7244 ;c:\gbdk\include\gb\metasprites.h:172: return __move_metasprite(base_sprite, (y << 8) | (uint8_t)x);
    000023FD 50               [ 4] 7245 	ld	d, b
    000023FE 59               [ 4] 7246 	ld	e, c
    000023FF 21 D8 00         [12] 7247 	ld	hl, #216
    00002402 39               [ 8] 7248 	add	hl, sp
    00002403 7E               [ 8] 7249 	ld	a, (hl)
    00002404 CDr00r00         [24] 7250 	call	___move_metasprite
                                   7251 ;src/gameplay.c:912: else oam_index += move_metasprite(ball_metasprites[0], 12, oam_index, sprite_x_final + 8, final_py + 16);
    00002407 21 D8 00         [12] 7252 	ld	hl, #216
    0000240A 39               [ 8] 7253 	add	hl, sp
    0000240B 86               [ 8] 7254 	add	a, (hl)
    0000240C 21 DC 00         [12] 7255 	ld	hl, #220
    0000240F 39               [ 8] 7256 	add	hl, sp
    00002410 77               [ 8] 7257 	ld	(hl), a
    00002411 C3rAFr25         [16] 7258 	jp	00196$
    00002414                       7259 00192$:
                                   7260 ;src/gameplay.c:915: if (player.gravity_flipped) {
    00002414 F8 10            [12] 7261 	ldhl	sp,	#16
    00002416 7E               [ 8] 7262 	ld	a, (hl)
    00002417 B7               [ 4] 7263 	or	a, a
    00002418 CArE8r24         [16] 7264 	jp	Z, 00189$
                                   7265 ;src/gameplay.c:916: if (player.reversed) oam_index += move_metasprite_hvflip(icon1_metasprites[player.anim_frame], 0, oam_index, sprite_x_final + 24, final_py + 32);
    0000241B 21 DA 00         [12] 7266 	ld	hl, #218
    0000241E 39               [ 8] 7267 	add	hl, sp
    0000241F 7E               [ 8] 7268 	ld	a, (hl)
    00002420 B7               [ 4] 7269 	or	a, a
    00002421 CArA5r24         [16] 7270 	jp	Z, 00183$
    00002424 23               [ 8] 7271 	inc	hl
    00002425 7E               [ 8] 7272 	ld	a, (hl)
    00002426 C6 20            [ 8] 7273 	add	a, #0x20
    00002428 22               [ 8] 7274 	ld	(hl+), a
    00002429 7E               [ 8] 7275 	ld	a, (hl)
    0000242A C6 18            [ 8] 7276 	add	a, #0x18
    0000242C 77               [ 8] 7277 	ld	(hl), a
    0000242D F8 13            [12] 7278 	ldhl	sp,	#19
    0000242F 6E               [ 8] 7279 	ld	l, (hl)
    00002430 26 00            [ 8] 7280 	ld	h, #0x00
    00002432 29               [ 8] 7281 	add	hl, hl
    00002433 11r00r00         [12] 7282 	ld	de, #_icon1_metasprites
    00002436 19               [ 8] 7283 	add	hl, de
    00002437 2A               [ 8] 7284 	ld	a, (hl+)
    00002438 4F               [ 4] 7285 	ld	c, a
    00002439 46               [ 8] 7286 	ld	b, (hl)
    0000243A 21 D8 00         [12] 7287 	ld	hl, #216
    0000243D 39               [ 8] 7288 	add	hl, sp
    0000243E 2A               [ 8] 7289 	ld	a, (hl+)
    0000243F 23               [ 8] 7290 	inc	hl
    00002440 77               [ 8] 7291 	ld	(hl), a
                                   7292 ;c:\gbdk\include\gb\metasprites.h:290: __current_metasprite = metasprite;
    00002441 21r00r00         [12] 7293 	ld	hl, #___current_metasprite
    00002444 79               [ 4] 7294 	ld	a, c
    00002445 22               [ 8] 7295 	ld	(hl+), a
    00002446 70               [ 8] 7296 	ld	(hl), b
                                   7297 ;c:\gbdk\include\gb\metasprites.h:291: __current_base_tile = base_tile;
                                   7298 ;c:\gbdk\include\gb\metasprites.h:292: __current_base_prop = 0;
    00002447 AF               [ 4] 7299 	xor	a, a
    00002448 EAr00r00         [16] 7300 	ld	(#___current_base_tile), a
    0000244B EAr00r00         [16] 7301 	ld	(#___current_base_prop),a
                                   7302 ;c:\gbdk\include\gb\metasprites.h:293: return __move_metasprite_hvflip(base_sprite, ((y - ((LCDC_REG & LCDCF_OBJ16) ? 16u : 8u)) << 8) | (uint8_t)(x - 8));
    0000244E F0r00            [12] 7303 	ldh	a, (_LCDC_REG + 0)
    00002450 CB 57            [ 8] 7304 	bit	2, a
    00002452 28 09            [12] 7305 	jr	Z, 00254$
    00002454 F8 02            [12] 7306 	ldhl	sp,	#2
    00002456 3E 10            [ 8] 7307 	ld	a, #0x10
    00002458 22               [ 8] 7308 	ld	(hl+), a
    00002459 AF               [ 4] 7309 	xor	a, a
    0000245A 77               [ 8] 7310 	ld	(hl), a
    0000245B 18 07            [12] 7311 	jr	00255$
    0000245D                       7312 00254$:
    0000245D F8 02            [12] 7313 	ldhl	sp,	#2
    0000245F 3E 08            [ 8] 7314 	ld	a, #0x08
    00002461 22               [ 8] 7315 	ld	(hl+), a
    00002462 AF               [ 4] 7316 	xor	a, a
    00002463 77               [ 8] 7317 	ld	(hl), a
    00002464                       7318 00255$:
    00002464 21 DB 00         [12] 7319 	ld	hl, #219
    00002467 39               [ 8] 7320 	add	hl, sp
    00002468 4E               [ 8] 7321 	ld	c, (hl)
    00002469 F8 02            [12] 7322 	ldhl	sp,#2
    0000246B 2A               [ 8] 7323 	ld	a, (hl+)
    0000246C 5F               [ 4] 7324 	ld	e, a
    0000246D 56               [ 8] 7325 	ld	d, (hl)
    0000246E 79               [ 4] 7326 	ld	a, c
    0000246F 93               [ 4] 7327 	sub	a, e
    00002470 32               [ 8] 7328 	ld	(hl-), a
    00002471 36 00            [12] 7329 	ld	(hl), #0x00
    00002473 21 DC 00         [12] 7330 	ld	hl, #220
    00002476 39               [ 8] 7331 	add	hl, sp
    00002477 7E               [ 8] 7332 	ld	a, (hl)
    00002478 C6 F8            [ 8] 7333 	add	a, #0xf8
    0000247A 77               [ 8] 7334 	ld	(hl), a
    0000247B 7E               [ 8] 7335 	ld	a, (hl)
    0000247C F8 00            [12] 7336 	ldhl	sp,	#0
    0000247E 22               [ 8] 7337 	ld	(hl+), a
    0000247F AF               [ 4] 7338 	xor	a, a
    00002480 32               [ 8] 7339 	ld	(hl-), a
    00002481 7E               [ 8] 7340 	ld	a, (hl)
    00002482 21 DB 00         [12] 7341 	ld	hl, #219
    00002485 39               [ 8] 7342 	add	hl, sp
    00002486 77               [ 8] 7343 	ld	(hl), a
    00002487 F8 03            [12] 7344 	ldhl	sp,	#3
    00002489 7E               [ 8] 7345 	ld	a, (hl)
    0000248A 21 DC 00         [12] 7346 	ld	hl, #220
    0000248D 39               [ 8] 7347 	add	hl, sp
    0000248E 32               [ 8] 7348 	ld	(hl-), a
    0000248F 2A               [ 8] 7349 	ld	a, (hl+)
    00002490 5F               [ 4] 7350 	ld	e, a
    00002491 3A               [ 8] 7351 	ld	a, (hl-)
    00002492 2B               [ 8] 7352 	dec	hl
    00002493 57               [ 4] 7353 	ld	d, a
    00002494 7E               [ 8] 7354 	ld	a, (hl)
    00002495 CDr00r00         [24] 7355 	call	___move_metasprite_hvflip
                                   7356 ;src/gameplay.c:916: if (player.reversed) oam_index += move_metasprite_hvflip(icon1_metasprites[player.anim_frame], 0, oam_index, sprite_x_final + 24, final_py + 32);
    00002498 21 D8 00         [12] 7357 	ld	hl, #216
    0000249B 39               [ 8] 7358 	add	hl, sp
    0000249C 86               [ 8] 7359 	add	a, (hl)
    0000249D 21 DC 00         [12] 7360 	ld	hl, #220
    000024A0 39               [ 8] 7361 	add	hl, sp
    000024A1 77               [ 8] 7362 	ld	(hl), a
    000024A2 C3rAFr25         [16] 7363 	jp	00196$
    000024A5                       7364 00183$:
                                   7365 ;src/gameplay.c:917: else oam_index += move_metasprite_vflip(icon1_metasprites[player.anim_frame], 0, oam_index, sprite_x_final + 22, final_py + 16);
    000024A5 21 DB 00         [12] 7366 	ld	hl, #219
    000024A8 39               [ 8] 7367 	add	hl, sp
    000024A9 2A               [ 8] 7368 	ld	a, (hl+)
    000024AA C6 10            [ 8] 7369 	add	a, #0x10
    000024AC 4F               [ 4] 7370 	ld	c, a
    000024AD 7E               [ 8] 7371 	ld	a, (hl)
    000024AE C6 16            [ 8] 7372 	add	a, #0x16
    000024B0 77               [ 8] 7373 	ld	(hl), a
    000024B1 F8 13            [12] 7374 	ldhl	sp,	#19
    000024B3 6E               [ 8] 7375 	ld	l, (hl)
    000024B4 26 00            [ 8] 7376 	ld	h, #0x00
    000024B6 29               [ 8] 7377 	add	hl, hl
    000024B7 11r00r00         [12] 7378 	ld	de, #_icon1_metasprites
    000024BA 19               [ 8] 7379 	add	hl, de
    000024BB 2A               [ 8] 7380 	ld	a, (hl+)
    000024BC 46               [ 8] 7381 	ld	b, (hl)
                                   7382 ;c:\gbdk\include\gb\metasprites.h:209: __current_metasprite = metasprite;
    000024BD 21r00r00         [12] 7383 	ld	hl, #___current_metasprite
    000024C0 22               [ 8] 7384 	ld	(hl+), a
    000024C1 70               [ 8] 7385 	ld	(hl), b
                                   7386 ;c:\gbdk\include\gb\metasprites.h:210: __current_base_tile = base_tile;
                                   7387 ;c:\gbdk\include\gb\metasprites.h:211: __current_base_prop = 0;
    000024C2 AF               [ 4] 7388 	xor	a, a
    000024C3 EAr00r00         [16] 7389 	ld	(#___current_base_tile), a
    000024C6 EAr00r00         [16] 7390 	ld	(#___current_base_prop),a
                                   7391 ;c:\gbdk\include\gb\metasprites.h:212: return __move_metasprite_vflip(base_sprite, (y << 8) | (uint8_t)(x - 8u));
    000024C9 41               [ 4] 7392 	ld	b, c
    000024CA 21 DC 00         [12] 7393 	ld	hl, #220
    000024CD 39               [ 8] 7394 	add	hl, sp
    000024CE 7E               [ 8] 7395 	ld	a, (hl)
    000024CF C6 F8            [ 8] 7396 	add	a, #0xf8
    000024D1 5F               [ 4] 7397 	ld	e, a
    000024D2 50               [ 4] 7398 	ld	d, b
    000024D3 21 D8 00         [12] 7399 	ld	hl, #216
    000024D6 39               [ 8] 7400 	add	hl, sp
    000024D7 7E               [ 8] 7401 	ld	a, (hl)
    000024D8 CDr00r00         [24] 7402 	call	___move_metasprite_vflip
                                   7403 ;src/gameplay.c:917: else oam_index += move_metasprite_vflip(icon1_metasprites[player.anim_frame], 0, oam_index, sprite_x_final + 22, final_py + 16);
    000024DB 21 D8 00         [12] 7404 	ld	hl, #216
    000024DE 39               [ 8] 7405 	add	hl, sp
    000024DF 86               [ 8] 7406 	add	a, (hl)
    000024E0 21 DC 00         [12] 7407 	ld	hl, #220
    000024E3 39               [ 8] 7408 	add	hl, sp
    000024E4 77               [ 8] 7409 	ld	(hl), a
    000024E5 C3rAFr25         [16] 7410 	jp	00196$
    000024E8                       7411 00189$:
                                   7412 ;src/gameplay.c:919: if (player.reversed) oam_index += move_metasprite_hflip(icon1_metasprites[player.anim_frame], 0, oam_index, sprite_x_final + 10, final_py + 32);
    000024E8 21 DA 00         [12] 7413 	ld	hl, #218
    000024EB 39               [ 8] 7414 	add	hl, sp
    000024EC 7E               [ 8] 7415 	ld	a, (hl)
    000024ED B7               [ 4] 7416 	or	a, a
    000024EE CAr74r25         [16] 7417 	jp	Z, 00186$
    000024F1 23               [ 8] 7418 	inc	hl
    000024F2 7E               [ 8] 7419 	ld	a, (hl)
    000024F3 C6 20            [ 8] 7420 	add	a, #0x20
    000024F5 22               [ 8] 7421 	ld	(hl+), a
    000024F6 7E               [ 8] 7422 	ld	a, (hl)
    000024F7 C6 0A            [ 8] 7423 	add	a, #0x0a
    000024F9 77               [ 8] 7424 	ld	(hl), a
    000024FA F8 13            [12] 7425 	ldhl	sp,	#19
    000024FC 6E               [ 8] 7426 	ld	l, (hl)
    000024FD 26 00            [ 8] 7427 	ld	h, #0x00
    000024FF 29               [ 8] 7428 	add	hl, hl
    00002500 11r00r00         [12] 7429 	ld	de, #_icon1_metasprites
    00002503 19               [ 8] 7430 	add	hl, de
    00002504 2A               [ 8] 7431 	ld	a, (hl+)
    00002505 4F               [ 4] 7432 	ld	c, a
    00002506 46               [ 8] 7433 	ld	b, (hl)
    00002507 21 D8 00         [12] 7434 	ld	hl, #216
    0000250A 39               [ 8] 7435 	add	hl, sp
    0000250B 2A               [ 8] 7436 	ld	a, (hl+)
    0000250C 23               [ 8] 7437 	inc	hl
    0000250D 77               [ 8] 7438 	ld	(hl), a
                                   7439 ;c:\gbdk\include\gb\metasprites.h:250: __current_metasprite = metasprite;
    0000250E 21r00r00         [12] 7440 	ld	hl, #___current_metasprite
    00002511 79               [ 4] 7441 	ld	a, c
    00002512 22               [ 8] 7442 	ld	(hl+), a
    00002513 70               [ 8] 7443 	ld	(hl), b
                                   7444 ;c:\gbdk\include\gb\metasprites.h:251: __current_base_tile = base_tile;
                                   7445 ;c:\gbdk\include\gb\metasprites.h:252: __current_base_prop = 0;
    00002514 AF               [ 4] 7446 	xor	a, a
    00002515 EAr00r00         [16] 7447 	ld	(#___current_base_tile), a
    00002518 EAr00r00         [16] 7448 	ld	(#___current_base_prop),a
                                   7449 ;c:\gbdk\include\gb\metasprites.h:253: return __move_metasprite_hflip(base_sprite, ((y - ((LCDC_REG & LCDCF_OBJ16) ? 16u : 8u)) << 8) | x);
    0000251B F0r00            [12] 7450 	ldh	a, (_LCDC_REG + 0)
    0000251D CB 57            [ 8] 7451 	bit	2, a
    0000251F 28 09            [12] 7452 	jr	Z, 00256$
    00002521 F8 02            [12] 7453 	ldhl	sp,	#2
    00002523 3E 10            [ 8] 7454 	ld	a, #0x10
    00002525 22               [ 8] 7455 	ld	(hl+), a
    00002526 AF               [ 4] 7456 	xor	a, a
    00002527 77               [ 8] 7457 	ld	(hl), a
    00002528 18 07            [12] 7458 	jr	00257$
    0000252A                       7459 00256$:
    0000252A F8 02            [12] 7460 	ldhl	sp,	#2
    0000252C 3E 08            [ 8] 7461 	ld	a, #0x08
    0000252E 22               [ 8] 7462 	ld	(hl+), a
    0000252F AF               [ 4] 7463 	xor	a, a
    00002530 77               [ 8] 7464 	ld	(hl), a
    00002531                       7465 00257$:
    00002531 21 DB 00         [12] 7466 	ld	hl, #219
    00002534 39               [ 8] 7467 	add	hl, sp
    00002535 4E               [ 8] 7468 	ld	c, (hl)
    00002536 F8 02            [12] 7469 	ldhl	sp,#2
    00002538 2A               [ 8] 7470 	ld	a, (hl+)
    00002539 5F               [ 4] 7471 	ld	e, a
    0000253A 56               [ 8] 7472 	ld	d, (hl)
    0000253B 79               [ 4] 7473 	ld	a, c
    0000253C 93               [ 4] 7474 	sub	a, e
    0000253D 32               [ 8] 7475 	ld	(hl-), a
    0000253E 36 00            [12] 7476 	ld	(hl), #0x00
    00002540 21 DC 00         [12] 7477 	ld	hl, #220
    00002543 39               [ 8] 7478 	add	hl, sp
    00002544 3A               [ 8] 7479 	ld	a, (hl-)
    00002545 22               [ 8] 7480 	ld	(hl+), a
    00002546 AF               [ 4] 7481 	xor	a, a
    00002547 32               [ 8] 7482 	ld	(hl-), a
    00002548 7E               [ 8] 7483 	ld	a, (hl)
    00002549 F8 00            [12] 7484 	ldhl	sp,	#0
    0000254B 77               [ 8] 7485 	ld	(hl), a
    0000254C F8 03            [12] 7486 	ldhl	sp,	#3
    0000254E 3A               [ 8] 7487 	ld	a, (hl-)
    0000254F 2B               [ 8] 7488 	dec	hl
    00002550 32               [ 8] 7489 	ld	(hl-), a
    00002551 7E               [ 8] 7490 	ld	a, (hl)
    00002552 21 DB 00         [12] 7491 	ld	hl, #219
    00002555 39               [ 8] 7492 	add	hl, sp
    00002556 77               [ 8] 7493 	ld	(hl), a
    00002557 F8 01            [12] 7494 	ldhl	sp,	#1
    00002559 7E               [ 8] 7495 	ld	a, (hl)
    0000255A 21 DC 00         [12] 7496 	ld	hl, #220
    0000255D 39               [ 8] 7497 	add	hl, sp
    0000255E 32               [ 8] 7498 	ld	(hl-), a
    0000255F 2A               [ 8] 7499 	ld	a, (hl+)
    00002560 5F               [ 4] 7500 	ld	e, a
    00002561 3A               [ 8] 7501 	ld	a, (hl-)
    00002562 2B               [ 8] 7502 	dec	hl
    00002563 57               [ 4] 7503 	ld	d, a
    00002564 7E               [ 8] 7504 	ld	a, (hl)
    00002565 CDr00r00         [24] 7505 	call	___move_metasprite_hflip
                                   7506 ;src/gameplay.c:919: if (player.reversed) oam_index += move_metasprite_hflip(icon1_metasprites[player.anim_frame], 0, oam_index, sprite_x_final + 10, final_py + 32);
    00002568 21 D8 00         [12] 7507 	ld	hl, #216
    0000256B 39               [ 8] 7508 	add	hl, sp
    0000256C 86               [ 8] 7509 	add	a, (hl)
    0000256D 21 DC 00         [12] 7510 	ld	hl, #220
    00002570 39               [ 8] 7511 	add	hl, sp
    00002571 77               [ 8] 7512 	ld	(hl), a
    00002572 18 3B            [12] 7513 	jr	00196$
    00002574                       7514 00186$:
                                   7515 ;src/gameplay.c:920: else oam_index += move_metasprite(icon1_metasprites[player.anim_frame], 0, oam_index, sprite_x_final + 8, final_py + 16);
    00002574 21 DB 00         [12] 7516 	ld	hl, #219
    00002577 39               [ 8] 7517 	add	hl, sp
    00002578 2A               [ 8] 7518 	ld	a, (hl+)
    00002579 C6 10            [ 8] 7519 	add	a, #0x10
    0000257B 47               [ 4] 7520 	ld	b, a
    0000257C 7E               [ 8] 7521 	ld	a, (hl)
    0000257D C6 08            [ 8] 7522 	add	a, #0x08
    0000257F 4F               [ 4] 7523 	ld	c, a
    00002580 F8 13            [12] 7524 	ldhl	sp,	#19
    00002582 6E               [ 8] 7525 	ld	l, (hl)
    00002583 26 00            [ 8] 7526 	ld	h, #0x00
    00002585 29               [ 8] 7527 	add	hl, hl
    00002586 11r00r00         [12] 7528 	ld	de, #_icon1_metasprites
    00002589 19               [ 8] 7529 	add	hl, de
    0000258A 2A               [ 8] 7530 	ld	a, (hl+)
    0000258B 6E               [ 8] 7531 	ld	l, (hl)
                                   7532 ;c:\gbdk\include\gb\metasprites.h:169: __current_metasprite = metasprite;
    0000258C 5F               [ 4] 7533 	ld	e, a
    0000258D 55               [ 4] 7534 	ld	d, l
    0000258E 21r00r00         [12] 7535 	ld	hl, #___current_metasprite
    00002591 7B               [ 4] 7536 	ld	a, e
    00002592 22               [ 8] 7537 	ld	(hl+), a
    00002593 72               [ 8] 7538 	ld	(hl), d
                                   7539 ;c:\gbdk\include\gb\metasprites.h:170: __current_base_tile = base_tile;
                                   7540 ;c:\gbdk\include\gb\metasprites.h:171: __current_base_prop = 0;
    00002594 AF               [ 4] 7541 	xor	a, a
    00002595 EAr00r00         [16] 7542 	ld	(#___current_base_tile), a
    00002598 EAr00r00         [16] 7543 	ld	(#___current_base_prop),a
                                   7544 ;c:\gbdk\include\gb\metasprites.h:172: return __move_metasprite(base_sprite, (y << 8) | (uint8_t)x);
    0000259B 50               [ 4] 7545 	ld	d, b
    0000259C 59               [ 4] 7546 	ld	e, c
    0000259D 21 D8 00         [12] 7547 	ld	hl, #216
    000025A0 39               [ 8] 7548 	add	hl, sp
    000025A1 7E               [ 8] 7549 	ld	a, (hl)
    000025A2 CDr00r00         [24] 7550 	call	___move_metasprite
                                   7551 ;src/gameplay.c:920: else oam_index += move_metasprite(icon1_metasprites[player.anim_frame], 0, oam_index, sprite_x_final + 8, final_py + 16);
    000025A5 21 D8 00         [12] 7552 	ld	hl, #216
    000025A8 39               [ 8] 7553 	add	hl, sp
    000025A9 86               [ 8] 7554 	add	a, (hl)
    000025AA 21 DC 00         [12] 7555 	ld	hl, #220
    000025AD 39               [ 8] 7556 	add	hl, sp
    000025AE 77               [ 8] 7557 	ld	(hl), a
    000025AF                       7558 00196$:
                                   7559 ;src/gameplay.c:925: if (oam_index < previous_oam_index) {
    000025AF 21 DC 00         [12] 7560 	ld	hl, #220
    000025B2 39               [ 8] 7561 	add	hl, sp
    000025B3 7E               [ 8] 7562 	ld	a, (hl)
    000025B4 21 C7 00         [12] 7563 	ld	hl, #199
    000025B7 39               [ 8] 7564 	add	hl, sp
    000025B8 96               [ 8] 7565 	sub	a, (hl)
    000025B9 30 09            [12] 7566 	jr	NC, 00198$
                                   7567 ;src/gameplay.c:926: hide_sprites_range(oam_index, previous_oam_index);
    000025BB 5E               [ 8] 7568 	ld	e, (hl)
    000025BC 21 DC 00         [12] 7569 	ld	hl, #220
    000025BF 39               [ 8] 7570 	add	hl, sp
    000025C0 7E               [ 8] 7571 	ld	a, (hl)
    000025C1 CDr00r00         [24] 7572 	call	_hide_sprites_range
    000025C4                       7573 00198$:
                                   7574 ;src/gameplay.c:928: previous_oam_index = oam_index;
    000025C4 21 DC 00         [12] 7575 	ld	hl, #220
    000025C7 39               [ 8] 7576 	add	hl, sp
    000025C8 7E               [ 8] 7577 	ld	a, (hl)
    000025C9 21 C7 00         [12] 7578 	ld	hl, #199
    000025CC 39               [ 8] 7579 	add	hl, sp
    000025CD 77               [ 8] 7580 	ld	(hl), a
                                   7581 ;src/gameplay.c:930: if (died) {
    000025CE 21 D7 00         [12] 7582 	ld	hl, #215
    000025D1 39               [ 8] 7583 	add	hl, sp
    000025D2 7E               [ 8] 7584 	ld	a, (hl)
    000025D3 B7               [ 4] 7585 	or	a, a
    000025D4 CAr26r1C         [16] 7586 	jp	Z, 00207$
                                   7587 ;src/gameplay.c:931: TAC_REG = 0x00;
    000025D7 AF               [ 4] 7588 	xor	a, a
    000025D8 E0r00            [12] 7589 	ldh	(_TAC_REG + 0), a
                                   7590 ;src/gameplay.c:932: NR52_REG = 0x00;
    000025DA AF               [ 4] 7591 	xor	a, a
    000025DB E0r00            [12] 7592 	ldh	(_NR52_REG + 0), a
                                   7593 ;src/gameplay.c:933: NR52_REG = 0x80;
    000025DD 3E 80            [ 8] 7594 	ld	a, #0x80
    000025DF E0r00            [12] 7595 	ldh	(_NR52_REG + 0), a
                                   7596 ;src/gameplay.c:934: NR51_REG = 0xFF;
    000025E1 3E FF            [ 8] 7597 	ld	a, #0xff
    000025E3 E0r00            [12] 7598 	ldh	(_NR51_REG + 0), a
                                   7599 ;src/gameplay.c:935: NR50_REG = 0x77;
    000025E5 3E 77            [ 8] 7600 	ld	a, #0x77
    000025E7 E0r00            [12] 7601 	ldh	(_NR50_REG + 0), a
                                   7602 ;src/gameplay.c:936: NR41_REG = 0x00;
    000025E9 AF               [ 4] 7603 	xor	a, a
    000025EA E0r00            [12] 7604 	ldh	(_NR41_REG + 0), a
                                   7605 ;src/gameplay.c:937: NR42_REG = 0xF2;
    000025EC 3E F2            [ 8] 7606 	ld	a, #0xf2
    000025EE E0r00            [12] 7607 	ldh	(_NR42_REG + 0), a
                                   7608 ;src/gameplay.c:938: NR43_REG = 0x43;
    000025F0 3E 43            [ 8] 7609 	ld	a, #0x43
    000025F2 E0r00            [12] 7610 	ldh	(_NR43_REG + 0), a
                                   7611 ;src/gameplay.c:939: NR44_REG = 0x80;
    000025F4 3E 80            [ 8] 7612 	ld	a, #0x80
    000025F6 E0r00            [12] 7613 	ldh	(_NR44_REG + 0), a
                                   7614 ;src/gameplay.c:940: for (uint8_t i = 0; i < 60; i++) wait_vbl_done();
    000025F8 0E 00            [ 8] 7615 	ld	c, #0x00
    000025FA                       7616 00240$:
    000025FA 79               [ 4] 7617 	ld	a, c
    000025FB D6 3C            [ 8] 7618 	sub	a, #0x3c
    000025FD 30 06            [12] 7619 	jr	NC, 00199$
    000025FF CDr00r00         [24] 7620 	call	_wait_vbl_done
    00002602 0C               [ 4] 7621 	inc	c
    00002603 18 F5            [12] 7622 	jr	00240$
    00002605                       7623 00199$:
                                   7624 ;src/gameplay.c:941: NR52_REG = 0x80;
    00002605 3E 80            [ 8] 7625 	ld	a, #0x80
    00002607 E0r00            [12] 7626 	ldh	(_NR52_REG + 0), a
                                   7627 ;src/gameplay.c:942: NR51_REG = 0xFF;
    00002609 3E FF            [ 8] 7628 	ld	a, #0xff
    0000260B E0r00            [12] 7629 	ldh	(_NR51_REG + 0), a
                                   7630 ;src/gameplay.c:943: NR50_REG = 0x77;
    0000260D 3E 77            [ 8] 7631 	ld	a, #0x77
    0000260F E0r00            [12] 7632 	ldh	(_NR50_REG + 0), a
                                   7633 ;src/gameplay.c:944: if (level_songs[idx]) {
    00002611 21 BD 00         [12] 7634 	ld	hl,#0xbd
    00002614 39               [ 8] 7635 	add	hl,sp
    00002615 2A               [ 8] 7636 	ld	a, (hl+)
    00002616 5F               [ 4] 7637 	ld	e, a
    00002617 56               [ 8] 7638 	ld	d, (hl)
    00002618 1A               [ 8] 7639 	ld	a, (de)
    00002619 4F               [ 4] 7640 	ld	c, a
    0000261A 13               [ 8] 7641 	inc	de
    0000261B 1A               [ 8] 7642 	ld	a, (de)
    0000261C 47               [ 4] 7643 	ld	b, a
    0000261D B1               [ 4] 7644 	or	a, c
    0000261E 28 20            [12] 7645 	jr	Z, 00201$
                                   7646 ;src/gameplay.c:945: init_music_banked(level_songs[idx], song_bank[idx], l->timer_divider);
    00002620 21 D1 00         [12] 7647 	ld	hl,#0xd1
    00002623 39               [ 8] 7648 	add	hl,sp
    00002624 2A               [ 8] 7649 	ld	a, (hl+)
    00002625 5F               [ 4] 7650 	ld	e, a
    00002626 2A               [ 8] 7651 	ld	a, (hl+)
    00002627 57               [ 4] 7652 	ld	d, a
    00002628 1A               [ 8] 7653 	ld	a, (de)
    00002629 5E               [ 8] 7654 	ld	e, (hl)
    0000262A 23               [ 8] 7655 	inc	hl
    0000262B 56               [ 8] 7656 	ld	d, (hl)
    0000262C F5               [16] 7657 	push	af
    0000262D 1A               [ 8] 7658 	ld	a, (de)
    0000262E 33               [ 8] 7659 	inc	sp
    0000262F 59               [ 4] 7660 	ld	e, c
    00002630 50               [ 4] 7661 	ld	d, b
    00002631 CDr00r00         [24] 7662 	call	_init_music_banked
                                   7663 ;src/gameplay.c:946: current_song_bank = song_bank[idx];
    00002634 21 D3 00         [12] 7664 	ld	hl,#0xd3
    00002637 39               [ 8] 7665 	add	hl,sp
    00002638 2A               [ 8] 7666 	ld	a, (hl+)
    00002639 5F               [ 4] 7667 	ld	e, a
    0000263A 56               [ 8] 7668 	ld	d, (hl)
    0000263B 1A               [ 8] 7669 	ld	a, (de)
    0000263C 21r00r00         [12] 7670 	ld	hl, #_current_song_bank
    0000263F 77               [ 8] 7671 	ld	(hl), a
    00002640                       7672 00201$:
                                   7673 ;c:\gbdk\include\gb\gb.h:811: __asm__("di");
    00002640 F3               [ 4] 7674 	di
                                   7675 ;src/gameplay.c:949: DISPLAY_OFF;
    00002641 CDr00r00         [24] 7676 	call	_display_off
                                   7677 ;src/gameplay.c:956: load_bkg_tileset(l->tiles, level_tile_count, level_tiles_bank);
    00002644 21 D5 00         [12] 7678 	ld	hl,#0xd5
    00002647 39               [ 8] 7679 	add	hl,sp
    00002648 2A               [ 8] 7680 	ld	a, (hl+)
    00002649 5F               [ 4] 7681 	ld	e, a
    0000264A 56               [ 8] 7682 	ld	d, (hl)
    0000264B 1A               [ 8] 7683 	ld	a, (de)
    0000264C 21 DE 00         [12] 7684 	ld	hl, #222
    0000264F 39               [ 8] 7685 	add	hl, sp
    00002650 22               [ 8] 7686 	ld	(hl+), a
    00002651 13               [ 8] 7687 	inc	de
    00002652 1A               [ 8] 7688 	ld	a, (de)
    00002653 77               [ 8] 7689 	ld	(hl), a
    00002654 21 BB 00         [12] 7690 	ld	hl, #187
    00002657 39               [ 8] 7691 	add	hl, sp
    00002658 7E               [ 8] 7692 	ld	a, (hl)
    00002659 F5               [16] 7693 	push	af
    0000265A 33               [ 8] 7694 	inc	sp
    0000265B 21 B6 00         [12] 7695 	ld	hl, #182
    0000265E 39               [ 8] 7696 	add	hl, sp
    0000265F 2A               [ 8] 7697 	ld	a, (hl+)
    00002660 4F               [ 4] 7698 	ld	c, a
    00002661 46               [ 8] 7699 	ld	b, (hl)
    00002662 21 DF 00         [12] 7700 	ld	hl, #223
    00002665 39               [ 8] 7701 	add	hl, sp
    00002666 2A               [ 8] 7702 	ld	a, (hl+)
    00002667 5F               [ 4] 7703 	ld	e, a
    00002668 56               [ 8] 7704 	ld	d, (hl)
    00002669 CDr00r00         [24] 7705 	call	_load_bkg_tileset
                                   7706 ;src/gameplay.c:960: set_sprite_data(0, 8, icon1_tiles);
    0000266C 11r00r00         [12] 7707 	ld	de, #_icon1_tiles
    0000266F D5               [16] 7708 	push	de
    00002670 21 00 08         [12] 7709 	ld	hl, #0x800
    00002673 E5               [16] 7710 	push	hl
    00002674 CDr00r00         [24] 7711 	call	_set_sprite_data
    00002677 E8 04            [16] 7712 	add	sp, #4
                                   7713 ;src/gameplay.c:961: set_sprite_data(8, 4, ship_tiles);
    00002679 11r00r00         [12] 7714 	ld	de, #_ship_tiles
    0000267C D5               [16] 7715 	push	de
    0000267D 21 08 04         [12] 7716 	ld	hl, #0x408
    00002680 E5               [16] 7717 	push	hl
    00002681 CDr00r00         [24] 7718 	call	_set_sprite_data
    00002684 E8 04            [16] 7719 	add	sp, #4
                                   7720 ;src/gameplay.c:962: set_sprite_data(12, 4, ball_tiles);
    00002686 11r00r00         [12] 7721 	ld	de, #_ball_tiles
    00002689 D5               [16] 7722 	push	de
    0000268A 21 0C 04         [12] 7723 	ld	hl, #0x40c
    0000268D E5               [16] 7724 	push	hl
    0000268E CDr00r00         [24] 7725 	call	_set_sprite_data
    00002691 E8 04            [16] 7726 	add	sp, #4
                                   7727 ;src/gameplay.c:963: set_sprite_data(FAMIDASH_SPRITE_TILE_BASE, FAMIDASH_SPRITE_TILE_COUNT, famidash_sprites_tiles);
    00002693 11r00r00         [12] 7728 	ld	de, #_famidash_sprites_tiles
    00002696 D5               [16] 7729 	push	de
    00002697 21 70 5C         [12] 7730 	ld	hl, #0x5c70
    0000269A E5               [16] 7731 	push	hl
    0000269B CDr00r00         [24] 7732 	call	_set_sprite_data
    0000269E E8 04            [16] 7733 	add	sp, #4
                                   7734 ;src/gameplay.c:965: cam_px = 0;
    000026A0 AF               [ 4] 7735 	xor	a, a
    000026A1 21 DE 00         [12] 7736 	ld	hl, #222
    000026A4 39               [ 8] 7737 	add	hl, sp
    000026A5 22               [ 8] 7738 	ld	(hl+), a
    000026A6 77               [ 8] 7739 	ld	(hl), a
                                   7740 ;src/gameplay.c:966: cam_py = 112;
    000026A7 21 BF 00         [12] 7741 	ld	hl, #191
    000026AA 39               [ 8] 7742 	add	hl, sp
    000026AB 3E 70            [ 8] 7743 	ld	a, #0x70
    000026AD 22               [ 8] 7744 	ld	(hl+), a
    000026AE AF               [ 4] 7745 	xor	a, a
    000026AF 77               [ 8] 7746 	ld	(hl), a
                                   7747 ;src/gameplay.c:967: scroll_acc = 0;
    000026B0 21 C5 00         [12] 7748 	ld	hl, #197
    000026B3 39               [ 8] 7749 	add	hl, sp
                                   7750 ;src/gameplay.c:968: loaded_r = BKG_MT_W - 1;
    000026B4 AF               [ 4] 7751 	xor	a, a
    000026B5 32               [ 8] 7752 	ld	(hl-), a
    000026B6 2B               [ 8] 7753 	dec	hl
    000026B7 3E 0F            [ 8] 7754 	ld	a, #0x0f
    000026B9 22               [ 8] 7755 	ld	(hl+), a
    000026BA AF               [ 4] 7756 	xor	a, a
    000026BB 77               [ 8] 7757 	ld	(hl), a
                                   7758 ;src/gameplay.c:969: target_bg_idx = 0;
    000026BC 21 DD 00         [12] 7759 	ld	hl, #221
    000026BF 39               [ 8] 7760 	add	hl, sp
    000026C0 36 00            [12] 7761 	ld	(hl), #0x00
                                   7762 ;src/gameplay.c:970: player_init(&player, 0, 240);
    000026C2 21 08 00         [12] 7763 	ld	hl, #8
    000026C5 39               [ 8] 7764 	add	hl, sp
    000026C6 11 F0 00         [12] 7765 	ld	de, #0x00f0
    000026C9 D5               [16] 7766 	push	de
    000026CA 01 00 00         [12] 7767 	ld	bc, #0x0000
    000026CD 5D               [ 4] 7768 	ld	e, l
    000026CE 54               [ 4] 7769 	ld	d, h
    000026CF CDr00r00         [24] 7770 	call	_player_init
                                   7771 ;src/gameplay.c:971: sp_cache_reset(&active_sp, &sp_stream_idx);
    000026D2 21 8F 00         [12] 7772 	ld	hl, #143
    000026D5 39               [ 8] 7773 	add	hl, sp
    000026D6 4D               [ 4] 7774 	ld	c, l
    000026D7 44               [ 4] 7775 	ld	b, h
    000026D8 21 1F 00         [12] 7776 	ld	hl, #31
    000026DB 39               [ 8] 7777 	add	hl, sp
    000026DC 5D               [ 4] 7778 	ld	e, l
    000026DD 54               [ 4] 7779 	ld	d, h
    000026DE CDr00r00         [24] 7780 	call	_sp_cache_reset
                                   7781 ;src/gameplay.c:972: sp_cache_col = 0xFFFF;
    000026E1 21 C8 00         [12] 7782 	ld	hl, #200
    000026E4 39               [ 8] 7783 	add	hl, sp
                                   7784 ;src/gameplay.c:973: previous_oam_index = MAX_HARDWARE_SPRITES;
    000026E5 3E FF            [ 8] 7785 	ld	a,#0xff
    000026E7 22               [ 8] 7786 	ld	(hl+),a
    000026E8 32               [ 8] 7787 	ld	(hl-), a
    000026E9 2B               [ 8] 7788 	dec	hl
    000026EA 36 28            [12] 7789 	ld	(hl), #0x28
                                   7790 ;src/gameplay.c:974: cached_collision_col = 0xFFFF;
    000026EC 21 CA 00         [12] 7791 	ld	hl, #202
    000026EF 39               [ 8] 7792 	add	hl, sp
    000026F0 3E FF            [ 8] 7793 	ld	a, #0xff
    000026F2 22               [ 8] 7794 	ld	(hl+), a
    000026F3 36 FF            [12] 7795 	ld	(hl), #0xff
                                   7796 ;c:\gbdk\include\gb\gb.h:1461: SCX_REG=x, SCY_REG=y;
    000026F5 AF               [ 4] 7797 	xor	a, a
    000026F6 E0r00            [12] 7798 	ldh	(_SCX_REG + 0), a
    000026F8 3E 70            [ 8] 7799 	ld	a, #0x70
    000026FA E0r00            [12] 7800 	ldh	(_SCY_REG + 0), a
                                   7801 ;src/gameplay.c:976: BGP_REG = bg_pals[0];
    000026FC F8 04            [12] 7802 	ldhl	sp,	#4
    000026FE 7E               [ 8] 7803 	ld	a, (hl)
    000026FF E0r00            [12] 7804 	ldh	(_BGP_REG + 0), a
                                   7805 ;src/gameplay.c:977: if (_cpu == CGB_TYPE) {
    00002701 FAr00r00         [16] 7806 	ld	a, (#__cpu)
    00002704 D6 11            [ 8] 7807 	sub	a, #0x11
    00002706 20 0C            [12] 7808 	jr	NZ, 00203$
                                   7809 ;src/gameplay.c:981: set_bkg_palette(0, 1, &gbc_bg_palettes[GBC_DEFAULT_BG_PAL << 2]);
    00002708 11r3Fr01         [12] 7810 	ld	de, #(_gbc_bg_palettes + 256)
    0000270B D5               [16] 7811 	push	de
    0000270C AF               [ 4] 7812 	xor	a, a
    0000270D 3C               [ 4] 7813 	inc	a
    0000270E F5               [16] 7814 	push	af
    0000270F CDr00r00         [24] 7815 	call	_set_bkg_palette
    00002712 E8 04            [16] 7816 	add	sp, #4
    00002714                       7817 00203$:
                                   7818 ;src/gameplay.c:983: fill_scroll_bg(level_map, level_map_w, level_map_bank, 0);
    00002714 AF               [ 4] 7819 	xor	a, a
    00002715 F5               [16] 7820 	push	af
    00002716 33               [ 8] 7821 	inc	sp
    00002717 21 BD 00         [12] 7822 	ld	hl, #189
    0000271A 39               [ 8] 7823 	add	hl, sp
    0000271B 7E               [ 8] 7824 	ld	a, (hl)
    0000271C F5               [16] 7825 	push	af
    0000271D 33               [ 8] 7826 	inc	sp
    0000271E 21 B9 00         [12] 7827 	ld	hl, #185
    00002721 39               [ 8] 7828 	add	hl, sp
    00002722 2A               [ 8] 7829 	ld	a, (hl+)
    00002723 4F               [ 4] 7830 	ld	c, a
    00002724 46               [ 8] 7831 	ld	b, (hl)
    00002725 21 B5 00         [12] 7832 	ld	hl, #181
    00002728 39               [ 8] 7833 	add	hl, sp
    00002729 2A               [ 8] 7834 	ld	a, (hl+)
    0000272A 5F               [ 4] 7835 	ld	e, a
    0000272B 56               [ 8] 7836 	ld	d, (hl)
    0000272C CDr00r00         [24] 7837 	call	_fill_scroll_bg
                                   7838 ;src/gameplay.c:984: DISPLAY_ON;
    0000272F F0r00            [12] 7839 	ldh	a, (_LCDC_REG + 0)
    00002731 F6 80            [ 8] 7840 	or	a, #0x80
    00002733 E0r00            [12] 7841 	ldh	(_LCDC_REG + 0), a
                                   7842 ;src/gameplay.c:985: TAC_REG = 0x04;
    00002735 3E 04            [ 8] 7843 	ld	a, #0x04
    00002737 E0r00            [12] 7844 	ldh	(_TAC_REG + 0), a
                                   7845 ;src/gameplay.c:986: music_ready = 1;
    00002739 21r00r00         [12] 7846 	ld	hl, #_music_ready
    0000273C 36 01            [12] 7847 	ld	(hl), #0x01
                                   7848 ;c:\gbdk\include\gb\gb.h:795: __asm__("ei");
    0000273E FB               [ 4] 7849 	ei
                                   7850 ;src/gameplay.c:987: enable_interrupts();
    0000273F C3r26r1C         [16] 7851 	jp	00207$
    00002742                       7852 00208$:
                                   7853 ;src/gameplay.c:991: HIDE_SPRITES;
    00002742 F0r00            [12] 7854 	ldh	a, (_LCDC_REG + 0)
    00002744 E6 FD            [ 8] 7855 	and	a, #0xfd
    00002746 E0r00            [12] 7856 	ldh	(_LCDC_REG + 0), a
                                   7857 ;c:\gbdk\include\gb\gb.h:1461: SCX_REG=x, SCY_REG=y;
    00002748 AF               [ 4] 7858 	xor	a, a
    00002749 E0r00            [12] 7859 	ldh	(_SCX_REG + 0), a
    0000274B AF               [ 4] 7860 	xor	a, a
    0000274C E0r00            [12] 7861 	ldh	(_SCY_REG + 0), a
                                   7862 ;src/gameplay.c:993: waitpadup();
    0000274E CDr00r00         [24] 7863 	call	_waitpadup
                                   7864 ;c:\gbdk\include\gb\gb.h:811: __asm__("di");
    00002751 F3               [ 4] 7865 	di
                                   7866 ;src/gameplay.c:995: setup_menu_font();
    00002752 1Er00            [ 8] 7867 	ld	e, #b_setup_menu_font
    00002754 21rCCr17         [12] 7868 	ld	hl, #_setup_menu_font
    00002757 CDr00r00         [24] 7869 	call	___sdcc_bcall_ehl
                                   7870 ;c:\gbdk\include\gb\gb.h:795: __asm__("ei");
    0000275A FB               [ 4] 7871 	ei
                                   7872 ;src/gameplay.c:997: redraw = 1;
    0000275B 21r00r00         [12] 7873 	ld	hl, #_redraw
    0000275E 36 01            [12] 7874 	ld	(hl), #0x01
                                   7875 ;src/gameplay.c:998: }
    00002760 21 E0 00         [12] 7876 	ld	hl, #224
    00002763 39               [ 8] 7877 	add	hl, sp
    00002764 F9               [ 8] 7878 	ld	sp, hl
    00002765 C9               [16] 7879 	ret
    00002766                       7880 _play_level_dbg_pals_60003_392:
    00002766 20                    7881 	.db #0x20	; 32
    00002767 10                    7882 	.db #0x10	; 16
    00002768 00                    7883 	.db #0x00	; 0
    00002769 0F                    7884 	.db #0x0f	; 15
    0000276A                       7885 ___str_3:
    0000276A 4C 45 56 45 4C 20 43  7886 	.ascii "LEVEL COMPLETE"
             4F 4D 50 4C 45 54 45
    00002778 00                    7887 	.db 0x00
    00002779                       7888 ___str_4:
    00002779 50 52 45 53 53 20 41  7889 	.ascii "PRESS A TO EXIT"
             20 54 4F 20 45 58 49
             54
    00002788 00                    7890 	.db 0x00
                                   7891 	.area _CODE_10
                                   7892 	.area _INITIALIZER
                                   7893 	.area _CABS (ABS)
