                                      1 ;--------------------------------------------------------
                                      2 ; File Created by SDCC : free open source ISO C Compiler
                                      3 ; Version 4.5.1 #15267 (MINGW64)
                                      4 ;--------------------------------------------------------
                                      5 	.module gameplay
                                      6 	
                                      7 ;--------------------------------------------------------
                                      8 ; Public variables in this module
                                      9 ;--------------------------------------------------------
                                     10 	.globl _hide_sprites_range
                                     11 	.globl _sp_cache_load
                                     12 	.globl _player_screen_y
                                     13 	.globl _player_update
                                     14 	.globl _player_init
                                     15 	.globl _load_collision_columns
                                     16 	.globl _load_bkg_tileset
                                     17 	.globl _fill_scroll_bg
                                     18 	.globl _draw_mt_column
                                     19 	.globl _init_music_banked
                                     20 	.globl _set_sprite_palette
                                     21 	.globl _set_bkg_palette
                                     22 	.globl _fill_bkg_rect
                                     23 	.globl _set_sprite_data
                                     24 	.globl _set_bkg_tile_xy
                                     25 	.globl _set_bkg_data
                                     26 	.globl _display_off
                                     27 	.globl _wait_vbl_done
                                     28 	.globl _waitpadup
                                     29 	.globl _joypad
                                     30 	.globl _sp_cache_reset
                                     31 	.globl _sp_cache_update
                                     32 	.globl b_setup_menu_font
                                     33 	.globl _setup_menu_font
                                     34 	.globl b_draw_text
                                     35 	.globl _draw_text
                                     36 	.globl b_draw_levels
                                     37 	.globl _draw_levels
                                     38 	.globl b_play_level
                                     39 	.globl _play_level
                                     40 ;--------------------------------------------------------
                                     41 ; special function registers
                                     42 ;--------------------------------------------------------
                                     43 	.area _HRAM
                                     44 ;--------------------------------------------------------
                                     45 ; ram data
                                     46 ;--------------------------------------------------------
                                     47 	.area _DATA
    00000000                         48 _famidash_bg_palettes:
    00000000                         49 	.ds 32
                                     50 ;--------------------------------------------------------
                                     51 ; ram data
                                     52 ;--------------------------------------------------------
                                     53 	.area _INITIALIZED
                                     54 ;--------------------------------------------------------
                                     55 ; absolute external ram data
                                     56 ;--------------------------------------------------------
                                     57 	.area _DABS (ABS)
                                     58 ;--------------------------------------------------------
                                     59 ; global & static initialisations
                                     60 ;--------------------------------------------------------
                                     61 	.area _HOME
                                     62 	.area _GSINIT
                                     63 	.area _GSFINAL
                                     64 	.area _GSINIT
                                     65 ;--------------------------------------------------------
                                     66 ; Home
                                     67 ;--------------------------------------------------------
                                     68 	.area _HOME
                                     69 	.area _HOME
                                     70 ;--------------------------------------------------------
                                     71 ; code
                                     72 ;--------------------------------------------------------
                                     73 	.area _CODE_10
                                     74 ;src/gameplay.c:173: static palette_color_t famidash_darker(palette_color_t color) {
                                     75 ;	---------------------------------
                                     76 ; Function famidash_darker
                                     77 ; ---------------------------------
    00000000                         78 _famidash_darker:
    00000000 D5               [16]   79 	push	de
                                     80 ;src/gameplay.c:174: return RGB((color & 0x1Fu) * 3u / 4u,
    00000001 F8 01            [12]   81 	ldhl	sp,	#1
    00000003 7E               [ 8]   82 	ld	a, (hl)
    00000004 0F               [ 4]   83 	rrca
    00000005 0F               [ 4]   84 	rrca
    00000006 E6 1F            [ 8]   85 	and	a, #0x1f
    00000008 4F               [ 4]   86 	ld	c, a
    00000009 06 00            [ 8]   87 	ld	b, #0x00
    0000000B 69               [ 4]   88 	ld	l, c
    0000000C 60               [ 4]   89 	ld	h, b
    0000000D 29               [ 8]   90 	add	hl, hl
    0000000E 09               [ 8]   91 	add	hl, bc
    0000000F CB 3C            [ 8]   92 	srl	h
    00000011 CB 1D            [ 8]   93 	rr	l
    00000013 CB 3C            [ 8]   94 	srl	h
    00000015 CB 1D            [ 8]   95 	rr	l
    00000017 7D               [ 4]   96 	ld	a, l
    00000018 E6 1F            [ 8]   97 	and	a, #0x1f
    0000001A 87               [ 4]   98 	add	a, a
    0000001B 87               [ 4]   99 	add	a, a
    0000001C 47               [ 4]  100 	ld	b, a
    0000001D F8 00            [12]  101 	ldhl	sp,	#0
    0000001F 2A               [ 8]  102 	ld	a, (hl+)
    00000020 57               [ 4]  103 	ld	d, a
    00000021 5E               [ 8]  104 	ld	e, (hl)
    00000022 CB 3B            [ 8]  105 	srl	e
    00000024 CB 1A            [ 8]  106 	rr	d
    00000026 CB 3B            [ 8]  107 	srl	e
    00000028 CB 1A            [ 8]  108 	rr	d
    0000002A CB 3B            [ 8]  109 	srl	e
    0000002C CB 1A            [ 8]  110 	rr	d
    0000002E CB 3B            [ 8]  111 	srl	e
    00000030 CB 1A            [ 8]  112 	rr	d
    00000032 CB 3B            [ 8]  113 	srl	e
    00000034 CB 1A            [ 8]  114 	rr	d
    00000036 7A               [ 4]  115 	ld	a, d
    00000037 E6 1F            [ 8]  116 	and	a, #0x1f
    00000039 6F               [ 4]  117 	ld	l, a
    0000003A 26 00            [ 8]  118 	ld	h, #0x00
    0000003C 5D               [ 4]  119 	ld	e, l
    0000003D 54               [ 4]  120 	ld	d, h
    0000003E 29               [ 8]  121 	add	hl, hl
    0000003F 19               [ 8]  122 	add	hl, de
    00000040 CB 3C            [ 8]  123 	srl	h
    00000042 CB 1D            [ 8]  124 	rr	l
    00000044 CB 3C            [ 8]  125 	srl	h
    00000046 CB 1D            [ 8]  126 	rr	l
    00000048 7D               [ 4]  127 	ld	a, l
    00000049 E6 1F            [ 8]  128 	and	a, #0x1f
    0000004B 26 00            [ 8]  129 	ld	h, #0x00
    0000004D 6F               [ 4]  130 	ld	l, a
    0000004E 29               [ 8]  131 	add	hl, hl
    0000004F 29               [ 8]  132 	add	hl, hl
    00000050 29               [ 8]  133 	add	hl, hl
    00000051 29               [ 8]  134 	add	hl, hl
    00000052 29               [ 8]  135 	add	hl, hl
    00000053 78               [ 4]  136 	ld	a, b
    00000054 4D               [ 4]  137 	ld	c, l
    00000055 B4               [ 4]  138 	or	a, h
    00000056 47               [ 4]  139 	ld	b, a
    00000057 F8 00            [12]  140 	ldhl	sp,	#0
    00000059 2A               [ 8]  141 	ld	a, (hl+)
    0000005A E6 1F            [ 8]  142 	and	a, #0x1f
    0000005C 6F               [ 4]  143 	ld	l, a
    0000005D 26 00            [ 8]  144 	ld	h, #0x00
    0000005F 5D               [ 4]  145 	ld	e, l
    00000060 54               [ 4]  146 	ld	d, h
    00000061 29               [ 8]  147 	add	hl, hl
    00000062 19               [ 8]  148 	add	hl, de
    00000063 CB 3C            [ 8]  149 	srl	h
    00000065 CB 1D            [ 8]  150 	rr	l
    00000067 CB 3C            [ 8]  151 	srl	h
    00000069 CB 1D            [ 8]  152 	rr	l
    0000006B 7D               [ 4]  153 	ld	a, l
    0000006C E6 1F            [ 8]  154 	and	a, #0x1f
    0000006E B1               [ 4]  155 	or	a, c
    0000006F 4F               [ 4]  156 	ld	c, a
                                    157 ;src/gameplay.c:177: }
    00000070 33               [ 8]  158 	inc	sp
    00000071 33               [ 8]  159 	inc	sp
    00000072 C9               [16]  160 	ret
    00000073                        161 _nes_master_palette:
    00000073 4A 29                  162 	.dw #0x294a
    00000075 00 44                  163 	.dw #0x4400
    00000077 41 48                  164 	.dw #0x4841
    00000079 06 44                  165 	.dw #0x4406
    0000007B 08 30                  166 	.dw #0x3008
    0000007D 0B 18                  167 	.dw #0x180b
    0000007F 14 00                  168 	.dw #0x0014
    00000081 67 00                  169 	.dw #0x0067
    00000083 A4 00                  170 	.dw #0x00a4
    00000085 E1 00                  171 	.dw #0x00e1
    00000087 00 01                  172 	.dw #0x0100
    00000089 E0 00                  173 	.dw #0x00e0
    0000008B C0 1C                  174 	.dw #0x1cc0
    0000008D 00 00                  175 	.dw #0x0000
    0000008F 00 00                  176 	.dw #0x0000
    00000091 00 00                  177 	.dw #0x0000
    00000093 D6 5A                  178 	.dw #0x5ad6
    00000095 E0 4C                  179 	.dw #0x4ce0
    00000097 C6 74                  180 	.dw #0x74c6
    00000099 6B 70                  181 	.dw #0x706b
    0000009B 1B 64                  182 	.dw #0x641b
    0000009D 54 30                  183 	.dw #0x3054
    0000009F 1B 00                  184 	.dw #0x001b
    000000A1 EF 00                  185 	.dw #0x00ef
    000000A3 6A 01                  186 	.dw #0x016a
    000000A5 C5 01                  187 	.dw #0x01c5
    000000A7 E1 01                  188 	.dw #0x01e1
    000000A9 C0 15                  189 	.dw #0x15c0
    000000AB 80 3D                  190 	.dw #0x3d80
    000000AD 00 00                  191 	.dw #0x0000
    000000AF 00 00                  192 	.dw #0x0000
    000000B1 00 00                  193 	.dw #0x0000
    000000B3 FF 7F                  194 	.dw #0x7fff
    000000B5 E7 7E                  195 	.dw #0x7ee7
    000000B7 EF 7D                  196 	.dw #0x7def
    000000B9 96 7D                  197 	.dw #0x7d96
    000000BB FF 54                  198 	.dw #0x54ff
    000000BD 7F 59                  199 	.dw #0x597f
    000000BF BF 31                  200 	.dw #0x31bf
    000000C1 FF 01                  201 	.dw #0x01ff
    000000C3 9B 02                  202 	.dw #0x029b
    000000C5 0E 03                  203 	.dw #0x030e
    000000C7 80 03                  204 	.dw #0x0380
    000000C9 27 37                  205 	.dw #0x3727
    000000CB A0 6F                  206 	.dw #0x6fa0
    000000CD E7 1C                  207 	.dw #0x1ce7
    000000CF 00 00                  208 	.dw #0x0000
    000000D1 00 00                  209 	.dw #0x0000
    000000D3 FF 7F                  210 	.dw #0x7fff
    000000D5 35 7F                  211 	.dw #0x7f35
    000000D7 F7 7E                  212 	.dw #0x7ef7
    000000D9 DA 7E                  213 	.dw #0x7eda
    000000DB BF 7E                  214 	.dw #0x7ebf
    000000DD BF 6A                  215 	.dw #0x6abf
    000000DF DF 5A                  216 	.dw #0x5adf
    000000E1 7F 3F                  217 	.dw #0x3f7f
    000000E3 59 3F                  218 	.dw #0x3f59
    000000E5 76 3F                  219 	.dw #0x3f76
    000000E7 95 4B                  220 	.dw #0x4b95
    000000E9 93 5B                  221 	.dw #0x5b93
    000000EB 54 73                  222 	.dw #0x7354
    000000ED 94 52                  223 	.dw #0x5294
    000000EF 00 00                  224 	.dw #0x0000
    000000F1 00 00                  225 	.dw #0x0000
    000000F3                        226 _vibrant_palette_default:
    000000F3 E0 4C                  227 	.dw #0x4ce0
    000000F5 00 44                  228 	.dw #0x4400
    000000F7 00 00                  229 	.dw #0x0000
    000000F9 FF 7F                  230 	.dw #0x7fff
    000000FB 4A 29                  231 	.dw #0x294a
    000000FD 00 44                  232 	.dw #0x4400
    000000FF E0 4C                  233 	.dw #0x4ce0
    00000101 FF 7F                  234 	.dw #0x7fff
    00000103 4A 29                  235 	.dw #0x294a
    00000105 00 44                  236 	.dw #0x4400
    00000107 00 00                  237 	.dw #0x0000
    00000109 80 03                  238 	.dw #0x0380
    0000010B E0 4C                  239 	.dw #0x4ce0
    0000010D 00 44                  240 	.dw #0x4400
    0000010F 00 00                  241 	.dw #0x0000
    00000111 00 00                  242 	.dw #0x0000
    00000113                        243 _level_sprite_cost_table:
    00000113 09                     244 	.db #0x09	; 9
    00000114 09                     245 	.db #0x09	; 9
    00000115 00                     246 	.db #0x00	; 0
    00000116 00                     247 	.db #0x00	; 0
    00000117 00                     248 	.db #0x00	; 0
    00000118 02                     249 	.db #0x02	; 2
    00000119 02                     250 	.db #0x02	; 2
    0000011A 00                     251 	.db #0x00	; 0
    0000011B 09                     252 	.db #0x09	; 9
    0000011C 09                     253 	.db #0x09	; 9
    0000011D 02                     254 	.db #0x02	; 2
    0000011E 02                     255 	.db #0x02	; 2
    0000011F 02                     256 	.db #0x02	; 2
    00000120 02                     257 	.db #0x02	; 2
    00000121 02                     258 	.db #0x02	; 2
    00000122 00                     259 	.db #0x00	; 0
    00000123 00                     260 	.db #0x00	; 0
    00000124 00                     261 	.db #0x00	; 0
    00000125 00                     262 	.db #0x00	; 0
    00000126 00                     263 	.db #0x00	; 0
    00000127 00                     264 	.db #0x00	; 0
    00000128 00                     265 	.db #0x00	; 0
    00000129 00                     266 	.db #0x00	; 0
    0000012A 00                     267 	.db #0x00	; 0
    0000012B 00                     268 	.db #0x00	; 0
    0000012C 00                     269 	.db #0x00	; 0
    0000012D 00                     270 	.db #0x00	; 0
    0000012E 00                     271 	.db #0x00	; 0
    0000012F 00                     272 	.db #0x00	; 0
    00000130 00                     273 	.db #0x00	; 0
    00000131 00                     274 	.db #0x00	; 0
    00000132 00                     275 	.db #0x00	; 0
    00000133 00                     276 	.db #0x00	; 0
    00000134 00                     277 	.db #0x00	; 0
    00000135 00                     278 	.db #0x00	; 0
    00000136 00                     279 	.db #0x00	; 0
    00000137 00                     280 	.db #0x00	; 0
    00000138 02                     281 	.db #0x02	; 2
                                    282 ;src/gameplay.c:179: static void famidash_reset_bg_palettes(void) {
                                    283 ;	---------------------------------
                                    284 ; Function famidash_reset_bg_palettes
                                    285 ; ---------------------------------
    00000139                        286 _famidash_reset_bg_palettes:
    00000139 3B               [ 8]  287 	dec	sp
                                    288 ;src/gameplay.c:181: for (i = 0; i != 16; i++) famidash_bg_palettes[i] = vibrant_palette_default[i];
    0000013A F8 00            [12]  289 	ldhl	sp,	#0
    0000013C 36 00            [12]  290 	ld	(hl), #0x00
    0000013E                        291 00102$:
    0000013E F8 00            [12]  292 	ldhl	sp,	#0
    00000140 5E               [ 8]  293 	ld	e, (hl)
    00000141 AF               [ 4]  294 	xor	a, a
    00000142 57               [ 4]  295 	ld	d, a
    00000143 CB 23            [ 8]  296 	sla	e
    00000145 CB 12            [ 8]  297 	rl	d
    00000147 21r00r00         [12]  298 	ld	hl, #_famidash_bg_palettes
    0000014A 19               [ 8]  299 	add	hl, de
    0000014B 4D               [ 4]  300 	ld	c, l
    0000014C 44               [ 4]  301 	ld	b, h
    0000014D 21rF3r00         [12]  302 	ld	hl, #_vibrant_palette_default
    00000150 19               [ 8]  303 	add	hl, de
    00000151 2A               [ 8]  304 	ld	a,	(hl+)
    00000152 66               [ 8]  305 	ld	h, (hl)
    00000153 02               [ 8]  306 	ld	(bc), a
    00000154 03               [ 8]  307 	inc	bc
    00000155 7C               [ 4]  308 	ld	a, h
    00000156 02               [ 8]  309 	ld	(bc), a
    00000157 F8 00            [12]  310 	ldhl	sp,	#0
    00000159 34               [12]  311 	inc	(hl)
    0000015A 7E               [ 8]  312 	ld	a, (hl)
    0000015B D6 10            [ 8]  313 	sub	a, #0x10
    0000015D 20 DF            [12]  314 	jr	NZ, 00102$
                                    315 ;src/gameplay.c:182: set_bkg_palette(0, 4, famidash_bg_palettes);
    0000015F 11r00r00         [12]  316 	ld	de, #_famidash_bg_palettes
    00000162 D5               [16]  317 	push	de
    00000163 21 00 04         [12]  318 	ld	hl, #0x400
    00000166 E5               [16]  319 	push	hl
    00000167 CDr00r00         [24]  320 	call	_set_bkg_palette
                                    321 ;src/gameplay.c:183: }
    0000016A E8 05            [16]  322 	add	sp, #5
    0000016C C9               [16]  323 	ret
                                    324 ;src/gameplay.c:185: static void famidash_apply_bg_trigger(uint8_t color_id) {
                                    325 ;	---------------------------------
                                    326 ; Function famidash_apply_bg_trigger
                                    327 ; ---------------------------------
    0000016D                        328 _famidash_apply_bg_trigger:
                                    329 ;src/gameplay.c:188: if (color_id == 31u) color = RGB(0, 29, 27); /* FamiDash $9F: Use Aqua as default player color */
    0000016D 4F               [ 4]  330 	ld	c, a
    0000016E D6 1F            [ 8]  331 	sub	a, #0x1f
    00000170 20 05            [12]  332 	jr	NZ, 00105$
    00000172 01 A0 6F         [12]  333 	ld	bc, #0x6fa0
    00000175 18 34            [12]  334 	jr	00106$
    00000177                        335 00105$:
                                    336 ;src/gameplay.c:189: else if (color_id == 46u) {                       /* FamiDash $AE: Ground Color 2 Trigger */
    00000177 79               [ 4]  337 	ld	a, c
    00000178 D6 2E            [ 8]  338 	sub	a, #0x2e
    0000017A 20 21            [12]  339 	jr	NZ, 00102$
                                    340 ;src/gameplay.c:191: famidash_bg_palettes[6] = color;
    0000017C 21r0Cr00         [12]  341 	ld	hl, #(_famidash_bg_palettes + 12)
    0000017F 3E 80            [ 8]  342 	ld	a, #0x80
    00000181 22               [ 8]  343 	ld	(hl+), a
                                    344 ;src/gameplay.c:192: famidash_bg_palettes[5] = famidash_darker(color);
    00000182 11 80 03         [12]  345 	ld	de, #0x0380
    00000185 72               [ 8]  346 	ld	(hl), d
    00000186 CDr00r00         [24]  347 	call	_famidash_darker
    00000189 21r0Ar00         [12]  348 	ld	hl, #(_famidash_bg_palettes + 10)
    0000018C 79               [ 4]  349 	ld	a, c
    0000018D 22               [ 8]  350 	ld	(hl+), a
    0000018E 70               [ 8]  351 	ld	(hl), b
                                    352 ;src/gameplay.c:193: set_bkg_palette(0, 4, famidash_bg_palettes);
    0000018F 11r00r00         [12]  353 	ld	de, #_famidash_bg_palettes
    00000192 D5               [16]  354 	push	de
    00000193 21 00 04         [12]  355 	ld	hl, #0x400
    00000196 E5               [16]  356 	push	hl
    00000197 CDr00r00         [24]  357 	call	_set_bkg_palette
    0000019A E8 04            [16]  358 	add	sp, #4
                                    359 ;src/gameplay.c:194: return;
    0000019C C9               [16]  360 	ret
    0000019D                        361 00102$:
                                    362 ;src/gameplay.c:197: color = nes_master_palette[color_id & 0x3Fu];
    0000019D 11r73r00         [12]  363 	ld	de, #_nes_master_palette+0
    000001A0 79               [ 4]  364 	ld	a, c
    000001A1 E6 3F            [ 8]  365 	and	a, #0x3f
    000001A3 26 00            [ 8]  366 	ld	h, #0x00
    000001A5 6F               [ 4]  367 	ld	l, a
    000001A6 29               [ 8]  368 	add	hl, hl
    000001A7 19               [ 8]  369 	add	hl, de
    000001A8 2A               [ 8]  370 	ld	a, (hl+)
    000001A9 4F               [ 4]  371 	ld	c, a
    000001AA 46               [ 8]  372 	ld	b, (hl)
    000001AB                        373 00106$:
                                    374 ;src/gameplay.c:200: famidash_bg_palettes[0] = color;
    000001AB 21r00r00         [12]  375 	ld	hl, #_famidash_bg_palettes
    000001AE 79               [ 4]  376 	ld	a, c
    000001AF 22               [ 8]  377 	ld	(hl+), a
    000001B0 70               [ 8]  378 	ld	(hl), b
                                    379 ;src/gameplay.c:201: color = famidash_darker(color);
    000001B1 59               [ 4]  380 	ld	e, c
    000001B2 50               [ 4]  381 	ld	d, b
    000001B3 CDr00r00         [24]  382 	call	_famidash_darker
                                    383 ;src/gameplay.c:202: famidash_bg_palettes[1] = color;
    000001B6 21r02r00         [12]  384 	ld	hl, #(_famidash_bg_palettes + 2)
    000001B9 79               [ 4]  385 	ld	a, c
    000001BA 22               [ 8]  386 	ld	(hl+), a
    000001BB 70               [ 8]  387 	ld	(hl), b
                                    388 ;src/gameplay.c:203: famidash_bg_palettes[9] = color;
    000001BC 21r12r00         [12]  389 	ld	hl, #(_famidash_bg_palettes + 18)
    000001BF 79               [ 4]  390 	ld	a, c
    000001C0 22               [ 8]  391 	ld	(hl+), a
    000001C1 70               [ 8]  392 	ld	(hl), b
                                    393 ;src/gameplay.c:204: famidash_bg_palettes[13] = color;
    000001C2 21r1Ar00         [12]  394 	ld	hl, #(_famidash_bg_palettes + 26)
    000001C5 79               [ 4]  395 	ld	a, c
    000001C6 22               [ 8]  396 	ld	(hl+), a
    000001C7 70               [ 8]  397 	ld	(hl), b
                                    398 ;src/gameplay.c:205: set_bkg_palette(0, 4, famidash_bg_palettes);
    000001C8 11r00r00         [12]  399 	ld	de, #_famidash_bg_palettes
    000001CB D5               [16]  400 	push	de
    000001CC 21 00 04         [12]  401 	ld	hl, #0x400
    000001CF E5               [16]  402 	push	hl
    000001D0 CDr00r00         [24]  403 	call	_set_bkg_palette
    000001D3 E8 04            [16]  404 	add	sp, #4
                                    405 ;src/gameplay.c:206: }
    000001D5 C9               [16]  406 	ret
                                    407 ;src/gameplay.c:223: void sp_cache_reset(SpCache *cache, uint16_t *stream_idx) {
                                    408 ;	---------------------------------
                                    409 ; Function sp_cache_reset
                                    410 ; ---------------------------------
    000001D6                        411 _sp_cache_reset::
                                    412 ;src/gameplay.c:225: *stream_idx = 0;
    000001D6 AF               [ 4]  413 	xor	a, a
    000001D7 02               [ 8]  414 	ld	(bc), a
    000001D8 03               [ 8]  415 	inc	bc
    000001D9 02               [ 8]  416 	ld	(bc), a
                                    417 ;src/gameplay.c:226: for (i = 0; i < MAX_ACTIVE_SP_OBJECTS; i++) cache->active[i] = 0;
    000001DA 21 50 00         [12]  418 	ld	hl, #0x0050
    000001DD 19               [ 8]  419 	add	hl, de
    000001DE 4D               [ 4]  420 	ld	c, l
    000001DF 44               [ 4]  421 	ld	b, h
    000001E0 1E 00            [ 8]  422 	ld	e, #0x00
    000001E2                        423 00102$:
    000001E2 6B               [ 4]  424 	ld	l, e
    000001E3 26 00            [ 8]  425 	ld	h, #0x00
    000001E5 09               [ 8]  426 	add	hl, bc
    000001E6 36 00            [12]  427 	ld	(hl), #0x00
    000001E8 1C               [ 4]  428 	inc	e
    000001E9 7B               [ 4]  429 	ld	a, e
    000001EA D6 10            [ 8]  430 	sub	a, #0x10
    000001EC 38 F4            [12]  431 	jr	C, 00102$
                                    432 ;src/gameplay.c:227: }
    000001EE C9               [16]  433 	ret
    000001EF                        434 _gbc_sprite_palettes:
    000001EF FF 7F                  435 	.dw #0x7fff
    000001F1 E0 7F                  436 	.dw #0x7fe0
    000001F3 E0 03                  437 	.dw #0x03e0
    000001F5 00 00                  438 	.dw #0x0000
    000001F7 FF 7F                  439 	.dw #0x7fff
    000001F9 00 00                  440 	.dw #0x0000
    000001FB E0 03                  441 	.dw #0x03e0
    000001FD E0 03                  442 	.dw #0x03e0
    000001FF FF 7F                  443 	.dw #0x7fff
    00000201 00 00                  444 	.dw #0x0000
    00000203 E0 7F                  445 	.dw #0x7fe0
    00000205 E0 7F                  446 	.dw #0x7fe0
    00000207 FF 7F                  447 	.dw #0x7fff
    00000209 00 00                  448 	.dw #0x0000
    0000020B FF 03                  449 	.dw #0x03ff
    0000020D FF 03                  450 	.dw #0x03ff
    0000020F FF 7F                  451 	.dw #0x7fff
    00000211 00 00                  452 	.dw #0x0000
    00000213 9F 7D                  453 	.dw #0x7d9f
    00000215 9F 7D                  454 	.dw #0x7d9f
    00000217 FF 7F                  455 	.dw #0x7fff
    00000219 00 00                  456 	.dw #0x0000
    0000021B 1F 00                  457 	.dw #0x001f
    0000021D 1F 00                  458 	.dw #0x001f
                                    459 ;src/gameplay.c:229: void sp_cache_update(const Level *l, uint16_t cam_px,
                                    460 ;	---------------------------------
                                    461 ; Function sp_cache_update
                                    462 ; ---------------------------------
    0000021F                        463 _sp_cache_update::
    0000021F E8 E8            [16]  464 	add	sp, #-24
    00000221 F8 14            [12]  465 	ldhl	sp,	#20
    00000223 7B               [ 4]  466 	ld	a, e
    00000224 22               [ 8]  467 	ld	(hl+), a
    00000225 72               [ 8]  468 	ld	(hl), d
    00000226 F8 12            [12]  469 	ldhl	sp,	#18
    00000228 79               [ 4]  470 	ld	a, c
    00000229 22               [ 8]  471 	ld	(hl+), a
                                    472 ;src/gameplay.c:233: uint8_t sp_bank = l->sp_bank;
    0000022A 78               [ 4]  473 	ld	a, b
    0000022B 22               [ 8]  474 	ld	(hl+), a
    0000022C 2A               [ 8]  475 	ld	a, (hl+)
    0000022D 5F               [ 4]  476 	ld	e, a
    0000022E 56               [ 8]  477 	ld	d, (hl)
    0000022F 21 14 00         [12]  478 	ld	hl, #0x0014
    00000232 19               [ 8]  479 	add	hl, de
    00000233 4D               [ 4]  480 	ld	c, l
    00000234 44               [ 4]  481 	ld	b, h
    00000235 0A               [ 8]  482 	ld	a, (bc)
    00000236 F8 02            [12]  483 	ldhl	sp,	#2
    00000238 77               [ 8]  484 	ld	(hl), a
                                    485 ;src/gameplay.c:234: const SpDef *sp_list = l->sp_list;
    00000239 F8 14            [12]  486 	ldhl	sp,#20
    0000023B 2A               [ 8]  487 	ld	a, (hl+)
    0000023C 5F               [ 4]  488 	ld	e, a
    0000023D 56               [ 8]  489 	ld	d, (hl)
    0000023E 21 12 00         [12]  490 	ld	hl, #0x0012
    00000241 19               [ 8]  491 	add	hl, de
    00000242 4D               [ 4]  492 	ld	c, l
    00000243 44               [ 4]  493 	ld	b, h
    00000244 59               [ 4]  494 	ld	e, c
    00000245 50               [ 4]  495 	ld	d, b
    00000246 1A               [ 8]  496 	ld	a, (de)
    00000247 F8 03            [12]  497 	ldhl	sp,	#3
    00000249 22               [ 8]  498 	ld	(hl+), a
    0000024A 13               [ 8]  499 	inc	de
    0000024B 1A               [ 8]  500 	ld	a, (de)
    0000024C 77               [ 8]  501 	ld	(hl), a
                                    502 ;src/gameplay.c:237: for (i = 0; i < MAX_ACTIVE_SP_OBJECTS; i++) {
    0000024D F8 1A            [12]  503 	ldhl	sp,#26
    0000024F 2A               [ 8]  504 	ld	a, (hl+)
    00000250 5F               [ 4]  505 	ld	e, a
    00000251 56               [ 8]  506 	ld	d, (hl)
    00000252 21 50 00         [12]  507 	ld	hl, #0x0050
    00000255 19               [ 8]  508 	add	hl, de
    00000256 E5               [16]  509 	push	hl
    00000257 7D               [ 4]  510 	ld	a, l
    00000258 F8 07            [12]  511 	ldhl	sp,	#7
    0000025A 77               [ 8]  512 	ld	(hl), a
    0000025B E1               [12]  513 	pop	hl
    0000025C 7C               [ 4]  514 	ld	a, h
    0000025D F8 06            [12]  515 	ldhl	sp,	#6
    0000025F 77               [ 8]  516 	ld	(hl), a
    00000260 F8 17            [12]  517 	ldhl	sp,	#23
    00000262 36 00            [12]  518 	ld	(hl), #0x00
    00000264                        519 00115$:
                                    520 ;src/gameplay.c:238: if (!cache->active[i]) continue;
    00000264 F8 05            [12]  521 	ldhl	sp,#5
    00000266 2A               [ 8]  522 	ld	a, (hl+)
    00000267 5F               [ 4]  523 	ld	e, a
    00000268 56               [ 8]  524 	ld	d, (hl)
    00000269 F8 17            [12]  525 	ldhl	sp,	#23
    0000026B 6E               [ 8]  526 	ld	l, (hl)
    0000026C 26 00            [ 8]  527 	ld	h, #0x00
    0000026E 19               [ 8]  528 	add	hl, de
    0000026F 4D               [ 4]  529 	ld	c, l
    00000270 44               [ 4]  530 	ld	b, h
    00000271 0A               [ 8]  531 	ld	a, (bc)
    00000272 B7               [ 4]  532 	or	a, a
    00000273 28 27            [12]  533 	jr	Z, 00105$
                                    534 ;src/gameplay.c:239: if (cache->px[i] + 32u < cam_px) cache->active[i] = 0;
    00000275 F8 1A            [12]  535 	ldhl	sp,#26
    00000277 2A               [ 8]  536 	ld	a, (hl+)
    00000278 5F               [ 4]  537 	ld	e, a
    00000279 56               [ 8]  538 	ld	d, (hl)
    0000027A 21 10 00         [12]  539 	ld	hl, #0x0010
    0000027D 19               [ 8]  540 	add	hl, de
    0000027E 5D               [ 4]  541 	ld	e, l
    0000027F 54               [ 4]  542 	ld	d, h
    00000280 F8 17            [12]  543 	ldhl	sp,	#23
    00000282 7E               [ 8]  544 	ld	a, (hl)
    00000283 87               [ 4]  545 	add	a, a
    00000284 6F               [ 4]  546 	ld	l, a
    00000285 26 00            [ 8]  547 	ld	h, #0x00
    00000287 19               [ 8]  548 	add	hl, de
    00000288 2A               [ 8]  549 	ld	a,	(hl+)
    00000289 66               [ 8]  550 	ld	h, (hl)
    0000028A 6F               [ 4]  551 	ld	l, a
    0000028B 11 20 00         [12]  552 	ld	de, #0x0020
    0000028E 19               [ 8]  553 	add	hl, de
    0000028F 5D               [ 4]  554 	ld	e, l
    00000290 54               [ 4]  555 	ld	d, h
    00000291 F8 12            [12]  556 	ldhl	sp,	#18
    00000293 7B               [ 4]  557 	ld	a, e
    00000294 96               [ 8]  558 	sub	a, (hl)
    00000295 23               [ 8]  559 	inc	hl
    00000296 7A               [ 4]  560 	ld	a, d
    00000297 9E               [ 8]  561 	sbc	a, (hl)
    00000298 30 02            [12]  562 	jr	NC, 00105$
    0000029A AF               [ 4]  563 	xor	a, a
    0000029B 02               [ 8]  564 	ld	(bc), a
    0000029C                        565 00105$:
                                    566 ;src/gameplay.c:237: for (i = 0; i < MAX_ACTIVE_SP_OBJECTS; i++) {
    0000029C F8 17            [12]  567 	ldhl	sp,	#23
    0000029E 34               [12]  568 	inc	(hl)
    0000029F 7E               [ 8]  569 	ld	a, (hl)
    000002A0 D6 10            [ 8]  570 	sub	a, #0x10
    000002A2 38 C0            [12]  571 	jr	C, 00115$
                                    572 ;src/gameplay.c:243: for (i = 0; i < MAX_ACTIVE_SP_OBJECTS; i++) {
    000002A4 F8 1A            [12]  573 	ldhl	sp,#26
    000002A6 2A               [ 8]  574 	ld	a, (hl+)
    000002A7 5F               [ 4]  575 	ld	e, a
    000002A8 56               [ 8]  576 	ld	d, (hl)
    000002A9 21 10 00         [12]  577 	ld	hl, #0x0010
    000002AC 19               [ 8]  578 	add	hl, de
    000002AD E5               [16]  579 	push	hl
    000002AE 7D               [ 4]  580 	ld	a, l
    000002AF F8 09            [12]  581 	ldhl	sp,	#9
    000002B1 77               [ 8]  582 	ld	(hl), a
    000002B2 E1               [12]  583 	pop	hl
    000002B3 7C               [ 4]  584 	ld	a, h
    000002B4 F8 08            [12]  585 	ldhl	sp,	#8
    000002B6 77               [ 8]  586 	ld	(hl), a
    000002B7 F8 1A            [12]  587 	ldhl	sp,#26
    000002B9 2A               [ 8]  588 	ld	a, (hl+)
    000002BA 5F               [ 4]  589 	ld	e, a
    000002BB 56               [ 8]  590 	ld	d, (hl)
    000002BC 21 30 00         [12]  591 	ld	hl, #0x0030
    000002BF 19               [ 8]  592 	add	hl, de
    000002C0 E5               [16]  593 	push	hl
    000002C1 7D               [ 4]  594 	ld	a, l
    000002C2 F8 0B            [12]  595 	ldhl	sp,	#11
    000002C4 77               [ 8]  596 	ld	(hl), a
    000002C5 E1               [12]  597 	pop	hl
    000002C6 7C               [ 4]  598 	ld	a, h
    000002C7 F8 0A            [12]  599 	ldhl	sp,	#10
    000002C9 77               [ 8]  600 	ld	(hl), a
    000002CA F8 1A            [12]  601 	ldhl	sp,#26
    000002CC 2A               [ 8]  602 	ld	a, (hl+)
    000002CD 5F               [ 4]  603 	ld	e, a
    000002CE 56               [ 8]  604 	ld	d, (hl)
    000002CF 21 60 00         [12]  605 	ld	hl, #0x0060
    000002D2 19               [ 8]  606 	add	hl, de
    000002D3 E5               [16]  607 	push	hl
    000002D4 7D               [ 4]  608 	ld	a, l
    000002D5 F8 0D            [12]  609 	ldhl	sp,	#13
    000002D7 77               [ 8]  610 	ld	(hl), a
    000002D8 E1               [12]  611 	pop	hl
    000002D9 7C               [ 4]  612 	ld	a, h
    000002DA F8 0C            [12]  613 	ldhl	sp,	#12
    000002DC 77               [ 8]  614 	ld	(hl), a
    000002DD F8 16            [12]  615 	ldhl	sp,	#22
    000002DF AF               [ 4]  616 	xor	a, a
    000002E0 22               [ 8]  617 	ld	(hl+), a
    000002E1 77               [ 8]  618 	ld	(hl), a
    000002E2                        619 00116$:
                                    620 ;src/gameplay.c:244: if (cache->active[i]) {
    000002E2 F8 05            [12]  621 	ldhl	sp,#5
    000002E4 2A               [ 8]  622 	ld	a, (hl+)
    000002E5 5F               [ 4]  623 	ld	e, a
    000002E6 56               [ 8]  624 	ld	d, (hl)
    000002E7 F8 17            [12]  625 	ldhl	sp,	#23
    000002E9 6E               [ 8]  626 	ld	l, (hl)
    000002EA 26 00            [ 8]  627 	ld	h, #0x00
    000002EC 19               [ 8]  628 	add	hl, de
    000002ED E5               [16]  629 	push	hl
    000002EE 7D               [ 4]  630 	ld	a, l
    000002EF F8 0F            [12]  631 	ldhl	sp,	#15
    000002F1 77               [ 8]  632 	ld	(hl), a
    000002F2 E1               [12]  633 	pop	hl
    000002F3 7C               [ 4]  634 	ld	a, h
    000002F4 F8 0E            [12]  635 	ldhl	sp,	#14
    000002F6 32               [ 8]  636 	ld	(hl-), a
    000002F7 2A               [ 8]  637 	ld	a, (hl+)
    000002F8 5F               [ 4]  638 	ld	e, a
    000002F9 56               [ 8]  639 	ld	d, (hl)
    000002FA 1A               [ 8]  640 	ld	a, (de)
    000002FB B7               [ 4]  641 	or	a, a
    000002FC CArAFr03         [16]  642 	jp	Z, 00117$
                                    643 ;src/gameplay.c:245: if (count != i) {
    000002FF F8 16            [12]  644 	ldhl	sp,	#22
    00000301 2A               [ 8]  645 	ld	a, (hl+)
    00000302 96               [ 8]  646 	sub	a, (hl)
    00000303 CArACr03         [16]  647 	jp	Z, 00108$
                                    648 ;src/gameplay.c:246: cache->obj[count] = cache->obj[i];
    00000306 F8 1A            [12]  649 	ldhl	sp,#26
    00000308 2A               [ 8]  650 	ld	a, (hl+)
    00000309 5F               [ 4]  651 	ld	e, a
    0000030A 56               [ 8]  652 	ld	d, (hl)
    0000030B F8 16            [12]  653 	ldhl	sp,	#22
    0000030D 6E               [ 8]  654 	ld	l, (hl)
    0000030E 26 00            [ 8]  655 	ld	h, #0x00
    00000310 19               [ 8]  656 	add	hl, de
    00000311 4D               [ 4]  657 	ld	c, l
    00000312 44               [ 4]  658 	ld	b, h
    00000313 F8 1A            [12]  659 	ldhl	sp,#26
    00000315 2A               [ 8]  660 	ld	a, (hl+)
    00000316 5F               [ 4]  661 	ld	e, a
    00000317 56               [ 8]  662 	ld	d, (hl)
    00000318 F8 17            [12]  663 	ldhl	sp,	#23
    0000031A 6E               [ 8]  664 	ld	l, (hl)
    0000031B 26 00            [ 8]  665 	ld	h, #0x00
    0000031D 19               [ 8]  666 	add	hl, de
    0000031E 5D               [ 4]  667 	ld	e, l
    0000031F 54               [ 4]  668 	ld	d, h
    00000320 1A               [ 8]  669 	ld	a, (de)
    00000321 02               [ 8]  670 	ld	(bc), a
                                    671 ;src/gameplay.c:247: cache->px[count] = cache->px[i];
    00000322 F8 16            [12]  672 	ldhl	sp,	#22
    00000324 7E               [ 8]  673 	ld	a, (hl)
    00000325 87               [ 4]  674 	add	a, a
    00000326 F8 11            [12]  675 	ldhl	sp,	#17
    00000328 77               [ 8]  676 	ld	(hl), a
    00000329 F8 07            [12]  677 	ldhl	sp,#7
    0000032B 2A               [ 8]  678 	ld	a, (hl+)
    0000032C 5F               [ 4]  679 	ld	e, a
    0000032D 56               [ 8]  680 	ld	d, (hl)
    0000032E F8 11            [12]  681 	ldhl	sp,	#17
    00000330 6E               [ 8]  682 	ld	l, (hl)
    00000331 26 00            [ 8]  683 	ld	h, #0x00
    00000333 19               [ 8]  684 	add	hl, de
    00000334 33               [ 8]  685 	inc	sp
    00000335 33               [ 8]  686 	inc	sp
    00000336 E5               [16]  687 	push	hl
    00000337 F8 17            [12]  688 	ldhl	sp,	#23
    00000339 7E               [ 8]  689 	ld	a, (hl)
    0000033A 87               [ 4]  690 	add	a, a
    0000033B F8 0F            [12]  691 	ldhl	sp,	#15
    0000033D 77               [ 8]  692 	ld	(hl), a
    0000033E F8 07            [12]  693 	ldhl	sp,#7
    00000340 2A               [ 8]  694 	ld	a, (hl+)
    00000341 5F               [ 4]  695 	ld	e, a
    00000342 56               [ 8]  696 	ld	d, (hl)
    00000343 F8 0F            [12]  697 	ldhl	sp,	#15
    00000345 6E               [ 8]  698 	ld	l, (hl)
    00000346 26 00            [ 8]  699 	ld	h, #0x00
    00000348 19               [ 8]  700 	add	hl, de
    00000349 2A               [ 8]  701 	ld	a, (hl+)
    0000034A 4F               [ 4]  702 	ld	c, a
    0000034B 46               [ 8]  703 	ld	b, (hl)
    0000034C E1               [12]  704 	pop	hl
    0000034D E5               [16]  705 	push	hl
    0000034E 79               [ 4]  706 	ld	a, c
    0000034F 22               [ 8]  707 	ld	(hl+), a
    00000350 70               [ 8]  708 	ld	(hl), b
                                    709 ;src/gameplay.c:248: cache->py[count] = cache->py[i];
    00000351 F8 11            [12]  710 	ldhl	sp,	#17
    00000353 5E               [ 8]  711 	ld	e, (hl)
    00000354 16 00            [ 8]  712 	ld	d, #0x00
    00000356 F8 09            [12]  713 	ldhl	sp,	#9
    00000358 2A               [ 8]  714 	ld	a,	(hl+)
    00000359 66               [ 8]  715 	ld	h, (hl)
    0000035A 6F               [ 4]  716 	ld	l, a
    0000035B 19               [ 8]  717 	add	hl, de
    0000035C E5               [16]  718 	push	hl
    0000035D 7D               [ 4]  719 	ld	a, l
    0000035E F8 12            [12]  720 	ldhl	sp,	#18
    00000360 77               [ 8]  721 	ld	(hl), a
    00000361 E1               [12]  722 	pop	hl
    00000362 7C               [ 4]  723 	ld	a, h
    00000363 F8 11            [12]  724 	ldhl	sp,	#17
    00000365 32               [ 8]  725 	ld	(hl-), a
    00000366 2B               [ 8]  726 	dec	hl
    00000367 5E               [ 8]  727 	ld	e, (hl)
    00000368 16 00            [ 8]  728 	ld	d, #0x00
    0000036A F8 09            [12]  729 	ldhl	sp,	#9
    0000036C 2A               [ 8]  730 	ld	a,	(hl+)
    0000036D 66               [ 8]  731 	ld	h, (hl)
    0000036E 6F               [ 4]  732 	ld	l, a
    0000036F 19               [ 8]  733 	add	hl, de
    00000370 2A               [ 8]  734 	ld	a, (hl+)
    00000371 4F               [ 4]  735 	ld	c, a
    00000372 46               [ 8]  736 	ld	b, (hl)
    00000373 F8 10            [12]  737 	ldhl	sp,	#16
    00000375 2A               [ 8]  738 	ld	a, (hl+)
    00000376 66               [ 8]  739 	ld	h, (hl)
    00000377 6F               [ 4]  740 	ld	l, a
    00000378 79               [ 4]  741 	ld	a, c
    00000379 22               [ 8]  742 	ld	(hl+), a
    0000037A 70               [ 8]  743 	ld	(hl), b
                                    744 ;src/gameplay.c:249: cache->active[count] = cache->active[i];
    0000037B F8 05            [12]  745 	ldhl	sp,#5
    0000037D 2A               [ 8]  746 	ld	a, (hl+)
    0000037E 5F               [ 4]  747 	ld	e, a
    0000037F 56               [ 8]  748 	ld	d, (hl)
    00000380 F8 16            [12]  749 	ldhl	sp,	#22
    00000382 6E               [ 8]  750 	ld	l, (hl)
    00000383 26 00            [ 8]  751 	ld	h, #0x00
    00000385 19               [ 8]  752 	add	hl, de
    00000386 4D               [ 4]  753 	ld	c, l
    00000387 44               [ 4]  754 	ld	b, h
    00000388 F8 0D            [12]  755 	ldhl	sp,#13
    0000038A 2A               [ 8]  756 	ld	a, (hl+)
    0000038B 5F               [ 4]  757 	ld	e, a
                                    758 ;src/gameplay.c:250: cache->activated[count] = cache->activated[i];
    0000038C 3A               [ 8]  759 	ld	a, (hl-)
    0000038D 2B               [ 8]  760 	dec	hl
    0000038E 2B               [ 8]  761 	dec	hl
    0000038F 57               [ 4]  762 	ld	d, a
    00000390 1A               [ 8]  763 	ld	a, (de)
    00000391 02               [ 8]  764 	ld	(bc), a
    00000392 2A               [ 8]  765 	ld	a, (hl+)
    00000393 5F               [ 4]  766 	ld	e, a
    00000394 56               [ 8]  767 	ld	d, (hl)
    00000395 F8 16            [12]  768 	ldhl	sp,	#22
    00000397 6E               [ 8]  769 	ld	l, (hl)
    00000398 26 00            [ 8]  770 	ld	h, #0x00
    0000039A 19               [ 8]  771 	add	hl, de
    0000039B 4D               [ 4]  772 	ld	c, l
    0000039C 44               [ 4]  773 	ld	b, h
    0000039D F8 0B            [12]  774 	ldhl	sp,#11
    0000039F 2A               [ 8]  775 	ld	a, (hl+)
    000003A0 5F               [ 4]  776 	ld	e, a
    000003A1 56               [ 8]  777 	ld	d, (hl)
    000003A2 F8 17            [12]  778 	ldhl	sp,	#23
    000003A4 6E               [ 8]  779 	ld	l, (hl)
    000003A5 26 00            [ 8]  780 	ld	h, #0x00
    000003A7 19               [ 8]  781 	add	hl, de
    000003A8 5D               [ 4]  782 	ld	e, l
    000003A9 54               [ 4]  783 	ld	d, h
    000003AA 1A               [ 8]  784 	ld	a, (de)
    000003AB 02               [ 8]  785 	ld	(bc), a
    000003AC                        786 00108$:
                                    787 ;src/gameplay.c:252: count++;
    000003AC F8 16            [12]  788 	ldhl	sp,	#22
    000003AE 34               [12]  789 	inc	(hl)
    000003AF                        790 00117$:
                                    791 ;src/gameplay.c:243: for (i = 0; i < MAX_ACTIVE_SP_OBJECTS; i++) {
    000003AF F8 17            [12]  792 	ldhl	sp,	#23
    000003B1 34               [12]  793 	inc	(hl)
    000003B2 7E               [ 8]  794 	ld	a, (hl)
    000003B3 D6 10            [ 8]  795 	sub	a, #0x10
    000003B5 DArE2r02         [16]  796 	jp	C, 00116$
                                    797 ;src/gameplay.c:255: while (count < MAX_ACTIVE_SP_OBJECTS) cache->active[count++] = 0;
    000003B8 2B               [ 8]  798 	dec	hl
    000003B9 4E               [ 8]  799 	ld	c, (hl)
    000003BA                        800 00112$:
    000003BA 79               [ 4]  801 	ld	a, c
    000003BB D6 10            [ 8]  802 	sub	a, #0x10
    000003BD 30 10            [12]  803 	jr	NC, 00114$
    000003BF 59               [ 4]  804 	ld	e, c
    000003C0 0C               [ 4]  805 	inc	c
    000003C1 16 00            [ 8]  806 	ld	d, #0x00
    000003C3 F8 05            [12]  807 	ldhl	sp,	#5
    000003C5 2A               [ 8]  808 	ld	a,	(hl+)
    000003C6 66               [ 8]  809 	ld	h, (hl)
    000003C7 6F               [ 4]  810 	ld	l, a
    000003C8 19               [ 8]  811 	add	hl, de
    000003C9 5D               [ 4]  812 	ld	e, l
    000003CA 54               [ 4]  813 	ld	d, h
    000003CB AF               [ 4]  814 	xor	a, a
    000003CC 12               [ 8]  815 	ld	(de), a
    000003CD 18 EB            [12]  816 	jr	00112$
    000003CF                        817 00114$:
                                    818 ;src/gameplay.c:257: sp_cache_load(sp_bank, sp_list, cam_px, cache, stream_idx, l->map_height);
    000003CF F8 14            [12]  819 	ldhl	sp,#20
    000003D1 2A               [ 8]  820 	ld	a, (hl+)
    000003D2 5F               [ 4]  821 	ld	e, a
    000003D3 56               [ 8]  822 	ld	d, (hl)
    000003D4 21 0C 00         [12]  823 	ld	hl, #0x000c
    000003D7 19               [ 8]  824 	add	hl, de
    000003D8 2A               [ 8]  825 	ld	a, (hl+)
    000003D9 4F               [ 4]  826 	ld	c, a
    000003DA 46               [ 8]  827 	ld	b, (hl)
    000003DB C5               [16]  828 	push	bc
    000003DC F8 1E            [12]  829 	ldhl	sp,	#30
    000003DE 2A               [ 8]  830 	ld	a, (hl+)
    000003DF 5F               [ 4]  831 	ld	e, a
    000003E0 56               [ 8]  832 	ld	d, (hl)
    000003E1 D5               [16]  833 	push	de
    000003E2 F8 1E            [12]  834 	ldhl	sp,	#30
    000003E4 2A               [ 8]  835 	ld	a, (hl+)
    000003E5 5F               [ 4]  836 	ld	e, a
    000003E6 56               [ 8]  837 	ld	d, (hl)
    000003E7 D5               [16]  838 	push	de
    000003E8 F8 18            [12]  839 	ldhl	sp,	#24
    000003EA 2A               [ 8]  840 	ld	a, (hl+)
    000003EB 5F               [ 4]  841 	ld	e, a
    000003EC 56               [ 8]  842 	ld	d, (hl)
    000003ED D5               [16]  843 	push	de
    000003EE F8 0B            [12]  844 	ldhl	sp,	#11
    000003F0 2A               [ 8]  845 	ld	a, (hl+)
    000003F1 5F               [ 4]  846 	ld	e, a
    000003F2 3A               [ 8]  847 	ld	a, (hl-)
    000003F3 2B               [ 8]  848 	dec	hl
    000003F4 57               [ 4]  849 	ld	d, a
    000003F5 7E               [ 8]  850 	ld	a, (hl)
    000003F6 CDr00r00         [24]  851 	call	_sp_cache_load
                                    852 ;src/gameplay.c:258: }
    000003F9 E8 18            [16]  853 	add	sp, #24
    000003FB E1               [12]  854 	pop	hl
    000003FC E8 04            [16]  855 	add	sp, #4
    000003FE E9               [ 4]  856 	jp	(hl)
                                    857 ;src/gameplay.c:265: static uint8_t draw_oam_2x1(const metasprite_t* meta, uint8_t tile_base, uint8_t oam_idx, uint8_t sx, uint8_t sy, uint8_t reversed) {
                                    858 ;	---------------------------------
                                    859 ; Function draw_oam_2x1
                                    860 ; ---------------------------------
    000003FF                        861 _draw_oam_2x1:
    000003FF E8 F8            [16]  862 	add	sp, #-8
    00000401 D5               [16]  863 	push	de
    00000402 F8 09            [12]  864 	ldhl	sp,	#9
    00000404 77               [ 8]  865 	ld	(hl), a
                                    866 ;src/gameplay.c:267: uint8_t *oam = (uint8_t *)&shadow_OAM[oam_idx];
    00000405 01r00r00         [12]  867 	ld	bc, #_shadow_OAM+0
    00000408 F8 0C            [12]  868 	ldhl	sp,	#12
    0000040A 5E               [ 8]  869 	ld	e, (hl)
    0000040B AF               [ 4]  870 	xor	a, a
    0000040C 6B               [ 4]  871 	ld	l, e
    0000040D 67               [ 4]  872 	ld	h, a
    0000040E 29               [ 8]  873 	add	hl, hl
    0000040F 29               [ 8]  874 	add	hl, hl
    00000410 09               [ 8]  875 	add	hl, bc
                                    876 ;src/gameplay.c:270: *oam++ = sy; *oam++ = sx;     *oam++ = meta->dtile + tile_base; *oam++ = meta->props; meta++;
    00000411 4D               [ 4]  877 	ld	c,l
    00000412 44               [ 4]  878 	ld	b,h
    00000413 23               [ 8]  879 	inc	hl
    00000414 E5               [16]  880 	push	hl
    00000415 7D               [ 4]  881 	ld	a, l
    00000416 F8 04            [12]  882 	ldhl	sp,	#4
    00000418 77               [ 8]  883 	ld	(hl), a
    00000419 E1               [12]  884 	pop	hl
    0000041A 7C               [ 4]  885 	ld	a, h
    0000041B F8 03            [12]  886 	ldhl	sp,	#3
    0000041D 32               [ 8]  887 	ld	(hl-), a
    0000041E 2B               [ 8]  888 	dec	hl
    0000041F 2B               [ 8]  889 	dec	hl
    00000420 D1               [12]  890 	pop	de
    00000421 D5               [16]  891 	push	de
    00000422 13               [ 8]  892 	inc	de
    00000423 13               [ 8]  893 	inc	de
    00000424 D5               [16]  894 	push	de
    00000425 2A               [ 8]  895 	ld	a, (hl+)
    00000426 5F               [ 4]  896 	ld	e, a
    00000427 56               [ 8]  897 	ld	d, (hl)
    00000428 21 03 00         [12]  898 	ld	hl, #0x0003
    0000042B 19               [ 8]  899 	add	hl, de
    0000042C D1               [12]  900 	pop	de
    0000042D E5               [16]  901 	push	hl
    0000042E 7D               [ 4]  902 	ld	a, l
    0000042F F8 06            [12]  903 	ldhl	sp,	#6
    00000431 77               [ 8]  904 	ld	(hl), a
    00000432 E1               [12]  905 	pop	hl
    00000433 7C               [ 4]  906 	ld	a, h
    00000434 F8 05            [12]  907 	ldhl	sp,	#5
    00000436 77               [ 8]  908 	ld	(hl), a
    00000437 D5               [16]  909 	push	de
    00000438 F8 02            [12]  910 	ldhl	sp,#2
    0000043A 2A               [ 8]  911 	ld	a, (hl+)
    0000043B 5F               [ 4]  912 	ld	e, a
    0000043C 56               [ 8]  913 	ld	d, (hl)
    0000043D 21 04 00         [12]  914 	ld	hl, #0x0004
    00000440 19               [ 8]  915 	add	hl, de
    00000441 D1               [12]  916 	pop	de
    00000442 E5               [16]  917 	push	hl
    00000443 7D               [ 4]  918 	ld	a, l
    00000444 F8 08            [12]  919 	ldhl	sp,	#8
    00000446 77               [ 8]  920 	ld	(hl), a
    00000447 E1               [12]  921 	pop	hl
    00000448 7C               [ 4]  922 	ld	a, h
    00000449 F8 07            [12]  923 	ldhl	sp,	#7
    0000044B 77               [ 8]  924 	ld	(hl), a
                                    925 ;src/gameplay.c:271: *oam++ = sy; *oam++ = sx + 8; *oam++ = meta->dtile + tile_base; *oam++ = meta->props;
    0000044C F8 0D            [12]  926 	ldhl	sp,	#13
    0000044E 7E               [ 8]  927 	ld	a, (hl)
    0000044F C6 08            [ 8]  928 	add	a, #0x08
    00000451 F8 08            [12]  929 	ldhl	sp,	#8
    00000453 77               [ 8]  930 	ld	(hl), a
                                    931 ;src/gameplay.c:269: if (!reversed) {
    00000454 F8 0F            [12]  932 	ldhl	sp,	#15
    00000456 7E               [ 8]  933 	ld	a, (hl)
    00000457 B7               [ 4]  934 	or	a, a
    00000458 20 3A            [12]  935 	jr	NZ, 00102$
                                    936 ;src/gameplay.c:270: *oam++ = sy; *oam++ = sx;     *oam++ = meta->dtile + tile_base; *oam++ = meta->props; meta++;
    0000045A 2B               [ 8]  937 	dec	hl
    0000045B 7E               [ 8]  938 	ld	a, (hl)
    0000045C 02               [ 8]  939 	ld	(bc), a
    0000045D F8 02            [12]  940 	ldhl	sp,	#2
    0000045F 2A               [ 8]  941 	ld	a, (hl+)
    00000460 4F               [ 4]  942 	ld	c, a
    00000461 46               [ 8]  943 	ld	b, (hl)
    00000462 F8 0D            [12]  944 	ldhl	sp,	#13
    00000464 7E               [ 8]  945 	ld	a, (hl)
    00000465 02               [ 8]  946 	ld	(bc), a
    00000466 03               [ 8]  947 	inc	bc
    00000467 1A               [ 8]  948 	ld	a, (de)
    00000468 F8 09            [12]  949 	ldhl	sp,	#9
    0000046A 86               [ 8]  950 	add	a, (hl)
    0000046B 02               [ 8]  951 	ld	(bc), a
    0000046C 03               [ 8]  952 	inc	bc
    0000046D F8 04            [12]  953 	ldhl	sp,#4
    0000046F 2A               [ 8]  954 	ld	a, (hl+)
    00000470 5F               [ 4]  955 	ld	e, a
    00000471 2A               [ 8]  956 	ld	a, (hl+)
    00000472 57               [ 4]  957 	ld	d, a
    00000473 1A               [ 8]  958 	ld	a, (de)
    00000474 02               [ 8]  959 	ld	(bc), a
    00000475 03               [ 8]  960 	inc	bc
    00000476 2A               [ 8]  961 	ld	a, (hl+)
    00000477 5F               [ 4]  962 	ld	e, a
    00000478 56               [ 8]  963 	ld	d, (hl)
                                    964 ;src/gameplay.c:271: *oam++ = sy; *oam++ = sx + 8; *oam++ = meta->dtile + tile_base; *oam++ = meta->props;
    00000479 F8 0E            [12]  965 	ldhl	sp,	#14
    0000047B 7E               [ 8]  966 	ld	a, (hl)
    0000047C 02               [ 8]  967 	ld	(bc), a
    0000047D 03               [ 8]  968 	inc	bc
    0000047E F8 08            [12]  969 	ldhl	sp,	#8
    00000480 7E               [ 8]  970 	ld	a, (hl)
    00000481 02               [ 8]  971 	ld	(bc), a
    00000482 03               [ 8]  972 	inc	bc
    00000483 6B               [ 4]  973 	ld	l, e
    00000484 62               [ 4]  974 	ld	h, d
    00000485 23               [ 8]  975 	inc	hl
    00000486 23               [ 8]  976 	inc	hl
    00000487 7E               [ 8]  977 	ld	a, (hl)
    00000488 F8 09            [12]  978 	ldhl	sp,	#9
    0000048A 86               [ 8]  979 	add	a, (hl)
    0000048B 02               [ 8]  980 	ld	(bc), a
    0000048C 03               [ 8]  981 	inc	bc
    0000048D 13               [ 8]  982 	inc	de
    0000048E 13               [ 8]  983 	inc	de
    0000048F 13               [ 8]  984 	inc	de
    00000490 1A               [ 8]  985 	ld	a, (de)
    00000491 02               [ 8]  986 	ld	(bc), a
    00000492 18 39            [12]  987 	jr	00103$
    00000494                        988 00102$:
                                    989 ;src/gameplay.c:273: *oam++ = sy; *oam++ = sx + 8; *oam++ = meta->dtile + tile_base; *oam++ = meta->props ^ S_FLIPX; meta++;
    00000494 F8 0E            [12]  990 	ldhl	sp,	#14
    00000496 7E               [ 8]  991 	ld	a, (hl)
    00000497 02               [ 8]  992 	ld	(bc), a
    00000498 F8 02            [12]  993 	ldhl	sp,	#2
    0000049A 2A               [ 8]  994 	ld	a, (hl+)
    0000049B 4F               [ 4]  995 	ld	c, a
    0000049C 46               [ 8]  996 	ld	b, (hl)
    0000049D F8 08            [12]  997 	ldhl	sp,	#8
    0000049F 2A               [ 8]  998 	ld	a, (hl+)
    000004A0 02               [ 8]  999 	ld	(bc), a
    000004A1 03               [ 8] 1000 	inc	bc
    000004A2 1A               [ 8] 1001 	ld	a, (de)
    000004A3 86               [ 8] 1002 	add	a, (hl)
    000004A4 02               [ 8] 1003 	ld	(bc), a
    000004A5 03               [ 8] 1004 	inc	bc
    000004A6 F8 04            [12] 1005 	ldhl	sp,#4
    000004A8 2A               [ 8] 1006 	ld	a, (hl+)
    000004A9 5F               [ 4] 1007 	ld	e, a
    000004AA 2A               [ 8] 1008 	ld	a, (hl+)
    000004AB 57               [ 4] 1009 	ld	d, a
    000004AC 1A               [ 8] 1010 	ld	a, (de)
    000004AD EE 20            [ 8] 1011 	xor	a, #0x20
    000004AF 02               [ 8] 1012 	ld	(bc), a
    000004B0 03               [ 8] 1013 	inc	bc
    000004B1 2A               [ 8] 1014 	ld	a, (hl+)
    000004B2 5F               [ 4] 1015 	ld	e, a
    000004B3 56               [ 8] 1016 	ld	d, (hl)
                                   1017 ;src/gameplay.c:274: *oam++ = sy; *oam++ = sx;     *oam++ = meta->dtile + tile_base; *oam++ = meta->props ^ S_FLIPX;
    000004B4 F8 0E            [12] 1018 	ldhl	sp,	#14
    000004B6 3A               [ 8] 1019 	ld	a, (hl-)
    000004B7 02               [ 8] 1020 	ld	(bc), a
    000004B8 03               [ 8] 1021 	inc	bc
    000004B9 7E               [ 8] 1022 	ld	a, (hl)
    000004BA 02               [ 8] 1023 	ld	(bc), a
    000004BB 03               [ 8] 1024 	inc	bc
    000004BC 6B               [ 4] 1025 	ld	l, e
    000004BD 62               [ 4] 1026 	ld	h, d
    000004BE 23               [ 8] 1027 	inc	hl
    000004BF 23               [ 8] 1028 	inc	hl
    000004C0 7E               [ 8] 1029 	ld	a, (hl)
    000004C1 F8 09            [12] 1030 	ldhl	sp,	#9
    000004C3 86               [ 8] 1031 	add	a, (hl)
    000004C4 02               [ 8] 1032 	ld	(bc), a
    000004C5 03               [ 8] 1033 	inc	bc
    000004C6 13               [ 8] 1034 	inc	de
    000004C7 13               [ 8] 1035 	inc	de
    000004C8 13               [ 8] 1036 	inc	de
    000004C9 1A               [ 8] 1037 	ld	a, (de)
    000004CA EE 20            [ 8] 1038 	xor	a, #0x20
    000004CC 02               [ 8] 1039 	ld	(bc), a
    000004CD                       1040 00103$:
                                   1041 ;src/gameplay.c:276: return 2;
    000004CD 3E 02            [ 8] 1042 	ld	a, #0x02
                                   1043 ;src/gameplay.c:277: }
    000004CF E8 0A            [16] 1044 	add	sp, #10
    000004D1 E1               [12] 1045 	pop	hl
    000004D2 E8 04            [16] 1046 	add	sp, #4
    000004D4 E9               [ 4] 1047 	jp	(hl)
                                   1048 ;src/gameplay.c:283: static uint8_t draw_oam_2x2(uint8_t tile_base, uint8_t oam_idx,
                                   1049 ;	---------------------------------
                                   1050 ; Function draw_oam_2x2
                                   1051 ; ---------------------------------
    000004D5                       1052 _draw_oam_2x2:
                                   1053 ;src/gameplay.c:420: __endasm;
                                   1054 ;	Build &shadow_OAM[oam_idx] while preserving tile_base in A.
    000004D5 F5               [16] 1055 	push	af
    000004D6 AF               [ 4] 1056 	xor	a
    000004D7 6B               [ 4] 1057 	ld	l, e
    000004D8 67               [ 4] 1058 	ld	h, a
    000004D9 29               [ 8] 1059 	add	hl, hl
    000004DA 29               [ 8] 1060 	add	hl, hl
    000004DB 11r00r00         [12] 1061 	ld	de, #_shadow_OAM
    000004DE 19               [ 8] 1062 	add	hl, de
    000004DF F1               [12] 1063 	pop	af
    000004E0 5F               [ 4] 1064 	ld	e, a ; E = tile_base
                                   1065 ;	Save the OAM pointer while reading the stack arguments.
                                   1066 ;	Stack after PUSH HL: saved OAM pointer, return address, sx, sy, reversed.
    000004E1 E5               [16] 1067 	push	hl
    000004E2 F8 04            [12] 1068 	ldhl	sp, #4
    000004E4 46               [ 8] 1069 	ld	b, (hl) ; B = sx
    000004E5 23               [ 8] 1070 	inc	hl
    000004E6 4E               [ 8] 1071 	ld	c, (hl) ; C = sy
    000004E7 23               [ 8] 1072 	inc	hl
    000004E8 7E               [ 8] 1073 	ld	a, (hl)
    000004E9 E1               [12] 1074 	pop	hl ; Restore the OAM pointer.
    000004EA B7               [ 4] 1075 	or	a
    000004EB 20 3B            [12] 1076 	jr	NZ, 00102$
                                   1077 ;	Normal order: top-left, top-right, bottom-left, bottom-right.
    000004ED 71               [ 8] 1078 	ld	(hl), c
    000004EE 23               [ 8] 1079 	inc	hl
    000004EF 70               [ 8] 1080 	ld	(hl), b
    000004F0 23               [ 8] 1081 	inc	hl
    000004F1 7B               [ 4] 1082 	ld	a, e
    000004F2 77               [ 8] 1083 	ld	(hl), a
    000004F3 23               [ 8] 1084 	inc	hl
    000004F4 36 03            [12] 1085 	ld	(hl), #3
    000004F6 23               [ 8] 1086 	inc	hl
    000004F7 71               [ 8] 1087 	ld	(hl), c
    000004F8 23               [ 8] 1088 	inc	hl
    000004F9 78               [ 4] 1089 	ld	a, b
    000004FA C6 08            [ 8] 1090 	add	#8
    000004FC 77               [ 8] 1091 	ld	(hl), a
    000004FD 23               [ 8] 1092 	inc	hl
    000004FE 7B               [ 4] 1093 	ld	a, e
    000004FF C6 02            [ 8] 1094 	add	#2
    00000501 77               [ 8] 1095 	ld	(hl), a
    00000502 23               [ 8] 1096 	inc	hl
    00000503 36 03            [12] 1097 	ld	(hl), #3
    00000505 23               [ 8] 1098 	inc	hl
    00000506 79               [ 4] 1099 	ld	a, c
    00000507 C6 10            [ 8] 1100 	add	#16
    00000509 77               [ 8] 1101 	ld	(hl), a
    0000050A 23               [ 8] 1102 	inc	hl
    0000050B 70               [ 8] 1103 	ld	(hl), b
    0000050C 23               [ 8] 1104 	inc	hl
    0000050D 7B               [ 4] 1105 	ld	a, e
    0000050E C6 04            [ 8] 1106 	add	#4
    00000510 77               [ 8] 1107 	ld	(hl), a
    00000511 23               [ 8] 1108 	inc	hl
    00000512 36 03            [12] 1109 	ld	(hl), #3
    00000514 23               [ 8] 1110 	inc	hl
    00000515 79               [ 4] 1111 	ld	a, c
    00000516 C6 10            [ 8] 1112 	add	#16
    00000518 77               [ 8] 1113 	ld	(hl), a
    00000519 23               [ 8] 1114 	inc	hl
    0000051A 78               [ 4] 1115 	ld	a, b
    0000051B C6 08            [ 8] 1116 	add	#8
    0000051D 77               [ 8] 1117 	ld	(hl), a
    0000051E 23               [ 8] 1118 	inc	hl
    0000051F 7B               [ 4] 1119 	ld	a, e
    00000520 C6 06            [ 8] 1120 	add	#6
    00000522 77               [ 8] 1121 	ld	(hl), a
    00000523 23               [ 8] 1122 	inc	hl
    00000524 36 03            [12] 1123 	ld	(hl), #3
    00000526 18 39            [12] 1124 	jr	00103$
    00000528                       1125 00102$:
                                   1126 ;	Mirror order: reverse columns and set horizontal flip.
    00000528 71               [ 8] 1127 	ld	(hl), c
    00000529 23               [ 8] 1128 	inc	hl
    0000052A 78               [ 4] 1129 	ld	a, b
    0000052B C6 08            [ 8] 1130 	add	#8
    0000052D 77               [ 8] 1131 	ld	(hl), a
    0000052E 23               [ 8] 1132 	inc	hl
    0000052F 7B               [ 4] 1133 	ld	a, e
    00000530 77               [ 8] 1134 	ld	(hl), a
    00000531 23               [ 8] 1135 	inc	hl
    00000532 36 23            [12] 1136 	ld	(hl), #0x23
    00000534 23               [ 8] 1137 	inc	hl
    00000535 71               [ 8] 1138 	ld	(hl), c
    00000536 23               [ 8] 1139 	inc	hl
    00000537 70               [ 8] 1140 	ld	(hl), b
    00000538 23               [ 8] 1141 	inc	hl
    00000539 7B               [ 4] 1142 	ld	a, e
    0000053A C6 02            [ 8] 1143 	add	#2
    0000053C 77               [ 8] 1144 	ld	(hl), a
    0000053D 23               [ 8] 1145 	inc	hl
    0000053E 36 23            [12] 1146 	ld	(hl), #0x23
    00000540 23               [ 8] 1147 	inc	hl
    00000541 79               [ 4] 1148 	ld	a, c
    00000542 C6 10            [ 8] 1149 	add	#16
    00000544 77               [ 8] 1150 	ld	(hl), a
    00000545 23               [ 8] 1151 	inc	hl
    00000546 78               [ 4] 1152 	ld	a, b
    00000547 C6 08            [ 8] 1153 	add	#8
    00000549 77               [ 8] 1154 	ld	(hl), a
    0000054A 23               [ 8] 1155 	inc	hl
    0000054B 7B               [ 4] 1156 	ld	a, e
    0000054C C6 04            [ 8] 1157 	add	#4
    0000054E 77               [ 8] 1158 	ld	(hl), a
    0000054F 23               [ 8] 1159 	inc	hl
    00000550 36 23            [12] 1160 	ld	(hl), #0x23
    00000552 23               [ 8] 1161 	inc	hl
    00000553 79               [ 4] 1162 	ld	a, c
    00000554 C6 10            [ 8] 1163 	add	#16
    00000556 77               [ 8] 1164 	ld	(hl), a
    00000557 23               [ 8] 1165 	inc	hl
    00000558 70               [ 8] 1166 	ld	(hl), b
    00000559 23               [ 8] 1167 	inc	hl
    0000055A 7B               [ 4] 1168 	ld	a, e
    0000055B C6 06            [ 8] 1169 	add	#6
    0000055D 77               [ 8] 1170 	ld	(hl), a
    0000055E 23               [ 8] 1171 	inc	hl
    0000055F 36 23            [12] 1172 	ld	(hl), #0x23
    00000561                       1173 00103$:
    00000561 3E 04            [ 8] 1174 	ld	a, #4
    00000563 E1               [12] 1175 	pop	hl ; Return address
    00000564 E8 03            [16] 1176 	add	sp, #3 ; sy, sx, reversed
    00000566 E9               [ 4] 1177 	jp	(hl)
                                   1178 ;src/gameplay.c:421: }
                                   1179 ;src/gameplay.c:424: static uint8_t draw_oam_2x3(const metasprite_t* meta, uint8_t tile_base, uint8_t oam_idx, uint8_t sx, uint8_t sy, uint8_t reversed) {
                                   1180 ;	---------------------------------
                                   1181 ; Function draw_oam_2x3
                                   1182 ; ---------------------------------
    00000567                       1183 _draw_oam_2x3:
    00000567 E8 F4            [16] 1184 	add	sp, #-12
    00000569 F8 0B            [12] 1185 	ldhl	sp,	#11
    0000056B 77               [ 8] 1186 	ld	(hl), a
                                   1187 ;src/gameplay.c:425: uint8_t *oam = (uint8_t *)&shadow_OAM[oam_idx];
    0000056C F8 0E            [12] 1188 	ldhl	sp,	#14
    0000056E 4E               [ 8] 1189 	ld	c, (hl)
    0000056F AF               [ 4] 1190 	xor	a, a
    00000570 69               [ 4] 1191 	ld	l, c
    00000571 67               [ 4] 1192 	ld	h, a
    00000572 29               [ 8] 1193 	add	hl, hl
    00000573 29               [ 8] 1194 	add	hl, hl
    00000574 01r00r00         [12] 1195 	ld	bc, #_shadow_OAM
    00000577 09               [ 8] 1196 	add	hl, bc
                                   1197 ;src/gameplay.c:428: *oam++ = sy;    *oam++ = sx;     *oam++ = meta->dtile + tile_base; *oam++ = meta->props; meta++;
    00000578 4D               [ 4] 1198 	ld	c,l
    00000579 44               [ 4] 1199 	ld	b,h
    0000057A 23               [ 8] 1200 	inc	hl
    0000057B 33               [ 8] 1201 	inc	sp
    0000057C 33               [ 8] 1202 	inc	sp
    0000057D E5               [16] 1203 	push	hl
    0000057E D5               [16] 1204 	push	de
    0000057F 21 02 00         [12] 1205 	ld	hl, #0x0002
    00000582 19               [ 8] 1206 	add	hl, de
    00000583 D1               [12] 1207 	pop	de
    00000584 E5               [16] 1208 	push	hl
    00000585 7D               [ 4] 1209 	ld	a, l
    00000586 F8 04            [12] 1210 	ldhl	sp,	#4
    00000588 77               [ 8] 1211 	ld	(hl), a
    00000589 E1               [12] 1212 	pop	hl
    0000058A 7C               [ 4] 1213 	ld	a, h
    0000058B F8 03            [12] 1214 	ldhl	sp,	#3
    0000058D 77               [ 8] 1215 	ld	(hl), a
    0000058E D5               [16] 1216 	push	de
    0000058F 21 03 00         [12] 1217 	ld	hl, #0x0003
    00000592 19               [ 8] 1218 	add	hl, de
    00000593 D1               [12] 1219 	pop	de
    00000594 E5               [16] 1220 	push	hl
    00000595 7D               [ 4] 1221 	ld	a, l
    00000596 F8 06            [12] 1222 	ldhl	sp,	#6
    00000598 77               [ 8] 1223 	ld	(hl), a
    00000599 E1               [12] 1224 	pop	hl
    0000059A 7C               [ 4] 1225 	ld	a, h
    0000059B F8 05            [12] 1226 	ldhl	sp,	#5
    0000059D 77               [ 8] 1227 	ld	(hl), a
    0000059E 21 04 00         [12] 1228 	ld	hl, #0x0004
    000005A1 19               [ 8] 1229 	add	hl, de
    000005A2 E5               [16] 1230 	push	hl
    000005A3 7D               [ 4] 1231 	ld	a, l
    000005A4 F8 08            [12] 1232 	ldhl	sp,	#8
    000005A6 77               [ 8] 1233 	ld	(hl), a
    000005A7 E1               [12] 1234 	pop	hl
    000005A8 7C               [ 4] 1235 	ld	a, h
    000005A9 F8 07            [12] 1236 	ldhl	sp,	#7
    000005AB 77               [ 8] 1237 	ld	(hl), a
                                   1238 ;src/gameplay.c:429: *oam++ = sy;    *oam++ = sx + 8; *oam++ = meta->dtile + tile_base; *oam++ = meta->props; meta++;
    000005AC F8 0F            [12] 1239 	ldhl	sp,	#15
                                   1240 ;src/gameplay.c:430: *oam++ = sy+16; *oam++ = sx;     *oam++ = meta->dtile + tile_base; *oam++ = meta->props; meta++;
    000005AE 2A               [ 8] 1241 	ld	a, (hl+)
    000005AF 5E               [ 8] 1242 	ld	e, (hl)
                                   1243 ;src/gameplay.c:429: *oam++ = sy;    *oam++ = sx + 8; *oam++ = meta->dtile + tile_base; *oam++ = meta->props; meta++;
    000005B0 C6 08            [ 8] 1244 	add	a, #0x08
    000005B2 F8 08            [12] 1245 	ldhl	sp,	#8
                                   1246 ;src/gameplay.c:430: *oam++ = sy+16; *oam++ = sx;     *oam++ = meta->dtile + tile_base; *oam++ = meta->props; meta++;
    000005B4 22               [ 8] 1247 	ld	(hl+), a
    000005B5 7B               [ 4] 1248 	ld	a, e
    000005B6 C6 10            [ 8] 1249 	add	a, #0x10
                                   1250 ;src/gameplay.c:432: *oam++ = sy+32; *oam++ = sx;     *oam++ = meta->dtile + tile_base; *oam++ = meta->props; meta++;
    000005B8 22               [ 8] 1251 	ld	(hl+), a
    000005B9 7B               [ 4] 1252 	ld	a, e
    000005BA C6 20            [ 8] 1253 	add	a, #0x20
    000005BC 77               [ 8] 1254 	ld	(hl), a
                                   1255 ;src/gameplay.c:427: if (!reversed) {
    000005BD F8 11            [12] 1256 	ldhl	sp,	#17
    000005BF 7E               [ 8] 1257 	ld	a, (hl)
    000005C0 B7               [ 4] 1258 	or	a, a
    000005C1 C2r7Cr06         [16] 1259 	jp	NZ, 00102$
                                   1260 ;src/gameplay.c:428: *oam++ = sy;    *oam++ = sx;     *oam++ = meta->dtile + tile_base; *oam++ = meta->props; meta++;
    000005C4 2B               [ 8] 1261 	dec	hl
    000005C5 3A               [ 8] 1262 	ld	a, (hl-)
    000005C6 02               [ 8] 1263 	ld	(bc), a
    000005C7 C1               [12] 1264 	pop	bc
    000005C8 C5               [16] 1265 	push	bc
    000005C9 7E               [ 8] 1266 	ld	a, (hl)
    000005CA 02               [ 8] 1267 	ld	(bc), a
    000005CB 03               [ 8] 1268 	inc	bc
    000005CC F8 02            [12] 1269 	ldhl	sp,#2
    000005CE 2A               [ 8] 1270 	ld	a, (hl+)
    000005CF 5F               [ 4] 1271 	ld	e, a
    000005D0 56               [ 8] 1272 	ld	d, (hl)
    000005D1 1A               [ 8] 1273 	ld	a, (de)
    000005D2 F8 0B            [12] 1274 	ldhl	sp,	#11
    000005D4 86               [ 8] 1275 	add	a, (hl)
    000005D5 02               [ 8] 1276 	ld	(bc), a
    000005D6 03               [ 8] 1277 	inc	bc
    000005D7 F8 04            [12] 1278 	ldhl	sp,#4
    000005D9 2A               [ 8] 1279 	ld	a, (hl+)
    000005DA 5F               [ 4] 1280 	ld	e, a
    000005DB 2A               [ 8] 1281 	ld	a, (hl+)
    000005DC 57               [ 4] 1282 	ld	d, a
    000005DD 1A               [ 8] 1283 	ld	a, (de)
    000005DE 02               [ 8] 1284 	ld	(bc), a
    000005DF 03               [ 8] 1285 	inc	bc
    000005E0 2A               [ 8] 1286 	ld	a, (hl+)
    000005E1 5F               [ 4] 1287 	ld	e, a
    000005E2 56               [ 8] 1288 	ld	d, (hl)
                                   1289 ;src/gameplay.c:429: *oam++ = sy;    *oam++ = sx + 8; *oam++ = meta->dtile + tile_base; *oam++ = meta->props; meta++;
    000005E3 F8 10            [12] 1290 	ldhl	sp,	#16
    000005E5 7E               [ 8] 1291 	ld	a, (hl)
    000005E6 02               [ 8] 1292 	ld	(bc), a
    000005E7 03               [ 8] 1293 	inc	bc
    000005E8 F8 08            [12] 1294 	ldhl	sp,	#8
    000005EA 7E               [ 8] 1295 	ld	a, (hl)
    000005EB 02               [ 8] 1296 	ld	(bc), a
    000005EC 03               [ 8] 1297 	inc	bc
    000005ED 6B               [ 4] 1298 	ld	l, e
    000005EE 62               [ 4] 1299 	ld	h, d
    000005EF 23               [ 8] 1300 	inc	hl
    000005F0 23               [ 8] 1301 	inc	hl
    000005F1 7E               [ 8] 1302 	ld	a, (hl)
    000005F2 F8 0B            [12] 1303 	ldhl	sp,	#11
    000005F4 86               [ 8] 1304 	add	a, (hl)
    000005F5 02               [ 8] 1305 	ld	(bc), a
    000005F6 03               [ 8] 1306 	inc	bc
    000005F7 6B               [ 4] 1307 	ld	l, e
    000005F8 62               [ 4] 1308 	ld	h, d
    000005F9 23               [ 8] 1309 	inc	hl
    000005FA 23               [ 8] 1310 	inc	hl
    000005FB 23               [ 8] 1311 	inc	hl
    000005FC 7E               [ 8] 1312 	ld	a, (hl)
    000005FD 02               [ 8] 1313 	ld	(bc), a
    000005FE 03               [ 8] 1314 	inc	bc
    000005FF 13               [ 8] 1315 	inc	de
    00000600 13               [ 8] 1316 	inc	de
    00000601 13               [ 8] 1317 	inc	de
    00000602 13               [ 8] 1318 	inc	de
                                   1319 ;src/gameplay.c:430: *oam++ = sy+16; *oam++ = sx;     *oam++ = meta->dtile + tile_base; *oam++ = meta->props; meta++;
    00000603 F8 09            [12] 1320 	ldhl	sp,	#9
    00000605 7E               [ 8] 1321 	ld	a, (hl)
    00000606 02               [ 8] 1322 	ld	(bc), a
    00000607 03               [ 8] 1323 	inc	bc
    00000608 F8 0F            [12] 1324 	ldhl	sp,	#15
    0000060A 7E               [ 8] 1325 	ld	a, (hl)
    0000060B 02               [ 8] 1326 	ld	(bc), a
    0000060C 03               [ 8] 1327 	inc	bc
    0000060D 6B               [ 4] 1328 	ld	l, e
    0000060E 62               [ 4] 1329 	ld	h, d
    0000060F 23               [ 8] 1330 	inc	hl
    00000610 23               [ 8] 1331 	inc	hl
    00000611 7E               [ 8] 1332 	ld	a, (hl)
    00000612 F8 0B            [12] 1333 	ldhl	sp,	#11
    00000614 86               [ 8] 1334 	add	a, (hl)
    00000615 02               [ 8] 1335 	ld	(bc), a
    00000616 03               [ 8] 1336 	inc	bc
    00000617 6B               [ 4] 1337 	ld	l, e
    00000618 62               [ 4] 1338 	ld	h, d
    00000619 23               [ 8] 1339 	inc	hl
    0000061A 23               [ 8] 1340 	inc	hl
    0000061B 23               [ 8] 1341 	inc	hl
    0000061C 7E               [ 8] 1342 	ld	a, (hl)
    0000061D 02               [ 8] 1343 	ld	(bc), a
    0000061E 03               [ 8] 1344 	inc	bc
    0000061F 13               [ 8] 1345 	inc	de
    00000620 13               [ 8] 1346 	inc	de
    00000621 13               [ 8] 1347 	inc	de
    00000622 13               [ 8] 1348 	inc	de
                                   1349 ;src/gameplay.c:431: *oam++ = sy+16; *oam++ = sx + 8; *oam++ = meta->dtile + tile_base; *oam++ = meta->props; meta++;
    00000623 F8 09            [12] 1350 	ldhl	sp,	#9
    00000625 3A               [ 8] 1351 	ld	a, (hl-)
    00000626 02               [ 8] 1352 	ld	(bc), a
    00000627 03               [ 8] 1353 	inc	bc
    00000628 7E               [ 8] 1354 	ld	a, (hl)
    00000629 02               [ 8] 1355 	ld	(bc), a
    0000062A 03               [ 8] 1356 	inc	bc
    0000062B 6B               [ 4] 1357 	ld	l, e
    0000062C 62               [ 4] 1358 	ld	h, d
    0000062D 23               [ 8] 1359 	inc	hl
    0000062E 23               [ 8] 1360 	inc	hl
    0000062F 7E               [ 8] 1361 	ld	a, (hl)
    00000630 F8 0B            [12] 1362 	ldhl	sp,	#11
    00000632 86               [ 8] 1363 	add	a, (hl)
    00000633 02               [ 8] 1364 	ld	(bc), a
    00000634 03               [ 8] 1365 	inc	bc
    00000635 6B               [ 4] 1366 	ld	l, e
    00000636 62               [ 4] 1367 	ld	h, d
    00000637 23               [ 8] 1368 	inc	hl
    00000638 23               [ 8] 1369 	inc	hl
    00000639 23               [ 8] 1370 	inc	hl
    0000063A 7E               [ 8] 1371 	ld	a, (hl)
    0000063B 02               [ 8] 1372 	ld	(bc), a
    0000063C 03               [ 8] 1373 	inc	bc
    0000063D 13               [ 8] 1374 	inc	de
    0000063E 13               [ 8] 1375 	inc	de
    0000063F 13               [ 8] 1376 	inc	de
    00000640 13               [ 8] 1377 	inc	de
                                   1378 ;src/gameplay.c:432: *oam++ = sy+32; *oam++ = sx;     *oam++ = meta->dtile + tile_base; *oam++ = meta->props; meta++;
    00000641 F8 0A            [12] 1379 	ldhl	sp,	#10
    00000643 7E               [ 8] 1380 	ld	a, (hl)
    00000644 02               [ 8] 1381 	ld	(bc), a
    00000645 03               [ 8] 1382 	inc	bc
    00000646 F8 0F            [12] 1383 	ldhl	sp,	#15
    00000648 7E               [ 8] 1384 	ld	a, (hl)
    00000649 02               [ 8] 1385 	ld	(bc), a
    0000064A 03               [ 8] 1386 	inc	bc
    0000064B 6B               [ 4] 1387 	ld	l, e
    0000064C 62               [ 4] 1388 	ld	h, d
    0000064D 23               [ 8] 1389 	inc	hl
    0000064E 23               [ 8] 1390 	inc	hl
    0000064F 7E               [ 8] 1391 	ld	a, (hl)
    00000650 F8 0B            [12] 1392 	ldhl	sp,	#11
    00000652 86               [ 8] 1393 	add	a, (hl)
    00000653 02               [ 8] 1394 	ld	(bc), a
    00000654 03               [ 8] 1395 	inc	bc
    00000655 6B               [ 4] 1396 	ld	l, e
    00000656 62               [ 4] 1397 	ld	h, d
    00000657 23               [ 8] 1398 	inc	hl
    00000658 23               [ 8] 1399 	inc	hl
    00000659 23               [ 8] 1400 	inc	hl
    0000065A 7E               [ 8] 1401 	ld	a, (hl)
    0000065B 02               [ 8] 1402 	ld	(bc), a
    0000065C 03               [ 8] 1403 	inc	bc
    0000065D 13               [ 8] 1404 	inc	de
    0000065E 13               [ 8] 1405 	inc	de
    0000065F 13               [ 8] 1406 	inc	de
    00000660 13               [ 8] 1407 	inc	de
                                   1408 ;src/gameplay.c:433: *oam++ = sy+32; *oam++ = sx + 8; *oam++ = meta->dtile + tile_base; *oam++ = meta->props;
    00000661 F8 0A            [12] 1409 	ldhl	sp,	#10
    00000663 3A               [ 8] 1410 	ld	a, (hl-)
    00000664 2B               [ 8] 1411 	dec	hl
    00000665 02               [ 8] 1412 	ld	(bc), a
    00000666 03               [ 8] 1413 	inc	bc
    00000667 7E               [ 8] 1414 	ld	a, (hl)
    00000668 02               [ 8] 1415 	ld	(bc), a
    00000669 03               [ 8] 1416 	inc	bc
    0000066A 6B               [ 4] 1417 	ld	l, e
    0000066B 62               [ 4] 1418 	ld	h, d
    0000066C 23               [ 8] 1419 	inc	hl
    0000066D 23               [ 8] 1420 	inc	hl
    0000066E 7E               [ 8] 1421 	ld	a, (hl)
    0000066F F8 0B            [12] 1422 	ldhl	sp,	#11
    00000671 86               [ 8] 1423 	add	a, (hl)
    00000672 02               [ 8] 1424 	ld	(bc), a
    00000673 03               [ 8] 1425 	inc	bc
    00000674 13               [ 8] 1426 	inc	de
    00000675 13               [ 8] 1427 	inc	de
    00000676 13               [ 8] 1428 	inc	de
    00000677 1A               [ 8] 1429 	ld	a, (de)
    00000678 02               [ 8] 1430 	ld	(bc), a
    00000679 C3r3Er07         [16] 1431 	jp	00103$
    0000067C                       1432 00102$:
                                   1433 ;src/gameplay.c:435: *oam++ = sy;    *oam++ = sx + 8; *oam++ = meta->dtile + tile_base; *oam++ = meta->props ^ S_FLIPX; meta++;
    0000067C F8 10            [12] 1434 	ldhl	sp,	#16
    0000067E 7E               [ 8] 1435 	ld	a, (hl)
    0000067F 02               [ 8] 1436 	ld	(bc), a
    00000680 C1               [12] 1437 	pop	bc
    00000681 C5               [16] 1438 	push	bc
    00000682 F8 08            [12] 1439 	ldhl	sp,	#8
    00000684 7E               [ 8] 1440 	ld	a, (hl)
    00000685 02               [ 8] 1441 	ld	(bc), a
    00000686 03               [ 8] 1442 	inc	bc
    00000687 F8 02            [12] 1443 	ldhl	sp,#2
    00000689 2A               [ 8] 1444 	ld	a, (hl+)
    0000068A 5F               [ 4] 1445 	ld	e, a
    0000068B 56               [ 8] 1446 	ld	d, (hl)
    0000068C 1A               [ 8] 1447 	ld	a, (de)
    0000068D F8 0B            [12] 1448 	ldhl	sp,	#11
    0000068F 86               [ 8] 1449 	add	a, (hl)
    00000690 02               [ 8] 1450 	ld	(bc), a
    00000691 03               [ 8] 1451 	inc	bc
    00000692 F8 04            [12] 1452 	ldhl	sp,#4
    00000694 2A               [ 8] 1453 	ld	a, (hl+)
    00000695 5F               [ 4] 1454 	ld	e, a
    00000696 2A               [ 8] 1455 	ld	a, (hl+)
    00000697 57               [ 4] 1456 	ld	d, a
    00000698 1A               [ 8] 1457 	ld	a, (de)
    00000699 EE 20            [ 8] 1458 	xor	a, #0x20
    0000069B 02               [ 8] 1459 	ld	(bc), a
    0000069C 03               [ 8] 1460 	inc	bc
    0000069D 2A               [ 8] 1461 	ld	a, (hl+)
    0000069E 5F               [ 4] 1462 	ld	e, a
    0000069F 56               [ 8] 1463 	ld	d, (hl)
                                   1464 ;src/gameplay.c:436: *oam++ = sy;    *oam++ = sx;     *oam++ = meta->dtile + tile_base; *oam++ = meta->props ^ S_FLIPX; meta++;
    000006A0 F8 10            [12] 1465 	ldhl	sp,	#16
    000006A2 3A               [ 8] 1466 	ld	a, (hl-)
    000006A3 02               [ 8] 1467 	ld	(bc), a
    000006A4 03               [ 8] 1468 	inc	bc
    000006A5 7E               [ 8] 1469 	ld	a, (hl)
    000006A6 02               [ 8] 1470 	ld	(bc), a
    000006A7 03               [ 8] 1471 	inc	bc
    000006A8 6B               [ 4] 1472 	ld	l, e
    000006A9 62               [ 4] 1473 	ld	h, d
    000006AA 23               [ 8] 1474 	inc	hl
    000006AB 23               [ 8] 1475 	inc	hl
    000006AC 7E               [ 8] 1476 	ld	a, (hl)
    000006AD F8 0B            [12] 1477 	ldhl	sp,	#11
    000006AF 86               [ 8] 1478 	add	a, (hl)
    000006B0 02               [ 8] 1479 	ld	(bc), a
    000006B1 03               [ 8] 1480 	inc	bc
    000006B2 6B               [ 4] 1481 	ld	l, e
    000006B3 62               [ 4] 1482 	ld	h, d
    000006B4 23               [ 8] 1483 	inc	hl
    000006B5 23               [ 8] 1484 	inc	hl
    000006B6 23               [ 8] 1485 	inc	hl
    000006B7 7E               [ 8] 1486 	ld	a, (hl)
    000006B8 EE 20            [ 8] 1487 	xor	a, #0x20
    000006BA 02               [ 8] 1488 	ld	(bc), a
    000006BB 03               [ 8] 1489 	inc	bc
    000006BC 13               [ 8] 1490 	inc	de
    000006BD 13               [ 8] 1491 	inc	de
    000006BE 13               [ 8] 1492 	inc	de
    000006BF 13               [ 8] 1493 	inc	de
                                   1494 ;src/gameplay.c:437: *oam++ = sy+16; *oam++ = sx + 8; *oam++ = meta->dtile + tile_base; *oam++ = meta->props ^ S_FLIPX; meta++;
    000006C0 F8 09            [12] 1495 	ldhl	sp,	#9
    000006C2 3A               [ 8] 1496 	ld	a, (hl-)
    000006C3 02               [ 8] 1497 	ld	(bc), a
    000006C4 03               [ 8] 1498 	inc	bc
    000006C5 7E               [ 8] 1499 	ld	a, (hl)
    000006C6 02               [ 8] 1500 	ld	(bc), a
    000006C7 03               [ 8] 1501 	inc	bc
    000006C8 6B               [ 4] 1502 	ld	l, e
    000006C9 62               [ 4] 1503 	ld	h, d
    000006CA 23               [ 8] 1504 	inc	hl
    000006CB 23               [ 8] 1505 	inc	hl
    000006CC 7E               [ 8] 1506 	ld	a, (hl)
    000006CD F8 0B            [12] 1507 	ldhl	sp,	#11
    000006CF 86               [ 8] 1508 	add	a, (hl)
    000006D0 02               [ 8] 1509 	ld	(bc), a
    000006D1 03               [ 8] 1510 	inc	bc
    000006D2 6B               [ 4] 1511 	ld	l, e
    000006D3 62               [ 4] 1512 	ld	h, d
    000006D4 23               [ 8] 1513 	inc	hl
    000006D5 23               [ 8] 1514 	inc	hl
    000006D6 23               [ 8] 1515 	inc	hl
    000006D7 7E               [ 8] 1516 	ld	a, (hl)
    000006D8 EE 20            [ 8] 1517 	xor	a, #0x20
    000006DA 02               [ 8] 1518 	ld	(bc), a
    000006DB 03               [ 8] 1519 	inc	bc
    000006DC 13               [ 8] 1520 	inc	de
    000006DD 13               [ 8] 1521 	inc	de
    000006DE 13               [ 8] 1522 	inc	de
    000006DF 13               [ 8] 1523 	inc	de
                                   1524 ;src/gameplay.c:438: *oam++ = sy+16; *oam++ = sx;     *oam++ = meta->dtile + tile_base; *oam++ = meta->props ^ S_FLIPX; meta++;
    000006E0 F8 09            [12] 1525 	ldhl	sp,	#9
    000006E2 7E               [ 8] 1526 	ld	a, (hl)
    000006E3 02               [ 8] 1527 	ld	(bc), a
    000006E4 03               [ 8] 1528 	inc	bc
    000006E5 F8 0F            [12] 1529 	ldhl	sp,	#15
    000006E7 7E               [ 8] 1530 	ld	a, (hl)
    000006E8 02               [ 8] 1531 	ld	(bc), a
    000006E9 03               [ 8] 1532 	inc	bc
    000006EA 6B               [ 4] 1533 	ld	l, e
    000006EB 62               [ 4] 1534 	ld	h, d
    000006EC 23               [ 8] 1535 	inc	hl
    000006ED 23               [ 8] 1536 	inc	hl
    000006EE 7E               [ 8] 1537 	ld	a, (hl)
    000006EF F8 0B            [12] 1538 	ldhl	sp,	#11
    000006F1 86               [ 8] 1539 	add	a, (hl)
    000006F2 02               [ 8] 1540 	ld	(bc), a
    000006F3 03               [ 8] 1541 	inc	bc
    000006F4 6B               [ 4] 1542 	ld	l, e
    000006F5 62               [ 4] 1543 	ld	h, d
    000006F6 23               [ 8] 1544 	inc	hl
    000006F7 23               [ 8] 1545 	inc	hl
    000006F8 23               [ 8] 1546 	inc	hl
    000006F9 7E               [ 8] 1547 	ld	a, (hl)
    000006FA EE 20            [ 8] 1548 	xor	a, #0x20
    000006FC 02               [ 8] 1549 	ld	(bc), a
    000006FD 03               [ 8] 1550 	inc	bc
    000006FE 13               [ 8] 1551 	inc	de
    000006FF 13               [ 8] 1552 	inc	de
    00000700 13               [ 8] 1553 	inc	de
    00000701 13               [ 8] 1554 	inc	de
                                   1555 ;src/gameplay.c:439: *oam++ = sy+32; *oam++ = sx + 8; *oam++ = meta->dtile + tile_base; *oam++ = meta->props ^ S_FLIPX; meta++;
    00000702 F8 0A            [12] 1556 	ldhl	sp,	#10
    00000704 3A               [ 8] 1557 	ld	a, (hl-)
    00000705 2B               [ 8] 1558 	dec	hl
    00000706 02               [ 8] 1559 	ld	(bc), a
    00000707 03               [ 8] 1560 	inc	bc
    00000708 7E               [ 8] 1561 	ld	a, (hl)
    00000709 02               [ 8] 1562 	ld	(bc), a
    0000070A 03               [ 8] 1563 	inc	bc
    0000070B 6B               [ 4] 1564 	ld	l, e
    0000070C 62               [ 4] 1565 	ld	h, d
    0000070D 23               [ 8] 1566 	inc	hl
    0000070E 23               [ 8] 1567 	inc	hl
    0000070F 7E               [ 8] 1568 	ld	a, (hl)
    00000710 F8 0B            [12] 1569 	ldhl	sp,	#11
    00000712 86               [ 8] 1570 	add	a, (hl)
    00000713 02               [ 8] 1571 	ld	(bc), a
    00000714 03               [ 8] 1572 	inc	bc
    00000715 6B               [ 4] 1573 	ld	l, e
    00000716 62               [ 4] 1574 	ld	h, d
    00000717 23               [ 8] 1575 	inc	hl
    00000718 23               [ 8] 1576 	inc	hl
    00000719 23               [ 8] 1577 	inc	hl
    0000071A 7E               [ 8] 1578 	ld	a, (hl)
    0000071B EE 20            [ 8] 1579 	xor	a, #0x20
    0000071D 02               [ 8] 1580 	ld	(bc), a
    0000071E 03               [ 8] 1581 	inc	bc
    0000071F 13               [ 8] 1582 	inc	de
    00000720 13               [ 8] 1583 	inc	de
    00000721 13               [ 8] 1584 	inc	de
    00000722 13               [ 8] 1585 	inc	de
                                   1586 ;src/gameplay.c:440: *oam++ = sy+32; *oam++ = sx;     *oam++ = meta->dtile + tile_base; *oam++ = meta->props ^ S_FLIPX;
    00000723 F8 0A            [12] 1587 	ldhl	sp,	#10
    00000725 7E               [ 8] 1588 	ld	a, (hl)
    00000726 02               [ 8] 1589 	ld	(bc), a
    00000727 03               [ 8] 1590 	inc	bc
    00000728 F8 0F            [12] 1591 	ldhl	sp,	#15
    0000072A 7E               [ 8] 1592 	ld	a, (hl)
    0000072B 02               [ 8] 1593 	ld	(bc), a
    0000072C 03               [ 8] 1594 	inc	bc
    0000072D 6B               [ 4] 1595 	ld	l, e
    0000072E 62               [ 4] 1596 	ld	h, d
    0000072F 23               [ 8] 1597 	inc	hl
    00000730 23               [ 8] 1598 	inc	hl
    00000731 7E               [ 8] 1599 	ld	a, (hl)
    00000732 F8 0B            [12] 1600 	ldhl	sp,	#11
    00000734 86               [ 8] 1601 	add	a, (hl)
    00000735 02               [ 8] 1602 	ld	(bc), a
    00000736 03               [ 8] 1603 	inc	bc
    00000737 13               [ 8] 1604 	inc	de
    00000738 13               [ 8] 1605 	inc	de
    00000739 13               [ 8] 1606 	inc	de
    0000073A 1A               [ 8] 1607 	ld	a, (de)
    0000073B EE 20            [ 8] 1608 	xor	a, #0x20
    0000073D 02               [ 8] 1609 	ld	(bc), a
    0000073E                       1610 00103$:
                                   1611 ;src/gameplay.c:442: return 6;
    0000073E 3E 06            [ 8] 1612 	ld	a, #0x06
                                   1613 ;src/gameplay.c:443: }
    00000740 E8 0C            [16] 1614 	add	sp, #12
    00000742 E1               [12] 1615 	pop	hl
    00000743 E8 04            [16] 1616 	add	sp, #4
    00000745 E9               [ 4] 1617 	jp	(hl)
                                   1618 ;src/gameplay.c:446: static uint8_t draw_oam_3x3(const metasprite_t* meta, uint8_t tile_base, uint8_t oam_idx, uint8_t sx, uint8_t sy, uint8_t reversed) {
                                   1619 ;	---------------------------------
                                   1620 ; Function draw_oam_3x3
                                   1621 ; ---------------------------------
    00000746                       1622 _draw_oam_3x3:
    00000746 E8 F3            [16] 1623 	add	sp, #-13
    00000748 F8 0C            [12] 1624 	ldhl	sp,	#12
    0000074A 77               [ 8] 1625 	ld	(hl), a
                                   1626 ;src/gameplay.c:447: uint8_t *oam = (uint8_t *)&shadow_OAM[oam_idx];
    0000074B F8 0F            [12] 1627 	ldhl	sp,	#15
    0000074D 4E               [ 8] 1628 	ld	c, (hl)
    0000074E AF               [ 4] 1629 	xor	a, a
    0000074F 69               [ 4] 1630 	ld	l, c
    00000750 67               [ 4] 1631 	ld	h, a
    00000751 29               [ 8] 1632 	add	hl, hl
    00000752 29               [ 8] 1633 	add	hl, hl
    00000753 01r00r00         [12] 1634 	ld	bc, #_shadow_OAM
    00000756 09               [ 8] 1635 	add	hl, bc
                                   1636 ;src/gameplay.c:450: *oam++ = sy;    *oam++ = sx;     *oam++ = meta->dtile + tile_base; *oam++ = meta->props; meta++;
    00000757 4D               [ 4] 1637 	ld	c,l
    00000758 44               [ 4] 1638 	ld	b,h
    00000759 23               [ 8] 1639 	inc	hl
    0000075A 33               [ 8] 1640 	inc	sp
    0000075B 33               [ 8] 1641 	inc	sp
    0000075C E5               [16] 1642 	push	hl
    0000075D D5               [16] 1643 	push	de
    0000075E 21 02 00         [12] 1644 	ld	hl, #0x0002
    00000761 19               [ 8] 1645 	add	hl, de
    00000762 D1               [12] 1646 	pop	de
    00000763 E5               [16] 1647 	push	hl
    00000764 7D               [ 4] 1648 	ld	a, l
    00000765 F8 04            [12] 1649 	ldhl	sp,	#4
    00000767 77               [ 8] 1650 	ld	(hl), a
    00000768 E1               [12] 1651 	pop	hl
    00000769 7C               [ 4] 1652 	ld	a, h
    0000076A F8 03            [12] 1653 	ldhl	sp,	#3
    0000076C 77               [ 8] 1654 	ld	(hl), a
    0000076D D5               [16] 1655 	push	de
    0000076E 21 03 00         [12] 1656 	ld	hl, #0x0003
    00000771 19               [ 8] 1657 	add	hl, de
    00000772 D1               [12] 1658 	pop	de
    00000773 E5               [16] 1659 	push	hl
    00000774 7D               [ 4] 1660 	ld	a, l
    00000775 F8 06            [12] 1661 	ldhl	sp,	#6
    00000777 77               [ 8] 1662 	ld	(hl), a
    00000778 E1               [12] 1663 	pop	hl
    00000779 7C               [ 4] 1664 	ld	a, h
    0000077A F8 05            [12] 1665 	ldhl	sp,	#5
    0000077C 77               [ 8] 1666 	ld	(hl), a
    0000077D 21 04 00         [12] 1667 	ld	hl, #0x0004
    00000780 19               [ 8] 1668 	add	hl, de
    00000781 E5               [16] 1669 	push	hl
    00000782 7D               [ 4] 1670 	ld	a, l
    00000783 F8 08            [12] 1671 	ldhl	sp,	#8
    00000785 77               [ 8] 1672 	ld	(hl), a
    00000786 E1               [12] 1673 	pop	hl
    00000787 7C               [ 4] 1674 	ld	a, h
    00000788 F8 07            [12] 1675 	ldhl	sp,	#7
    0000078A 77               [ 8] 1676 	ld	(hl), a
                                   1677 ;src/gameplay.c:451: *oam++ = sy;    *oam++ = sx+8;   *oam++ = meta->dtile + tile_base; *oam++ = meta->props; meta++;
    0000078B F8 10            [12] 1678 	ldhl	sp,	#16
                                   1679 ;src/gameplay.c:454: *oam++ = sy+16; *oam++ = sx;     *oam++ = meta->dtile + tile_base; *oam++ = meta->props; meta++;
    0000078D 2A               [ 8] 1680 	ld	a, (hl+)
    0000078E 57               [ 4] 1681 	ld	d, a
    0000078F 5E               [ 8] 1682 	ld	e, (hl)
                                   1683 ;src/gameplay.c:451: *oam++ = sy;    *oam++ = sx+8;   *oam++ = meta->dtile + tile_base; *oam++ = meta->props; meta++;
    00000790 7A               [ 4] 1684 	ld	a, d
    00000791 C6 08            [ 8] 1685 	add	a, #0x08
    00000793 F8 08            [12] 1686 	ldhl	sp,	#8
                                   1687 ;src/gameplay.c:452: *oam++ = sy;    *oam++ = sx+16;  *oam++ = meta->dtile + tile_base; *oam++ = meta->props; meta++;
    00000795 22               [ 8] 1688 	ld	(hl+), a
    00000796 7A               [ 4] 1689 	ld	a, d
    00000797 C6 10            [ 8] 1690 	add	a, #0x10
                                   1691 ;src/gameplay.c:454: *oam++ = sy+16; *oam++ = sx;     *oam++ = meta->dtile + tile_base; *oam++ = meta->props; meta++;
    00000799 22               [ 8] 1692 	ld	(hl+), a
    0000079A 7B               [ 4] 1693 	ld	a, e
    0000079B C6 10            [ 8] 1694 	add	a, #0x10
                                   1695 ;src/gameplay.c:458: *oam++ = sy+32; *oam++ = sx;     *oam++ = meta->dtile + tile_base; *oam++ = meta->props; meta++;
    0000079D 22               [ 8] 1696 	ld	(hl+), a
    0000079E 7B               [ 4] 1697 	ld	a, e
    0000079F C6 20            [ 8] 1698 	add	a, #0x20
    000007A1 77               [ 8] 1699 	ld	(hl), a
                                   1700 ;src/gameplay.c:449: if (!reversed) {
    000007A2 F8 12            [12] 1701 	ldhl	sp,	#18
    000007A4 7E               [ 8] 1702 	ld	a, (hl)
    000007A5 B7               [ 4] 1703 	or	a, a
    000007A6 C2rC0r08         [16] 1704 	jp	NZ, 00102$
                                   1705 ;src/gameplay.c:450: *oam++ = sy;    *oam++ = sx;     *oam++ = meta->dtile + tile_base; *oam++ = meta->props; meta++;
    000007A9 2B               [ 8] 1706 	dec	hl
    000007AA 3A               [ 8] 1707 	ld	a, (hl-)
    000007AB 02               [ 8] 1708 	ld	(bc), a
    000007AC C1               [12] 1709 	pop	bc
    000007AD C5               [16] 1710 	push	bc
    000007AE 7E               [ 8] 1711 	ld	a, (hl)
    000007AF 02               [ 8] 1712 	ld	(bc), a
    000007B0 03               [ 8] 1713 	inc	bc
    000007B1 F8 02            [12] 1714 	ldhl	sp,#2
    000007B3 2A               [ 8] 1715 	ld	a, (hl+)
    000007B4 5F               [ 4] 1716 	ld	e, a
    000007B5 56               [ 8] 1717 	ld	d, (hl)
    000007B6 1A               [ 8] 1718 	ld	a, (de)
    000007B7 F8 0C            [12] 1719 	ldhl	sp,	#12
    000007B9 86               [ 8] 1720 	add	a, (hl)
    000007BA 02               [ 8] 1721 	ld	(bc), a
    000007BB 03               [ 8] 1722 	inc	bc
    000007BC F8 04            [12] 1723 	ldhl	sp,#4
    000007BE 2A               [ 8] 1724 	ld	a, (hl+)
    000007BF 5F               [ 4] 1725 	ld	e, a
    000007C0 2A               [ 8] 1726 	ld	a, (hl+)
    000007C1 57               [ 4] 1727 	ld	d, a
    000007C2 1A               [ 8] 1728 	ld	a, (de)
    000007C3 02               [ 8] 1729 	ld	(bc), a
    000007C4 03               [ 8] 1730 	inc	bc
    000007C5 2A               [ 8] 1731 	ld	a, (hl+)
    000007C6 5F               [ 4] 1732 	ld	e, a
    000007C7 56               [ 8] 1733 	ld	d, (hl)
                                   1734 ;src/gameplay.c:451: *oam++ = sy;    *oam++ = sx+8;   *oam++ = meta->dtile + tile_base; *oam++ = meta->props; meta++;
    000007C8 F8 11            [12] 1735 	ldhl	sp,	#17
    000007CA 7E               [ 8] 1736 	ld	a, (hl)
    000007CB 02               [ 8] 1737 	ld	(bc), a
    000007CC 03               [ 8] 1738 	inc	bc
    000007CD F8 08            [12] 1739 	ldhl	sp,	#8
    000007CF 7E               [ 8] 1740 	ld	a, (hl)
    000007D0 02               [ 8] 1741 	ld	(bc), a
    000007D1 03               [ 8] 1742 	inc	bc
    000007D2 6B               [ 4] 1743 	ld	l, e
    000007D3 62               [ 4] 1744 	ld	h, d
    000007D4 23               [ 8] 1745 	inc	hl
    000007D5 23               [ 8] 1746 	inc	hl
    000007D6 7E               [ 8] 1747 	ld	a, (hl)
    000007D7 F8 0C            [12] 1748 	ldhl	sp,	#12
    000007D9 86               [ 8] 1749 	add	a, (hl)
    000007DA 02               [ 8] 1750 	ld	(bc), a
    000007DB 03               [ 8] 1751 	inc	bc
    000007DC 6B               [ 4] 1752 	ld	l, e
    000007DD 62               [ 4] 1753 	ld	h, d
    000007DE 23               [ 8] 1754 	inc	hl
    000007DF 23               [ 8] 1755 	inc	hl
    000007E0 23               [ 8] 1756 	inc	hl
    000007E1 7E               [ 8] 1757 	ld	a, (hl)
    000007E2 02               [ 8] 1758 	ld	(bc), a
    000007E3 03               [ 8] 1759 	inc	bc
    000007E4 13               [ 8] 1760 	inc	de
    000007E5 13               [ 8] 1761 	inc	de
    000007E6 13               [ 8] 1762 	inc	de
    000007E7 13               [ 8] 1763 	inc	de
                                   1764 ;src/gameplay.c:452: *oam++ = sy;    *oam++ = sx+16;  *oam++ = meta->dtile + tile_base; *oam++ = meta->props; meta++;
    000007E8 F8 11            [12] 1765 	ldhl	sp,	#17
    000007EA 7E               [ 8] 1766 	ld	a, (hl)
    000007EB 02               [ 8] 1767 	ld	(bc), a
    000007EC 03               [ 8] 1768 	inc	bc
    000007ED F8 09            [12] 1769 	ldhl	sp,	#9
    000007EF 7E               [ 8] 1770 	ld	a, (hl)
    000007F0 02               [ 8] 1771 	ld	(bc), a
    000007F1 03               [ 8] 1772 	inc	bc
    000007F2 6B               [ 4] 1773 	ld	l, e
    000007F3 62               [ 4] 1774 	ld	h, d
    000007F4 23               [ 8] 1775 	inc	hl
    000007F5 23               [ 8] 1776 	inc	hl
    000007F6 7E               [ 8] 1777 	ld	a, (hl)
    000007F7 F8 0C            [12] 1778 	ldhl	sp,	#12
    000007F9 86               [ 8] 1779 	add	a, (hl)
    000007FA 02               [ 8] 1780 	ld	(bc), a
    000007FB 03               [ 8] 1781 	inc	bc
    000007FC 6B               [ 4] 1782 	ld	l, e
    000007FD 62               [ 4] 1783 	ld	h, d
    000007FE 23               [ 8] 1784 	inc	hl
    000007FF 23               [ 8] 1785 	inc	hl
    00000800 23               [ 8] 1786 	inc	hl
    00000801 7E               [ 8] 1787 	ld	a, (hl)
    00000802 02               [ 8] 1788 	ld	(bc), a
    00000803 03               [ 8] 1789 	inc	bc
    00000804 13               [ 8] 1790 	inc	de
    00000805 13               [ 8] 1791 	inc	de
    00000806 13               [ 8] 1792 	inc	de
    00000807 13               [ 8] 1793 	inc	de
                                   1794 ;src/gameplay.c:454: *oam++ = sy+16; *oam++ = sx;     *oam++ = meta->dtile + tile_base; *oam++ = meta->props; meta++;
    00000808 F8 0A            [12] 1795 	ldhl	sp,	#10
    0000080A 7E               [ 8] 1796 	ld	a, (hl)
    0000080B 02               [ 8] 1797 	ld	(bc), a
    0000080C 03               [ 8] 1798 	inc	bc
    0000080D F8 10            [12] 1799 	ldhl	sp,	#16
    0000080F 7E               [ 8] 1800 	ld	a, (hl)
    00000810 02               [ 8] 1801 	ld	(bc), a
    00000811 03               [ 8] 1802 	inc	bc
    00000812 6B               [ 4] 1803 	ld	l, e
    00000813 62               [ 4] 1804 	ld	h, d
    00000814 23               [ 8] 1805 	inc	hl
    00000815 23               [ 8] 1806 	inc	hl
    00000816 7E               [ 8] 1807 	ld	a, (hl)
    00000817 F8 0C            [12] 1808 	ldhl	sp,	#12
    00000819 86               [ 8] 1809 	add	a, (hl)
    0000081A 02               [ 8] 1810 	ld	(bc), a
    0000081B 03               [ 8] 1811 	inc	bc
    0000081C 6B               [ 4] 1812 	ld	l, e
    0000081D 62               [ 4] 1813 	ld	h, d
    0000081E 23               [ 8] 1814 	inc	hl
    0000081F 23               [ 8] 1815 	inc	hl
    00000820 23               [ 8] 1816 	inc	hl
    00000821 7E               [ 8] 1817 	ld	a, (hl)
    00000822 02               [ 8] 1818 	ld	(bc), a
    00000823 03               [ 8] 1819 	inc	bc
    00000824 13               [ 8] 1820 	inc	de
    00000825 13               [ 8] 1821 	inc	de
    00000826 13               [ 8] 1822 	inc	de
    00000827 13               [ 8] 1823 	inc	de
                                   1824 ;src/gameplay.c:455: *oam++ = sy+16; *oam++ = sx+8;   *oam++ = meta->dtile + tile_base; *oam++ = meta->props; meta++;
    00000828 F8 0A            [12] 1825 	ldhl	sp,	#10
    0000082A 3A               [ 8] 1826 	ld	a, (hl-)
    0000082B 2B               [ 8] 1827 	dec	hl
    0000082C 02               [ 8] 1828 	ld	(bc), a
    0000082D 03               [ 8] 1829 	inc	bc
    0000082E 7E               [ 8] 1830 	ld	a, (hl)
    0000082F 02               [ 8] 1831 	ld	(bc), a
    00000830 03               [ 8] 1832 	inc	bc
    00000831 6B               [ 4] 1833 	ld	l, e
    00000832 62               [ 4] 1834 	ld	h, d
    00000833 23               [ 8] 1835 	inc	hl
    00000834 23               [ 8] 1836 	inc	hl
    00000835 7E               [ 8] 1837 	ld	a, (hl)
    00000836 F8 0C            [12] 1838 	ldhl	sp,	#12
    00000838 86               [ 8] 1839 	add	a, (hl)
    00000839 02               [ 8] 1840 	ld	(bc), a
    0000083A 03               [ 8] 1841 	inc	bc
    0000083B 6B               [ 4] 1842 	ld	l, e
    0000083C 62               [ 4] 1843 	ld	h, d
    0000083D 23               [ 8] 1844 	inc	hl
    0000083E 23               [ 8] 1845 	inc	hl
    0000083F 23               [ 8] 1846 	inc	hl
    00000840 7E               [ 8] 1847 	ld	a, (hl)
    00000841 02               [ 8] 1848 	ld	(bc), a
    00000842 03               [ 8] 1849 	inc	bc
    00000843 13               [ 8] 1850 	inc	de
    00000844 13               [ 8] 1851 	inc	de
    00000845 13               [ 8] 1852 	inc	de
    00000846 13               [ 8] 1853 	inc	de
                                   1854 ;src/gameplay.c:456: *oam++ = sy+16; *oam++ = sx+16;  *oam++ = meta->dtile + tile_base; *oam++ = meta->props; meta++;
    00000847 F8 0A            [12] 1855 	ldhl	sp,	#10
    00000849 3A               [ 8] 1856 	ld	a, (hl-)
    0000084A 02               [ 8] 1857 	ld	(bc), a
    0000084B 03               [ 8] 1858 	inc	bc
    0000084C 7E               [ 8] 1859 	ld	a, (hl)
    0000084D 02               [ 8] 1860 	ld	(bc), a
    0000084E 03               [ 8] 1861 	inc	bc
    0000084F 6B               [ 4] 1862 	ld	l, e
    00000850 62               [ 4] 1863 	ld	h, d
    00000851 23               [ 8] 1864 	inc	hl
    00000852 23               [ 8] 1865 	inc	hl
    00000853 7E               [ 8] 1866 	ld	a, (hl)
    00000854 F8 0C            [12] 1867 	ldhl	sp,	#12
    00000856 86               [ 8] 1868 	add	a, (hl)
    00000857 02               [ 8] 1869 	ld	(bc), a
    00000858 03               [ 8] 1870 	inc	bc
    00000859 6B               [ 4] 1871 	ld	l, e
    0000085A 62               [ 4] 1872 	ld	h, d
    0000085B 23               [ 8] 1873 	inc	hl
    0000085C 23               [ 8] 1874 	inc	hl
    0000085D 23               [ 8] 1875 	inc	hl
    0000085E 7E               [ 8] 1876 	ld	a, (hl)
    0000085F 02               [ 8] 1877 	ld	(bc), a
    00000860 03               [ 8] 1878 	inc	bc
    00000861 13               [ 8] 1879 	inc	de
    00000862 13               [ 8] 1880 	inc	de
    00000863 13               [ 8] 1881 	inc	de
    00000864 13               [ 8] 1882 	inc	de
                                   1883 ;src/gameplay.c:458: *oam++ = sy+32; *oam++ = sx;     *oam++ = meta->dtile + tile_base; *oam++ = meta->props; meta++;
    00000865 F8 0B            [12] 1884 	ldhl	sp,	#11
    00000867 7E               [ 8] 1885 	ld	a, (hl)
    00000868 02               [ 8] 1886 	ld	(bc), a
    00000869 03               [ 8] 1887 	inc	bc
    0000086A F8 10            [12] 1888 	ldhl	sp,	#16
    0000086C 7E               [ 8] 1889 	ld	a, (hl)
    0000086D 02               [ 8] 1890 	ld	(bc), a
    0000086E 03               [ 8] 1891 	inc	bc
    0000086F 6B               [ 4] 1892 	ld	l, e
    00000870 62               [ 4] 1893 	ld	h, d
    00000871 23               [ 8] 1894 	inc	hl
    00000872 23               [ 8] 1895 	inc	hl
    00000873 7E               [ 8] 1896 	ld	a, (hl)
    00000874 F8 0C            [12] 1897 	ldhl	sp,	#12
    00000876 86               [ 8] 1898 	add	a, (hl)
    00000877 02               [ 8] 1899 	ld	(bc), a
    00000878 03               [ 8] 1900 	inc	bc
    00000879 6B               [ 4] 1901 	ld	l, e
    0000087A 62               [ 4] 1902 	ld	h, d
    0000087B 23               [ 8] 1903 	inc	hl
    0000087C 23               [ 8] 1904 	inc	hl
    0000087D 23               [ 8] 1905 	inc	hl
    0000087E 7E               [ 8] 1906 	ld	a, (hl)
    0000087F 02               [ 8] 1907 	ld	(bc), a
    00000880 03               [ 8] 1908 	inc	bc
    00000881 13               [ 8] 1909 	inc	de
    00000882 13               [ 8] 1910 	inc	de
    00000883 13               [ 8] 1911 	inc	de
    00000884 13               [ 8] 1912 	inc	de
                                   1913 ;src/gameplay.c:459: *oam++ = sy+32; *oam++ = sx+8;   *oam++ = meta->dtile + tile_base; *oam++ = meta->props; meta++;
    00000885 F8 0B            [12] 1914 	ldhl	sp,	#11
    00000887 7E               [ 8] 1915 	ld	a, (hl)
    00000888 02               [ 8] 1916 	ld	(bc), a
    00000889 03               [ 8] 1917 	inc	bc
    0000088A F8 08            [12] 1918 	ldhl	sp,	#8
    0000088C 7E               [ 8] 1919 	ld	a, (hl)
    0000088D 02               [ 8] 1920 	ld	(bc), a
    0000088E 03               [ 8] 1921 	inc	bc
    0000088F 6B               [ 4] 1922 	ld	l, e
    00000890 62               [ 4] 1923 	ld	h, d
    00000891 23               [ 8] 1924 	inc	hl
    00000892 23               [ 8] 1925 	inc	hl
    00000893 7E               [ 8] 1926 	ld	a, (hl)
    00000894 F8 0C            [12] 1927 	ldhl	sp,	#12
    00000896 86               [ 8] 1928 	add	a, (hl)
    00000897 02               [ 8] 1929 	ld	(bc), a
    00000898 03               [ 8] 1930 	inc	bc
    00000899 6B               [ 4] 1931 	ld	l, e
    0000089A 62               [ 4] 1932 	ld	h, d
    0000089B 23               [ 8] 1933 	inc	hl
    0000089C 23               [ 8] 1934 	inc	hl
    0000089D 23               [ 8] 1935 	inc	hl
    0000089E 7E               [ 8] 1936 	ld	a, (hl)
    0000089F 02               [ 8] 1937 	ld	(bc), a
    000008A0 03               [ 8] 1938 	inc	bc
    000008A1 13               [ 8] 1939 	inc	de
    000008A2 13               [ 8] 1940 	inc	de
    000008A3 13               [ 8] 1941 	inc	de
    000008A4 13               [ 8] 1942 	inc	de
                                   1943 ;src/gameplay.c:460: *oam++ = sy+32; *oam++ = sx+16;  *oam++ = meta->dtile + tile_base; *oam++ = meta->props;
    000008A5 F8 0B            [12] 1944 	ldhl	sp,	#11
    000008A7 3A               [ 8] 1945 	ld	a, (hl-)
    000008A8 2B               [ 8] 1946 	dec	hl
    000008A9 02               [ 8] 1947 	ld	(bc), a
    000008AA 03               [ 8] 1948 	inc	bc
    000008AB 7E               [ 8] 1949 	ld	a, (hl)
    000008AC 02               [ 8] 1950 	ld	(bc), a
    000008AD 03               [ 8] 1951 	inc	bc
    000008AE 6B               [ 4] 1952 	ld	l, e
    000008AF 62               [ 4] 1953 	ld	h, d
    000008B0 23               [ 8] 1954 	inc	hl
    000008B1 23               [ 8] 1955 	inc	hl
    000008B2 7E               [ 8] 1956 	ld	a, (hl)
    000008B3 F8 0C            [12] 1957 	ldhl	sp,	#12
    000008B5 86               [ 8] 1958 	add	a, (hl)
    000008B6 02               [ 8] 1959 	ld	(bc), a
    000008B7 03               [ 8] 1960 	inc	bc
    000008B8 13               [ 8] 1961 	inc	de
    000008B9 13               [ 8] 1962 	inc	de
    000008BA 13               [ 8] 1963 	inc	de
    000008BB 1A               [ 8] 1964 	ld	a, (de)
    000008BC 02               [ 8] 1965 	ld	(bc), a
    000008BD C3rE7r09         [16] 1966 	jp	00103$
    000008C0                       1967 00102$:
                                   1968 ;src/gameplay.c:462: *oam++ = sy;    *oam++ = sx+16;  *oam++ = meta->dtile + tile_base; *oam++ = meta->props ^ S_FLIPX; meta++;
    000008C0 F8 11            [12] 1969 	ldhl	sp,	#17
    000008C2 7E               [ 8] 1970 	ld	a, (hl)
    000008C3 02               [ 8] 1971 	ld	(bc), a
    000008C4 C1               [12] 1972 	pop	bc
    000008C5 C5               [16] 1973 	push	bc
    000008C6 F8 09            [12] 1974 	ldhl	sp,	#9
    000008C8 7E               [ 8] 1975 	ld	a, (hl)
    000008C9 02               [ 8] 1976 	ld	(bc), a
    000008CA 03               [ 8] 1977 	inc	bc
    000008CB F8 02            [12] 1978 	ldhl	sp,#2
    000008CD 2A               [ 8] 1979 	ld	a, (hl+)
    000008CE 5F               [ 4] 1980 	ld	e, a
    000008CF 56               [ 8] 1981 	ld	d, (hl)
    000008D0 1A               [ 8] 1982 	ld	a, (de)
    000008D1 F8 0C            [12] 1983 	ldhl	sp,	#12
    000008D3 86               [ 8] 1984 	add	a, (hl)
    000008D4 02               [ 8] 1985 	ld	(bc), a
    000008D5 03               [ 8] 1986 	inc	bc
    000008D6 F8 04            [12] 1987 	ldhl	sp,#4
    000008D8 2A               [ 8] 1988 	ld	a, (hl+)
    000008D9 5F               [ 4] 1989 	ld	e, a
    000008DA 2A               [ 8] 1990 	ld	a, (hl+)
    000008DB 57               [ 4] 1991 	ld	d, a
    000008DC 1A               [ 8] 1992 	ld	a, (de)
    000008DD EE 20            [ 8] 1993 	xor	a, #0x20
    000008DF 02               [ 8] 1994 	ld	(bc), a
    000008E0 03               [ 8] 1995 	inc	bc
    000008E1 2A               [ 8] 1996 	ld	a, (hl+)
    000008E2 5F               [ 4] 1997 	ld	e, a
    000008E3 56               [ 8] 1998 	ld	d, (hl)
                                   1999 ;src/gameplay.c:463: *oam++ = sy;    *oam++ = sx+8;   *oam++ = meta->dtile + tile_base; *oam++ = meta->props ^ S_FLIPX; meta++;
    000008E4 F8 11            [12] 2000 	ldhl	sp,	#17
    000008E6 7E               [ 8] 2001 	ld	a, (hl)
    000008E7 02               [ 8] 2002 	ld	(bc), a
    000008E8 03               [ 8] 2003 	inc	bc
    000008E9 F8 08            [12] 2004 	ldhl	sp,	#8
    000008EB 7E               [ 8] 2005 	ld	a, (hl)
    000008EC 02               [ 8] 2006 	ld	(bc), a
    000008ED 03               [ 8] 2007 	inc	bc
    000008EE 6B               [ 4] 2008 	ld	l, e
    000008EF 62               [ 4] 2009 	ld	h, d
    000008F0 23               [ 8] 2010 	inc	hl
    000008F1 23               [ 8] 2011 	inc	hl
    000008F2 7E               [ 8] 2012 	ld	a, (hl)
    000008F3 F8 0C            [12] 2013 	ldhl	sp,	#12
    000008F5 86               [ 8] 2014 	add	a, (hl)
    000008F6 02               [ 8] 2015 	ld	(bc), a
    000008F7 03               [ 8] 2016 	inc	bc
    000008F8 6B               [ 4] 2017 	ld	l, e
    000008F9 62               [ 4] 2018 	ld	h, d
    000008FA 23               [ 8] 2019 	inc	hl
    000008FB 23               [ 8] 2020 	inc	hl
    000008FC 23               [ 8] 2021 	inc	hl
    000008FD 7E               [ 8] 2022 	ld	a, (hl)
    000008FE EE 20            [ 8] 2023 	xor	a, #0x20
    00000900 02               [ 8] 2024 	ld	(bc), a
    00000901 03               [ 8] 2025 	inc	bc
    00000902 13               [ 8] 2026 	inc	de
    00000903 13               [ 8] 2027 	inc	de
    00000904 13               [ 8] 2028 	inc	de
    00000905 13               [ 8] 2029 	inc	de
                                   2030 ;src/gameplay.c:464: *oam++ = sy;    *oam++ = sx;     *oam++ = meta->dtile + tile_base; *oam++ = meta->props ^ S_FLIPX; meta++;
    00000906 F8 11            [12] 2031 	ldhl	sp,	#17
    00000908 3A               [ 8] 2032 	ld	a, (hl-)
    00000909 02               [ 8] 2033 	ld	(bc), a
    0000090A 03               [ 8] 2034 	inc	bc
    0000090B 7E               [ 8] 2035 	ld	a, (hl)
    0000090C 02               [ 8] 2036 	ld	(bc), a
    0000090D 03               [ 8] 2037 	inc	bc
    0000090E 6B               [ 4] 2038 	ld	l, e
    0000090F 62               [ 4] 2039 	ld	h, d
    00000910 23               [ 8] 2040 	inc	hl
    00000911 23               [ 8] 2041 	inc	hl
    00000912 7E               [ 8] 2042 	ld	a, (hl)
    00000913 F8 0C            [12] 2043 	ldhl	sp,	#12
    00000915 86               [ 8] 2044 	add	a, (hl)
    00000916 02               [ 8] 2045 	ld	(bc), a
    00000917 03               [ 8] 2046 	inc	bc
    00000918 6B               [ 4] 2047 	ld	l, e
    00000919 62               [ 4] 2048 	ld	h, d
    0000091A 23               [ 8] 2049 	inc	hl
    0000091B 23               [ 8] 2050 	inc	hl
    0000091C 23               [ 8] 2051 	inc	hl
    0000091D 7E               [ 8] 2052 	ld	a, (hl)
    0000091E EE 20            [ 8] 2053 	xor	a, #0x20
    00000920 02               [ 8] 2054 	ld	(bc), a
    00000921 03               [ 8] 2055 	inc	bc
    00000922 13               [ 8] 2056 	inc	de
    00000923 13               [ 8] 2057 	inc	de
    00000924 13               [ 8] 2058 	inc	de
    00000925 13               [ 8] 2059 	inc	de
                                   2060 ;src/gameplay.c:466: *oam++ = sy+16; *oam++ = sx+16;  *oam++ = meta->dtile + tile_base; *oam++ = meta->props ^ S_FLIPX; meta++;
    00000926 F8 0A            [12] 2061 	ldhl	sp,	#10
    00000928 3A               [ 8] 2062 	ld	a, (hl-)
    00000929 02               [ 8] 2063 	ld	(bc), a
    0000092A 03               [ 8] 2064 	inc	bc
    0000092B 7E               [ 8] 2065 	ld	a, (hl)
    0000092C 02               [ 8] 2066 	ld	(bc), a
    0000092D 03               [ 8] 2067 	inc	bc
    0000092E 6B               [ 4] 2068 	ld	l, e
    0000092F 62               [ 4] 2069 	ld	h, d
    00000930 23               [ 8] 2070 	inc	hl
    00000931 23               [ 8] 2071 	inc	hl
    00000932 7E               [ 8] 2072 	ld	a, (hl)
    00000933 F8 0C            [12] 2073 	ldhl	sp,	#12
    00000935 86               [ 8] 2074 	add	a, (hl)
    00000936 02               [ 8] 2075 	ld	(bc), a
    00000937 03               [ 8] 2076 	inc	bc
    00000938 6B               [ 4] 2077 	ld	l, e
    00000939 62               [ 4] 2078 	ld	h, d
    0000093A 23               [ 8] 2079 	inc	hl
    0000093B 23               [ 8] 2080 	inc	hl
    0000093C 23               [ 8] 2081 	inc	hl
    0000093D 7E               [ 8] 2082 	ld	a, (hl)
    0000093E EE 20            [ 8] 2083 	xor	a, #0x20
    00000940 02               [ 8] 2084 	ld	(bc), a
    00000941 03               [ 8] 2085 	inc	bc
    00000942 13               [ 8] 2086 	inc	de
    00000943 13               [ 8] 2087 	inc	de
    00000944 13               [ 8] 2088 	inc	de
    00000945 13               [ 8] 2089 	inc	de
                                   2090 ;src/gameplay.c:467: *oam++ = sy+16; *oam++ = sx+8;   *oam++ = meta->dtile + tile_base; *oam++ = meta->props ^ S_FLIPX; meta++;
    00000946 F8 0A            [12] 2091 	ldhl	sp,	#10
    00000948 3A               [ 8] 2092 	ld	a, (hl-)
    00000949 2B               [ 8] 2093 	dec	hl
    0000094A 02               [ 8] 2094 	ld	(bc), a
    0000094B 03               [ 8] 2095 	inc	bc
    0000094C 7E               [ 8] 2096 	ld	a, (hl)
    0000094D 02               [ 8] 2097 	ld	(bc), a
    0000094E 03               [ 8] 2098 	inc	bc
    0000094F 6B               [ 4] 2099 	ld	l, e
    00000950 62               [ 4] 2100 	ld	h, d
    00000951 23               [ 8] 2101 	inc	hl
    00000952 23               [ 8] 2102 	inc	hl
    00000953 7E               [ 8] 2103 	ld	a, (hl)
    00000954 F8 0C            [12] 2104 	ldhl	sp,	#12
    00000956 86               [ 8] 2105 	add	a, (hl)
    00000957 02               [ 8] 2106 	ld	(bc), a
    00000958 03               [ 8] 2107 	inc	bc
    00000959 6B               [ 4] 2108 	ld	l, e
    0000095A 62               [ 4] 2109 	ld	h, d
    0000095B 23               [ 8] 2110 	inc	hl
    0000095C 23               [ 8] 2111 	inc	hl
    0000095D 23               [ 8] 2112 	inc	hl
    0000095E 7E               [ 8] 2113 	ld	a, (hl)
    0000095F EE 20            [ 8] 2114 	xor	a, #0x20
    00000961 02               [ 8] 2115 	ld	(bc), a
    00000962 03               [ 8] 2116 	inc	bc
    00000963 13               [ 8] 2117 	inc	de
    00000964 13               [ 8] 2118 	inc	de
    00000965 13               [ 8] 2119 	inc	de
    00000966 13               [ 8] 2120 	inc	de
                                   2121 ;src/gameplay.c:468: *oam++ = sy+16; *oam++ = sx;     *oam++ = meta->dtile + tile_base; *oam++ = meta->props ^ S_FLIPX; meta++;
    00000967 F8 0A            [12] 2122 	ldhl	sp,	#10
    00000969 7E               [ 8] 2123 	ld	a, (hl)
    0000096A 02               [ 8] 2124 	ld	(bc), a
    0000096B 03               [ 8] 2125 	inc	bc
    0000096C F8 10            [12] 2126 	ldhl	sp,	#16
    0000096E 7E               [ 8] 2127 	ld	a, (hl)
    0000096F 02               [ 8] 2128 	ld	(bc), a
    00000970 03               [ 8] 2129 	inc	bc
    00000971 6B               [ 4] 2130 	ld	l, e
    00000972 62               [ 4] 2131 	ld	h, d
    00000973 23               [ 8] 2132 	inc	hl
    00000974 23               [ 8] 2133 	inc	hl
    00000975 7E               [ 8] 2134 	ld	a, (hl)
    00000976 F8 0C            [12] 2135 	ldhl	sp,	#12
    00000978 86               [ 8] 2136 	add	a, (hl)
    00000979 02               [ 8] 2137 	ld	(bc), a
    0000097A 03               [ 8] 2138 	inc	bc
    0000097B 6B               [ 4] 2139 	ld	l, e
    0000097C 62               [ 4] 2140 	ld	h, d
    0000097D 23               [ 8] 2141 	inc	hl
    0000097E 23               [ 8] 2142 	inc	hl
    0000097F 23               [ 8] 2143 	inc	hl
    00000980 7E               [ 8] 2144 	ld	a, (hl)
    00000981 EE 20            [ 8] 2145 	xor	a, #0x20
    00000983 02               [ 8] 2146 	ld	(bc), a
    00000984 03               [ 8] 2147 	inc	bc
    00000985 13               [ 8] 2148 	inc	de
    00000986 13               [ 8] 2149 	inc	de
    00000987 13               [ 8] 2150 	inc	de
    00000988 13               [ 8] 2151 	inc	de
                                   2152 ;src/gameplay.c:470: *oam++ = sy+32; *oam++ = sx+16;  *oam++ = meta->dtile + tile_base; *oam++ = meta->props ^ S_FLIPX; meta++;
    00000989 F8 0B            [12] 2153 	ldhl	sp,	#11
    0000098B 3A               [ 8] 2154 	ld	a, (hl-)
    0000098C 2B               [ 8] 2155 	dec	hl
    0000098D 02               [ 8] 2156 	ld	(bc), a
    0000098E 03               [ 8] 2157 	inc	bc
    0000098F 7E               [ 8] 2158 	ld	a, (hl)
    00000990 02               [ 8] 2159 	ld	(bc), a
    00000991 03               [ 8] 2160 	inc	bc
    00000992 6B               [ 4] 2161 	ld	l, e
    00000993 62               [ 4] 2162 	ld	h, d
    00000994 23               [ 8] 2163 	inc	hl
    00000995 23               [ 8] 2164 	inc	hl
    00000996 7E               [ 8] 2165 	ld	a, (hl)
    00000997 F8 0C            [12] 2166 	ldhl	sp,	#12
    00000999 86               [ 8] 2167 	add	a, (hl)
    0000099A 02               [ 8] 2168 	ld	(bc), a
    0000099B 03               [ 8] 2169 	inc	bc
    0000099C 6B               [ 4] 2170 	ld	l, e
    0000099D 62               [ 4] 2171 	ld	h, d
    0000099E 23               [ 8] 2172 	inc	hl
    0000099F 23               [ 8] 2173 	inc	hl
    000009A0 23               [ 8] 2174 	inc	hl
    000009A1 7E               [ 8] 2175 	ld	a, (hl)
    000009A2 EE 20            [ 8] 2176 	xor	a, #0x20
    000009A4 02               [ 8] 2177 	ld	(bc), a
    000009A5 03               [ 8] 2178 	inc	bc
    000009A6 13               [ 8] 2179 	inc	de
    000009A7 13               [ 8] 2180 	inc	de
    000009A8 13               [ 8] 2181 	inc	de
    000009A9 13               [ 8] 2182 	inc	de
                                   2183 ;src/gameplay.c:471: *oam++ = sy+32; *oam++ = sx+8;   *oam++ = meta->dtile + tile_base; *oam++ = meta->props ^ S_FLIPX; meta++;
    000009AA F8 0B            [12] 2184 	ldhl	sp,	#11
    000009AC 7E               [ 8] 2185 	ld	a, (hl)
    000009AD 02               [ 8] 2186 	ld	(bc), a
    000009AE 03               [ 8] 2187 	inc	bc
    000009AF F8 08            [12] 2188 	ldhl	sp,	#8
    000009B1 7E               [ 8] 2189 	ld	a, (hl)
    000009B2 02               [ 8] 2190 	ld	(bc), a
    000009B3 03               [ 8] 2191 	inc	bc
    000009B4 6B               [ 4] 2192 	ld	l, e
    000009B5 62               [ 4] 2193 	ld	h, d
    000009B6 23               [ 8] 2194 	inc	hl
    000009B7 23               [ 8] 2195 	inc	hl
    000009B8 7E               [ 8] 2196 	ld	a, (hl)
    000009B9 F8 0C            [12] 2197 	ldhl	sp,	#12
    000009BB 86               [ 8] 2198 	add	a, (hl)
    000009BC 02               [ 8] 2199 	ld	(bc), a
    000009BD 03               [ 8] 2200 	inc	bc
    000009BE 6B               [ 4] 2201 	ld	l, e
    000009BF 62               [ 4] 2202 	ld	h, d
    000009C0 23               [ 8] 2203 	inc	hl
    000009C1 23               [ 8] 2204 	inc	hl
    000009C2 23               [ 8] 2205 	inc	hl
    000009C3 7E               [ 8] 2206 	ld	a, (hl)
    000009C4 EE 20            [ 8] 2207 	xor	a, #0x20
    000009C6 02               [ 8] 2208 	ld	(bc), a
    000009C7 03               [ 8] 2209 	inc	bc
    000009C8 13               [ 8] 2210 	inc	de
    000009C9 13               [ 8] 2211 	inc	de
    000009CA 13               [ 8] 2212 	inc	de
    000009CB 13               [ 8] 2213 	inc	de
                                   2214 ;src/gameplay.c:472: *oam++ = sy+32; *oam++ = sx;     *oam++ = meta->dtile + tile_base; *oam++ = meta->props ^ S_FLIPX;
    000009CC F8 0B            [12] 2215 	ldhl	sp,	#11
    000009CE 7E               [ 8] 2216 	ld	a, (hl)
    000009CF 02               [ 8] 2217 	ld	(bc), a
    000009D0 03               [ 8] 2218 	inc	bc
    000009D1 F8 10            [12] 2219 	ldhl	sp,	#16
    000009D3 7E               [ 8] 2220 	ld	a, (hl)
    000009D4 02               [ 8] 2221 	ld	(bc), a
    000009D5 03               [ 8] 2222 	inc	bc
    000009D6 6B               [ 4] 2223 	ld	l, e
    000009D7 62               [ 4] 2224 	ld	h, d
    000009D8 23               [ 8] 2225 	inc	hl
    000009D9 23               [ 8] 2226 	inc	hl
    000009DA 7E               [ 8] 2227 	ld	a, (hl)
    000009DB F8 0C            [12] 2228 	ldhl	sp,	#12
    000009DD 86               [ 8] 2229 	add	a, (hl)
    000009DE 02               [ 8] 2230 	ld	(bc), a
    000009DF 03               [ 8] 2231 	inc	bc
    000009E0 13               [ 8] 2232 	inc	de
    000009E1 13               [ 8] 2233 	inc	de
    000009E2 13               [ 8] 2234 	inc	de
    000009E3 1A               [ 8] 2235 	ld	a, (de)
    000009E4 EE 20            [ 8] 2236 	xor	a, #0x20
    000009E6 02               [ 8] 2237 	ld	(bc), a
    000009E7                       2238 00103$:
                                   2239 ;src/gameplay.c:474: return 9;
    000009E7 3E 09            [ 8] 2240 	ld	a, #0x09
                                   2241 ;src/gameplay.c:475: }
    000009E9 E8 0D            [16] 2242 	add	sp, #13
    000009EB E1               [12] 2243 	pop	hl
    000009EC E8 04            [16] 2244 	add	sp, #4
    000009EE E9               [ 4] 2245 	jp	(hl)
                                   2246 ;src/gameplay.c:477: static void process_sprite_logic(
                                   2247 ;	---------------------------------
                                   2248 ; Function process_sprite_logic
                                   2249 ; ---------------------------------
    000009EF                       2250 _process_sprite_logic:
    000009EF E8 BB            [16] 2251 	add	sp, #-69
    000009F1 F8 42            [12] 2252 	ldhl	sp,	#66
    000009F3 7B               [ 4] 2253 	ld	a, e
    000009F4 22               [ 8] 2254 	ld	(hl+), a
    000009F5 72               [ 8] 2255 	ld	(hl), d
    000009F6 F8 40            [12] 2256 	ldhl	sp,	#64
    000009F8 79               [ 4] 2257 	ld	a, c
    000009F9 22               [ 8] 2258 	ld	(hl+), a
    000009FA 70               [ 8] 2259 	ld	(hl), b
                                   2260 ;src/gameplay.c:482: uint16_t px = p->world_x;
    000009FB F8 47            [12] 2261 	ldhl	sp,#71
    000009FD 2A               [ 8] 2262 	ld	a, (hl+)
    000009FE 5F               [ 4] 2263 	ld	e, a
                                   2264 ;src/gameplay.c:483: uint16_t py = p->world_y.b.h;
    000009FF 3A               [ 8] 2265 	ld	a, (hl-)
    00000A00 57               [ 4] 2266 	ld	d, a
    00000A01 1A               [ 8] 2267 	ld	a, (de)
    00000A02 4F               [ 4] 2268 	ld	c, a
    00000A03 13               [ 8] 2269 	inc	de
    00000A04 1A               [ 8] 2270 	ld	a, (de)
    00000A05 47               [ 4] 2271 	ld	b, a
    00000A06 2A               [ 8] 2272 	ld	a, (hl+)
    00000A07 5F               [ 4] 2273 	ld	e, a
    00000A08 56               [ 8] 2274 	ld	d, (hl)
    00000A09 13               [ 8] 2275 	inc	de
    00000A0A 13               [ 8] 2276 	inc	de
    00000A0B 13               [ 8] 2277 	inc	de
    00000A0C 1A               [ 8] 2278 	ld	a, (de)
    00000A0D F8 02            [12] 2279 	ldhl	sp,	#2
    00000A0F 22               [ 8] 2280 	ld	(hl+), a
                                   2281 ;src/gameplay.c:485: uint8_t player_col = (uint8_t)(px >> 4);
    00000A10 AF               [ 4] 2282 	xor	a, a
    00000A11 22               [ 8] 2283 	ld	(hl+), a
    00000A12 59               [ 4] 2284 	ld	e, c
    00000A13 50               [ 4] 2285 	ld	d, b
    00000A14 CB 3A            [ 8] 2286 	srl	d
    00000A16 CB 1B            [ 8] 2287 	rr	e
    00000A18 CB 3A            [ 8] 2288 	srl	d
    00000A1A CB 1B            [ 8] 2289 	rr	e
    00000A1C CB 3A            [ 8] 2290 	srl	d
    00000A1E CB 1B            [ 8] 2291 	rr	e
    00000A20 CB 3A            [ 8] 2292 	srl	d
    00000A22 CB 1B            [ 8] 2293 	rr	e
                                   2294 ;src/gameplay.c:487: uint16_t p_front = px + 15u;
    00000A24 7B               [ 4] 2295 	ld	a, e
    00000A25 22               [ 8] 2296 	ld	(hl+), a
    00000A26 79               [ 4] 2297 	ld	a, c
    00000A27 22               [ 8] 2298 	ld	(hl+), a
    00000A28 78               [ 4] 2299 	ld	a, b
    00000A29 32               [ 8] 2300 	ld	(hl-), a
    00000A2A 2A               [ 8] 2301 	ld	a, (hl+)
    00000A2B 5F               [ 4] 2302 	ld	e, a
    00000A2C 56               [ 8] 2303 	ld	d, (hl)
    00000A2D 21 0F 00         [12] 2304 	ld	hl, #0x000f
    00000A30 19               [ 8] 2305 	add	hl, de
    00000A31 4D               [ 4] 2306 	ld	c, l
    00000A32 7C               [ 4] 2307 	ld	a, h
    00000A33 F8 07            [12] 2308 	ldhl	sp,	#7
    00000A35 71               [ 8] 2309 	ld	(hl), c
    00000A36 23               [ 8] 2310 	inc	hl
    00000A37 77               [ 8] 2311 	ld	(hl), a
                                   2312 ;src/gameplay.c:488: uint16_t p_bottom = py + PLAYER_SIZE;
    00000A38 F8 02            [12] 2313 	ldhl	sp,	#2
    00000A3A 7E               [ 8] 2314 	ld	a, (hl)
    00000A3B F8 09            [12] 2315 	ldhl	sp,	#9
    00000A3D 22               [ 8] 2316 	ld	(hl+), a
    00000A3E AF               [ 4] 2317 	xor	a, a
    00000A3F 32               [ 8] 2318 	ld	(hl-), a
    00000A40 2A               [ 8] 2319 	ld	a, (hl+)
    00000A41 5F               [ 4] 2320 	ld	e, a
    00000A42 56               [ 8] 2321 	ld	d, (hl)
    00000A43 21 0F 00         [12] 2322 	ld	hl, #0x000f
    00000A46 19               [ 8] 2323 	add	hl, de
    00000A47 4D               [ 4] 2324 	ld	c, l
    00000A48 7C               [ 4] 2325 	ld	a, h
    00000A49 F8 0B            [12] 2326 	ldhl	sp,	#11
    00000A4B 71               [ 8] 2327 	ld	(hl), c
    00000A4C 23               [ 8] 2328 	inc	hl
                                   2329 ;src/gameplay.c:489: uint16_t p_feet = py + PLAYER_SIZE;
    00000A4D 22               [ 8] 2330 	ld	(hl+), a
    00000A4E 71               [ 8] 2331 	ld	(hl), c
    00000A4F 23               [ 8] 2332 	inc	hl
    00000A50 77               [ 8] 2333 	ld	(hl), a
                                   2334 ;src/gameplay.c:491: for (i = 0; i < MAX_ACTIVE_SP_OBJECTS; i++) {
    00000A51 F8 42            [12] 2335 	ldhl	sp,#66
    00000A53 2A               [ 8] 2336 	ld	a, (hl+)
    00000A54 5F               [ 4] 2337 	ld	e, a
    00000A55 56               [ 8] 2338 	ld	d, (hl)
    00000A56 21 10 00         [12] 2339 	ld	hl, #0x0010
    00000A59 19               [ 8] 2340 	add	hl, de
    00000A5A E5               [16] 2341 	push	hl
    00000A5B 7D               [ 4] 2342 	ld	a, l
    00000A5C F8 11            [12] 2343 	ldhl	sp,	#17
    00000A5E 77               [ 8] 2344 	ld	(hl), a
    00000A5F E1               [12] 2345 	pop	hl
    00000A60 7C               [ 4] 2346 	ld	a, h
    00000A61 F8 10            [12] 2347 	ldhl	sp,	#16
    00000A63 77               [ 8] 2348 	ld	(hl), a
    00000A64 F8 42            [12] 2349 	ldhl	sp,#66
    00000A66 2A               [ 8] 2350 	ld	a, (hl+)
    00000A67 5F               [ 4] 2351 	ld	e, a
    00000A68 56               [ 8] 2352 	ld	d, (hl)
    00000A69 21 60 00         [12] 2353 	ld	hl, #0x0060
    00000A6C 19               [ 8] 2354 	add	hl, de
    00000A6D E5               [16] 2355 	push	hl
    00000A6E 7D               [ 4] 2356 	ld	a, l
    00000A6F F8 13            [12] 2357 	ldhl	sp,	#19
    00000A71 77               [ 8] 2358 	ld	(hl), a
    00000A72 E1               [12] 2359 	pop	hl
    00000A73 7C               [ 4] 2360 	ld	a, h
    00000A74 F8 12            [12] 2361 	ldhl	sp,	#18
    00000A76 77               [ 8] 2362 	ld	(hl), a
    00000A77 F8 47            [12] 2363 	ldhl	sp,#71
    00000A79 2A               [ 8] 2364 	ld	a, (hl+)
    00000A7A 5F               [ 4] 2365 	ld	e, a
    00000A7B 56               [ 8] 2366 	ld	d, (hl)
    00000A7C 21 09 00         [12] 2367 	ld	hl, #0x0009
    00000A7F 19               [ 8] 2368 	add	hl, de
    00000A80 E5               [16] 2369 	push	hl
    00000A81 7D               [ 4] 2370 	ld	a, l
    00000A82 F8 15            [12] 2371 	ldhl	sp,	#21
    00000A84 77               [ 8] 2372 	ld	(hl), a
    00000A85 E1               [12] 2373 	pop	hl
    00000A86 7C               [ 4] 2374 	ld	a, h
    00000A87 F8 14            [12] 2375 	ldhl	sp,	#20
    00000A89 77               [ 8] 2376 	ld	(hl), a
    00000A8A F8 47            [12] 2377 	ldhl	sp,#71
    00000A8C 2A               [ 8] 2378 	ld	a, (hl+)
    00000A8D 5F               [ 4] 2379 	ld	e, a
    00000A8E 56               [ 8] 2380 	ld	d, (hl)
    00000A8F 21 08 00         [12] 2381 	ld	hl, #0x0008
    00000A92 19               [ 8] 2382 	add	hl, de
    00000A93 E5               [16] 2383 	push	hl
    00000A94 7D               [ 4] 2384 	ld	a, l
    00000A95 F8 17            [12] 2385 	ldhl	sp,	#23
    00000A97 77               [ 8] 2386 	ld	(hl), a
    00000A98 E1               [12] 2387 	pop	hl
    00000A99 7C               [ 4] 2388 	ld	a, h
    00000A9A F8 16            [12] 2389 	ldhl	sp,	#22
    00000A9C 77               [ 8] 2390 	ld	(hl), a
    00000A9D F8 13            [12] 2391 	ldhl	sp,	#19
    00000A9F 7E               [ 8] 2392 	ld	a, (hl)
    00000AA0 F8 17            [12] 2393 	ldhl	sp,	#23
    00000AA2 77               [ 8] 2394 	ld	(hl), a
    00000AA3 F8 14            [12] 2395 	ldhl	sp,	#20
    00000AA5 7E               [ 8] 2396 	ld	a, (hl)
    00000AA6 F8 18            [12] 2397 	ldhl	sp,	#24
    00000AA8 77               [ 8] 2398 	ld	(hl), a
    00000AA9 F8 15            [12] 2399 	ldhl	sp,	#21
    00000AAB 7E               [ 8] 2400 	ld	a, (hl)
    00000AAC F8 19            [12] 2401 	ldhl	sp,	#25
    00000AAE 77               [ 8] 2402 	ld	(hl), a
    00000AAF F8 16            [12] 2403 	ldhl	sp,	#22
    00000AB1 7E               [ 8] 2404 	ld	a, (hl)
    00000AB2 F8 1A            [12] 2405 	ldhl	sp,	#26
    00000AB4 77               [ 8] 2406 	ld	(hl), a
    00000AB5 F8 47            [12] 2407 	ldhl	sp,#71
    00000AB7 2A               [ 8] 2408 	ld	a, (hl+)
    00000AB8 5F               [ 4] 2409 	ld	e, a
    00000AB9 56               [ 8] 2410 	ld	d, (hl)
    00000ABA 21 0E 00         [12] 2411 	ld	hl, #0x000e
    00000ABD 19               [ 8] 2412 	add	hl, de
    00000ABE E5               [16] 2413 	push	hl
    00000ABF 7D               [ 4] 2414 	ld	a, l
    00000AC0 F8 1D            [12] 2415 	ldhl	sp,	#29
    00000AC2 77               [ 8] 2416 	ld	(hl), a
    00000AC3 E1               [12] 2417 	pop	hl
    00000AC4 7C               [ 4] 2418 	ld	a, h
    00000AC5 F8 1C            [12] 2419 	ldhl	sp,	#28
    00000AC7 77               [ 8] 2420 	ld	(hl), a
    00000AC8 F8 13            [12] 2421 	ldhl	sp,	#19
    00000ACA 7E               [ 8] 2422 	ld	a, (hl)
    00000ACB F8 1D            [12] 2423 	ldhl	sp,	#29
    00000ACD 77               [ 8] 2424 	ld	(hl), a
    00000ACE F8 14            [12] 2425 	ldhl	sp,	#20
    00000AD0 7E               [ 8] 2426 	ld	a, (hl)
    00000AD1 F8 1E            [12] 2427 	ldhl	sp,	#30
    00000AD3 77               [ 8] 2428 	ld	(hl), a
    00000AD4 F8 13            [12] 2429 	ldhl	sp,	#19
    00000AD6 7E               [ 8] 2430 	ld	a, (hl)
    00000AD7 F8 1F            [12] 2431 	ldhl	sp,	#31
    00000AD9 77               [ 8] 2432 	ld	(hl), a
    00000ADA F8 14            [12] 2433 	ldhl	sp,	#20
    00000ADC 7E               [ 8] 2434 	ld	a, (hl)
    00000ADD F8 20            [12] 2435 	ldhl	sp,	#32
    00000ADF 77               [ 8] 2436 	ld	(hl), a
    00000AE0 F8 15            [12] 2437 	ldhl	sp,	#21
    00000AE2 7E               [ 8] 2438 	ld	a, (hl)
    00000AE3 F8 21            [12] 2439 	ldhl	sp,	#33
    00000AE5 77               [ 8] 2440 	ld	(hl), a
    00000AE6 F8 16            [12] 2441 	ldhl	sp,	#22
    00000AE8 7E               [ 8] 2442 	ld	a, (hl)
    00000AE9 F8 22            [12] 2443 	ldhl	sp,	#34
    00000AEB 77               [ 8] 2444 	ld	(hl), a
    00000AEC F8 13            [12] 2445 	ldhl	sp,	#19
    00000AEE 7E               [ 8] 2446 	ld	a, (hl)
    00000AEF F8 23            [12] 2447 	ldhl	sp,	#35
    00000AF1 77               [ 8] 2448 	ld	(hl), a
    00000AF2 F8 14            [12] 2449 	ldhl	sp,	#20
    00000AF4 7E               [ 8] 2450 	ld	a, (hl)
    00000AF5 F8 24            [12] 2451 	ldhl	sp,	#36
    00000AF7 77               [ 8] 2452 	ld	(hl), a
    00000AF8 F8 15            [12] 2453 	ldhl	sp,	#21
    00000AFA 7E               [ 8] 2454 	ld	a, (hl)
    00000AFB F8 25            [12] 2455 	ldhl	sp,	#37
    00000AFD 77               [ 8] 2456 	ld	(hl), a
    00000AFE F8 16            [12] 2457 	ldhl	sp,	#22
    00000B00 7E               [ 8] 2458 	ld	a, (hl)
    00000B01 F8 26            [12] 2459 	ldhl	sp,	#38
    00000B03 77               [ 8] 2460 	ld	(hl), a
    00000B04 F8 42            [12] 2461 	ldhl	sp,#66
    00000B06 2A               [ 8] 2462 	ld	a, (hl+)
    00000B07 5F               [ 4] 2463 	ld	e, a
    00000B08 56               [ 8] 2464 	ld	d, (hl)
    00000B09 21 30 00         [12] 2465 	ld	hl, #0x0030
    00000B0C 19               [ 8] 2466 	add	hl, de
    00000B0D E5               [16] 2467 	push	hl
    00000B0E 7D               [ 4] 2468 	ld	a, l
    00000B0F F8 29            [12] 2469 	ldhl	sp,	#41
    00000B11 77               [ 8] 2470 	ld	(hl), a
    00000B12 E1               [12] 2471 	pop	hl
    00000B13 7C               [ 4] 2472 	ld	a, h
    00000B14 F8 28            [12] 2473 	ldhl	sp,	#40
    00000B16 77               [ 8] 2474 	ld	(hl), a
    00000B17 F8 11            [12] 2475 	ldhl	sp,	#17
    00000B19 7E               [ 8] 2476 	ld	a, (hl)
    00000B1A F8 29            [12] 2477 	ldhl	sp,	#41
    00000B1C 77               [ 8] 2478 	ld	(hl), a
    00000B1D F8 12            [12] 2479 	ldhl	sp,	#18
    00000B1F 7E               [ 8] 2480 	ld	a, (hl)
    00000B20 F8 2A            [12] 2481 	ldhl	sp,	#42
    00000B22 77               [ 8] 2482 	ld	(hl), a
    00000B23 F8 11            [12] 2483 	ldhl	sp,	#17
    00000B25 7E               [ 8] 2484 	ld	a, (hl)
    00000B26 F8 2B            [12] 2485 	ldhl	sp,	#43
    00000B28 77               [ 8] 2486 	ld	(hl), a
    00000B29 F8 12            [12] 2487 	ldhl	sp,	#18
    00000B2B 7E               [ 8] 2488 	ld	a, (hl)
    00000B2C F8 2C            [12] 2489 	ldhl	sp,	#44
    00000B2E 77               [ 8] 2490 	ld	(hl), a
    00000B2F F8 47            [12] 2491 	ldhl	sp,#71
    00000B31 2A               [ 8] 2492 	ld	a, (hl+)
    00000B32 5F               [ 4] 2493 	ld	e, a
    00000B33 56               [ 8] 2494 	ld	d, (hl)
    00000B34 21 10 00         [12] 2495 	ld	hl, #0x0010
    00000B37 19               [ 8] 2496 	add	hl, de
    00000B38 E5               [16] 2497 	push	hl
    00000B39 7D               [ 4] 2498 	ld	a, l
    00000B3A F8 2F            [12] 2499 	ldhl	sp,	#47
    00000B3C 77               [ 8] 2500 	ld	(hl), a
    00000B3D E1               [12] 2501 	pop	hl
    00000B3E 7C               [ 4] 2502 	ld	a, h
    00000B3F F8 2E            [12] 2503 	ldhl	sp,	#46
    00000B41 77               [ 8] 2504 	ld	(hl), a
    00000B42 F8 49            [12] 2505 	ldhl	sp,	#73
    00000B44 7E               [ 8] 2506 	ld	a, (hl)
    00000B45 E6 10            [ 8] 2507 	and	a, #0x10
    00000B47 F8 2F            [12] 2508 	ldhl	sp,	#47
    00000B49 77               [ 8] 2509 	ld	(hl), a
    00000B4A F8 11            [12] 2510 	ldhl	sp,	#17
    00000B4C 7E               [ 8] 2511 	ld	a, (hl)
    00000B4D F8 30            [12] 2512 	ldhl	sp,	#48
    00000B4F 77               [ 8] 2513 	ld	(hl), a
    00000B50 F8 12            [12] 2514 	ldhl	sp,	#18
    00000B52 7E               [ 8] 2515 	ld	a, (hl)
    00000B53 F8 31            [12] 2516 	ldhl	sp,	#49
    00000B55 77               [ 8] 2517 	ld	(hl), a
    00000B56 F8 11            [12] 2518 	ldhl	sp,	#17
    00000B58 7E               [ 8] 2519 	ld	a, (hl)
    00000B59 F8 32            [12] 2520 	ldhl	sp,	#50
    00000B5B 77               [ 8] 2521 	ld	(hl), a
    00000B5C F8 12            [12] 2522 	ldhl	sp,	#18
    00000B5E 7E               [ 8] 2523 	ld	a, (hl)
    00000B5F F8 33            [12] 2524 	ldhl	sp,	#51
    00000B61 77               [ 8] 2525 	ld	(hl), a
    00000B62 F8 11            [12] 2526 	ldhl	sp,	#17
    00000B64 7E               [ 8] 2527 	ld	a, (hl)
    00000B65 F8 34            [12] 2528 	ldhl	sp,	#52
    00000B67 77               [ 8] 2529 	ld	(hl), a
    00000B68 F8 12            [12] 2530 	ldhl	sp,	#18
    00000B6A 7E               [ 8] 2531 	ld	a, (hl)
    00000B6B F8 35            [12] 2532 	ldhl	sp,	#53
    00000B6D 77               [ 8] 2533 	ld	(hl), a
    00000B6E F8 11            [12] 2534 	ldhl	sp,	#17
    00000B70 7E               [ 8] 2535 	ld	a, (hl)
    00000B71 F8 36            [12] 2536 	ldhl	sp,	#54
    00000B73 77               [ 8] 2537 	ld	(hl), a
    00000B74 F8 12            [12] 2538 	ldhl	sp,	#18
    00000B76 7E               [ 8] 2539 	ld	a, (hl)
    00000B77 F8 37            [12] 2540 	ldhl	sp,	#55
    00000B79 77               [ 8] 2541 	ld	(hl), a
    00000B7A F8 42            [12] 2542 	ldhl	sp,#66
    00000B7C 2A               [ 8] 2543 	ld	a, (hl+)
    00000B7D 5F               [ 4] 2544 	ld	e, a
    00000B7E 56               [ 8] 2545 	ld	d, (hl)
    00000B7F 21 50 00         [12] 2546 	ld	hl, #0x0050
    00000B82 19               [ 8] 2547 	add	hl, de
    00000B83 E5               [16] 2548 	push	hl
    00000B84 7D               [ 4] 2549 	ld	a, l
    00000B85 F8 3A            [12] 2550 	ldhl	sp,	#58
    00000B87 77               [ 8] 2551 	ld	(hl), a
    00000B88 E1               [12] 2552 	pop	hl
    00000B89 7C               [ 4] 2553 	ld	a, h
    00000B8A F8 39            [12] 2554 	ldhl	sp,	#57
    00000B8C 77               [ 8] 2555 	ld	(hl), a
    00000B8D F8 44            [12] 2556 	ldhl	sp,	#68
    00000B8F 36 00            [12] 2557 	ld	(hl), #0x00
    00000B91                       2558 00221$:
                                   2559 ;src/gameplay.c:492: if (!cache->active[i]) break;
    00000B91 F8 38            [12] 2560 	ldhl	sp,#56
    00000B93 2A               [ 8] 2561 	ld	a, (hl+)
    00000B94 5F               [ 4] 2562 	ld	e, a
    00000B95 56               [ 8] 2563 	ld	d, (hl)
    00000B96 F8 44            [12] 2564 	ldhl	sp,	#68
    00000B98 6E               [ 8] 2565 	ld	l, (hl)
    00000B99 26 00            [ 8] 2566 	ld	h, #0x00
    00000B9B 19               [ 8] 2567 	add	hl, de
    00000B9C 4D               [ 4] 2568 	ld	c, l
    00000B9D 44               [ 4] 2569 	ld	b, h
    00000B9E 0A               [ 8] 2570 	ld	a, (bc)
    00000B9F B7               [ 4] 2571 	or	a, a
    00000BA0 CAr33r12         [16] 2572 	jp	Z, 00222$
                                   2573 ;src/gameplay.c:494: uint16_t obj_x = cache->px[i];
    00000BA3 F8 44            [12] 2574 	ldhl	sp,	#68
    00000BA5 7E               [ 8] 2575 	ld	a, (hl)
    00000BA6 87               [ 4] 2576 	add	a, a
    00000BA7 F8 3A            [12] 2577 	ldhl	sp,	#58
    00000BA9 77               [ 8] 2578 	ld	(hl), a
    00000BAA F8 0F            [12] 2579 	ldhl	sp,#15
    00000BAC 2A               [ 8] 2580 	ld	a, (hl+)
    00000BAD 5F               [ 4] 2581 	ld	e, a
    00000BAE 56               [ 8] 2582 	ld	d, (hl)
    00000BAF F8 3A            [12] 2583 	ldhl	sp,	#58
    00000BB1 6E               [ 8] 2584 	ld	l, (hl)
    00000BB2 26 00            [ 8] 2585 	ld	h, #0x00
    00000BB4 19               [ 8] 2586 	add	hl, de
    00000BB5 4D               [ 4] 2587 	ld	c, l
    00000BB6 44               [ 4] 2588 	ld	b, h
    00000BB7 59               [ 4] 2589 	ld	e, c
    00000BB8 50               [ 4] 2590 	ld	d, b
    00000BB9 1A               [ 8] 2591 	ld	a, (de)
    00000BBA F8 3B            [12] 2592 	ldhl	sp,	#59
    00000BBC 22               [ 8] 2593 	ld	(hl+), a
    00000BBD 13               [ 8] 2594 	inc	de
    00000BBE 1A               [ 8] 2595 	ld	a, (de)
    00000BBF 77               [ 8] 2596 	ld	(hl), a
                                   2597 ;src/gameplay.c:495: if (obj_x > cam_px + 176u) break;
    00000BC0 F8 40            [12] 2598 	ldhl	sp,	#64
    00000BC2 2A               [ 8] 2599 	ld	a, (hl+)
    00000BC3 4F               [ 4] 2600 	ld	c, a
    00000BC4 46               [ 8] 2601 	ld	b, (hl)
    00000BC5 21 B0 00         [12] 2602 	ld	hl, #0x00b0
    00000BC8 09               [ 8] 2603 	add	hl, bc
    00000BC9 4D               [ 4] 2604 	ld	c, l
    00000BCA 44               [ 4] 2605 	ld	b, h
    00000BCB F8 3B            [12] 2606 	ldhl	sp,	#59
    00000BCD 2A               [ 8] 2607 	ld	a, (hl+)
    00000BCE 23               [ 8] 2608 	inc	hl
    00000BCF 32               [ 8] 2609 	ld	(hl-), a
    00000BD0 2A               [ 8] 2610 	ld	a, (hl+)
    00000BD1 23               [ 8] 2611 	inc	hl
    00000BD2 32               [ 8] 2612 	ld	(hl-), a
    00000BD3 79               [ 4] 2613 	ld	a, c
    00000BD4 96               [ 8] 2614 	sub	a, (hl)
    00000BD5 23               [ 8] 2615 	inc	hl
    00000BD6 78               [ 4] 2616 	ld	a, b
    00000BD7 9E               [ 8] 2617 	sbc	a, (hl)
    00000BD8 DAr33r12         [16] 2618 	jp	C, 00222$
                                   2619 ;src/gameplay.c:497: uint8_t obj = cache->obj[i];
    00000BDB F8 42            [12] 2620 	ldhl	sp,#66
    00000BDD 2A               [ 8] 2621 	ld	a, (hl+)
    00000BDE 5F               [ 4] 2622 	ld	e, a
    00000BDF 2A               [ 8] 2623 	ld	a, (hl+)
    00000BE0 57               [ 4] 2624 	ld	d, a
    00000BE1 6E               [ 8] 2625 	ld	l, (hl)
    00000BE2 26 00            [ 8] 2626 	ld	h, #0x00
    00000BE4 19               [ 8] 2627 	add	hl, de
    00000BE5 4D               [ 4] 2628 	ld	c, l
    00000BE6 44               [ 4] 2629 	ld	b, h
    00000BE7 0A               [ 8] 2630 	ld	a, (bc)
    00000BE8 F8 3F            [12] 2631 	ldhl	sp,	#63
    00000BEA 77               [ 8] 2632 	ld	(hl), a
                                   2633 ;src/gameplay.c:499: if (obj == OBJ_LEVEL_END) {
    00000BEB 7E               [ 8] 2634 	ld	a, (hl)
    00000BEC D6 0F            [ 8] 2635 	sub	a, #0x0f
    00000BEE 20 28            [12] 2636 	jr	NZ, 00108$
                                   2637 ;src/gameplay.c:500: if (px >= (obj_x - 180u)) {
    00000BF0 F8 3D            [12] 2638 	ldhl	sp,#61
    00000BF2 2A               [ 8] 2639 	ld	a, (hl+)
    00000BF3 5F               [ 4] 2640 	ld	e, a
    00000BF4 56               [ 8] 2641 	ld	d, (hl)
    00000BF5 21 B4 00         [12] 2642 	ld	hl, #0x00b4
    00000BF8 7B               [ 4] 2643 	ld	a, e
    00000BF9 95               [ 4] 2644 	sub	a, l
    00000BFA 5F               [ 4] 2645 	ld	e, a
    00000BFB 7A               [ 4] 2646 	ld	a, d
    00000BFC 9C               [ 4] 2647 	sbc	a, h
    00000BFD 47               [ 4] 2648 	ld	b, a
    00000BFE 4B               [ 4] 2649 	ld	c, e
    00000BFF F8 05            [12] 2650 	ldhl	sp,	#5
    00000C01 2A               [ 8] 2651 	ld	a, (hl+)
    00000C02 91               [ 4] 2652 	sub	a, c
    00000C03 7E               [ 8] 2653 	ld	a, (hl)
    00000C04 98               [ 4] 2654 	sbc	a, b
    00000C05 DAr2Ar12         [16] 2655 	jp	C, 00219$
                                   2656 ;src/gameplay.c:501: p->level_complete = 1;
    00000C08 F8 47            [12] 2657 	ldhl	sp,#71
    00000C0A 2A               [ 8] 2658 	ld	a, (hl+)
    00000C0B 5F               [ 4] 2659 	ld	e, a
    00000C0C 56               [ 8] 2660 	ld	d, (hl)
    00000C0D 21 12 00         [12] 2661 	ld	hl, #0x0012
    00000C10 19               [ 8] 2662 	add	hl, de
    00000C11 4D               [ 4] 2663 	ld	c, l
    00000C12 44               [ 4] 2664 	ld	b, h
    00000C13 36 01            [12] 2665 	ld	(hl), #0x01
                                   2666 ;src/gameplay.c:503: continue;
    00000C15 C3r2Ar12         [16] 2667 	jp	00219$
    00000C18                       2668 00108$:
                                   2669 ;src/gameplay.c:506: if (obj == 45) continue;
    00000C18 F8 3F            [12] 2670 	ldhl	sp,	#63
    00000C1A 7E               [ 8] 2671 	ld	a, (hl)
    00000C1B D6 2D            [ 8] 2672 	sub	a, #0x2d
    00000C1D CAr2Ar12         [16] 2673 	jp	Z, 00219$
                                   2674 ;src/gameplay.c:509: if (obj >= 100 && obj <= 147 &&
    00000C20 F8 3F            [12] 2675 	ldhl	sp,	#63
    00000C22 7E               [ 8] 2676 	ld	a, (hl)
    00000C23 D6 64            [ 8] 2677 	sub	a, #0x64
    00000C25 DArDBr0C         [16] 2678 	jp	C, 00129$
    00000C28 3E 93            [ 8] 2679 	ld	a, #0x93
    00000C2A 96               [ 8] 2680 	sub	a, (hl)
    00000C2B DArDBr0C         [16] 2681 	jp	C, 00129$
                                   2682 ;src/gameplay.c:510: obj != OBJ_MIRROR_EXIT && obj != OBJ_MIRROR_PORTAL) {
    00000C2E 7E               [ 8] 2683 	ld	a, (hl)
    00000C2F D6 79            [ 8] 2684 	sub	a, #0x79
    00000C31 CArDBr0C         [16] 2685 	jp	Z, 00129$
    00000C34 F8 3F            [12] 2686 	ldhl	sp,	#63
    00000C36 7E               [ 8] 2687 	ld	a, (hl)
    00000C37 D6 7E            [ 8] 2688 	sub	a, #0x7e
    00000C39 CArDBr0C         [16] 2689 	jp	Z, 00129$
                                   2690 ;src/gameplay.c:512: if (!cache->activated[i]) {
    00000C3C F8 11            [12] 2691 	ldhl	sp,#17
    00000C3E 2A               [ 8] 2692 	ld	a, (hl+)
    00000C3F 5F               [ 4] 2693 	ld	e, a
    00000C40 56               [ 8] 2694 	ld	d, (hl)
    00000C41 F8 44            [12] 2695 	ldhl	sp,	#68
    00000C43 6E               [ 8] 2696 	ld	l, (hl)
    00000C44 26 00            [ 8] 2697 	ld	h, #0x00
    00000C46 19               [ 8] 2698 	add	hl, de
    00000C47 4D               [ 4] 2699 	ld	c, l
    00000C48 44               [ 4] 2700 	ld	b, h
    00000C49 0A               [ 8] 2701 	ld	a, (bc)
    00000C4A B7               [ 4] 2702 	or	a, a
    00000C4B 20 76            [12] 2703 	jr	NZ, 00125$
                                   2704 ;src/gameplay.c:513: uint8_t obj_col = (uint8_t)(obj_x >> 4);
    00000C4D F8 3B            [12] 2705 	ldhl	sp,#59
    00000C4F 2A               [ 8] 2706 	ld	a, (hl+)
    00000C50 5F               [ 4] 2707 	ld	e, a
    00000C51 56               [ 8] 2708 	ld	d, (hl)
    00000C52 CB 3A            [ 8] 2709 	srl	d
    00000C54 CB 1B            [ 8] 2710 	rr	e
    00000C56 CB 3A            [ 8] 2711 	srl	d
    00000C58 CB 1B            [ 8] 2712 	rr	e
    00000C5A CB 3A            [ 8] 2713 	srl	d
    00000C5C CB 1B            [ 8] 2714 	rr	e
    00000C5E CB 3A            [ 8] 2715 	srl	d
    00000C60 CB 1B            [ 8] 2716 	rr	e
    00000C62 7B               [ 4] 2717 	ld	a, e
                                   2718 ;src/gameplay.c:516: if (obj_col > BG_TRIGGER_LEAD_TILES) {
    00000C63 FE 0C            [ 8] 2719 	cp	a, #0x0c
    00000C65 38 05            [12] 2720 	jr	C, 00112$
                                   2721 ;src/gameplay.c:517: trigger_col = obj_col - BG_TRIGGER_LEAD_TILES;
    00000C67 C6 F5            [ 8] 2722 	add	a, #0xf5
    00000C69 5F               [ 4] 2723 	ld	e, a
    00000C6A 18 02            [12] 2724 	jr	00113$
    00000C6C                       2725 00112$:
                                   2726 ;src/gameplay.c:519: trigger_col = 0;
    00000C6C 1E 00            [ 8] 2727 	ld	e, #0x00
    00000C6E                       2728 00113$:
                                   2729 ;src/gameplay.c:522: if (player_col >= trigger_col) {
    00000C6E F8 04            [12] 2730 	ldhl	sp,	#4
    00000C70 7E               [ 8] 2731 	ld	a, (hl)
    00000C71 93               [ 4] 2732 	sub	a, e
    00000C72 38 4F            [12] 2733 	jr	C, 00125$
                                   2734 ;src/gameplay.c:523: uint8_t pal_idx = (uint8_t)(obj - 100);
    00000C74 F8 3F            [12] 2735 	ldhl	sp,	#63
    00000C76 7E               [ 8] 2736 	ld	a, (hl)
    00000C77 C6 9C            [ 8] 2737 	add	a, #0x9c
    00000C79 5F               [ 4] 2738 	ld	e, a
                                   2739 ;src/gameplay.c:525: if (_cpu == CGB_TYPE) {
    00000C7A FAr00r00         [16] 2740 	ld	a, (#__cpu)
    00000C7D D6 11            [ 8] 2741 	sub	a, #0x11
    00000C7F 20 08            [12] 2742 	jr	NZ, 00115$
                                   2743 ;src/gameplay.c:526: famidash_apply_bg_trigger(pal_idx);
    00000C81 C5               [16] 2744 	push	bc
    00000C82 D5               [16] 2745 	push	de
    00000C83 7B               [ 4] 2746 	ld	a, e
    00000C84 CDr6Dr01         [24] 2747 	call	_famidash_apply_bg_trigger
    00000C87 D1               [12] 2748 	pop	de
    00000C88 C1               [12] 2749 	pop	bc
    00000C89                       2750 00115$:
                                   2751 ;src/gameplay.c:530: *target_bg_idx = (pal_idx == 15) ? 3 : 2;
    00000C89 F8 4A            [12] 2752 	ldhl	sp,	#74
    00000C8B 7E               [ 8] 2753 	ld	a, (hl)
    00000C8C F8 3B            [12] 2754 	ldhl	sp,	#59
    00000C8E 77               [ 8] 2755 	ld	(hl), a
    00000C8F F8 4B            [12] 2756 	ldhl	sp,	#75
    00000C91 7E               [ 8] 2757 	ld	a, (hl)
    00000C92 F8 3C            [12] 2758 	ldhl	sp,	#60
    00000C94 77               [ 8] 2759 	ld	(hl), a
                                   2760 ;src/gameplay.c:529: if (pal_idx < 16) {
                                   2761 ;src/gameplay.c:530: *target_bg_idx = (pal_idx == 15) ? 3 : 2;
    00000C95 7B               [ 4] 2762 	ld	a,e
    00000C96 FE 10            [ 8] 2763 	cp	a,#0x10
    00000C98 30 11            [12] 2764 	jr	NC, 00120$
    00000C9A D6 0F            [ 8] 2765 	sub	a, #0x0f
    00000C9C 3E 03            [ 8] 2766 	ld	a, #0x03
    00000C9E 28 02            [12] 2767 	jr	Z, 00225$
    00000CA0 3E 02            [ 8] 2768 	ld	a, #0x02
    00000CA2                       2769 00225$:
    00000CA2 F8 3B            [12] 2770 	ldhl	sp,	#59
    00000CA4 5E               [ 8] 2771 	ld	e, (hl)
    00000CA5 23               [ 8] 2772 	inc	hl
    00000CA6 66               [ 8] 2773 	ld	h, (hl)
    00000CA7 6B               [ 4] 2774 	ld	l, e
    00000CA8 77               [ 8] 2775 	ld	(hl), a
    00000CA9 18 15            [12] 2776 	jr	00121$
    00000CAB                       2777 00120$:
                                   2778 ;src/gameplay.c:531: } else if (pal_idx < 32) {
    00000CAB 7B               [ 4] 2779 	ld	a, e
    00000CAC D6 20            [ 8] 2780 	sub	a, #0x20
    00000CAE 30 09            [12] 2781 	jr	NC, 00117$
                                   2782 ;src/gameplay.c:532: *target_bg_idx = 1;
    00000CB0 F8 3B            [12] 2783 	ldhl	sp,	#59
    00000CB2 2A               [ 8] 2784 	ld	a, (hl+)
    00000CB3 66               [ 8] 2785 	ld	h, (hl)
    00000CB4 6F               [ 4] 2786 	ld	l, a
    00000CB5 36 01            [12] 2787 	ld	(hl), #0x01
    00000CB7 18 07            [12] 2788 	jr	00121$
    00000CB9                       2789 00117$:
                                   2790 ;src/gameplay.c:534: *target_bg_idx = 0;
    00000CB9 F8 3B            [12] 2791 	ldhl	sp,	#59
    00000CBB 2A               [ 8] 2792 	ld	a, (hl+)
    00000CBC 66               [ 8] 2793 	ld	h, (hl)
    00000CBD 6F               [ 4] 2794 	ld	l, a
    00000CBE 36 00            [12] 2795 	ld	(hl), #0x00
    00000CC0                       2796 00121$:
                                   2797 ;src/gameplay.c:537: cache->activated[i] = 1;
    00000CC0 3E 01            [ 8] 2798 	ld	a, #0x01
    00000CC2 02               [ 8] 2799 	ld	(bc), a
    00000CC3                       2800 00125$:
                                   2801 ;src/gameplay.c:541: if (obj_x > p_front + 16u) break;
    00000CC3 F8 07            [12] 2802 	ldhl	sp,	#7
    00000CC5 2A               [ 8] 2803 	ld	a, (hl+)
    00000CC6 4F               [ 4] 2804 	ld	c, a
    00000CC7 46               [ 8] 2805 	ld	b, (hl)
    00000CC8 21 10 00         [12] 2806 	ld	hl, #0x0010
    00000CCB 09               [ 8] 2807 	add	hl, bc
    00000CCC 4D               [ 4] 2808 	ld	c, l
    00000CCD 44               [ 4] 2809 	ld	b, h
    00000CCE F8 3D            [12] 2810 	ldhl	sp,	#61
    00000CD0 79               [ 4] 2811 	ld	a, c
    00000CD1 96               [ 8] 2812 	sub	a, (hl)
    00000CD2 23               [ 8] 2813 	inc	hl
    00000CD3 78               [ 4] 2814 	ld	a, b
    00000CD4 9E               [ 8] 2815 	sbc	a, (hl)
    00000CD5 D2r2Ar12         [16] 2816 	jp	NC, 00219$
    00000CD8 C3r33r12         [16] 2817 	jp	00222$
                                   2818 ;src/gameplay.c:542: continue;
    00000CDB                       2819 00129$:
                                   2820 ;src/gameplay.c:545: uint16_t obj_y = cache->py[i];
    00000CDB F8 3A            [12] 2821 	ldhl	sp,	#58
    00000CDD 5E               [ 8] 2822 	ld	e, (hl)
    00000CDE 16 00            [ 8] 2823 	ld	d, #0x00
    00000CE0 F8 27            [12] 2824 	ldhl	sp,	#39
    00000CE2 2A               [ 8] 2825 	ld	a,	(hl+)
    00000CE3 66               [ 8] 2826 	ld	h, (hl)
    00000CE4 6F               [ 4] 2827 	ld	l, a
    00000CE5 19               [ 8] 2828 	add	hl, de
    00000CE6 2A               [ 8] 2829 	ld	a, (hl+)
    00000CE7 4F               [ 4] 2830 	ld	c, a
    00000CE8 46               [ 8] 2831 	ld	b, (hl)
                                   2832 ;src/gameplay.c:547: if (obj >= 16 && obj <= 19) {
    00000CE9 F8 3F            [12] 2833 	ldhl	sp,	#63
    00000CEB 7E               [ 8] 2834 	ld	a, (hl)
    00000CEC D6 10            [ 8] 2835 	sub	a, #0x10
    00000CEE DAr8Br0D         [16] 2836 	jp	C, 00216$
    00000CF1 3E 13            [ 8] 2837 	ld	a, #0x13
    00000CF3 96               [ 8] 2838 	sub	a, (hl)
    00000CF4 DAr8Br0D         [16] 2839 	jp	C, 00216$
                                   2840 ;src/gameplay.c:549: if (obj_x <= p_front && px <= obj_x + 48u) {
    00000CF7 F8 07            [12] 2841 	ldhl	sp,	#7
    00000CF9 5D               [ 4] 2842 	ld	e, l
    00000CFA 54               [ 4] 2843 	ld	d, h
    00000CFB F8 3B            [12] 2844 	ldhl	sp,	#59
    00000CFD 1A               [ 8] 2845 	ld	a, (de)
    00000CFE 13               [ 8] 2846 	inc	de
    00000CFF 96               [ 8] 2847 	sub	a, (hl)
    00000D00 23               [ 8] 2848 	inc	hl
    00000D01 1A               [ 8] 2849 	ld	a, (de)
    00000D02 9E               [ 8] 2850 	sbc	a, (hl)
    00000D03 DAr2Ar12         [16] 2851 	jp	C, 00219$
    00000D06 F8 3D            [12] 2852 	ldhl	sp,#61
    00000D08 2A               [ 8] 2853 	ld	a, (hl+)
    00000D09 5F               [ 4] 2854 	ld	e, a
    00000D0A 56               [ 8] 2855 	ld	d, (hl)
    00000D0B 21 30 00         [12] 2856 	ld	hl, #0x0030
    00000D0E 19               [ 8] 2857 	add	hl, de
    00000D0F 5D               [ 4] 2858 	ld	e, l
    00000D10 54               [ 4] 2859 	ld	d, h
    00000D11 F8 05            [12] 2860 	ldhl	sp,	#5
    00000D13 7B               [ 4] 2861 	ld	a, e
    00000D14 96               [ 8] 2862 	sub	a, (hl)
    00000D15 23               [ 8] 2863 	inc	hl
    00000D16 7A               [ 4] 2864 	ld	a, d
    00000D17 9E               [ 8] 2865 	sbc	a, (hl)
    00000D18 DAr2Ar12         [16] 2866 	jp	C, 00219$
                                   2867 ;src/gameplay.c:550: if (py <= obj_y + 14u && p_bottom >= obj_y) {
    00000D1B 59               [ 4] 2868 	ld	e, c
    00000D1C 50               [ 4] 2869 	ld	d, b
    00000D1D 21 0E 00         [12] 2870 	ld	hl, #0x000e
    00000D20 19               [ 8] 2871 	add	hl, de
    00000D21 5D               [ 4] 2872 	ld	e, l
    00000D22 54               [ 4] 2873 	ld	d, h
    00000D23 F8 09            [12] 2874 	ldhl	sp,	#9
    00000D25 7B               [ 4] 2875 	ld	a, e
    00000D26 96               [ 8] 2876 	sub	a, (hl)
    00000D27 23               [ 8] 2877 	inc	hl
    00000D28 7A               [ 4] 2878 	ld	a, d
    00000D29 9E               [ 8] 2879 	sbc	a, (hl)
    00000D2A DAr2Ar12         [16] 2880 	jp	C, 00219$
    00000D2D F8 0B            [12] 2881 	ldhl	sp,	#11
    00000D2F 2A               [ 8] 2882 	ld	a, (hl+)
    00000D30 91               [ 4] 2883 	sub	a, c
    00000D31 7E               [ 8] 2884 	ld	a, (hl)
    00000D32 98               [ 4] 2885 	sbc	a, b
    00000D33 DAr2Ar12         [16] 2886 	jp	C, 00219$
                                   2887 ;src/gameplay.c:551: if (!cache->activated[i]) {
    00000D36 F8 36            [12] 2888 	ldhl	sp,#54
    00000D38 2A               [ 8] 2889 	ld	a, (hl+)
    00000D39 5F               [ 4] 2890 	ld	e, a
    00000D3A 56               [ 8] 2891 	ld	d, (hl)
    00000D3B F8 44            [12] 2892 	ldhl	sp,	#68
    00000D3D 6E               [ 8] 2893 	ld	l, (hl)
    00000D3E 26 00            [ 8] 2894 	ld	h, #0x00
    00000D40 19               [ 8] 2895 	add	hl, de
    00000D41 E5               [16] 2896 	push	hl
    00000D42 7D               [ 4] 2897 	ld	a, l
    00000D43 F8 3F            [12] 2898 	ldhl	sp,	#63
    00000D45 77               [ 8] 2899 	ld	(hl), a
    00000D46 E1               [12] 2900 	pop	hl
    00000D47 7C               [ 4] 2901 	ld	a, h
    00000D48 F8 3E            [12] 2902 	ldhl	sp,	#62
    00000D4A 32               [ 8] 2903 	ld	(hl-), a
    00000D4B 2A               [ 8] 2904 	ld	a, (hl+)
    00000D4C 5F               [ 4] 2905 	ld	e, a
    00000D4D 56               [ 8] 2906 	ld	d, (hl)
    00000D4E 1A               [ 8] 2907 	ld	a, (de)
    00000D4F B7               [ 4] 2908 	or	a, a
    00000D50 C2r2Ar12         [16] 2909 	jp	NZ, 00219$
                                   2910 ;src/gameplay.c:552: uint8_t target_flipped = (obj >= 18);
    00000D53 23               [ 8] 2911 	inc	hl
    00000D54 7E               [ 8] 2912 	ld	a, (hl)
    00000D55 D6 12            [ 8] 2913 	sub	a, #0x12
    00000D57 3E 00            [ 8] 2914 	ld	a, #0x00
    00000D59 17               [ 4] 2915 	rla
    00000D5A EE 01            [ 8] 2916 	xor	a, #0x01
    00000D5C 4F               [ 4] 2917 	ld	c, a
                                   2918 ;src/gameplay.c:553: if (p->gravity_flipped != target_flipped) {
    00000D5D F8 15            [12] 2919 	ldhl	sp,#21
    00000D5F 2A               [ 8] 2920 	ld	a, (hl+)
    00000D60 5F               [ 4] 2921 	ld	e, a
    00000D61 56               [ 8] 2922 	ld	d, (hl)
    00000D62 1A               [ 8] 2923 	ld	a, (de)
    00000D63 91               [ 4] 2924 	sub	a, c
    00000D64 28 1B            [12] 2925 	jr	Z, 00134$
                                   2926 ;src/gameplay.c:554: p->gravity_flipped = target_flipped;
    00000D66 3A               [ 8] 2927 	ld	a, (hl-)
    00000D67 6E               [ 8] 2928 	ld	l, (hl)
    00000D68 67               [ 4] 2929 	ld	h, a
    00000D69 71               [ 8] 2930 	ld	(hl), c
                                   2931 ;src/gameplay.c:555: p->vel_y.w = (p->vel_y.w >> 1); // Halve velocity
    00000D6A F8 47            [12] 2932 	ldhl	sp,#71
    00000D6C 2A               [ 8] 2933 	ld	a, (hl+)
    00000D6D 5F               [ 4] 2934 	ld	e, a
    00000D6E 56               [ 8] 2935 	ld	d, (hl)
    00000D6F 21 04 00         [12] 2936 	ld	hl, #0x0004
    00000D72 19               [ 8] 2937 	add	hl, de
    00000D73 4D               [ 4] 2938 	ld	c,l
    00000D74 44               [ 4] 2939 	ld	b,h
    00000D75 2A               [ 8] 2940 	ld	a,	(hl+)
    00000D76 66               [ 8] 2941 	ld	h, (hl)
    00000D77 6F               [ 4] 2942 	ld	l, a
    00000D78 CB 2C            [ 8] 2943 	sra	h
    00000D7A CB 1D            [ 8] 2944 	rr	l
    00000D7C 7D               [ 4] 2945 	ld	a, l
    00000D7D 02               [ 8] 2946 	ld	(bc), a
    00000D7E 03               [ 8] 2947 	inc	bc
    00000D7F 7C               [ 4] 2948 	ld	a, h
    00000D80 02               [ 8] 2949 	ld	(bc), a
    00000D81                       2950 00134$:
                                   2951 ;src/gameplay.c:557: cache->activated[i] = 1;
    00000D81 F8 3D            [12] 2952 	ldhl	sp,	#61
    00000D83 2A               [ 8] 2953 	ld	a, (hl+)
    00000D84 66               [ 8] 2954 	ld	h, (hl)
    00000D85 6F               [ 4] 2955 	ld	l, a
    00000D86 36 01            [12] 2956 	ld	(hl), #0x01
    00000D88 C3r2Ar12         [16] 2957 	jp	00219$
    00000D8B                       2958 00216$:
                                   2959 ;src/gameplay.c:561: } else if (obj_x + 2 <= p_front && px <= obj_x + 15) {
    00000D8B F8 3D            [12] 2960 	ldhl	sp,	#61
    00000D8D 2A               [ 8] 2961 	ld	a, (hl+)
    00000D8E 5F               [ 4] 2962 	ld	e, a
    00000D8F 56               [ 8] 2963 	ld	d, (hl)
    00000D90 13               [ 8] 2964 	inc	de
    00000D91 13               [ 8] 2965 	inc	de
    00000D92 F8 07            [12] 2966 	ldhl	sp,	#7
    00000D94 2A               [ 8] 2967 	ld	a, (hl+)
    00000D95 93               [ 4] 2968 	sub	a, e
    00000D96 7E               [ 8] 2969 	ld	a, (hl)
    00000D97 9A               [ 4] 2970 	sbc	a, d
    00000D98 DAr16r12         [16] 2971 	jp	C, 00212$
    00000D9B F8 3D            [12] 2972 	ldhl	sp,#61
    00000D9D 2A               [ 8] 2973 	ld	a, (hl+)
    00000D9E 5F               [ 4] 2974 	ld	e, a
    00000D9F 56               [ 8] 2975 	ld	d, (hl)
    00000DA0 21 0F 00         [12] 2976 	ld	hl, #0x000f
    00000DA3 19               [ 8] 2977 	add	hl, de
    00000DA4 5D               [ 4] 2978 	ld	e, l
    00000DA5 54               [ 4] 2979 	ld	d, h
    00000DA6 F8 05            [12] 2980 	ldhl	sp,	#5
    00000DA8 7B               [ 4] 2981 	ld	a, e
    00000DA9 96               [ 8] 2982 	sub	a, (hl)
    00000DAA 23               [ 8] 2983 	inc	hl
    00000DAB 7A               [ 4] 2984 	ld	a, d
    00000DAC 9E               [ 8] 2985 	sbc	a, (hl)
    00000DAD DAr16r12         [16] 2986 	jp	C, 00212$
                                   2987 ;src/gameplay.c:562: switch (obj) {
    00000DB0 F8 3F            [12] 2988 	ldhl	sp,	#63
    00000DB2 7E               [ 8] 2989 	ld	a, (hl)
    00000DB3 B7               [ 4] 2990 	or	a, a
    00000DB4 28 7A            [12] 2991 	jr	Z, 00145$
    00000DB6 F8 3F            [12] 2992 	ldhl	sp,	#63
    00000DB8 7E               [ 8] 2993 	ld	a, (hl)
    00000DB9 3D               [ 4] 2994 	dec	a
    00000DBA 28 74            [12] 2995 	jr	Z, 00145$
    00000DBC F8 3F            [12] 2996 	ldhl	sp,	#63
    00000DBE 7E               [ 8] 2997 	ld	a, (hl)
    00000DBF D6 02            [ 8] 2998 	sub	a, #0x02
    00000DC1 28 6D            [12] 2999 	jr	Z, 00145$
    00000DC3 F8 3F            [12] 3000 	ldhl	sp,	#63
    00000DC5 7E               [ 8] 3001 	ld	a, (hl)
    00000DC6 D6 05            [ 8] 3002 	sub	a, #0x05
    00000DC8 3E 01            [ 8] 3003 	ld	a, #0x01
    00000DCA 28 01            [12] 3004 	jr	Z, 00852$
    00000DCC AF               [ 4] 3005 	xor	a, a
    00000DCD                       3006 00852$:
    00000DCD F8 3C            [12] 3007 	ldhl	sp,	#60
    00000DCF 77               [ 8] 3008 	ld	(hl), a
    00000DD0 7E               [ 8] 3009 	ld	a, (hl)
    00000DD1 B7               [ 4] 3010 	or	a, a
    00000DD2 C2r74r10         [16] 3011 	jp	NZ, 00185$
    00000DD5 F8 3F            [12] 3012 	ldhl	sp,	#63
    00000DD7 7E               [ 8] 3013 	ld	a, (hl)
    00000DD8 D6 06            [ 8] 3014 	sub	a, #0x06
    00000DDA CAr74r10         [16] 3015 	jp	Z, 00185$
    00000DDD F8 3F            [12] 3016 	ldhl	sp,	#63
    00000DDF 7E               [ 8] 3017 	ld	a, (hl)
    00000DE0 D6 08            [ 8] 3018 	sub	a, #0x08
    00000DE2 CAr9Fr0E         [16] 3019 	jp	Z, 00158$
    00000DE5 F8 3F            [12] 3020 	ldhl	sp,	#63
    00000DE7 7E               [ 8] 3021 	ld	a, (hl)
    00000DE8 D6 09            [ 8] 3022 	sub	a, #0x09
    00000DEA CAr9Fr0E         [16] 3023 	jp	Z, 00158$
    00000DED F8 3F            [12] 3024 	ldhl	sp,	#63
    00000DEF 7E               [ 8] 3025 	ld	a, (hl)
    00000DF0 D6 0A            [ 8] 3026 	sub	a, #0x0a
    00000DF2 CAr49r0F         [16] 3027 	jp	Z, 00170$
    00000DF5 F8 3F            [12] 3028 	ldhl	sp,	#63
    00000DF7 7E               [ 8] 3029 	ld	a, (hl)
    00000DF8 D6 0B            [ 8] 3030 	sub	a, #0x0b
    00000DFA CAr74r10         [16] 3031 	jp	Z, 00185$
    00000DFD F8 3F            [12] 3032 	ldhl	sp,	#63
    00000DFF 7E               [ 8] 3033 	ld	a, (hl)
    00000E00 D6 0C            [ 8] 3034 	sub	a, #0x0c
    00000E02 CAr49r0F         [16] 3035 	jp	Z, 00170$
    00000E05 F8 3F            [12] 3036 	ldhl	sp,	#63
    00000E07 7E               [ 8] 3037 	ld	a, (hl)
    00000E08 D6 0D            [ 8] 3038 	sub	a, #0x0d
    00000E0A CAr49r0F         [16] 3039 	jp	Z, 00170$
    00000E0D F8 3F            [12] 3040 	ldhl	sp,	#63
    00000E0F 7E               [ 8] 3041 	ld	a, (hl)
    00000E10 D6 0E            [ 8] 3042 	sub	a, #0x0e
    00000E12 CAr49r0F         [16] 3043 	jp	Z, 00170$
    00000E15 F8 3F            [12] 3044 	ldhl	sp,	#63
    00000E17 7E               [ 8] 3045 	ld	a, (hl)
    00000E18 D6 25            [ 8] 3046 	sub	a, #0x25
    00000E1A CAr49r0F         [16] 3047 	jp	Z, 00170$
    00000E1D F8 3F            [12] 3048 	ldhl	sp,	#63
    00000E1F 7E               [ 8] 3049 	ld	a, (hl)
    00000E20 D6 79            [ 8] 3050 	sub	a, #0x79
    00000E22 CArCFr11         [16] 3051 	jp	Z, 00202$
    00000E25 F8 3F            [12] 3052 	ldhl	sp,	#63
    00000E27 7E               [ 8] 3053 	ld	a, (hl)
    00000E28 D6 7E            [ 8] 3054 	sub	a, #0x7e
    00000E2A CArCFr11         [16] 3055 	jp	Z, 00202$
    00000E2D C3r2Ar12         [16] 3056 	jp	00219$
                                   3057 ;src/gameplay.c:565: case OBJ_BALL_PORTAL:
    00000E30                       3058 00145$:
                                   3059 ;src/gameplay.c:567: if (py <= obj_y + 35 && p_bottom >= (obj_y - 3)) {
    00000E30 21 23 00         [12] 3060 	ld	hl, #0x0023
    00000E33 09               [ 8] 3061 	add	hl, bc
    00000E34 5D               [ 4] 3062 	ld	e, l
    00000E35 54               [ 4] 3063 	ld	d, h
    00000E36 F8 09            [12] 3064 	ldhl	sp,	#9
    00000E38 7B               [ 4] 3065 	ld	a, e
    00000E39 96               [ 8] 3066 	sub	a, (hl)
    00000E3A 23               [ 8] 3067 	inc	hl
    00000E3B 7A               [ 4] 3068 	ld	a, d
    00000E3C 9E               [ 8] 3069 	sbc	a, (hl)
    00000E3D DAr2Ar12         [16] 3070 	jp	C, 00219$
    00000E40 79               [ 4] 3071 	ld	a, c
    00000E41 C6 FD            [ 8] 3072 	add	a, #0xfd
    00000E43 4F               [ 4] 3073 	ld	c, a
    00000E44 78               [ 4] 3074 	ld	a, b
    00000E45 CE FF            [ 8] 3075 	adc	a, #0xff
    00000E47 47               [ 4] 3076 	ld	b, a
    00000E48 F8 0B            [12] 3077 	ldhl	sp,	#11
    00000E4A 2A               [ 8] 3078 	ld	a, (hl+)
    00000E4B 5F               [ 4] 3079 	ld	e, a
    00000E4C 56               [ 8] 3080 	ld	d, (hl)
    00000E4D 7B               [ 4] 3081 	ld	a, e
    00000E4E 91               [ 4] 3082 	sub	a, c
    00000E4F 7A               [ 4] 3083 	ld	a, d
    00000E50 98               [ 4] 3084 	sbc	a, b
    00000E51 DAr2Ar12         [16] 3085 	jp	C, 00219$
                                   3086 ;src/gameplay.c:568: if (!cache->activated[i]) {
    00000E54 F8 34            [12] 3087 	ldhl	sp,#52
    00000E56 2A               [ 8] 3088 	ld	a, (hl+)
    00000E57 5F               [ 4] 3089 	ld	e, a
    00000E58 56               [ 8] 3090 	ld	d, (hl)
    00000E59 F8 44            [12] 3091 	ldhl	sp,	#68
    00000E5B 6E               [ 8] 3092 	ld	l, (hl)
    00000E5C 26 00            [ 8] 3093 	ld	h, #0x00
    00000E5E 19               [ 8] 3094 	add	hl, de
    00000E5F E5               [16] 3095 	push	hl
    00000E60 7D               [ 4] 3096 	ld	a, l
    00000E61 F8 3F            [12] 3097 	ldhl	sp,	#63
    00000E63 77               [ 8] 3098 	ld	(hl), a
    00000E64 E1               [12] 3099 	pop	hl
    00000E65 7C               [ 4] 3100 	ld	a, h
    00000E66 F8 3E            [12] 3101 	ldhl	sp,	#62
    00000E68 32               [ 8] 3102 	ld	(hl-), a
    00000E69 2A               [ 8] 3103 	ld	a, (hl+)
    00000E6A 5F               [ 4] 3104 	ld	e, a
    00000E6B 56               [ 8] 3105 	ld	d, (hl)
    00000E6C 1A               [ 8] 3106 	ld	a, (de)
    00000E6D B7               [ 4] 3107 	or	a, a
    00000E6E C2r2Ar12         [16] 3108 	jp	NZ, 00219$
                                   3109 ;src/gameplay.c:569: if (obj == OBJ_CUBE_PORTAL) p->mode = MODE_CUBE;
    00000E71 23               [ 8] 3110 	inc	hl
    00000E72 7E               [ 8] 3111 	ld	a, (hl)
    00000E73 B7               [ 4] 3112 	or	a, a
    00000E74 20 09            [12] 3113 	jr	NZ, 00150$
    00000E76 F8 13            [12] 3114 	ldhl	sp,	#19
    00000E78 2A               [ 8] 3115 	ld	a, (hl+)
    00000E79 66               [ 8] 3116 	ld	h, (hl)
    00000E7A 6F               [ 4] 3117 	ld	l, a
    00000E7B 36 00            [12] 3118 	ld	(hl), #0x00
    00000E7D 18 16            [12] 3119 	jr	00151$
    00000E7F                       3120 00150$:
                                   3121 ;src/gameplay.c:570: else if (obj == OBJ_SHIP_PORTAL) p->mode = MODE_SHIP;
    00000E7F F8 3F            [12] 3122 	ldhl	sp,	#63
    00000E81 7E               [ 8] 3123 	ld	a, (hl)
    00000E82 3D               [ 4] 3124 	dec	a
    00000E83 20 09            [12] 3125 	jr	NZ, 00147$
    00000E85 F8 13            [12] 3126 	ldhl	sp,	#19
    00000E87 2A               [ 8] 3127 	ld	a, (hl+)
    00000E88 66               [ 8] 3128 	ld	h, (hl)
    00000E89 6F               [ 4] 3129 	ld	l, a
    00000E8A 36 01            [12] 3130 	ld	(hl), #0x01
    00000E8C 18 07            [12] 3131 	jr	00151$
    00000E8E                       3132 00147$:
                                   3133 ;src/gameplay.c:571: else p->mode = MODE_BALL;
    00000E8E F8 13            [12] 3134 	ldhl	sp,	#19
    00000E90 2A               [ 8] 3135 	ld	a, (hl+)
    00000E91 66               [ 8] 3136 	ld	h, (hl)
    00000E92 6F               [ 4] 3137 	ld	l, a
    00000E93 36 02            [12] 3138 	ld	(hl), #0x02
    00000E95                       3139 00151$:
                                   3140 ;src/gameplay.c:572: cache->activated[i] = 1;
    00000E95 F8 3D            [12] 3141 	ldhl	sp,	#61
    00000E97 2A               [ 8] 3142 	ld	a, (hl+)
    00000E98 66               [ 8] 3143 	ld	h, (hl)
    00000E99 6F               [ 4] 3144 	ld	l, a
    00000E9A 36 01            [12] 3145 	ld	(hl), #0x01
                                   3146 ;src/gameplay.c:575: break;
    00000E9C C3r2Ar12         [16] 3147 	jp	00219$
                                   3148 ;src/gameplay.c:578: case OBJ_GRAVITY_UP:
    00000E9F                       3149 00158$:
                                   3150 ;src/gameplay.c:580: if (py <= obj_y + 35 && p_bottom >= (obj_y - 3)) {
    00000E9F 21 23 00         [12] 3151 	ld	hl, #0x0023
    00000EA2 09               [ 8] 3152 	add	hl, bc
    00000EA3 5D               [ 4] 3153 	ld	e, l
    00000EA4 54               [ 4] 3154 	ld	d, h
    00000EA5 F8 09            [12] 3155 	ldhl	sp,	#9
    00000EA7 7B               [ 4] 3156 	ld	a, e
    00000EA8 96               [ 8] 3157 	sub	a, (hl)
    00000EA9 23               [ 8] 3158 	inc	hl
    00000EAA 7A               [ 4] 3159 	ld	a, d
    00000EAB 9E               [ 8] 3160 	sbc	a, (hl)
    00000EAC DAr2Ar12         [16] 3161 	jp	C, 00219$
    00000EAF 79               [ 4] 3162 	ld	a, c
    00000EB0 C6 FD            [ 8] 3163 	add	a, #0xfd
    00000EB2 4F               [ 4] 3164 	ld	c, a
    00000EB3 78               [ 4] 3165 	ld	a, b
    00000EB4 CE FF            [ 8] 3166 	adc	a, #0xff
    00000EB6 47               [ 4] 3167 	ld	b, a
    00000EB7 F8 0B            [12] 3168 	ldhl	sp,	#11
    00000EB9 2A               [ 8] 3169 	ld	a, (hl+)
    00000EBA 5F               [ 4] 3170 	ld	e, a
    00000EBB 56               [ 8] 3171 	ld	d, (hl)
    00000EBC 7B               [ 4] 3172 	ld	a, e
    00000EBD 91               [ 4] 3173 	sub	a, c
    00000EBE 7A               [ 4] 3174 	ld	a, d
    00000EBF 98               [ 4] 3175 	sbc	a, b
    00000EC0 DAr2Ar12         [16] 3176 	jp	C, 00219$
                                   3177 ;src/gameplay.c:581: if (!cache->activated[i]) {
    00000EC3 F8 32            [12] 3178 	ldhl	sp,#50
    00000EC5 2A               [ 8] 3179 	ld	a, (hl+)
    00000EC6 5F               [ 4] 3180 	ld	e, a
    00000EC7 56               [ 8] 3181 	ld	d, (hl)
    00000EC8 F8 44            [12] 3182 	ldhl	sp,	#68
    00000ECA 6E               [ 8] 3183 	ld	l, (hl)
    00000ECB 26 00            [ 8] 3184 	ld	h, #0x00
    00000ECD 19               [ 8] 3185 	add	hl, de
    00000ECE E5               [16] 3186 	push	hl
    00000ECF 7D               [ 4] 3187 	ld	a, l
    00000ED0 F8 3F            [12] 3188 	ldhl	sp,	#63
    00000ED2 77               [ 8] 3189 	ld	(hl), a
    00000ED3 E1               [12] 3190 	pop	hl
    00000ED4 7C               [ 4] 3191 	ld	a, h
    00000ED5 F8 3E            [12] 3192 	ldhl	sp,	#62
    00000ED7 32               [ 8] 3193 	ld	(hl-), a
    00000ED8 2A               [ 8] 3194 	ld	a, (hl+)
    00000ED9 5F               [ 4] 3195 	ld	e, a
    00000EDA 56               [ 8] 3196 	ld	d, (hl)
    00000EDB 1A               [ 8] 3197 	ld	a, (de)
    00000EDC B7               [ 4] 3198 	or	a, a
    00000EDD C2r2Ar12         [16] 3199 	jp	NZ, 00219$
                                   3200 ;src/gameplay.c:582: uint8_t target_flipped = (obj == OBJ_GRAVITY_UP);
    00000EE0 23               [ 8] 3201 	inc	hl
    00000EE1 7E               [ 8] 3202 	ld	a, (hl)
    00000EE2 D6 09            [ 8] 3203 	sub	a, #0x09
    00000EE4 3E 01            [ 8] 3204 	ld	a, #0x01
    00000EE6 28 01            [12] 3205 	jr	Z, 00867$
    00000EE8 AF               [ 4] 3206 	xor	a, a
    00000EE9                       3207 00867$:
    00000EE9 F8 3F            [12] 3208 	ldhl	sp,	#63
    00000EEB 77               [ 8] 3209 	ld	(hl), a
                                   3210 ;src/gameplay.c:583: if (p->gravity_flipped != target_flipped) {
    00000EEC F8 15            [12] 3211 	ldhl	sp,#21
    00000EEE 2A               [ 8] 3212 	ld	a, (hl+)
    00000EEF 5F               [ 4] 3213 	ld	e, a
    00000EF0 56               [ 8] 3214 	ld	d, (hl)
    00000EF1 1A               [ 8] 3215 	ld	a, (de)
    00000EF2 F8 3F            [12] 3216 	ldhl	sp,	#63
    00000EF4 96               [ 8] 3217 	sub	a, (hl)
    00000EF5 28 48            [12] 3218 	jr	Z, 00160$
                                   3219 ;src/gameplay.c:584: p->gravity_flipped = target_flipped;
    00000EF7 F8 15            [12] 3220 	ldhl	sp,	#21
    00000EF9 2A               [ 8] 3221 	ld	a, (hl+)
    00000EFA 5F               [ 4] 3222 	ld	e, a
    00000EFB 56               [ 8] 3223 	ld	d, (hl)
    00000EFC F8 3F            [12] 3224 	ldhl	sp,	#63
    00000EFE 7E               [ 8] 3225 	ld	a, (hl)
    00000EFF 12               [ 8] 3226 	ld	(de), a
                                   3227 ;src/gameplay.c:585: p->vel_y.w = (p->vel_y.w >> 1) + (p->vel_y.w >> 3);
    00000F00 F8 47            [12] 3228 	ldhl	sp,#71
    00000F02 2A               [ 8] 3229 	ld	a, (hl+)
    00000F03 5F               [ 4] 3230 	ld	e, a
    00000F04 56               [ 8] 3231 	ld	d, (hl)
    00000F05 21 04 00         [12] 3232 	ld	hl, #0x0004
    00000F08 19               [ 8] 3233 	add	hl, de
    00000F09 E5               [16] 3234 	push	hl
    00000F0A 7D               [ 4] 3235 	ld	a, l
    00000F0B F8 3D            [12] 3236 	ldhl	sp,	#61
    00000F0D 77               [ 8] 3237 	ld	(hl), a
    00000F0E E1               [12] 3238 	pop	hl
    00000F0F 7C               [ 4] 3239 	ld	a, h
    00000F10 F8 3C            [12] 3240 	ldhl	sp,	#60
    00000F12 32               [ 8] 3241 	ld	(hl-), a
    00000F13 2A               [ 8] 3242 	ld	a, (hl+)
    00000F14 5F               [ 4] 3243 	ld	e, a
    00000F15 3A               [ 8] 3244 	ld	a, (hl-)
    00000F16 57               [ 4] 3245 	ld	d, a
    00000F17 1A               [ 8] 3246 	ld	a, (de)
    00000F18 4F               [ 4] 3247 	ld	c, a
    00000F19 13               [ 8] 3248 	inc	de
    00000F1A 1A               [ 8] 3249 	ld	a, (de)
    00000F1B 47               [ 4] 3250 	ld	b, a
    00000F1C CB 28            [ 8] 3251 	sra	b
    00000F1E CB 19            [ 8] 3252 	rr	c
    00000F20 2A               [ 8] 3253 	ld	a, (hl+)
    00000F21 5F               [ 4] 3254 	ld	e, a
    00000F22 56               [ 8] 3255 	ld	d, (hl)
    00000F23 1A               [ 8] 3256 	ld	a, (de)
    00000F24 6F               [ 4] 3257 	ld	l, a
    00000F25 13               [ 8] 3258 	inc	de
    00000F26 1A               [ 8] 3259 	ld	a, (de)
    00000F27 67               [ 4] 3260 	ld	h, a
    00000F28 CB 2C            [ 8] 3261 	sra	h
    00000F2A CB 1D            [ 8] 3262 	rr	l
    00000F2C CB 2C            [ 8] 3263 	sra	h
    00000F2E CB 1D            [ 8] 3264 	rr	l
    00000F30 CB 2C            [ 8] 3265 	sra	h
    00000F32 CB 1D            [ 8] 3266 	rr	l
    00000F34 09               [ 8] 3267 	add	hl, bc
    00000F35 4D               [ 4] 3268 	ld	c, l
    00000F36 44               [ 4] 3269 	ld	b, h
    00000F37 F8 3B            [12] 3270 	ldhl	sp,	#59
    00000F39 2A               [ 8] 3271 	ld	a, (hl+)
    00000F3A 66               [ 8] 3272 	ld	h, (hl)
    00000F3B 6F               [ 4] 3273 	ld	l, a
    00000F3C 79               [ 4] 3274 	ld	a, c
    00000F3D 22               [ 8] 3275 	ld	(hl+), a
    00000F3E 70               [ 8] 3276 	ld	(hl), b
    00000F3F                       3277 00160$:
                                   3278 ;src/gameplay.c:587: cache->activated[i] = 1;
    00000F3F F8 3D            [12] 3279 	ldhl	sp,	#61
    00000F41 2A               [ 8] 3280 	ld	a, (hl+)
    00000F42 66               [ 8] 3281 	ld	h, (hl)
    00000F43 6F               [ 4] 3282 	ld	l, a
    00000F44 36 01            [12] 3283 	ld	(hl), #0x01
                                   3284 ;src/gameplay.c:590: break;
    00000F46 C3r2Ar12         [16] 3285 	jp	00219$
                                   3286 ;src/gameplay.c:596: case OBJ_PAD_BLUE_UP:
    00000F49                       3287 00170$:
                                   3288 ;src/gameplay.c:598: uint8_t is_ceiling = (obj == OBJ_PAD_YELLOW_UP || obj == OBJ_PAD_BLUE_UP);
    00000F49 F8 3F            [12] 3289 	ldhl	sp,	#63
    00000F4B 7E               [ 8] 3290 	ld	a, (hl)
    00000F4C D6 0C            [ 8] 3291 	sub	a, #0x0c
    00000F4E 28 0A            [12] 3292 	jr	Z, 00227$
    00000F50 F8 3F            [12] 3293 	ldhl	sp,	#63
    00000F52 7E               [ 8] 3294 	ld	a, (hl)
    00000F53 D6 0E            [ 8] 3295 	sub	a, #0x0e
    00000F55 28 03            [12] 3296 	jr	Z, 00227$
    00000F57 AF               [ 4] 3297 	xor	a, a
    00000F58 18 02            [12] 3298 	jr	00228$
    00000F5A                       3299 00227$:
    00000F5A 3E 01            [ 8] 3300 	ld	a, #0x01
    00000F5C                       3301 00228$:
    00000F5C 5F               [ 4] 3302 	ld	e, a
                                   3303 ;src/gameplay.c:550: if (py <= obj_y + 14u && p_bottom >= obj_y) {
    00000F5D F8 3B            [12] 3304 	ldhl	sp,	#59
    00000F5F 71               [ 8] 3305 	ld	(hl), c
    00000F60 23               [ 8] 3306 	inc	hl
    00000F61 70               [ 8] 3307 	ld	(hl), b
                                   3308 ;src/gameplay.c:599: uint16_t pad_top = is_ceiling ? obj_y : (obj_y + 13);
    00000F62 B7               [ 4] 3309 	or	a, a
    00000F63 28 06            [12] 3310 	jr	Z, 00229$
    00000F65 2B               [ 8] 3311 	dec	hl
    00000F66 2A               [ 8] 3312 	ld	a, (hl+)
    00000F67 4F               [ 4] 3313 	ld	c, a
    00000F68 7E               [ 8] 3314 	ld	a, (hl)
    00000F69 18 0D            [12] 3315 	jr	00230$
    00000F6B                       3316 00229$:
    00000F6B D5               [16] 3317 	push	de
    00000F6C F8 3D            [12] 3318 	ldhl	sp,#61
    00000F6E 2A               [ 8] 3319 	ld	a, (hl+)
    00000F6F 5F               [ 4] 3320 	ld	e, a
    00000F70 56               [ 8] 3321 	ld	d, (hl)
    00000F71 21 0D 00         [12] 3322 	ld	hl, #0x000d
    00000F74 19               [ 8] 3323 	add	hl, de
    00000F75 D1               [12] 3324 	pop	de
    00000F76 4D               [ 4] 3325 	ld	c, l
    00000F77 7C               [ 4] 3326 	ld	a, h
    00000F78                       3327 00230$:
    00000F78 F8 3D            [12] 3328 	ldhl	sp,	#61
    00000F7A 71               [ 8] 3329 	ld	(hl), c
    00000F7B 23               [ 8] 3330 	inc	hl
    00000F7C 77               [ 8] 3331 	ld	(hl), a
                                   3332 ;src/gameplay.c:600: uint16_t pad_bot = is_ceiling ? (obj_y + 3) : (obj_y + 16);
    00000F7D 7B               [ 4] 3333 	ld	a, e
    00000F7E B7               [ 4] 3334 	or	a, a
    00000F7F 28 0A            [12] 3335 	jr	Z, 00231$
    00000F81 F8 3B            [12] 3336 	ldhl	sp,	#59
    00000F83 2A               [ 8] 3337 	ld	a, (hl+)
    00000F84 5F               [ 4] 3338 	ld	e, a
    00000F85 56               [ 8] 3339 	ld	d, (hl)
    00000F86 13               [ 8] 3340 	inc	de
    00000F87 13               [ 8] 3341 	inc	de
    00000F88 13               [ 8] 3342 	inc	de
    00000F89 18 0B            [12] 3343 	jr	00232$
    00000F8B                       3344 00231$:
    00000F8B F8 3B            [12] 3345 	ldhl	sp,#59
    00000F8D 2A               [ 8] 3346 	ld	a, (hl+)
    00000F8E 5F               [ 4] 3347 	ld	e, a
    00000F8F 56               [ 8] 3348 	ld	d, (hl)
    00000F90 21 10 00         [12] 3349 	ld	hl, #0x0010
    00000F93 19               [ 8] 3350 	add	hl, de
    00000F94 5D               [ 4] 3351 	ld	e, l
    00000F95 54               [ 4] 3352 	ld	d, h
    00000F96                       3353 00232$:
                                   3354 ;src/gameplay.c:602: if (py <= pad_bot && p_bottom >= pad_top) {
    00000F96 F8 02            [12] 3355 	ldhl	sp,	#2
    00000F98 7B               [ 4] 3356 	ld	a, e
    00000F99 96               [ 8] 3357 	sub	a, (hl)
    00000F9A 23               [ 8] 3358 	inc	hl
    00000F9B 7A               [ 4] 3359 	ld	a, d
    00000F9C 9E               [ 8] 3360 	sbc	a, (hl)
    00000F9D DAr2Ar12         [16] 3361 	jp	C, 00219$
    00000FA0 F8 0B            [12] 3362 	ldhl	sp,	#11
    00000FA2 5D               [ 4] 3363 	ld	e, l
    00000FA3 54               [ 4] 3364 	ld	d, h
    00000FA4 F8 3D            [12] 3365 	ldhl	sp,	#61
    00000FA6 1A               [ 8] 3366 	ld	a, (de)
    00000FA7 13               [ 8] 3367 	inc	de
    00000FA8 96               [ 8] 3368 	sub	a, (hl)
    00000FA9 23               [ 8] 3369 	inc	hl
    00000FAA 1A               [ 8] 3370 	ld	a, (de)
    00000FAB 9E               [ 8] 3371 	sbc	a, (hl)
    00000FAC DAr2Ar12         [16] 3372 	jp	C, 00219$
                                   3373 ;src/gameplay.c:603: if (!cache->activated[i]) {
    00000FAF F8 30            [12] 3374 	ldhl	sp,#48
    00000FB1 2A               [ 8] 3375 	ld	a, (hl+)
    00000FB2 5F               [ 4] 3376 	ld	e, a
    00000FB3 56               [ 8] 3377 	ld	d, (hl)
    00000FB4 F8 44            [12] 3378 	ldhl	sp,	#68
    00000FB6 6E               [ 8] 3379 	ld	l, (hl)
    00000FB7 26 00            [ 8] 3380 	ld	h, #0x00
    00000FB9 19               [ 8] 3381 	add	hl, de
    00000FBA 4D               [ 4] 3382 	ld	c, l
    00000FBB 44               [ 4] 3383 	ld	b, h
    00000FBC 0A               [ 8] 3384 	ld	a, (bc)
    00000FBD B7               [ 4] 3385 	or	a, a
    00000FBE C2r2Ar12         [16] 3386 	jp	NZ, 00219$
                                   3387 ;src/gameplay.c:604: cache->activated[i] = 1;
    00000FC1 3E 01            [ 8] 3388 	ld	a, #0x01
    00000FC3 02               [ 8] 3389 	ld	(bc), a
                                   3390 ;src/gameplay.c:555: p->vel_y.w = (p->vel_y.w >> 1); // Halve velocity
    00000FC4 F8 47            [12] 3391 	ldhl	sp,#71
    00000FC6 2A               [ 8] 3392 	ld	a, (hl+)
    00000FC7 5F               [ 4] 3393 	ld	e, a
    00000FC8 56               [ 8] 3394 	ld	d, (hl)
    00000FC9 21 04 00         [12] 3395 	ld	hl, #0x0004
    00000FCC 19               [ 8] 3396 	add	hl, de
    00000FCD E5               [16] 3397 	push	hl
    00000FCE 7D               [ 4] 3398 	ld	a, l
    00000FCF F8 3F            [12] 3399 	ldhl	sp,	#63
    00000FD1 77               [ 8] 3400 	ld	(hl), a
    00000FD2 E1               [12] 3401 	pop	hl
    00000FD3 7C               [ 4] 3402 	ld	a, h
    00000FD4 F8 3E            [12] 3403 	ldhl	sp,	#62
                                   3404 ;src/gameplay.c:605: if (obj == OBJ_PAD_BLUE || obj == OBJ_PAD_BLUE_UP) {
    00000FD6 22               [ 8] 3405 	ld	(hl+), a
    00000FD7 7E               [ 8] 3406 	ld	a, (hl)
    00000FD8 D6 0D            [ 8] 3407 	sub	a, #0x0d
    00000FDA 28 07            [12] 3408 	jr	Z, 00174$
    00000FDC F8 3F            [12] 3409 	ldhl	sp,	#63
    00000FDE 7E               [ 8] 3410 	ld	a, (hl)
    00000FDF D6 0E            [ 8] 3411 	sub	a, #0x0e
    00000FE1 20 26            [12] 3412 	jr	NZ, 00175$
    00000FE3                       3413 00174$:
                                   3414 ;src/gameplay.c:606: p->gravity_flipped = !p->gravity_flipped;
    00000FE3 F8 15            [12] 3415 	ldhl	sp,#21
    00000FE5 2A               [ 8] 3416 	ld	a, (hl+)
    00000FE6 5F               [ 4] 3417 	ld	e, a
    00000FE7 3A               [ 8] 3418 	ld	a, (hl-)
    00000FE8 57               [ 4] 3419 	ld	d, a
    00000FE9 1A               [ 8] 3420 	ld	a, (de)
    00000FEA D6 01            [ 8] 3421 	sub	a, #0x01
    00000FEC 3E 00            [ 8] 3422 	ld	a, #0x00
    00000FEE 17               [ 4] 3423 	rla
    00000FEF 5E               [ 8] 3424 	ld	e, (hl)
    00000FF0 23               [ 8] 3425 	inc	hl
    00000FF1 66               [ 8] 3426 	ld	h, (hl)
    00000FF2 6B               [ 4] 3427 	ld	l, e
    00000FF3 77               [ 8] 3428 	ld	(hl), a
                                   3429 ;src/gameplay.c:607: p->vel_y.w = (p->gravity_flipped) ? -BLUE_PAD_FORCE : BLUE_PAD_FORCE;
    00000FF4 B7               [ 4] 3430 	or	a, a
    00000FF5 28 05            [12] 3431 	jr	Z, 00233$
    00000FF7 01 60 FC         [12] 3432 	ld	bc, #0xfc60
    00000FFA 18 03            [12] 3433 	jr	00234$
    00000FFC                       3434 00233$:
    00000FFC 01 A0 03         [12] 3435 	ld	bc, #0x03a0
    00000FFF                       3436 00234$:
    00000FFF F8 3D            [12] 3437 	ldhl	sp,	#61
    00001001 2A               [ 8] 3438 	ld	a, (hl+)
    00001002 66               [ 8] 3439 	ld	h, (hl)
    00001003 6F               [ 4] 3440 	ld	l, a
    00001004 79               [ 4] 3441 	ld	a, c
    00001005 22               [ 8] 3442 	ld	(hl+), a
    00001006 70               [ 8] 3443 	ld	(hl), b
    00001007 18 5B            [12] 3444 	jr	00176$
    00001009                       3445 00175$:
                                   3446 ;src/gameplay.c:608: } else if (obj == OBJ_PAD_PINK) {
    00001009 F8 3F            [12] 3447 	ldhl	sp,	#63
    0000100B 7E               [ 8] 3448 	ld	a, (hl)
    0000100C D6 25            [ 8] 3449 	sub	a, #0x25
    0000100E 20 2B            [12] 3450 	jr	NZ, 00172$
                                   3451 ;src/gameplay.c:609: int16_t force = (p->mode == MODE_BALL) ? BALL_PINK_PAD : PINK_PAD_FORCE;
    00001010 F8 13            [12] 3452 	ldhl	sp,#19
    00001012 2A               [ 8] 3453 	ld	a, (hl+)
    00001013 5F               [ 4] 3454 	ld	e, a
    00001014 56               [ 8] 3455 	ld	d, (hl)
    00001015 1A               [ 8] 3456 	ld	a, (de)
    00001016 D6 02            [ 8] 3457 	sub	a, #0x02
    00001018 20 05            [12] 3458 	jr	NZ, 00235$
    0000101A 01 A0 FC         [12] 3459 	ld	bc, #0xfca0
    0000101D 18 03            [12] 3460 	jr	00236$
    0000101F                       3461 00235$:
    0000101F 01 F0 FA         [12] 3462 	ld	bc, #0xfaf0
    00001022                       3463 00236$:
                                   3464 ;src/gameplay.c:610: p->vel_y.w = (p->gravity_flipped) ? -force : force;
    00001022 F8 15            [12] 3465 	ldhl	sp,#21
    00001024 2A               [ 8] 3466 	ld	a, (hl+)
    00001025 5F               [ 4] 3467 	ld	e, a
    00001026 56               [ 8] 3468 	ld	d, (hl)
    00001027 1A               [ 8] 3469 	ld	a, (de)
    00001028 B7               [ 4] 3470 	or	a, a
    00001029 28 06            [12] 3471 	jr	Z, 00237$
    0000102B AF               [ 4] 3472 	xor	a, a
    0000102C 91               [ 4] 3473 	sub	a, c
    0000102D 4F               [ 4] 3474 	ld	c, a
    0000102E 9F               [ 4] 3475 	sbc	a, a
    0000102F 90               [ 4] 3476 	sub	a, b
    00001030 47               [ 4] 3477 	ld	b, a
    00001031                       3478 00237$:
    00001031 F8 3D            [12] 3479 	ldhl	sp,	#61
    00001033 2A               [ 8] 3480 	ld	a, (hl+)
    00001034 66               [ 8] 3481 	ld	h, (hl)
    00001035 6F               [ 4] 3482 	ld	l, a
    00001036 79               [ 4] 3483 	ld	a, c
    00001037 22               [ 8] 3484 	ld	(hl+), a
    00001038 70               [ 8] 3485 	ld	(hl), b
    00001039 18 29            [12] 3486 	jr	00176$
    0000103B                       3487 00172$:
                                   3488 ;src/gameplay.c:612: int16_t force = (p->mode == MODE_BALL) ? BALL_YELLOW_PAD : PAD_JUMP_FORCE;
    0000103B F8 17            [12] 3489 	ldhl	sp,#23
    0000103D 2A               [ 8] 3490 	ld	a, (hl+)
    0000103E 5F               [ 4] 3491 	ld	e, a
    0000103F 56               [ 8] 3492 	ld	d, (hl)
    00001040 1A               [ 8] 3493 	ld	a, (de)
    00001041 D6 02            [ 8] 3494 	sub	a, #0x02
    00001043 20 05            [12] 3495 	jr	NZ, 00239$
    00001045 01 10 FB         [12] 3496 	ld	bc, #0xfb10
    00001048 18 03            [12] 3497 	jr	00240$
    0000104A                       3498 00239$:
    0000104A 01 40 F8         [12] 3499 	ld	bc, #0xf840
    0000104D                       3500 00240$:
                                   3501 ;src/gameplay.c:613: p->vel_y.w = (p->gravity_flipped) ? -force : force;
    0000104D F8 19            [12] 3502 	ldhl	sp,#25
    0000104F 2A               [ 8] 3503 	ld	a, (hl+)
    00001050 5F               [ 4] 3504 	ld	e, a
    00001051 56               [ 8] 3505 	ld	d, (hl)
    00001052 1A               [ 8] 3506 	ld	a, (de)
    00001053 B7               [ 4] 3507 	or	a, a
    00001054 28 06            [12] 3508 	jr	Z, 00241$
    00001056 AF               [ 4] 3509 	xor	a, a
    00001057 91               [ 4] 3510 	sub	a, c
    00001058 4F               [ 4] 3511 	ld	c, a
    00001059 9F               [ 4] 3512 	sbc	a, a
    0000105A 90               [ 4] 3513 	sub	a, b
    0000105B 47               [ 4] 3514 	ld	b, a
    0000105C                       3515 00241$:
    0000105C F8 3D            [12] 3516 	ldhl	sp,	#61
    0000105E 2A               [ 8] 3517 	ld	a, (hl+)
    0000105F 66               [ 8] 3518 	ld	h, (hl)
    00001060 6F               [ 4] 3519 	ld	l, a
    00001061 79               [ 4] 3520 	ld	a, c
    00001062 22               [ 8] 3521 	ld	(hl+), a
    00001063 70               [ 8] 3522 	ld	(hl), b
    00001064                       3523 00176$:
                                   3524 ;src/gameplay.c:615: p->on_ground = 0;
    00001064 F8 47            [12] 3525 	ldhl	sp,#71
    00001066 2A               [ 8] 3526 	ld	a, (hl+)
    00001067 5F               [ 4] 3527 	ld	e, a
    00001068 56               [ 8] 3528 	ld	d, (hl)
    00001069 21 06 00         [12] 3529 	ld	hl, #0x0006
    0000106C 19               [ 8] 3530 	add	hl, de
    0000106D 4D               [ 4] 3531 	ld	c, l
    0000106E 44               [ 4] 3532 	ld	b, h
    0000106F AF               [ 4] 3533 	xor	a, a
    00001070 02               [ 8] 3534 	ld	(bc), a
                                   3535 ;src/gameplay.c:618: break;
    00001071 C3r2Ar12         [16] 3536 	jp	00219$
                                   3537 ;src/gameplay.c:623: case OBJ_ORB_BLUE:
    00001074                       3538 00185$:
                                   3539 ;src/gameplay.c:625: if (joy & J_A) {
    00001074 F8 2F            [12] 3540 	ldhl	sp,	#47
    00001076 7E               [ 8] 3541 	ld	a, (hl)
    00001077 B7               [ 4] 3542 	or	a, a
    00001078 CAr2Ar12         [16] 3543 	jp	Z, 00219$
                                   3544 ;src/gameplay.c:626: if ((!(p->last_joy & J_A) || p->orb_buffered) && py <= obj_y + 16 && p_feet >= obj_y) {
    0000107B F8 1B            [12] 3545 	ldhl	sp,#27
    0000107D 2A               [ 8] 3546 	ld	a, (hl+)
    0000107E 5F               [ 4] 3547 	ld	e, a
    0000107F 56               [ 8] 3548 	ld	d, (hl)
    00001080 1A               [ 8] 3549 	ld	a, (de)
    00001081 CB 67            [ 8] 3550 	bit	4, a
    00001083 28 0A            [12] 3551 	jr	Z, 00197$
    00001085 F8 2D            [12] 3552 	ldhl	sp,#45
    00001087 2A               [ 8] 3553 	ld	a, (hl+)
    00001088 5F               [ 4] 3554 	ld	e, a
    00001089 56               [ 8] 3555 	ld	d, (hl)
    0000108A 1A               [ 8] 3556 	ld	a, (de)
    0000108B B7               [ 4] 3557 	or	a, a
    0000108C CAr2Ar12         [16] 3558 	jp	Z, 00219$
    0000108F                       3559 00197$:
    0000108F 59               [ 4] 3560 	ld	e, c
    00001090 50               [ 4] 3561 	ld	d, b
    00001091 21 10 00         [12] 3562 	ld	hl, #0x0010
    00001094 19               [ 8] 3563 	add	hl, de
    00001095 5D               [ 4] 3564 	ld	e, l
    00001096 54               [ 4] 3565 	ld	d, h
    00001097 F8 09            [12] 3566 	ldhl	sp,	#9
    00001099 7B               [ 4] 3567 	ld	a, e
    0000109A 96               [ 8] 3568 	sub	a, (hl)
    0000109B 23               [ 8] 3569 	inc	hl
    0000109C 7A               [ 4] 3570 	ld	a, d
    0000109D 9E               [ 8] 3571 	sbc	a, (hl)
    0000109E DAr2Ar12         [16] 3572 	jp	C, 00219$
    000010A1 F8 0D            [12] 3573 	ldhl	sp,	#13
    000010A3 2A               [ 8] 3574 	ld	a, (hl+)
    000010A4 91               [ 4] 3575 	sub	a, c
    000010A5 7E               [ 8] 3576 	ld	a, (hl)
    000010A6 98               [ 4] 3577 	sbc	a, b
    000010A7 DAr2Ar12         [16] 3578 	jp	C, 00219$
                                   3579 ;src/gameplay.c:627: if (!cache->activated[i]) {
    000010AA F8 2B            [12] 3580 	ldhl	sp,#43
    000010AC 2A               [ 8] 3581 	ld	a, (hl+)
    000010AD 5F               [ 4] 3582 	ld	e, a
    000010AE 56               [ 8] 3583 	ld	d, (hl)
    000010AF F8 44            [12] 3584 	ldhl	sp,	#68
    000010B1 6E               [ 8] 3585 	ld	l, (hl)
    000010B2 26 00            [ 8] 3586 	ld	h, #0x00
    000010B4 19               [ 8] 3587 	add	hl, de
    000010B5 4D               [ 4] 3588 	ld	c, l
    000010B6 44               [ 4] 3589 	ld	b, h
    000010B7 0A               [ 8] 3590 	ld	a, (bc)
    000010B8 B7               [ 4] 3591 	or	a, a
    000010B9 C2r2Ar12         [16] 3592 	jp	NZ, 00219$
                                   3593 ;src/gameplay.c:628: cache->activated[i] = 1;
    000010BC 3E 01            [ 8] 3594 	ld	a, #0x01
    000010BE 02               [ 8] 3595 	ld	(bc), a
                                   3596 ;src/gameplay.c:629: p->orb_buffered = 0; // Clear buffer after hit
    000010BF F8 2D            [12] 3597 	ldhl	sp,	#45
    000010C1 2A               [ 8] 3598 	ld	a, (hl+)
    000010C2 66               [ 8] 3599 	ld	h, (hl)
    000010C3 6F               [ 4] 3600 	ld	l, a
    000010C4 36 00            [12] 3601 	ld	(hl), #0x00
                                   3602 ;src/gameplay.c:555: p->vel_y.w = (p->vel_y.w >> 1); // Halve velocity
    000010C6 F8 47            [12] 3603 	ldhl	sp,#71
    000010C8 2A               [ 8] 3604 	ld	a, (hl+)
    000010C9 5F               [ 4] 3605 	ld	e, a
    000010CA 56               [ 8] 3606 	ld	d, (hl)
    000010CB 21 04 00         [12] 3607 	ld	hl, #0x0004
    000010CE 19               [ 8] 3608 	add	hl, de
    000010CF E5               [16] 3609 	push	hl
    000010D0 7D               [ 4] 3610 	ld	a, l
    000010D1 F8 3F            [12] 3611 	ldhl	sp,	#63
    000010D3 77               [ 8] 3612 	ld	(hl), a
    000010D4 E1               [12] 3613 	pop	hl
    000010D5 7C               [ 4] 3614 	ld	a, h
    000010D6 F8 3E            [12] 3615 	ldhl	sp,	#62
                                   3616 ;src/gameplay.c:630: if (obj == OBJ_ORB_BLUE) {
    000010D8 32               [ 8] 3617 	ld	(hl-), a
    000010D9 2B               [ 8] 3618 	dec	hl
    000010DA 7E               [ 8] 3619 	ld	a, (hl)
    000010DB B7               [ 4] 3620 	or	a, a
    000010DC 28 6A            [12] 3621 	jr	Z, 00190$
                                   3622 ;src/gameplay.c:631: p->gravity_flipped = !p->gravity_flipped;
    000010DE F8 15            [12] 3623 	ldhl	sp,#21
    000010E0 2A               [ 8] 3624 	ld	a, (hl+)
    000010E1 5F               [ 4] 3625 	ld	e, a
    000010E2 3A               [ 8] 3626 	ld	a, (hl-)
    000010E3 57               [ 4] 3627 	ld	d, a
    000010E4 1A               [ 8] 3628 	ld	a, (de)
    000010E5 D6 01            [ 8] 3629 	sub	a, #0x01
    000010E7 3E 00            [ 8] 3630 	ld	a, #0x00
    000010E9 17               [ 4] 3631 	rla
    000010EA 5E               [ 8] 3632 	ld	e, (hl)
    000010EB 23               [ 8] 3633 	inc	hl
    000010EC 66               [ 8] 3634 	ld	h, (hl)
    000010ED 6B               [ 4] 3635 	ld	l, e
    000010EE 77               [ 8] 3636 	ld	(hl), a
                                   3637 ;src/gameplay.c:632: int16_t force = (p->mode == MODE_BALL) ? BLUE_ORB_FORCE : BLUE_PAD_FORCE;
    000010EF F8 1D            [12] 3638 	ldhl	sp,#29
    000010F1 2A               [ 8] 3639 	ld	a, (hl+)
    000010F2 5F               [ 4] 3640 	ld	e, a
    000010F3 56               [ 8] 3641 	ld	d, (hl)
    000010F4 1A               [ 8] 3642 	ld	a, (de)
    000010F5 D6 02            [ 8] 3643 	sub	a, #0x02
    000010F7 20 09            [12] 3644 	jr	NZ, 00243$
    000010F9 F8 3B            [12] 3645 	ldhl	sp,	#59
    000010FB 3E A0            [ 8] 3646 	ld	a, #0xa0
    000010FD 22               [ 8] 3647 	ld	(hl+), a
    000010FE 36 01            [12] 3648 	ld	(hl), #0x01
    00001100 18 07            [12] 3649 	jr	00244$
    00001102                       3650 00243$:
    00001102 F8 3B            [12] 3651 	ldhl	sp,	#59
    00001104 3E A0            [ 8] 3652 	ld	a, #0xa0
    00001106 22               [ 8] 3653 	ld	(hl+), a
    00001107 36 03            [12] 3654 	ld	(hl), #0x03
    00001109                       3655 00244$:
    00001109 F8 3B            [12] 3656 	ldhl	sp,	#59
    0000110B 7E               [ 8] 3657 	ld	a, (hl)
    0000110C F8 00            [12] 3658 	ldhl	sp,	#0
    0000110E 77               [ 8] 3659 	ld	(hl), a
    0000110F F8 3C            [12] 3660 	ldhl	sp,	#60
    00001111 7E               [ 8] 3661 	ld	a, (hl)
    00001112 F8 01            [12] 3662 	ldhl	sp,	#1
    00001114 77               [ 8] 3663 	ld	(hl), a
                                   3664 ;src/gameplay.c:633: p->vel_y.w = (p->gravity_flipped) ? -force : force;
    00001115 F8 15            [12] 3665 	ldhl	sp,#21
    00001117 2A               [ 8] 3666 	ld	a, (hl+)
    00001118 5F               [ 4] 3667 	ld	e, a
    00001119 56               [ 8] 3668 	ld	d, (hl)
    0000111A 1A               [ 8] 3669 	ld	a, (de)
    0000111B B7               [ 4] 3670 	or	a, a
    0000111C 28 10            [12] 3671 	jr	Z, 00245$
    0000111E 11 00 00         [12] 3672 	ld	de, #0x0000
    00001121 E1               [12] 3673 	pop	hl
    00001122 E5               [16] 3674 	push	hl
    00001123 7B               [ 4] 3675 	ld	a, e
    00001124 95               [ 4] 3676 	sub	a, l
    00001125 5F               [ 4] 3677 	ld	e, a
    00001126 7A               [ 4] 3678 	ld	a, d
    00001127 9C               [ 4] 3679 	sbc	a, h
    00001128 F8 3C            [12] 3680 	ldhl	sp,	#60
    0000112A 32               [ 8] 3681 	ld	(hl-), a
    0000112B 73               [ 8] 3682 	ld	(hl), e
    0000112C 18 0C            [12] 3683 	jr	00246$
    0000112E                       3684 00245$:
    0000112E F8 00            [12] 3685 	ldhl	sp,	#0
    00001130 7E               [ 8] 3686 	ld	a, (hl)
    00001131 F8 3B            [12] 3687 	ldhl	sp,	#59
    00001133 77               [ 8] 3688 	ld	(hl), a
    00001134 F8 01            [12] 3689 	ldhl	sp,	#1
    00001136 7E               [ 8] 3690 	ld	a, (hl)
    00001137 F8 3C            [12] 3691 	ldhl	sp,	#60
    00001139 77               [ 8] 3692 	ld	(hl), a
    0000113A                       3693 00246$:
    0000113A F8 3D            [12] 3694 	ldhl	sp,	#61
    0000113C 2A               [ 8] 3695 	ld	a, (hl+)
    0000113D 5F               [ 4] 3696 	ld	e, a
    0000113E 56               [ 8] 3697 	ld	d, (hl)
    0000113F F8 3B            [12] 3698 	ldhl	sp,	#59
    00001141 2A               [ 8] 3699 	ld	a, (hl+)
    00001142 12               [ 8] 3700 	ld	(de), a
    00001143 13               [ 8] 3701 	inc	de
    00001144 7E               [ 8] 3702 	ld	a, (hl)
    00001145 12               [ 8] 3703 	ld	(de), a
    00001146 18 78            [12] 3704 	jr	00191$
    00001148                       3705 00190$:
                                   3706 ;src/gameplay.c:634: } else if (obj == OBJ_ORB_PINK) {
    00001148 F8 3F            [12] 3707 	ldhl	sp,	#63
    0000114A 7E               [ 8] 3708 	ld	a, (hl)
    0000114B D6 06            [ 8] 3709 	sub	a, #0x06
    0000114D 20 48            [12] 3710 	jr	NZ, 00187$
                                   3711 ;src/gameplay.c:635: int16_t force = (p->mode == MODE_BALL) ? BALL_PINK_ORB : MAGENTA_JUMP_FORCE;
    0000114F F8 1F            [12] 3712 	ldhl	sp,#31
    00001151 2A               [ 8] 3713 	ld	a, (hl+)
    00001152 5F               [ 4] 3714 	ld	e, a
    00001153 56               [ 8] 3715 	ld	d, (hl)
    00001154 1A               [ 8] 3716 	ld	a, (de)
    00001155 D6 02            [ 8] 3717 	sub	a, #0x02
    00001157 20 05            [12] 3718 	jr	NZ, 00247$
    00001159 01 D0 FC         [12] 3719 	ld	bc, #0xfcd0
    0000115C 18 03            [12] 3720 	jr	00248$
    0000115E                       3721 00247$:
    0000115E 01 30 FC         [12] 3722 	ld	bc, #0xfc30
    00001161                       3723 00248$:
    00001161 33               [ 8] 3724 	inc	sp
    00001162 33               [ 8] 3725 	inc	sp
    00001163 C5               [16] 3726 	push	bc
                                   3727 ;src/gameplay.c:636: p->vel_y.w = (p->gravity_flipped) ? -force : force;
    00001164 F8 21            [12] 3728 	ldhl	sp,#33
    00001166 2A               [ 8] 3729 	ld	a, (hl+)
    00001167 5F               [ 4] 3730 	ld	e, a
    00001168 56               [ 8] 3731 	ld	d, (hl)
    00001169 1A               [ 8] 3732 	ld	a, (de)
    0000116A B7               [ 4] 3733 	or	a, a
    0000116B 28 10            [12] 3734 	jr	Z, 00249$
    0000116D 11 00 00         [12] 3735 	ld	de, #0x0000
    00001170 E1               [12] 3736 	pop	hl
    00001171 E5               [16] 3737 	push	hl
    00001172 7B               [ 4] 3738 	ld	a, e
    00001173 95               [ 4] 3739 	sub	a, l
    00001174 5F               [ 4] 3740 	ld	e, a
    00001175 7A               [ 4] 3741 	ld	a, d
    00001176 9C               [ 4] 3742 	sbc	a, h
    00001177 F8 3C            [12] 3743 	ldhl	sp,	#60
    00001179 32               [ 8] 3744 	ld	(hl-), a
    0000117A 73               [ 8] 3745 	ld	(hl), e
    0000117B 18 0C            [12] 3746 	jr	00250$
    0000117D                       3747 00249$:
    0000117D F8 00            [12] 3748 	ldhl	sp,	#0
    0000117F 7E               [ 8] 3749 	ld	a, (hl)
    00001180 F8 3B            [12] 3750 	ldhl	sp,	#59
    00001182 77               [ 8] 3751 	ld	(hl), a
    00001183 F8 01            [12] 3752 	ldhl	sp,	#1
    00001185 7E               [ 8] 3753 	ld	a, (hl)
    00001186 F8 3C            [12] 3754 	ldhl	sp,	#60
    00001188 77               [ 8] 3755 	ld	(hl), a
    00001189                       3756 00250$:
    00001189 F8 3D            [12] 3757 	ldhl	sp,	#61
    0000118B 2A               [ 8] 3758 	ld	a, (hl+)
    0000118C 5F               [ 4] 3759 	ld	e, a
    0000118D 56               [ 8] 3760 	ld	d, (hl)
    0000118E F8 3B            [12] 3761 	ldhl	sp,	#59
    00001190 2A               [ 8] 3762 	ld	a, (hl+)
    00001191 12               [ 8] 3763 	ld	(de), a
    00001192 13               [ 8] 3764 	inc	de
    00001193 7E               [ 8] 3765 	ld	a, (hl)
    00001194 12               [ 8] 3766 	ld	(de), a
    00001195 18 29            [12] 3767 	jr	00191$
    00001197                       3768 00187$:
                                   3769 ;src/gameplay.c:638: int16_t force = (p->mode == MODE_BALL) ? BALL_YELLOW_ORB : JUMP_FORCE;
    00001197 F8 23            [12] 3770 	ldhl	sp,#35
    00001199 2A               [ 8] 3771 	ld	a, (hl+)
    0000119A 5F               [ 4] 3772 	ld	e, a
    0000119B 56               [ 8] 3773 	ld	d, (hl)
    0000119C 1A               [ 8] 3774 	ld	a, (de)
    0000119D D6 02            [ 8] 3775 	sub	a, #0x02
    0000119F 20 05            [12] 3776 	jr	NZ, 00251$
    000011A1 01 F0 FB         [12] 3777 	ld	bc, #0xfbf0
    000011A4 18 03            [12] 3778 	jr	00252$
    000011A6                       3779 00251$:
    000011A6 01 70 FA         [12] 3780 	ld	bc, #0xfa70
    000011A9                       3781 00252$:
                                   3782 ;src/gameplay.c:639: p->vel_y.w = (p->gravity_flipped) ? -force : force;
    000011A9 F8 25            [12] 3783 	ldhl	sp,#37
    000011AB 2A               [ 8] 3784 	ld	a, (hl+)
    000011AC 5F               [ 4] 3785 	ld	e, a
    000011AD 56               [ 8] 3786 	ld	d, (hl)
    000011AE 1A               [ 8] 3787 	ld	a, (de)
    000011AF B7               [ 4] 3788 	or	a, a
    000011B0 28 06            [12] 3789 	jr	Z, 00253$
    000011B2 AF               [ 4] 3790 	xor	a, a
    000011B3 91               [ 4] 3791 	sub	a, c
    000011B4 4F               [ 4] 3792 	ld	c, a
    000011B5 9F               [ 4] 3793 	sbc	a, a
    000011B6 90               [ 4] 3794 	sub	a, b
    000011B7 47               [ 4] 3795 	ld	b, a
    000011B8                       3796 00253$:
    000011B8 F8 3D            [12] 3797 	ldhl	sp,	#61
    000011BA 2A               [ 8] 3798 	ld	a, (hl+)
    000011BB 66               [ 8] 3799 	ld	h, (hl)
    000011BC 6F               [ 4] 3800 	ld	l, a
    000011BD 79               [ 4] 3801 	ld	a, c
    000011BE 22               [ 8] 3802 	ld	(hl+), a
    000011BF 70               [ 8] 3803 	ld	(hl), b
    000011C0                       3804 00191$:
                                   3805 ;src/gameplay.c:641: p->on_ground = 0;
    000011C0 F8 47            [12] 3806 	ldhl	sp,#71
    000011C2 2A               [ 8] 3807 	ld	a, (hl+)
    000011C3 5F               [ 4] 3808 	ld	e, a
    000011C4 56               [ 8] 3809 	ld	d, (hl)
    000011C5 21 06 00         [12] 3810 	ld	hl, #0x0006
    000011C8 19               [ 8] 3811 	add	hl, de
    000011C9 4D               [ 4] 3812 	ld	c, l
    000011CA 44               [ 4] 3813 	ld	b, h
    000011CB AF               [ 4] 3814 	xor	a, a
    000011CC 02               [ 8] 3815 	ld	(bc), a
                                   3816 ;src/gameplay.c:645: break;
    000011CD 18 5B            [12] 3817 	jr	00219$
                                   3818 ;src/gameplay.c:650: case OBJ_MIRROR_EXIT:
    000011CF                       3819 00202$:
                                   3820 ;src/gameplay.c:651: if (py <= obj_y + 32 && p_bottom >= obj_y) {
    000011CF 59               [ 4] 3821 	ld	e, c
    000011D0 50               [ 4] 3822 	ld	d, b
    000011D1 21 20 00         [12] 3823 	ld	hl, #0x0020
    000011D4 19               [ 8] 3824 	add	hl, de
    000011D5 5D               [ 4] 3825 	ld	e, l
    000011D6 54               [ 4] 3826 	ld	d, h
    000011D7 F8 09            [12] 3827 	ldhl	sp,	#9
    000011D9 7B               [ 4] 3828 	ld	a, e
    000011DA 96               [ 8] 3829 	sub	a, (hl)
    000011DB 23               [ 8] 3830 	inc	hl
    000011DC 7A               [ 4] 3831 	ld	a, d
    000011DD 9E               [ 8] 3832 	sbc	a, (hl)
    000011DE 38 4A            [12] 3833 	jr	C, 00219$
    000011E0 F8 0B            [12] 3834 	ldhl	sp,	#11
    000011E2 2A               [ 8] 3835 	ld	a, (hl+)
    000011E3 91               [ 4] 3836 	sub	a, c
    000011E4 7E               [ 8] 3837 	ld	a, (hl)
    000011E5 98               [ 4] 3838 	sbc	a, b
    000011E6 38 42            [12] 3839 	jr	C, 00219$
                                   3840 ;src/gameplay.c:652: if (!cache->activated[i]) {
    000011E8 F8 29            [12] 3841 	ldhl	sp,#41
    000011EA 2A               [ 8] 3842 	ld	a, (hl+)
    000011EB 5F               [ 4] 3843 	ld	e, a
    000011EC 56               [ 8] 3844 	ld	d, (hl)
    000011ED F8 44            [12] 3845 	ldhl	sp,	#68
    000011EF 6E               [ 8] 3846 	ld	l, (hl)
    000011F0 26 00            [ 8] 3847 	ld	h, #0x00
    000011F2 19               [ 8] 3848 	add	hl, de
    000011F3 5D               [ 4] 3849 	ld	e, l
    000011F4 54               [ 4] 3850 	ld	d, h
    000011F5 1A               [ 8] 3851 	ld	a, (de)
    000011F6 B7               [ 4] 3852 	or	a, a
    000011F7 20 31            [12] 3853 	jr	NZ, 00219$
                                   3854 ;src/gameplay.c:653: p->reversed = (obj == OBJ_MIRROR_PORTAL) ? 1 : 0;
    000011F9 D5               [16] 3855 	push	de
    000011FA F8 49            [12] 3856 	ldhl	sp,#73
    000011FC 2A               [ 8] 3857 	ld	a, (hl+)
    000011FD 5F               [ 4] 3858 	ld	e, a
    000011FE 56               [ 8] 3859 	ld	d, (hl)
    000011FF 21 0A 00         [12] 3860 	ld	hl, #0x000a
    00001202 19               [ 8] 3861 	add	hl, de
    00001203 D1               [12] 3862 	pop	de
    00001204 4D               [ 4] 3863 	ld	c, l
    00001205 44               [ 4] 3864 	ld	b, h
    00001206 F8 3F            [12] 3865 	ldhl	sp,	#63
    00001208 7E               [ 8] 3866 	ld	a, (hl)
    00001209 D6 7E            [ 8] 3867 	sub	a, #0x7e
    0000120B 3E 01            [ 8] 3868 	ld	a, #0x01
    0000120D 28 01            [12] 3869 	jr	Z, 00256$
    0000120F AF               [ 4] 3870 	xor	a, a
    00001210                       3871 00256$:
    00001210 02               [ 8] 3872 	ld	(bc), a
                                   3873 ;src/gameplay.c:654: cache->activated[i] = 1;
    00001211 3E 01            [ 8] 3874 	ld	a, #0x01
    00001213 12               [ 8] 3875 	ld	(de), a
                                   3876 ;src/gameplay.c:658: }
    00001214 18 14            [12] 3877 	jr	00219$
    00001216                       3878 00212$:
                                   3879 ;src/gameplay.c:659: } else if (obj_x > p_front + 16) {
    00001216 F8 07            [12] 3880 	ldhl	sp,	#7
    00001218 2A               [ 8] 3881 	ld	a, (hl+)
    00001219 4F               [ 4] 3882 	ld	c, a
    0000121A 46               [ 8] 3883 	ld	b, (hl)
    0000121B 21 10 00         [12] 3884 	ld	hl, #0x0010
    0000121E 09               [ 8] 3885 	add	hl, bc
    0000121F 4D               [ 4] 3886 	ld	c, l
    00001220 44               [ 4] 3887 	ld	b, h
    00001221 F8 3D            [12] 3888 	ldhl	sp,	#61
    00001223 79               [ 4] 3889 	ld	a, c
    00001224 96               [ 8] 3890 	sub	a, (hl)
    00001225 23               [ 8] 3891 	inc	hl
    00001226 78               [ 4] 3892 	ld	a, b
    00001227 9E               [ 8] 3893 	sbc	a, (hl)
    00001228 38 09            [12] 3894 	jr	C, 00222$
                                   3895 ;src/gameplay.c:660: break;
    0000122A                       3896 00219$:
                                   3897 ;src/gameplay.c:491: for (i = 0; i < MAX_ACTIVE_SP_OBJECTS; i++) {
    0000122A F8 44            [12] 3898 	ldhl	sp,	#68
    0000122C 34               [12] 3899 	inc	(hl)
    0000122D 7E               [ 8] 3900 	ld	a, (hl)
    0000122E D6 10            [ 8] 3901 	sub	a, #0x10
    00001230 DAr91r0B         [16] 3902 	jp	C, 00221$
    00001233                       3903 00222$:
                                   3904 ;src/gameplay.c:663: }
    00001233 E8 45            [16] 3905 	add	sp, #69
    00001235 E1               [12] 3906 	pop	hl
    00001236 E8 05            [16] 3907 	add	sp, #5
    00001238 E9               [ 4] 3908 	jp	(hl)
                                   3909 ;src/gameplay.c:665: static uint8_t draw_sprites(
                                   3910 ;	---------------------------------
                                   3911 ; Function draw_sprites
                                   3912 ; ---------------------------------
    00001239                       3913 _draw_sprites:
    00001239 E8 F0            [16] 3914 	add	sp, #-16
    0000123B F8 0D            [12] 3915 	ldhl	sp,	#13
    0000123D 7B               [ 4] 3916 	ld	a, e
    0000123E 22               [ 8] 3917 	ld	(hl+), a
    0000123F 72               [ 8] 3918 	ld	(hl), d
    00001240 F8 0B            [12] 3919 	ldhl	sp,	#11
    00001242 79               [ 4] 3920 	ld	a, c
    00001243 22               [ 8] 3921 	ld	(hl+), a
                                   3922 ;src/gameplay.c:672: for (i = 0; i < MAX_ACTIVE_SP_OBJECTS && oam_start < MAX_HARDWARE_SPRITES - 2; i++) {
    00001244 78               [ 4] 3923 	ld	a, b
    00001245 22               [ 8] 3924 	ld	(hl+), a
    00001246 2A               [ 8] 3925 	ld	a, (hl+)
    00001247 5F               [ 4] 3926 	ld	e, a
    00001248 56               [ 8] 3927 	ld	d, (hl)
    00001249 21 50 00         [12] 3928 	ld	hl, #0x0050
    0000124C 19               [ 8] 3929 	add	hl, de
    0000124D 33               [ 8] 3930 	inc	sp
    0000124E 33               [ 8] 3931 	inc	sp
    0000124F E5               [16] 3932 	push	hl
    00001250 F8 0D            [12] 3933 	ldhl	sp,#13
    00001252 2A               [ 8] 3934 	ld	a, (hl+)
    00001253 5F               [ 4] 3935 	ld	e, a
    00001254 56               [ 8] 3936 	ld	d, (hl)
    00001255 21 10 00         [12] 3937 	ld	hl, #0x0010
    00001258 19               [ 8] 3938 	add	hl, de
    00001259 E5               [16] 3939 	push	hl
    0000125A 7D               [ 4] 3940 	ld	a, l
    0000125B F8 04            [12] 3941 	ldhl	sp,	#4
    0000125D 77               [ 8] 3942 	ld	(hl), a
    0000125E E1               [12] 3943 	pop	hl
    0000125F 7C               [ 4] 3944 	ld	a, h
    00001260 F8 03            [12] 3945 	ldhl	sp,	#3
    00001262 77               [ 8] 3946 	ld	(hl), a
    00001263 F8 0D            [12] 3947 	ldhl	sp,#13
    00001265 2A               [ 8] 3948 	ld	a, (hl+)
    00001266 5F               [ 4] 3949 	ld	e, a
    00001267 56               [ 8] 3950 	ld	d, (hl)
    00001268 21 30 00         [12] 3951 	ld	hl, #0x0030
    0000126B 19               [ 8] 3952 	add	hl, de
    0000126C E5               [16] 3953 	push	hl
    0000126D 7D               [ 4] 3954 	ld	a, l
    0000126E F8 06            [12] 3955 	ldhl	sp,	#6
    00001270 77               [ 8] 3956 	ld	(hl), a
    00001271 E1               [12] 3957 	pop	hl
    00001272 7C               [ 4] 3958 	ld	a, h
    00001273 F8 05            [12] 3959 	ldhl	sp,	#5
    00001275 77               [ 8] 3960 	ld	(hl), a
    00001276 F8 0F            [12] 3961 	ldhl	sp,	#15
    00001278 36 00            [12] 3962 	ld	(hl), #0x00
    0000127A                       3963 00161$:
    0000127A F8 0F            [12] 3964 	ldhl	sp,	#15
    0000127C 7E               [ 8] 3965 	ld	a, (hl)
    0000127D D6 10            [ 8] 3966 	sub	a, #0x10
    0000127F D2rDBr14         [16] 3967 	jp	NC, 00156$
    00001282 F8 15            [12] 3968 	ldhl	sp,	#21
    00001284 7E               [ 8] 3969 	ld	a, (hl)
    00001285 D6 26            [ 8] 3970 	sub	a, #0x26
    00001287 D2rDBr14         [16] 3971 	jp	NC, 00156$
                                   3972 ;src/gameplay.c:673: if (!cache->active[i]) break;
    0000128A D1               [12] 3973 	pop	de
    0000128B D5               [16] 3974 	push	de
    0000128C F8 0F            [12] 3975 	ldhl	sp,	#15
    0000128E 6E               [ 8] 3976 	ld	l, (hl)
    0000128F 26 00            [ 8] 3977 	ld	h, #0x00
    00001291 19               [ 8] 3978 	add	hl, de
    00001292 4D               [ 4] 3979 	ld	c, l
    00001293 44               [ 4] 3980 	ld	b, h
    00001294 0A               [ 8] 3981 	ld	a, (bc)
    00001295 B7               [ 4] 3982 	or	a, a
    00001296 CArDBr14         [16] 3983 	jp	Z, 00156$
                                   3984 ;src/gameplay.c:675: uint16_t obj_x = cache->px[i];
    00001299 F8 0F            [12] 3985 	ldhl	sp,	#15
    0000129B 7E               [ 8] 3986 	ld	a, (hl)
    0000129C 87               [ 4] 3987 	add	a, a
    0000129D F8 0A            [12] 3988 	ldhl	sp,	#10
    0000129F 77               [ 8] 3989 	ld	(hl), a
    000012A0 F8 02            [12] 3990 	ldhl	sp,#2
    000012A2 2A               [ 8] 3991 	ld	a, (hl+)
    000012A3 5F               [ 4] 3992 	ld	e, a
    000012A4 56               [ 8] 3993 	ld	d, (hl)
    000012A5 F8 0A            [12] 3994 	ldhl	sp,	#10
    000012A7 6E               [ 8] 3995 	ld	l, (hl)
    000012A8 26 00            [ 8] 3996 	ld	h, #0x00
    000012AA 19               [ 8] 3997 	add	hl, de
    000012AB 2A               [ 8] 3998 	ld	a, (hl+)
    000012AC 4F               [ 4] 3999 	ld	c, a
    000012AD 46               [ 8] 4000 	ld	b, (hl)
                                   4001 ;src/gameplay.c:676: if (obj_x > cam_px + 176u) break;
    000012AE F8 0B            [12] 4002 	ldhl	sp,	#11
    000012B0 2A               [ 8] 4003 	ld	a, (hl+)
    000012B1 5F               [ 4] 4004 	ld	e, a
    000012B2 56               [ 8] 4005 	ld	d, (hl)
    000012B3 21 B0 00         [12] 4006 	ld	hl, #0x00b0
    000012B6 19               [ 8] 4007 	add	hl, de
    000012B7 59               [ 4] 4008 	ld	e, c
    000012B8 50               [ 4] 4009 	ld	d, b
    000012B9 7D               [ 4] 4010 	ld	a, l
    000012BA 93               [ 4] 4011 	sub	a, e
    000012BB 7C               [ 4] 4012 	ld	a, h
    000012BC 9A               [ 4] 4013 	sbc	a, d
    000012BD DArDBr14         [16] 4014 	jp	C, 00156$
                                   4015 ;src/gameplay.c:678: uint8_t obj = cache->obj[i];
    000012C0 F8 0D            [12] 4016 	ldhl	sp,#13
    000012C2 2A               [ 8] 4017 	ld	a, (hl+)
    000012C3 5F               [ 4] 4018 	ld	e, a
    000012C4 2A               [ 8] 4019 	ld	a, (hl+)
    000012C5 57               [ 4] 4020 	ld	d, a
    000012C6 6E               [ 8] 4021 	ld	l, (hl)
    000012C7 26 00            [ 8] 4022 	ld	h, #0x00
    000012C9 19               [ 8] 4023 	add	hl, de
    000012CA 5D               [ 4] 4024 	ld	e, l
    000012CB 54               [ 4] 4025 	ld	d, h
    000012CC 1A               [ 8] 4026 	ld	a, (de)
    000012CD F8 06            [12] 4027 	ldhl	sp,	#6
    000012CF 77               [ 8] 4028 	ld	(hl), a
                                   4029 ;src/gameplay.c:679: if (obj == OBJ_LEVEL_END || obj >= 100) continue;
    000012D0 7E               [ 8] 4030 	ld	a, (hl)
    000012D1 D6 0F            [ 8] 4031 	sub	a, #0x0f
    000012D3 CArD5r14         [16] 4032 	jp	Z, 00155$
    000012D6 F8 06            [12] 4033 	ldhl	sp,	#6
    000012D8 7E               [ 8] 4034 	ld	a, (hl)
    000012D9 D6 64            [ 8] 4035 	sub	a, #0x64
    000012DB D2rD5r14         [16] 4036 	jp	NC, 00155$
                                   4037 ;src/gameplay.c:684: dist_x = (uint8_t)obj_x - (uint8_t)cam_px;
    000012DE 79               [ 4] 4038 	ld	a, c
    000012DF F8 0B            [12] 4039 	ldhl	sp,	#11
    000012E1 4E               [ 8] 4040 	ld	c, (hl)
    000012E2 91               [ 4] 4041 	sub	a, c
                                   4042 ;src/gameplay.c:687: if (dist_x > 176 && dist_x < 224) continue;
    000012E3 FE B1            [ 8] 4043 	cp	a, #0xb1
    000012E5 38 05            [12] 4044 	jr	C, 00109$
    000012E7 FE E0            [ 8] 4045 	cp	a, #0xe0
    000012E9 DArD5r14         [16] 4046 	jp	C, 00155$
    000012EC                       4047 00109$:
                                   4048 ;src/gameplay.c:690: screen_x = 128 - dist_x + 8;
    000012EC 4F               [ 4] 4049 	ld	c, a
                                   4050 ;src/gameplay.c:689: if (reversed) {
    000012ED F8 14            [12] 4051 	ldhl	sp,	#20
    000012EF 7E               [ 8] 4052 	ld	a, (hl)
    000012F0 B7               [ 4] 4053 	or	a, a
    000012F1 28 08            [12] 4054 	jr	Z, 00112$
                                   4055 ;src/gameplay.c:690: screen_x = 128 - dist_x + 8;
    000012F3 3E 88            [ 8] 4056 	ld	a, #0x88
    000012F5 91               [ 4] 4057 	sub	a, c
    000012F6 F8 09            [12] 4058 	ldhl	sp,	#9
    000012F8 77               [ 8] 4059 	ld	(hl), a
    000012F9 18 06            [12] 4060 	jr	00113$
    000012FB                       4061 00112$:
                                   4062 ;src/gameplay.c:692: screen_x = dist_x + PLAYER_SCREEN_X + 8;
    000012FB 79               [ 4] 4063 	ld	a, c
    000012FC C6 28            [ 8] 4064 	add	a, #0x28
    000012FE F8 09            [12] 4065 	ldhl	sp,	#9
    00001300 77               [ 8] 4066 	ld	(hl), a
    00001301                       4067 00113$:
                                   4068 ;src/gameplay.c:695: screen_y = ((uint8_t)cache->py[i] - (uint8_t)cam_py) + 16;
    00001301 F8 04            [12] 4069 	ldhl	sp,#4
    00001303 2A               [ 8] 4070 	ld	a, (hl+)
    00001304 5F               [ 4] 4071 	ld	e, a
    00001305 56               [ 8] 4072 	ld	d, (hl)
    00001306 F8 0A            [12] 4073 	ldhl	sp,	#10
    00001308 6E               [ 8] 4074 	ld	l, (hl)
    00001309 26 00            [ 8] 4075 	ld	h, #0x00
    0000130B 19               [ 8] 4076 	add	hl, de
    0000130C 4D               [ 4] 4077 	ld	c, l
    0000130D 44               [ 4] 4078 	ld	b, h
    0000130E 0A               [ 8] 4079 	ld	a, (bc)
    0000130F F8 12            [12] 4080 	ldhl	sp,	#18
    00001311 4E               [ 8] 4081 	ld	c, (hl)
    00001312 91               [ 4] 4082 	sub	a, c
    00001313 C6 10            [ 8] 4083 	add	a, #0x10
    00001315 F8 0A            [12] 4084 	ldhl	sp,	#10
                                   4085 ;src/gameplay.c:697: if (screen_x > 160 && screen_x < 232) continue;
    00001317 32               [ 8] 4086 	ld	(hl-), a
    00001318 3E A0            [ 8] 4087 	ld	a, #0xa0
    0000131A 96               [ 8] 4088 	sub	a, (hl)
    0000131B 30 06            [12] 4089 	jr	NC, 00115$
    0000131D 7E               [ 8] 4090 	ld	a, (hl)
    0000131E D6 E8            [ 8] 4091 	sub	a, #0xe8
    00001320 DArD5r14         [16] 4092 	jp	C, 00155$
    00001323                       4093 00115$:
                                   4094 ;src/gameplay.c:698: if (screen_y > 160 && screen_y < 208) continue;
    00001323 3E A0            [ 8] 4095 	ld	a, #0xa0
    00001325 F8 0A            [12] 4096 	ldhl	sp,	#10
    00001327 96               [ 8] 4097 	sub	a, (hl)
    00001328 30 06            [12] 4098 	jr	NC, 00118$
    0000132A 7E               [ 8] 4099 	ld	a, (hl)
    0000132B D6 D0            [ 8] 4100 	sub	a, #0xd0
    0000132D DArD5r14         [16] 4101 	jp	C, 00155$
    00001330                       4102 00118$:
                                   4103 ;src/gameplay.c:700: if (obj >= 46) continue;
    00001330 F8 06            [12] 4104 	ldhl	sp,	#6
    00001332 7E               [ 8] 4105 	ld	a, (hl)
    00001333 D6 2E            [ 8] 4106 	sub	a, #0x2e
    00001335 D2rD5r14         [16] 4107 	jp	NC, 00155$
                                   4108 ;src/gameplay.c:705: if (obj == 45) {
    00001338 7E               [ 8] 4109 	ld	a, (hl)
    00001339 D6 2D            [ 8] 4110 	sub	a, #0x2d
    0000133B 20 28            [12] 4111 	jr	NZ, 00125$
                                   4112 ;src/gameplay.c:706: if (oam_start > MAX_HARDWARE_SPRITES - 4) break;
    0000133D 3E 24            [ 8] 4113 	ld	a, #0x24
    0000133F F8 15            [12] 4114 	ldhl	sp,	#21
    00001341 96               [ 8] 4115 	sub	a, (hl)
    00001342 DArDBr14         [16] 4116 	jp	C, 00156$
                                   4117 ;src/gameplay.c:708: oam_start, screen_x, screen_y - 8, reversed);
    00001345 F8 0A            [12] 4118 	ldhl	sp,	#10
    00001347 7E               [ 8] 4119 	ld	a, (hl)
    00001348 C6 F8            [ 8] 4120 	add	a, #0xf8
                                   4121 ;src/gameplay.c:707: oam_start += draw_oam_2x2(FAMIDASH_SPRITE_TILE_BASE + CHAIN_BLOCK_TILE,
    0000134A F8 14            [12] 4122 	ldhl	sp,	#20
    0000134C 66               [ 8] 4123 	ld	h, (hl)
    0000134D E5               [16] 4124 	push	hl
    0000134E 33               [ 8] 4125 	inc	sp
    0000134F F5               [16] 4126 	push	af
    00001350 33               [ 8] 4127 	inc	sp
    00001351 F8 0B            [12] 4128 	ldhl	sp,	#11
    00001353 7E               [ 8] 4129 	ld	a, (hl)
    00001354 F5               [16] 4130 	push	af
    00001355 33               [ 8] 4131 	inc	sp
    00001356 F8 18            [12] 4132 	ldhl	sp,	#24
    00001358 5E               [ 8] 4133 	ld	e, (hl)
    00001359 3E C4            [ 8] 4134 	ld	a, #0xc4
    0000135B CDrD5r04         [24] 4135 	call	_draw_oam_2x2
    0000135E F8 15            [12] 4136 	ldhl	sp,	#21
    00001360 86               [ 8] 4137 	add	a, (hl)
    00001361 77               [ 8] 4138 	ld	(hl), a
                                   4139 ;src/gameplay.c:709: continue;
    00001362 C3rD5r14         [16] 4140 	jp	00155$
    00001365                       4141 00125$:
                                   4142 ;src/gameplay.c:712: if (oam_start > MAX_HARDWARE_SPRITES - 9) break;
    00001365 3E 1F            [ 8] 4143 	ld	a, #0x1f
    00001367 F8 15            [12] 4144 	ldhl	sp,	#21
    00001369 96               [ 8] 4145 	sub	a, (hl)
    0000136A DArDBr14         [16] 4146 	jp	C, 00156$
                                   4147 ;src/gameplay.c:713: const metasprite_t *sprite = (obj < 38) ? famidash_sprite_table[obj] : 0;
    0000136D F8 06            [12] 4148 	ldhl	sp,	#6
    0000136F 7E               [ 8] 4149 	ld	a, (hl)
    00001370 D6 26            [ 8] 4150 	sub	a, #0x26
    00001372 30 0D            [12] 4151 	jr	NC, 00164$
    00001374 4E               [ 8] 4152 	ld	c, (hl)
    00001375 AF               [ 4] 4153 	xor	a, a
    00001376 69               [ 4] 4154 	ld	l, c
    00001377 67               [ 4] 4155 	ld	h, a
    00001378 29               [ 8] 4156 	add	hl, hl
    00001379 11r00r00         [12] 4157 	ld	de, #_famidash_sprite_table
    0000137C 19               [ 8] 4158 	add	hl, de
    0000137D 2A               [ 8] 4159 	ld	a, (hl+)
    0000137E 4E               [ 8] 4160 	ld	c, (hl)
    0000137F 18 02            [12] 4161 	jr	00165$
    00001381                       4162 00164$:
    00001381 AF               [ 4] 4163 	xor	a, a
    00001382 4F               [ 4] 4164 	ld	c, a
    00001383                       4165 00165$:
    00001383 F8 07            [12] 4166 	ldhl	sp,	#7
                                   4167 ;src/gameplay.c:714: if (sprite == 0) continue;
    00001385 22               [ 8] 4168 	ld	(hl+), a
    00001386 71               [ 8] 4169 	ld	(hl), c
    00001387 2B               [ 8] 4170 	dec	hl
    00001388 B1               [ 4] 4171 	or	a, c
    00001389 CArD5r14         [16] 4172 	jp	Z, 00155$
                                   4173 ;src/gameplay.c:717: if (obj == OBJ_ORB_BLUE || obj == OBJ_ORB_PINK || obj == OBJ_ORB_YELLOW ||
    0000138C 2B               [ 8] 4174 	dec	hl
    0000138D 7E               [ 8] 4175 	ld	a, (hl)
    0000138E D6 05            [ 8] 4176 	sub	a, #0x05
    00001390 CArD5r14         [16] 4177 	jp	Z, 00155$
    00001393 F8 06            [12] 4178 	ldhl	sp,	#6
    00001395 7E               [ 8] 4179 	ld	a, (hl)
    00001396 D6 06            [ 8] 4180 	sub	a, #0x06
    00001398 CArD5r14         [16] 4181 	jp	Z, 00155$
    0000139B F8 06            [12] 4182 	ldhl	sp,	#6
    0000139D 7E               [ 8] 4183 	ld	a, (hl)
    0000139E D6 0B            [ 8] 4184 	sub	a, #0x0b
    000013A0 CArD5r14         [16] 4185 	jp	Z, 00155$
                                   4186 ;src/gameplay.c:718: obj == OBJ_PAD_YELLOW || obj == OBJ_PAD_YELLOW_UP || obj == OBJ_PAD_BLUE ||
    000013A3 F8 06            [12] 4187 	ldhl	sp,	#6
    000013A5 7E               [ 8] 4188 	ld	a, (hl)
    000013A6 D6 0A            [ 8] 4189 	sub	a, #0x0a
    000013A8 CArD5r14         [16] 4190 	jp	Z, 00155$
    000013AB F8 06            [12] 4191 	ldhl	sp,	#6
    000013AD 7E               [ 8] 4192 	ld	a, (hl)
    000013AE D6 0C            [ 8] 4193 	sub	a, #0x0c
    000013B0 CArD5r14         [16] 4194 	jp	Z, 00155$
    000013B3 F8 06            [12] 4195 	ldhl	sp,	#6
    000013B5 7E               [ 8] 4196 	ld	a, (hl)
    000013B6 D6 0D            [ 8] 4197 	sub	a, #0x0d
    000013B8 CArD5r14         [16] 4198 	jp	Z, 00155$
                                   4199 ;src/gameplay.c:719: obj == OBJ_PAD_BLUE_UP || obj == OBJ_PAD_PINK) {
    000013BB F8 06            [12] 4200 	ldhl	sp,	#6
    000013BD 7E               [ 8] 4201 	ld	a, (hl)
    000013BE D6 0E            [ 8] 4202 	sub	a, #0x0e
    000013C0 CArD5r14         [16] 4203 	jp	Z, 00155$
    000013C3 F8 06            [12] 4204 	ldhl	sp,	#6
    000013C5 7E               [ 8] 4205 	ld	a, (hl)
    000013C6 D6 25            [ 8] 4206 	sub	a, #0x25
    000013C8 CArD5r14         [16] 4207 	jp	Z, 00155$
                                   4208 ;src/gameplay.c:723: if (obj >= 16 && obj <= 19) {
    000013CB F8 06            [12] 4209 	ldhl	sp,	#6
    000013CD 7E               [ 8] 4210 	ld	a, (hl)
    000013CE D6 10            [ 8] 4211 	sub	a, #0x10
    000013D0 DAr58r14         [16] 4212 	jp	C, 00152$
    000013D3 3E 13            [ 8] 4213 	ld	a, #0x13
    000013D5 96               [ 8] 4214 	sub	a, (hl)
    000013D6 DAr58r14         [16] 4215 	jp	C, 00152$
                                   4216 ;src/gameplay.c:724: if (reversed) oam_start += move_metasprite_hflip(sprite, FAMIDASH_SPRITE_TILE_BASE, oam_start, screen_x, screen_y);
    000013D9 F8 15            [12] 4217 	ldhl	sp,	#21
    000013DB 3A               [ 8] 4218 	ld	a, (hl-)
    000013DC 4F               [ 4] 4219 	ld	c, a
    000013DD 7E               [ 8] 4220 	ld	a, (hl)
    000013DE B7               [ 4] 4221 	or	a, a
    000013DF 28 4F            [12] 4222 	jr	Z, 00140$
    000013E1 F8 07            [12] 4223 	ldhl	sp,	#7
    000013E3 2A               [ 8] 4224 	ld	a, (hl+)
    000013E4 47               [ 4] 4225 	ld	b, a
    000013E5 2A               [ 8] 4226 	ld	a, (hl+)
    000013E6 5F               [ 4] 4227 	ld	e, a
    000013E7 7E               [ 8] 4228 	ld	a, (hl)
    000013E8 F8 06            [12] 4229 	ldhl	sp,	#6
    000013EA 22               [ 8] 4230 	ld	(hl+), a
    000013EB 71               [ 8] 4231 	ld	(hl), c
                                   4232 ;c:\gbdk\include\gb\metasprites.h:250: __current_metasprite = metasprite;
    000013EC 21r00r00         [12] 4233 	ld	hl, #___current_metasprite
    000013EF 78               [ 4] 4234 	ld	a, b
    000013F0 22               [ 8] 4235 	ld	(hl+), a
    000013F1 73               [ 8] 4236 	ld	(hl), e
                                   4237 ;c:\gbdk\include\gb\metasprites.h:251: __current_base_tile = base_tile;
    000013F2 21r00r00         [12] 4238 	ld	hl, #___current_base_tile
    000013F5 36 70            [12] 4239 	ld	(hl), #0x70
                                   4240 ;c:\gbdk\include\gb\metasprites.h:252: __current_base_prop = 0;
    000013F7 AF               [ 4] 4241 	xor	a, a
    000013F8 EAr00r00         [16] 4242 	ld	(#___current_base_prop),a
                                   4243 ;c:\gbdk\include\gb\metasprites.h:253: return __move_metasprite_hflip(base_sprite, ((y - ((LCDC_REG & LCDCF_OBJ16) ? 16u : 8u)) << 8) | x);
    000013FB F8 0A            [12] 4244 	ldhl	sp,	#10
    000013FD 3A               [ 8] 4245 	ld	a, (hl-)
    000013FE 2B               [ 8] 4246 	dec	hl
    000013FF 77               [ 8] 4247 	ld	(hl), a
    00001400 F0r00            [12] 4248 	ldh	a, (_LCDC_REG + 0)
    00001402 CB 57            [ 8] 4249 	bit	2, a
    00001404 28 09            [12] 4250 	jr	Z, 00166$
    00001406 F8 09            [12] 4251 	ldhl	sp,	#9
    00001408 3E 10            [ 8] 4252 	ld	a, #0x10
    0000140A 22               [ 8] 4253 	ld	(hl+), a
    0000140B AF               [ 4] 4254 	xor	a, a
    0000140C 77               [ 8] 4255 	ld	(hl), a
    0000140D 18 07            [12] 4256 	jr	00167$
    0000140F                       4257 00166$:
    0000140F F8 09            [12] 4258 	ldhl	sp,	#9
    00001411 3E 08            [ 8] 4259 	ld	a, #0x08
    00001413 22               [ 8] 4260 	ld	(hl+), a
    00001414 AF               [ 4] 4261 	xor	a, a
    00001415 77               [ 8] 4262 	ld	(hl), a
    00001416                       4263 00167$:
    00001416 F8 08            [12] 4264 	ldhl	sp,	#8
    00001418 2A               [ 8] 4265 	ld	a, (hl+)
    00001419 5F               [ 4] 4266 	ld	e, a
    0000141A 2A               [ 8] 4267 	ld	a,	(hl+)
    0000141B 66               [ 8] 4268 	ld	h, (hl)
    0000141C 6F               [ 4] 4269 	ld	l, a
    0000141D 7B               [ 4] 4270 	ld	a, e
    0000141E 95               [ 4] 4271 	sub	a, l
    0000141F 47               [ 4] 4272 	ld	b, a
    00001420 F8 06            [12] 4273 	ldhl	sp,	#6
    00001422 2A               [ 8] 4274 	ld	a, (hl+)
    00001423 5F               [ 4] 4275 	ld	e, a
    00001424 50               [ 4] 4276 	ld	d, b
    00001425 7E               [ 8] 4277 	ld	a, (hl)
    00001426 CDr00r00         [24] 4278 	call	___move_metasprite_hflip
                                   4279 ;src/gameplay.c:724: if (reversed) oam_start += move_metasprite_hflip(sprite, FAMIDASH_SPRITE_TILE_BASE, oam_start, screen_x, screen_y);
    00001429 F8 15            [12] 4280 	ldhl	sp,	#21
    0000142B 86               [ 8] 4281 	add	a, (hl)
    0000142C 77               [ 8] 4282 	ld	(hl), a
    0000142D C3rD5r14         [16] 4283 	jp	00155$
    00001430                       4284 00140$:
                                   4285 ;c:\gbdk\include\gb\metasprites.h:169: __current_metasprite = metasprite;
    00001430 F8 07            [12] 4286 	ldhl	sp,	#7
    00001432 7E               [ 8] 4287 	ld	a, (hl)
    00001433 EAr00r00         [16] 4288 	ld	(#___current_metasprite),a
    00001436 F8 08            [12] 4289 	ldhl	sp,	#8
    00001438 7E               [ 8] 4290 	ld	a, (hl)
    00001439 EAr01r00         [16] 4291 	ld	(#___current_metasprite + 1),a
                                   4292 ;c:\gbdk\include\gb\metasprites.h:170: __current_base_tile = base_tile;
    0000143C 21r00r00         [12] 4293 	ld	hl, #___current_base_tile
    0000143F 36 70            [12] 4294 	ld	(hl), #0x70
                                   4295 ;c:\gbdk\include\gb\metasprites.h:171: __current_base_prop = 0;
    00001441 AF               [ 4] 4296 	xor	a, a
    00001442 EAr00r00         [16] 4297 	ld	(#___current_base_prop),a
                                   4298 ;c:\gbdk\include\gb\metasprites.h:172: return __move_metasprite(base_sprite, (y << 8) | (uint8_t)x);
    00001445 F8 0A            [12] 4299 	ldhl	sp,	#10
    00001447 3A               [ 8] 4300 	ld	a, (hl-)
    00001448 57               [ 4] 4301 	ld	d, a
    00001449 46               [ 8] 4302 	ld	b, (hl)
    0000144A 58               [ 4] 4303 	ld	e, b
    0000144B C5               [16] 4304 	push	bc
    0000144C 79               [ 4] 4305 	ld	a, c
    0000144D CDr00r00         [24] 4306 	call	___move_metasprite
    00001450 C1               [12] 4307 	pop	bc
                                   4308 ;src/gameplay.c:725: else oam_start += move_metasprite(sprite, FAMIDASH_SPRITE_TILE_BASE, oam_start, screen_x, screen_y);
    00001451 81               [ 4] 4309 	add	a, c
    00001452 F8 15            [12] 4310 	ldhl	sp,	#21
    00001454 77               [ 8] 4311 	ld	(hl), a
    00001455 C3rD5r14         [16] 4312 	jp	00155$
    00001458                       4313 00152$:
                                   4314 ;src/gameplay.c:726: } else if (obj == OBJ_CUBE_PORTAL || obj == OBJ_SHIP_PORTAL || obj == OBJ_BALL_PORTAL) {
    00001458 F8 06            [12] 4315 	ldhl	sp,	#6
    0000145A 7E               [ 8] 4316 	ld	a, (hl)
    0000145B B7               [ 4] 4317 	or	a, a
    0000145C 28 0B            [12] 4318 	jr	Z, 00146$
    0000145E 7E               [ 8] 4319 	ld	a, (hl)
    0000145F 3D               [ 4] 4320 	dec	a
    00001460 28 07            [12] 4321 	jr	Z, 00146$
    00001462 F8 06            [12] 4322 	ldhl	sp,	#6
    00001464 7E               [ 8] 4323 	ld	a, (hl)
    00001465 D6 02            [ 8] 4324 	sub	a, #0x02
    00001467 20 20            [12] 4325 	jr	NZ, 00147$
    00001469                       4326 00146$:
                                   4327 ;src/gameplay.c:727: oam_start += draw_oam_3x3(sprite, FAMIDASH_SPRITE_TILE_BASE, oam_start, screen_x, screen_y, reversed);
    00001469 F8 14            [12] 4328 	ldhl	sp,	#20
    0000146B 7E               [ 8] 4329 	ld	a, (hl)
    0000146C F5               [16] 4330 	push	af
    0000146D 33               [ 8] 4331 	inc	sp
    0000146E F8 0B            [12] 4332 	ldhl	sp,	#11
    00001470 3A               [ 8] 4333 	ld	a, (hl-)
    00001471 57               [ 4] 4334 	ld	d, a
    00001472 5E               [ 8] 4335 	ld	e, (hl)
    00001473 D5               [16] 4336 	push	de
    00001474 F8 18            [12] 4337 	ldhl	sp,	#24
    00001476 7E               [ 8] 4338 	ld	a, (hl)
    00001477 F5               [16] 4339 	push	af
    00001478 33               [ 8] 4340 	inc	sp
    00001479 3E 70            [ 8] 4341 	ld	a, #0x70
    0000147B F8 0B            [12] 4342 	ldhl	sp,	#11
    0000147D 5E               [ 8] 4343 	ld	e, (hl)
    0000147E 23               [ 8] 4344 	inc	hl
    0000147F 56               [ 8] 4345 	ld	d, (hl)
    00001480 CDr46r07         [24] 4346 	call	_draw_oam_3x3
    00001483 F8 15            [12] 4347 	ldhl	sp,	#21
    00001485 86               [ 8] 4348 	add	a, (hl)
    00001486 77               [ 8] 4349 	ld	(hl), a
    00001487 18 4C            [12] 4350 	jr	00155$
    00001489                       4351 00147$:
                                   4352 ;src/gameplay.c:728: } else if (obj == OBJ_GRAVITY_DOWN || obj == OBJ_GRAVITY_UP) {
    00001489 F8 06            [12] 4353 	ldhl	sp,	#6
    0000148B 7E               [ 8] 4354 	ld	a, (hl)
    0000148C D6 08            [ 8] 4355 	sub	a, #0x08
    0000148E 28 07            [12] 4356 	jr	Z, 00142$
    00001490 F8 06            [12] 4357 	ldhl	sp,	#6
    00001492 7E               [ 8] 4358 	ld	a, (hl)
    00001493 D6 09            [ 8] 4359 	sub	a, #0x09
    00001495 20 20            [12] 4360 	jr	NZ, 00143$
    00001497                       4361 00142$:
                                   4362 ;src/gameplay.c:729: oam_start += draw_oam_2x3(sprite, FAMIDASH_SPRITE_TILE_BASE, oam_start, screen_x, screen_y, reversed);
    00001497 F8 14            [12] 4363 	ldhl	sp,	#20
    00001499 7E               [ 8] 4364 	ld	a, (hl)
    0000149A F5               [16] 4365 	push	af
    0000149B 33               [ 8] 4366 	inc	sp
    0000149C F8 0B            [12] 4367 	ldhl	sp,	#11
    0000149E 3A               [ 8] 4368 	ld	a, (hl-)
    0000149F 57               [ 4] 4369 	ld	d, a
    000014A0 5E               [ 8] 4370 	ld	e, (hl)
    000014A1 D5               [16] 4371 	push	de
    000014A2 F8 18            [12] 4372 	ldhl	sp,	#24
    000014A4 7E               [ 8] 4373 	ld	a, (hl)
    000014A5 F5               [16] 4374 	push	af
    000014A6 33               [ 8] 4375 	inc	sp
    000014A7 3E 70            [ 8] 4376 	ld	a, #0x70
    000014A9 F8 0B            [12] 4377 	ldhl	sp,	#11
    000014AB 5E               [ 8] 4378 	ld	e, (hl)
    000014AC 23               [ 8] 4379 	inc	hl
    000014AD 56               [ 8] 4380 	ld	d, (hl)
    000014AE CDr67r05         [24] 4381 	call	_draw_oam_2x3
    000014B1 F8 15            [12] 4382 	ldhl	sp,	#21
    000014B3 86               [ 8] 4383 	add	a, (hl)
    000014B4 77               [ 8] 4384 	ld	(hl), a
    000014B5 18 1E            [12] 4385 	jr	00155$
    000014B7                       4386 00143$:
                                   4387 ;src/gameplay.c:731: oam_start += draw_oam_2x1(sprite, FAMIDASH_SPRITE_TILE_BASE, oam_start, screen_x, screen_y, reversed);
    000014B7 F8 14            [12] 4388 	ldhl	sp,	#20
    000014B9 7E               [ 8] 4389 	ld	a, (hl)
    000014BA F5               [16] 4390 	push	af
    000014BB 33               [ 8] 4391 	inc	sp
    000014BC F8 0B            [12] 4392 	ldhl	sp,	#11
    000014BE 3A               [ 8] 4393 	ld	a, (hl-)
    000014BF 57               [ 4] 4394 	ld	d, a
    000014C0 5E               [ 8] 4395 	ld	e, (hl)
    000014C1 D5               [16] 4396 	push	de
    000014C2 F8 18            [12] 4397 	ldhl	sp,	#24
    000014C4 7E               [ 8] 4398 	ld	a, (hl)
    000014C5 F5               [16] 4399 	push	af
    000014C6 33               [ 8] 4400 	inc	sp
    000014C7 3E 70            [ 8] 4401 	ld	a, #0x70
    000014C9 F8 0B            [12] 4402 	ldhl	sp,	#11
    000014CB 5E               [ 8] 4403 	ld	e, (hl)
    000014CC 23               [ 8] 4404 	inc	hl
    000014CD 56               [ 8] 4405 	ld	d, (hl)
    000014CE CDrFFr03         [24] 4406 	call	_draw_oam_2x1
    000014D1 F8 15            [12] 4407 	ldhl	sp,	#21
    000014D3 86               [ 8] 4408 	add	a, (hl)
    000014D4 77               [ 8] 4409 	ld	(hl), a
    000014D5                       4410 00155$:
                                   4411 ;src/gameplay.c:672: for (i = 0; i < MAX_ACTIVE_SP_OBJECTS && oam_start < MAX_HARDWARE_SPRITES - 2; i++) {
    000014D5 F8 0F            [12] 4412 	ldhl	sp,	#15
    000014D7 34               [12] 4413 	inc	(hl)
    000014D8 C3r7Ar12         [16] 4414 	jp	00161$
    000014DB                       4415 00156$:
                                   4416 ;src/gameplay.c:734: return oam_start;
    000014DB F8 15            [12] 4417 	ldhl	sp,	#21
    000014DD 7E               [ 8] 4418 	ld	a, (hl)
                                   4419 ;src/gameplay.c:735: }
    000014DE E8 10            [16] 4420 	add	sp, #16
    000014E0 E1               [12] 4421 	pop	hl
    000014E1 E8 04            [16] 4422 	add	sp, #4
    000014E3 E9               [ 4] 4423 	jp	(hl)
                                   4424 ;src/gameplay.c:737: void setup_menu_font(void) BANKED {
                                   4425 ;	---------------------------------
                                   4426 ; Function setup_menu_font
                                   4427 ; ---------------------------------
                         0000000A  4428 	b_setup_menu_font	= 10
    000014E4                       4429 _setup_menu_font::
                                   4430 ;src/gameplay.c:738: set_bkg_data(FONT_PUSAB_START, 39, FontPusab);
    000014E4 11r00r00         [12] 4431 	ld	de, #_FontPusab
    000014E7 D5               [16] 4432 	push	de
    000014E8 21 D0 27         [12] 4433 	ld	hl, #0x27d0
    000014EB E5               [16] 4434 	push	hl
    000014EC CDr00r00         [24] 4435 	call	_set_bkg_data
    000014EF E8 04            [16] 4436 	add	sp, #4
                                   4437 ;src/gameplay.c:739: }
    000014F1 C9               [16] 4438 	ret
                                   4439 ;src/gameplay.c:741: void draw_text(uint8_t x, uint8_t y, const char *str) BANKED {
                                   4440 ;	---------------------------------
                                   4441 ; Function draw_text
                                   4442 ; ---------------------------------
                         0000000A  4443 	b_draw_text	= 10
    000014F2                       4444 _draw_text::
    000014F2 3B               [ 8] 4445 	dec	sp
                                   4446 ;src/gameplay.c:743: while (*str) {
    000014F3 F8 07            [12] 4447 	ldhl	sp,	#7
    000014F5 7E               [ 8] 4448 	ld	a, (hl)
    000014F6 F8 00            [12] 4449 	ldhl	sp,	#0
    000014F8 77               [ 8] 4450 	ld	(hl), a
    000014F9 F8 09            [12] 4451 	ldhl	sp,	#9
    000014FB 2A               [ 8] 4452 	ld	a, (hl+)
    000014FC 4F               [ 4] 4453 	ld	c, a
    000014FD 46               [ 8] 4454 	ld	b, (hl)
    000014FE                       4455 00122$:
    000014FE 0A               [ 8] 4456 	ld	a, (bc)
    000014FF B7               [ 4] 4457 	or	a, a
    00001500 28 66            [12] 4458 	jr	Z, 00125$
                                   4459 ;src/gameplay.c:744: char c = *str;
                                   4460 ;src/gameplay.c:745: if (c == ' ') tile = 0;
    00001502 6F               [ 4] 4461 	ld	l, a
    00001503 D6 20            [ 8] 4462 	sub	a, #0x20
    00001505 20 03            [12] 4463 	jr	NZ, 00120$
    00001507 AF               [ 4] 4464 	xor	a, a
    00001508 18 46            [12] 4465 	jr	00121$
    0000150A                       4466 00120$:
                                   4467 ;src/gameplay.c:746: else if (c == '%') tile = 1;
    0000150A 7D               [ 4] 4468 	ld	a, l
    0000150B D6 25            [ 8] 4469 	sub	a, #0x25
    0000150D 20 04            [12] 4470 	jr	NZ, 00117$
    0000150F 3E 01            [ 8] 4471 	ld	a, #0x01
    00001511 18 3D            [12] 4472 	jr	00121$
    00001513                       4473 00117$:
                                   4474 ;src/gameplay.c:747: else if (c == '/') tile = 2;
    00001513 7D               [ 4] 4475 	ld	a, l
    00001514 D6 2F            [ 8] 4476 	sub	a, #0x2f
    00001516 20 04            [12] 4477 	jr	NZ, 00114$
    00001518 3E 02            [ 8] 4478 	ld	a, #0x02
    0000151A 18 34            [12] 4479 	jr	00121$
    0000151C                       4480 00114$:
                                   4481 ;src/gameplay.c:748: else if (c >= '0' && c <= '9') tile = (c - '0') + 3;
    0000151C 7D               [ 4] 4482 	ld	a, l
    0000151D EE 80            [ 8] 4483 	xor	a, #0x80
    0000151F D6 B0            [ 8] 4484 	sub	a, #0xb0
    00001521 38 0A            [12] 4485 	jr	C, 00110$
    00001523 3E 39            [ 8] 4486 	ld	a, #0x39
    00001525 95               [ 4] 4487 	sub	a, l
    00001526 38 05            [12] 4488 	jr	C, 00110$
    00001528 7D               [ 4] 4489 	ld	a, l
    00001529 C6 D3            [ 8] 4490 	add	a, #0xd3
    0000152B 18 23            [12] 4491 	jr	00121$
    0000152D                       4492 00110$:
                                   4493 ;src/gameplay.c:749: else if (c >= 'A' && c <= 'Z') tile = (c - 'A') + 13;
    0000152D 7D               [ 4] 4494 	ld	a, l
    0000152E EE 80            [ 8] 4495 	xor	a, #0x80
    00001530 D6 C1            [ 8] 4496 	sub	a, #0xc1
    00001532 38 0A            [12] 4497 	jr	C, 00106$
    00001534 3E 5A            [ 8] 4498 	ld	a, #0x5a
    00001536 95               [ 4] 4499 	sub	a, l
    00001537 38 05            [12] 4500 	jr	C, 00106$
    00001539 7D               [ 4] 4501 	ld	a, l
    0000153A C6 CC            [ 8] 4502 	add	a, #0xcc
    0000153C 18 12            [12] 4503 	jr	00121$
    0000153E                       4504 00106$:
                                   4505 ;src/gameplay.c:750: else if (c >= 'a' && c <= 'z') tile = (c - 'a') + 13;
    0000153E 7D               [ 4] 4506 	ld	a, l
    0000153F EE 80            [ 8] 4507 	xor	a, #0x80
    00001541 D6 E1            [ 8] 4508 	sub	a, #0xe1
    00001543 38 0A            [12] 4509 	jr	C, 00102$
    00001545 3E 7A            [ 8] 4510 	ld	a, #0x7a
    00001547 95               [ 4] 4511 	sub	a, l
    00001548 38 05            [12] 4512 	jr	C, 00102$
    0000154A 7D               [ 4] 4513 	ld	a, l
    0000154B C6 AC            [ 8] 4514 	add	a, #0xac
    0000154D 18 01            [12] 4515 	jr	00121$
    0000154F                       4516 00102$:
                                   4517 ;src/gameplay.c:751: else tile = 0;
    0000154F AF               [ 4] 4518 	xor	a, a
    00001550                       4519 00121$:
                                   4520 ;src/gameplay.c:752: set_bkg_tile_xy(x++, y, FONT_PUSAB_START + tile);
    00001550 C6 D0            [ 8] 4521 	add	a, #0xd0
    00001552 5F               [ 4] 4522 	ld	e, a
    00001553 F8 00            [12] 4523 	ldhl	sp,	#0
    00001555 56               [ 8] 4524 	ld	d, (hl)
    00001556 34               [12] 4525 	inc	(hl)
    00001557 7E               [ 8] 4526 	ld	a, (hl)
    00001558 F8 07            [12] 4527 	ldhl	sp,	#7
    0000155A 22               [ 8] 4528 	ld	(hl+), a
    0000155B C5               [16] 4529 	push	bc
    0000155C 7B               [ 4] 4530 	ld	a, e
    0000155D F5               [16] 4531 	push	af
    0000155E 33               [ 8] 4532 	inc	sp
    0000155F 5E               [ 8] 4533 	ld	e, (hl)
    00001560 7A               [ 4] 4534 	ld	a, d
    00001561 CDr00r00         [24] 4535 	call	_set_bkg_tile_xy
    00001564 C1               [12] 4536 	pop	bc
                                   4537 ;src/gameplay.c:753: str++;
    00001565 03               [ 8] 4538 	inc	bc
    00001566 18 96            [12] 4539 	jr	00122$
    00001568                       4540 00125$:
                                   4541 ;src/gameplay.c:755: }
    00001568 33               [ 8] 4542 	inc	sp
    00001569 C9               [16] 4543 	ret
                                   4544 ;src/gameplay.c:757: void draw_levels(void) BANKED {
                                   4545 ;	---------------------------------
                                   4546 ; Function draw_levels
                                   4547 ; ---------------------------------
                         0000000A  4548 	b_draw_levels	= 10
    0000156A                       4549 _draw_levels::
                                   4550 ;src/gameplay.c:758: if (_cpu == CGB_TYPE) {
    0000156A FAr00r00         [16] 4551 	ld	a, (#__cpu)
    0000156D D6 11            [ 8] 4552 	sub	a, #0x11
    0000156F 20 24            [12] 4553 	jr	NZ, 00102$
                                   4554 ;src/gameplay.c:763: set_bkg_palette(0, 1, menu_pal);
    00001571 11r3Dr16         [12] 4555 	ld	de, #_draw_levels_menu_pal_30000_389
    00001574 D5               [16] 4556 	push	de
    00001575 AF               [ 4] 4557 	xor	a, a
    00001576 3C               [ 4] 4558 	inc	a
    00001577 F5               [16] 4559 	push	af
    00001578 CDr00r00         [24] 4560 	call	_set_bkg_palette
    0000157B E8 04            [16] 4561 	add	sp, #4
                                   4562 ;src/gameplay.c:767: VBK_REG = 1;
    0000157D 3E 01            [ 8] 4563 	ld	a, #0x01
    0000157F E0r00            [12] 4564 	ldh	(_VBK_REG + 0), a
                                   4565 ;src/gameplay.c:768: fill_bkg_rect(0, 0, 32, 32, 0x00);
    00001581 AF               [ 4] 4566 	xor	a, a
    00001582 67               [ 4] 4567 	ld	h, a
    00001583 2E 20            [ 8] 4568 	ld	l, #0x20
    00001585 E5               [16] 4569 	push	hl
    00001586 3E 20            [ 8] 4570 	ld	a, #0x20
    00001588 F5               [16] 4571 	push	af
    00001589 33               [ 8] 4572 	inc	sp
    0000158A AF               [ 4] 4573 	xor	a, a
    0000158B 0F               [ 4] 4574 	rrca
    0000158C F5               [16] 4575 	push	af
    0000158D CDr00r00         [24] 4576 	call	_fill_bkg_rect
    00001590 E8 05            [16] 4577 	add	sp, #5
                                   4578 ;src/gameplay.c:769: VBK_REG = 0;
    00001592 AF               [ 4] 4579 	xor	a, a
    00001593 E0r00            [12] 4580 	ldh	(_VBK_REG + 0), a
    00001595                       4581 00102$:
                                   4582 ;src/gameplay.c:771: BGP_REG = 0x2F; // Inverted Palette: White=00, Light Gray=Dark Gray(10), Dark Gray=Black(11), Black=Black(11)
    00001595 3E 2F            [ 8] 4583 	ld	a, #0x2f
    00001597 E0r00            [12] 4584 	ldh	(_BGP_REG + 0), a
                                   4585 ;src/gameplay.c:772: fill_bkg_rect(0, 0, 20, 18, 0x00);
    00001599 AF               [ 4] 4586 	xor	a, a
    0000159A 67               [ 4] 4587 	ld	h, a
    0000159B 2E 12            [ 8] 4588 	ld	l, #0x12
    0000159D E5               [16] 4589 	push	hl
    0000159E 3E 14            [ 8] 4590 	ld	a, #0x14
    000015A0 F5               [16] 4591 	push	af
    000015A1 33               [ 8] 4592 	inc	sp
    000015A2 AF               [ 4] 4593 	xor	a, a
    000015A3 0F               [ 4] 4594 	rrca
    000015A4 F5               [16] 4595 	push	af
    000015A5 CDr00r00         [24] 4596 	call	_fill_bkg_rect
    000015A8 E8 05            [16] 4597 	add	sp, #5
                                   4598 ;src/gameplay.c:773: draw_text(0, 0, "GD POCKET DEMO 02");
    000015AA 11r45r16         [12] 4599 	ld	de, #___str_0
    000015AD D5               [16] 4600 	push	de
    000015AE AF               [ 4] 4601 	xor	a, a
    000015AF 0F               [ 4] 4602 	rrca
    000015B0 F5               [16] 4603 	push	af
    000015B1 1Er00            [ 8] 4604 	ld	e, #b_draw_text
    000015B3 21rF2r14         [12] 4605 	ld	hl, #_draw_text
    000015B6 CDr00r00         [24] 4606 	call	___sdcc_bcall_ehl
    000015B9 E8 04            [16] 4607 	add	sp, #4
                                   4608 ;src/gameplay.c:774: for (uint8_t i = 0; i < MAX_LEVELS; i++) {
    000015BB 0E 00            [ 8] 4609 	ld	c, #0x00
    000015BD                       4610 00108$:
    000015BD FAr00r00         [16] 4611 	ld	a, (_MAX_LEVELS)
    000015C0 47               [ 4] 4612 	ld	b, a
    000015C1 79               [ 4] 4613 	ld	a, c
    000015C2 90               [ 4] 4614 	sub	a, b
    000015C3 30 5B            [12] 4615 	jr	NC, 00106$
                                   4616 ;src/gameplay.c:776: draw_text(1, 2 + i, "0"); // cursor icon
    000015C5 41               [ 4] 4617 	ld	b, c
                                   4618 ;src/gameplay.c:777: draw_text(3, 2 + i, game_levels[i]->name);
    000015C6 69               [ 4] 4619 	ld	l, c
    000015C7 AF               [ 4] 4620 	xor	a, a
                                   4621 ;src/gameplay.c:776: draw_text(1, 2 + i, "0"); // cursor icon
    000015C8 04               [ 4] 4622 	inc	b
    000015C9 04               [ 4] 4623 	inc	b
                                   4624 ;src/gameplay.c:777: draw_text(3, 2 + i, game_levels[i]->name);
    000015CA 67               [ 4] 4625 	ld	h, a
    000015CB 29               [ 8] 4626 	add	hl, hl
                                   4627 ;src/gameplay.c:775: if (i == selected) {
    000015CC FAr00r00         [16] 4628 	ld	a, (_selected)
    000015CF 91               [ 4] 4629 	sub	a, c
    000015D0 20 31            [12] 4630 	jr	NZ, 00104$
                                   4631 ;src/gameplay.c:776: draw_text(1, 2 + i, "0"); // cursor icon
    000015D2 E5               [16] 4632 	push	hl
    000015D3 C5               [16] 4633 	push	bc
    000015D4 11r57r16         [12] 4634 	ld	de, #___str_1
    000015D7 D5               [16] 4635 	push	de
    000015D8 0E 01            [ 8] 4636 	ld	c, #0x01
    000015DA C5               [16] 4637 	push	bc
    000015DB 1Er00            [ 8] 4638 	ld	e, #b_draw_text
    000015DD 21rF2r14         [12] 4639 	ld	hl, #_draw_text
    000015E0 CDr00r00         [24] 4640 	call	___sdcc_bcall_ehl
    000015E3 E8 04            [16] 4641 	add	sp, #4
    000015E5 C1               [12] 4642 	pop	bc
    000015E6 E1               [12] 4643 	pop	hl
                                   4644 ;src/gameplay.c:777: draw_text(3, 2 + i, game_levels[i]->name);
    000015E7 11r00r00         [12] 4645 	ld	de, #_game_levels
    000015EA 19               [ 8] 4646 	add	hl, de
    000015EB 2A               [ 8] 4647 	ld	a,	(hl+)
    000015EC 66               [ 8] 4648 	ld	h, (hl)
    000015ED 6F               [ 4] 4649 	ld	l, a
    000015EE 2A               [ 8] 4650 	ld	a,	(hl+)
    000015EF 66               [ 8] 4651 	ld	h, (hl)
    000015F0 6F               [ 4] 4652 	ld	l, a
    000015F1 C5               [16] 4653 	push	bc
    000015F2 E5               [16] 4654 	push	hl
    000015F3 0E 03            [ 8] 4655 	ld	c, #0x03
    000015F5 C5               [16] 4656 	push	bc
    000015F6 1Er00            [ 8] 4657 	ld	e, #b_draw_text
    000015F8 21rF2r14         [12] 4658 	ld	hl, #_draw_text
    000015FB CDr00r00         [24] 4659 	call	___sdcc_bcall_ehl
    000015FE E8 04            [16] 4660 	add	sp, #4
    00001600 C1               [12] 4661 	pop	bc
    00001601 18 1A            [12] 4662 	jr	00109$
    00001603                       4663 00104$:
                                   4664 ;src/gameplay.c:779: draw_text(3, 2 + i, game_levels[i]->name);
    00001603 11r00r00         [12] 4665 	ld	de, #_game_levels
    00001606 19               [ 8] 4666 	add	hl, de
    00001607 2A               [ 8] 4667 	ld	a,	(hl+)
    00001608 66               [ 8] 4668 	ld	h, (hl)
    00001609 6F               [ 4] 4669 	ld	l, a
    0000160A 2A               [ 8] 4670 	ld	a,	(hl+)
    0000160B 66               [ 8] 4671 	ld	h, (hl)
    0000160C 6F               [ 4] 4672 	ld	l, a
    0000160D C5               [16] 4673 	push	bc
    0000160E E5               [16] 4674 	push	hl
    0000160F 0E 03            [ 8] 4675 	ld	c, #0x03
    00001611 C5               [16] 4676 	push	bc
    00001612 1Er00            [ 8] 4677 	ld	e, #b_draw_text
    00001614 21rF2r14         [12] 4678 	ld	hl, #_draw_text
    00001617 CDr00r00         [24] 4679 	call	___sdcc_bcall_ehl
    0000161A E8 04            [16] 4680 	add	sp, #4
    0000161C C1               [12] 4681 	pop	bc
    0000161D                       4682 00109$:
                                   4683 ;src/gameplay.c:774: for (uint8_t i = 0; i < MAX_LEVELS; i++) {
    0000161D 0C               [ 4] 4684 	inc	c
    0000161E 18 9D            [12] 4685 	jr	00108$
    00001620                       4686 00106$:
                                   4687 ;src/gameplay.c:782: draw_text(0, 16, "SOTOSPRO24");
    00001620 11r59r16         [12] 4688 	ld	de, #___str_2
    00001623 D5               [16] 4689 	push	de
    00001624 21 00 10         [12] 4690 	ld	hl, #0x1000
    00001627 E5               [16] 4691 	push	hl
    00001628 1Er00            [ 8] 4692 	ld	e, #b_draw_text
    0000162A 21rF2r14         [12] 4693 	ld	hl, #_draw_text
    0000162D CDr00r00         [24] 4694 	call	___sdcc_bcall_ehl
    00001630 E8 04            [16] 4695 	add	sp, #4
                                   4696 ;src/gameplay.c:783: SHOW_BKG;
    00001632 F0r00            [12] 4697 	ldh	a, (_LCDC_REG + 0)
    00001634 F6 01            [ 8] 4698 	or	a, #0x01
    00001636 E0r00            [12] 4699 	ldh	(_LCDC_REG + 0), a
                                   4700 ;src/gameplay.c:784: redraw = 0;
    00001638 AF               [ 4] 4701 	xor	a, a
    00001639 EAr00r00         [16] 4702 	ld	(#_redraw),a
                                   4703 ;src/gameplay.c:785: }
    0000163C C9               [16] 4704 	ret
    0000163D                       4705 _draw_levels_menu_pal_30000_389:
    0000163D 42 14                 4706 	.dw #0x1442
    0000163F 8C 49                 4707 	.dw #0x498c
    00001641 39 7F                 4708 	.dw #0x7f39
    00001643 FF 7F                 4709 	.dw #0x7fff
    00001645                       4710 ___str_0:
    00001645 47 44 20 50 4F 43 4B  4711 	.ascii "GD POCKET DEMO 02"
             45 54 20 44 45 4D 4F
             20 30 32
    00001656 00                    4712 	.db 0x00
    00001657                       4713 ___str_1:
    00001657 30                    4714 	.ascii "0"
    00001658 00                    4715 	.db 0x00
    00001659                       4716 ___str_2:
    00001659 53 4F 54 4F 53 50 52  4717 	.ascii "SOTOSPRO24"
             4F 32 34
    00001663 00                    4718 	.db 0x00
                                   4719 ;src/gameplay.c:787: void play_level(uint8_t idx) BANKED {
                                   4720 ;	---------------------------------
                                   4721 ; Function play_level
                                   4722 ; ---------------------------------
                         0000000A  4723 	b_play_level	= 10
    00001664                       4724 _play_level::
    00001664 21 22 FF         [12] 4725 	ld	hl, #-222
    00001667 39               [ 8] 4726 	add	hl, sp
    00001668 F9               [ 8] 4727 	ld	sp, hl
                                   4728 ;src/gameplay.c:797: l = game_levels[idx];
    00001669 01r00r00         [12] 4729 	ld	bc, #_game_levels+0
    0000166C 21 E4 00         [12] 4730 	ld	hl, #228
    0000166F 39               [ 8] 4731 	add	hl, sp
    00001670 5E               [ 8] 4732 	ld	e, (hl)
    00001671 AF               [ 4] 4733 	xor	a, a
    00001672 CB 23            [ 8] 4734 	sla	e
    00001674 8F               [ 4] 4735 	adc	a, a
    00001675 21 DC 00         [12] 4736 	ld	hl, #220
    00001678 39               [ 8] 4737 	add	hl, sp
    00001679 73               [ 8] 4738 	ld	(hl), e
    0000167A 23               [ 8] 4739 	inc	hl
    0000167B 32               [ 8] 4740 	ld	(hl-), a
    0000167C 2A               [ 8] 4741 	ld	a,	(hl+)
    0000167D 66               [ 8] 4742 	ld	h, (hl)
    0000167E 6F               [ 4] 4743 	ld	l, a
    0000167F 09               [ 8] 4744 	add	hl, bc
    00001680 4D               [ 4] 4745 	ld	c, l
    00001681 44               [ 4] 4746 	ld	b, h
    00001682 59               [ 4] 4747 	ld	e, c
    00001683 50               [ 4] 4748 	ld	d, b
    00001684 1A               [ 8] 4749 	ld	a, (de)
    00001685 21 B1 00         [12] 4750 	ld	hl, #177
    00001688 39               [ 8] 4751 	add	hl, sp
    00001689 22               [ 8] 4752 	ld	(hl+), a
    0000168A 13               [ 8] 4753 	inc	de
    0000168B 1A               [ 8] 4754 	ld	a, (de)
                                   4755 ;src/gameplay.c:798: level_tiles = l->tiles;
    0000168C 32               [ 8] 4756 	ld	(hl-), a
    0000168D 2A               [ 8] 4757 	ld	a, (hl+)
    0000168E 4F               [ 4] 4758 	ld	c, a
    0000168F 2A               [ 8] 4759 	ld	a, (hl+)
    00001690 47               [ 4] 4760 	ld	b, a
    00001691 03               [ 8] 4761 	inc	bc
    00001692 03               [ 8] 4762 	inc	bc
    00001693 59               [ 4] 4763 	ld	e, c
    00001694 50               [ 4] 4764 	ld	d, b
    00001695 1A               [ 8] 4765 	ld	a, (de)
    00001696 22               [ 8] 4766 	ld	(hl+), a
    00001697 13               [ 8] 4767 	inc	de
    00001698 1A               [ 8] 4768 	ld	a, (de)
                                   4769 ;src/gameplay.c:799: level_map = l->map;
    00001699 32               [ 8] 4770 	ld	(hl-), a
    0000169A 2B               [ 8] 4771 	dec	hl
    0000169B 2B               [ 8] 4772 	dec	hl
    0000169C 2A               [ 8] 4773 	ld	a, (hl+)
    0000169D 5F               [ 4] 4774 	ld	e, a
    0000169E 56               [ 8] 4775 	ld	d, (hl)
    0000169F 21 06 00         [12] 4776 	ld	hl, #0x0006
    000016A2 19               [ 8] 4777 	add	hl, de
    000016A3 4D               [ 4] 4778 	ld	c, l
    000016A4 44               [ 4] 4779 	ld	b, h
    000016A5 59               [ 4] 4780 	ld	e, c
    000016A6 50               [ 4] 4781 	ld	d, b
    000016A7 1A               [ 8] 4782 	ld	a, (de)
    000016A8 21 B5 00         [12] 4783 	ld	hl, #181
    000016AB 39               [ 8] 4784 	add	hl, sp
    000016AC 22               [ 8] 4785 	ld	(hl+), a
    000016AD 13               [ 8] 4786 	inc	de
    000016AE 1A               [ 8] 4787 	ld	a, (de)
    000016AF 77               [ 8] 4788 	ld	(hl), a
                                   4789 ;src/gameplay.c:800: level_tile_count = l->tile_count;
    000016B0 21 B1 00         [12] 4790 	ld	hl,#0xb1
    000016B3 39               [ 8] 4791 	add	hl,sp
    000016B4 2A               [ 8] 4792 	ld	a, (hl+)
    000016B5 5F               [ 4] 4793 	ld	e, a
    000016B6 56               [ 8] 4794 	ld	d, (hl)
    000016B7 21 08 00         [12] 4795 	ld	hl, #0x0008
    000016BA 19               [ 8] 4796 	add	hl, de
    000016BB 4D               [ 4] 4797 	ld	c, l
    000016BC 44               [ 4] 4798 	ld	b, h
    000016BD 59               [ 4] 4799 	ld	e, c
    000016BE 50               [ 4] 4800 	ld	d, b
    000016BF 1A               [ 8] 4801 	ld	a, (de)
    000016C0 21 B7 00         [12] 4802 	ld	hl, #183
    000016C3 39               [ 8] 4803 	add	hl, sp
    000016C4 22               [ 8] 4804 	ld	(hl+), a
    000016C5 13               [ 8] 4805 	inc	de
    000016C6 1A               [ 8] 4806 	ld	a, (de)
    000016C7 77               [ 8] 4807 	ld	(hl), a
                                   4808 ;src/gameplay.c:801: level_map_w = l->map_width;
    000016C8 21 B1 00         [12] 4809 	ld	hl,#0xb1
    000016CB 39               [ 8] 4810 	add	hl,sp
    000016CC 2A               [ 8] 4811 	ld	a, (hl+)
    000016CD 5F               [ 4] 4812 	ld	e, a
    000016CE 56               [ 8] 4813 	ld	d, (hl)
    000016CF 21 0A 00         [12] 4814 	ld	hl, #0x000a
    000016D2 19               [ 8] 4815 	add	hl, de
    000016D3 4D               [ 4] 4816 	ld	c, l
    000016D4 44               [ 4] 4817 	ld	b, h
    000016D5 59               [ 4] 4818 	ld	e, c
    000016D6 50               [ 4] 4819 	ld	d, b
    000016D7 1A               [ 8] 4820 	ld	a, (de)
    000016D8 21 B9 00         [12] 4821 	ld	hl, #185
    000016DB 39               [ 8] 4822 	add	hl, sp
    000016DC 22               [ 8] 4823 	ld	(hl+), a
    000016DD 13               [ 8] 4824 	inc	de
    000016DE 1A               [ 8] 4825 	ld	a, (de)
    000016DF 77               [ 8] 4826 	ld	(hl), a
                                   4827 ;src/gameplay.c:802: level_map_h = l->map_height;
    000016E0 21 B1 00         [12] 4828 	ld	hl,#0xb1
    000016E3 39               [ 8] 4829 	add	hl,sp
    000016E4 2A               [ 8] 4830 	ld	a, (hl+)
    000016E5 5F               [ 4] 4831 	ld	e, a
    000016E6 56               [ 8] 4832 	ld	d, (hl)
    000016E7 21 0C 00         [12] 4833 	ld	hl, #0x000c
    000016EA 19               [ 8] 4834 	add	hl, de
    000016EB 4D               [ 4] 4835 	ld	c, l
    000016EC 44               [ 4] 4836 	ld	b, h
    000016ED 59               [ 4] 4837 	ld	e, c
    000016EE 50               [ 4] 4838 	ld	d, b
    000016EF 1A               [ 8] 4839 	ld	a, (de)
    000016F0 21 BB 00         [12] 4840 	ld	hl, #187
    000016F3 39               [ 8] 4841 	add	hl, sp
    000016F4 22               [ 8] 4842 	ld	(hl+), a
    000016F5 13               [ 8] 4843 	inc	de
    000016F6 1A               [ 8] 4844 	ld	a, (de)
                                   4845 ;src/gameplay.c:803: level_tiles_bank = BANK(chr_gb);
    000016F7 22               [ 8] 4846 	ld	(hl+), a
    000016F8 36r00            [12] 4847 	ld	(hl), #<(___bank_chr_gb)
                                   4848 ;src/gameplay.c:804: level_map_bank = l->map_bank;
    000016FA 21 B1 00         [12] 4849 	ld	hl,#0xb1
    000016FD 39               [ 8] 4850 	add	hl,sp
    000016FE 2A               [ 8] 4851 	ld	a, (hl+)
    000016FF 5F               [ 4] 4852 	ld	e, a
    00001700 56               [ 8] 4853 	ld	d, (hl)
    00001701 21 10 00         [12] 4854 	ld	hl, #0x0010
    00001704 19               [ 8] 4855 	add	hl, de
    00001705 4D               [ 4] 4856 	ld	c, l
    00001706 44               [ 4] 4857 	ld	b, h
    00001707 0A               [ 8] 4858 	ld	a, (bc)
    00001708 21 BE 00         [12] 4859 	ld	hl, #190
    0000170B 39               [ 8] 4860 	add	hl, sp
    0000170C 77               [ 8] 4861 	ld	(hl), a
                                   4862 ;src/gameplay.c:805: if (_cpu == CGB_TYPE) level_tiles = chr_gb_cgb_tiles;
    0000170D FAr00r00         [16] 4863 	ld	a, (#__cpu)
    00001710 D6 11            [ 8] 4864 	sub	a, #0x11
    00001712 20 09            [12] 4865 	jr	NZ, 00102$
    00001714 21 B3 00         [12] 4866 	ld	hl, #179
    00001717 39               [ 8] 4867 	add	hl, sp
    00001718 3Er00            [ 8] 4868 	ld	a, #<(_chr_gb_cgb_tiles)
    0000171A 22               [ 8] 4869 	ld	(hl+), a
    0000171B 36s00            [12] 4870 	ld	(hl), #>(_chr_gb_cgb_tiles)
    0000171D                       4871 00102$:
                                   4872 ;src/gameplay.c:807: NR52_REG = 0x80;
    0000171D 3E 80            [ 8] 4873 	ld	a, #0x80
    0000171F E0r00            [12] 4874 	ldh	(_NR52_REG + 0), a
                                   4875 ;src/gameplay.c:808: NR51_REG = 0xFF;
    00001721 3E FF            [ 8] 4876 	ld	a, #0xff
    00001723 E0r00            [12] 4877 	ldh	(_NR51_REG + 0), a
                                   4878 ;src/gameplay.c:809: NR50_REG = 0x77;
    00001725 3E 77            [ 8] 4879 	ld	a, #0x77
    00001727 E0r00            [12] 4880 	ldh	(_NR50_REG + 0), a
                                   4881 ;src/gameplay.c:811: if (level_songs[idx]) {
    00001729 11r00r00         [12] 4882 	ld	de, #_level_songs
    0000172C 21 DC 00         [12] 4883 	ld	hl, #220
    0000172F 39               [ 8] 4884 	add	hl, sp
    00001730 2A               [ 8] 4885 	ld	a,	(hl+)
    00001731 66               [ 8] 4886 	ld	h, (hl)
    00001732 6F               [ 4] 4887 	ld	l, a
    00001733 19               [ 8] 4888 	add	hl, de
    00001734 E5               [16] 4889 	push	hl
    00001735 7D               [ 4] 4890 	ld	a, l
    00001736 21 C1 00         [12] 4891 	ld	hl, #193
    00001739 39               [ 8] 4892 	add	hl, sp
    0000173A 77               [ 8] 4893 	ld	(hl), a
    0000173B E1               [12] 4894 	pop	hl
    0000173C 7C               [ 4] 4895 	ld	a, h
    0000173D 21 C0 00         [12] 4896 	ld	hl, #192
    00001740 39               [ 8] 4897 	add	hl, sp
    00001741 32               [ 8] 4898 	ld	(hl-), a
    00001742 2A               [ 8] 4899 	ld	a, (hl+)
    00001743 5F               [ 4] 4900 	ld	e, a
    00001744 56               [ 8] 4901 	ld	d, (hl)
    00001745 1A               [ 8] 4902 	ld	a, (de)
    00001746 4F               [ 4] 4903 	ld	c, a
    00001747 13               [ 8] 4904 	inc	de
    00001748 1A               [ 8] 4905 	ld	a, (de)
    00001749 47               [ 4] 4906 	ld	b, a
    0000174A B1               [ 4] 4907 	or	a, c
    0000174B 28 38            [12] 4908 	jr	Z, 00104$
                                   4909 ;src/gameplay.c:812: init_music_banked(level_songs[idx], song_bank[idx], l->timer_divider);
    0000174D 21 B1 00         [12] 4910 	ld	hl,#0xb1
    00001750 39               [ 8] 4911 	add	hl,sp
    00001751 2A               [ 8] 4912 	ld	a, (hl+)
    00001752 5F               [ 4] 4913 	ld	e, a
    00001753 56               [ 8] 4914 	ld	d, (hl)
    00001754 21 11 00         [12] 4915 	ld	hl, #0x0011
    00001757 19               [ 8] 4916 	add	hl, de
    00001758 5D               [ 4] 4917 	ld	e, l
    00001759 54               [ 4] 4918 	ld	d, h
    0000175A 1A               [ 8] 4919 	ld	a, (de)
    0000175B 21 DD 00         [12] 4920 	ld	hl, #221
    0000175E 39               [ 8] 4921 	add	hl, sp
    0000175F 77               [ 8] 4922 	ld	(hl), a
    00001760 11r00r00         [12] 4923 	ld	de, #_song_bank+0
    00001763 21 E4 00         [12] 4924 	ld	hl, #228
    00001766 39               [ 8] 4925 	add	hl, sp
    00001767 6E               [ 8] 4926 	ld	l, (hl)
    00001768 26 00            [ 8] 4927 	ld	h, #0x00
    0000176A 19               [ 8] 4928 	add	hl, de
    0000176B 5D               [ 4] 4929 	ld	e, l
    0000176C 54               [ 4] 4930 	ld	d, h
    0000176D 1A               [ 8] 4931 	ld	a, (de)
    0000176E D5               [16] 4932 	push	de
    0000176F 21 DF 00         [12] 4933 	ld	hl, #223
    00001772 39               [ 8] 4934 	add	hl, sp
    00001773 66               [ 8] 4935 	ld	h, (hl)
    00001774 E5               [16] 4936 	push	hl
    00001775 33               [ 8] 4937 	inc	sp
    00001776 59               [ 4] 4938 	ld	e, c
    00001777 50               [ 4] 4939 	ld	d, b
    00001778 CDr00r00         [24] 4940 	call	_init_music_banked
    0000177B D1               [12] 4941 	pop	de
                                   4942 ;src/gameplay.c:813: current_song_bank = song_bank[idx];
    0000177C 1A               [ 8] 4943 	ld	a, (de)
    0000177D EAr00r00         [16] 4944 	ld	(#_current_song_bank),a
                                   4945 ;src/gameplay.c:814: music_ready = 1;
    00001780 21r00r00         [12] 4946 	ld	hl, #_music_ready
    00001783 36 01            [12] 4947 	ld	(hl), #0x01
    00001785                       4948 00104$:
                                   4949 ;src/gameplay.c:817: uint16_t cam_px = 0;
    00001785 AF               [ 4] 4950 	xor	a, a
    00001786 21 DC 00         [12] 4951 	ld	hl, #220
    00001789 39               [ 8] 4952 	add	hl, sp
    0000178A 22               [ 8] 4953 	ld	(hl+), a
    0000178B 77               [ 8] 4954 	ld	(hl), a
                                   4955 ;src/gameplay.c:818: uint16_t cam_py = 112;
    0000178C 21 C1 00         [12] 4956 	ld	hl, #193
    0000178F 39               [ 8] 4957 	add	hl, sp
    00001790 3E 70            [ 8] 4958 	ld	a, #0x70
    00001792 22               [ 8] 4959 	ld	(hl+), a
    00001793 AF               [ 4] 4960 	xor	a, a
    00001794 77               [ 8] 4961 	ld	(hl), a
                                   4962 ;src/gameplay.c:819: uint16_t cam_py_max = (level_map_h << 4);
    00001795 21 BB 00         [12] 4963 	ld	hl, #187
    00001798 39               [ 8] 4964 	add	hl, sp
    00001799 2A               [ 8] 4965 	ld	a, (hl+)
    0000179A 46               [ 8] 4966 	ld	b, (hl)
    0000179B 87               [ 4] 4967 	add	a, a
    0000179C CB 10            [ 8] 4968 	rl	b
    0000179E 87               [ 4] 4969 	add	a, a
    0000179F CB 10            [ 8] 4970 	rl	b
    000017A1 87               [ 4] 4971 	add	a, a
    000017A2 CB 10            [ 8] 4972 	rl	b
    000017A4 87               [ 4] 4973 	add	a, a
    000017A5 CB 10            [ 8] 4974 	rl	b
                                   4975 ;src/gameplay.c:820: if (cam_py_max > 144u) cam_py_max -= 144u;
    000017A7 4F               [ 4] 4976 	ld	c, a
    000017A8 3E 90            [ 8] 4977 	ld	a, #0x90
    000017AA B9               [ 4] 4978 	cp	a, c
    000017AB 3E 00            [ 8] 4979 	ld	a, #0x00
    000017AD 98               [ 4] 4980 	sbc	a, b
    000017AE 30 10            [12] 4981 	jr	NC, 00106$
    000017B0 79               [ 4] 4982 	ld	a, c
    000017B1 C6 70            [ 8] 4983 	add	a, #0x70
    000017B3 4F               [ 4] 4984 	ld	c, a
    000017B4 78               [ 4] 4985 	ld	a, b
    000017B5 CE FF            [ 8] 4986 	adc	a, #0xff
    000017B7 21 C3 00         [12] 4987 	ld	hl, #195
    000017BA 39               [ 8] 4988 	add	hl, sp
    000017BB 71               [ 8] 4989 	ld	(hl), c
    000017BC 23               [ 8] 4990 	inc	hl
    000017BD 77               [ 8] 4991 	ld	(hl), a
    000017BE 18 07            [12] 4992 	jr	00107$
    000017C0                       4993 00106$:
                                   4994 ;src/gameplay.c:821: else cam_py_max = 0;
    000017C0 AF               [ 4] 4995 	xor	a, a
    000017C1 21 C3 00         [12] 4996 	ld	hl, #195
    000017C4 39               [ 8] 4997 	add	hl, sp
    000017C5 22               [ 8] 4998 	ld	(hl+), a
    000017C6 77               [ 8] 4999 	ld	(hl), a
    000017C7                       5000 00107$:
                                   5001 ;src/gameplay.c:822: uint16_t loaded_r = BKG_MT_W - 1;
    000017C7 21 C5 00         [12] 5002 	ld	hl, #197
    000017CA 39               [ 8] 5003 	add	hl, sp
    000017CB 3E 0F            [ 8] 5004 	ld	a, #0x0f
    000017CD 22               [ 8] 5005 	ld	(hl+), a
    000017CE AF               [ 4] 5006 	xor	a, a
    000017CF 77               [ 8] 5007 	ld	(hl), a
                                   5008 ;src/gameplay.c:827: uint8_t target_bg_idx = 0;
    000017D0 21 DB 00         [12] 5009 	ld	hl, #219
    000017D3 39               [ 8] 5010 	add	hl, sp
    000017D4 36 00            [12] 5011 	ld	(hl), #0x00
                                   5012 ;src/gameplay.c:828: const uint8_t bg_pals[] = {
    000017D6 F8 04            [12] 5013 	ldhl	sp,	#4
    000017D8 3E E4            [ 8] 5014 	ld	a, #0xe4
    000017DA 22               [ 8] 5015 	ld	(hl+), a
    000017DB 3E 39            [ 8] 5016 	ld	a, #0x39
    000017DD 22               [ 8] 5017 	ld	(hl+), a
    000017DE 3E 3E            [ 8] 5018 	ld	a, #0x3e
    000017E0 22               [ 8] 5019 	ld	(hl+), a
    000017E1 36 3F            [12] 5020 	ld	(hl), #0x3f
                                   5021 ;src/gameplay.c:836: player_init(&player, 0, 240);
    000017E3 11 F0 00         [12] 5022 	ld	de, #0x00f0
    000017E6 D5               [16] 5023 	push	de
    000017E7 01 00 00         [12] 5024 	ld	bc, #0x0000
    000017EA 21 0A 00         [12] 5025 	ld	hl, #10
    000017ED 39               [ 8] 5026 	add	hl, sp
    000017EE 5D               [ 4] 5027 	ld	e, l
    000017EF 54               [ 4] 5028 	ld	d, h
    000017F0 CDr00r00         [24] 5029 	call	_player_init
                                   5030 ;c:\gbdk\include\gb\gb.h:811: __asm__("di");
    000017F3 F3               [ 4] 5031 	di
                                   5032 ;src/gameplay.c:839: DISPLAY_OFF;
    000017F4 CDr00r00         [24] 5033 	call	_display_off
                                   5034 ;src/gameplay.c:840: load_bkg_tileset(level_tiles, level_tile_count, level_tiles_bank);
    000017F7 21 BD 00         [12] 5035 	ld	hl, #189
    000017FA 39               [ 8] 5036 	add	hl, sp
    000017FB 7E               [ 8] 5037 	ld	a, (hl)
    000017FC F5               [16] 5038 	push	af
    000017FD 33               [ 8] 5039 	inc	sp
    000017FE 21 B8 00         [12] 5040 	ld	hl, #184
    00001801 39               [ 8] 5041 	add	hl, sp
    00001802 2A               [ 8] 5042 	ld	a, (hl+)
    00001803 4F               [ 4] 5043 	ld	c, a
    00001804 46               [ 8] 5044 	ld	b, (hl)
    00001805 21 B4 00         [12] 5045 	ld	hl, #180
    00001808 39               [ 8] 5046 	add	hl, sp
    00001809 2A               [ 8] 5047 	ld	a, (hl+)
    0000180A 5F               [ 4] 5048 	ld	e, a
    0000180B 56               [ 8] 5049 	ld	d, (hl)
    0000180C CDr00r00         [24] 5050 	call	_load_bkg_tileset
                                   5051 ;src/gameplay.c:841: set_sprite_data(0, 8, icon1_tiles);
    0000180F 11r00r00         [12] 5052 	ld	de, #_icon1_tiles
    00001812 D5               [16] 5053 	push	de
    00001813 21 00 08         [12] 5054 	ld	hl, #0x800
    00001816 E5               [16] 5055 	push	hl
    00001817 CDr00r00         [24] 5056 	call	_set_sprite_data
    0000181A E8 04            [16] 5057 	add	sp, #4
                                   5058 ;src/gameplay.c:842: set_sprite_data(8, 4, ship_tiles);
    0000181C 11r00r00         [12] 5059 	ld	de, #_ship_tiles
    0000181F D5               [16] 5060 	push	de
    00001820 21 08 04         [12] 5061 	ld	hl, #0x408
    00001823 E5               [16] 5062 	push	hl
    00001824 CDr00r00         [24] 5063 	call	_set_sprite_data
    00001827 E8 04            [16] 5064 	add	sp, #4
                                   5065 ;src/gameplay.c:843: set_sprite_data(12, 4, ball_tiles);
    00001829 11r00r00         [12] 5066 	ld	de, #_ball_tiles
    0000182C D5               [16] 5067 	push	de
    0000182D 21 0C 04         [12] 5068 	ld	hl, #0x40c
    00001830 E5               [16] 5069 	push	hl
    00001831 CDr00r00         [24] 5070 	call	_set_sprite_data
    00001834 E8 04            [16] 5071 	add	sp, #4
                                   5072 ;src/gameplay.c:844: set_sprite_data(FAMIDASH_SPRITE_TILE_BASE, FAMIDASH_SPRITE_TILE_COUNT, famidash_sprites_tiles);
    00001836 11r00r00         [12] 5073 	ld	de, #_famidash_sprites_tiles
    00001839 D5               [16] 5074 	push	de
    0000183A 21 70 5C         [12] 5075 	ld	hl, #0x5c70
    0000183D E5               [16] 5076 	push	hl
    0000183E CDr00r00         [24] 5077 	call	_set_sprite_data
    00001841 E8 04            [16] 5078 	add	sp, #4
                                   5079 ;c:\gbdk\include\gb\gb.h:1461: SCX_REG=x, SCY_REG=y;
    00001843 AF               [ 4] 5080 	xor	a, a
    00001844 E0r00            [12] 5081 	ldh	(_SCX_REG + 0), a
    00001846 3E 70            [ 8] 5082 	ld	a, #0x70
    00001848 E0r00            [12] 5083 	ldh	(_SCY_REG + 0), a
                                   5084 ;src/gameplay.c:846: fill_scroll_bg(level_map, level_map_w, level_map_bank, 0);
    0000184A AF               [ 4] 5085 	xor	a, a
    0000184B F5               [16] 5086 	push	af
    0000184C 33               [ 8] 5087 	inc	sp
    0000184D 21 BF 00         [12] 5088 	ld	hl, #191
    00001850 39               [ 8] 5089 	add	hl, sp
    00001851 7E               [ 8] 5090 	ld	a, (hl)
    00001852 F5               [16] 5091 	push	af
    00001853 33               [ 8] 5092 	inc	sp
    00001854 21 BB 00         [12] 5093 	ld	hl, #187
    00001857 39               [ 8] 5094 	add	hl, sp
    00001858 2A               [ 8] 5095 	ld	a, (hl+)
    00001859 4F               [ 4] 5096 	ld	c, a
    0000185A 46               [ 8] 5097 	ld	b, (hl)
    0000185B 21 B7 00         [12] 5098 	ld	hl, #183
    0000185E 39               [ 8] 5099 	add	hl, sp
    0000185F 2A               [ 8] 5100 	ld	a, (hl+)
    00001860 5F               [ 4] 5101 	ld	e, a
    00001861 56               [ 8] 5102 	ld	d, (hl)
    00001862 CDr00r00         [24] 5103 	call	_fill_scroll_bg
                                   5104 ;src/gameplay.c:848: if (_cpu == CGB_TYPE) {
    00001865 FAr00r00         [16] 5105 	ld	a, (#__cpu)
    00001868 D6 11            [ 8] 5106 	sub	a, #0x11
    0000186A 20 10            [12] 5107 	jr	NZ, 00109$
                                   5108 ;src/gameplay.c:851: famidash_reset_bg_palettes();
    0000186C CDr39r01         [24] 5109 	call	_famidash_reset_bg_palettes
                                   5110 ;src/gameplay.c:852: set_sprite_palette(0, 6, gbc_sprite_palettes);
    0000186F 11rEFr01         [12] 5111 	ld	de, #_gbc_sprite_palettes
    00001872 D5               [16] 5112 	push	de
    00001873 21 00 06         [12] 5113 	ld	hl, #0x600
    00001876 E5               [16] 5114 	push	hl
    00001877 CDr00r00         [24] 5115 	call	_set_sprite_palette
    0000187A E8 04            [16] 5116 	add	sp, #4
    0000187C                       5117 00109$:
                                   5118 ;src/gameplay.c:855: BGP_REG = bg_pals[0];
    0000187C F8 04            [12] 5119 	ldhl	sp,	#4
    0000187E 7E               [ 8] 5120 	ld	a, (hl)
    0000187F E0r00            [12] 5121 	ldh	(_BGP_REG + 0), a
                                   5122 ;src/gameplay.c:856: OBP0_REG = bg_pals[0];
    00001881 7E               [ 8] 5123 	ld	a, (hl)
    00001882 E0r00            [12] 5124 	ldh	(_OBP0_REG + 0), a
                                   5125 ;src/gameplay.c:857: SPRITES_8x16;
    00001884 F0r00            [12] 5126 	ldh	a, (_LCDC_REG + 0)
    00001886 F6 04            [ 8] 5127 	or	a, #0x04
    00001888 E0r00            [12] 5128 	ldh	(_LCDC_REG + 0), a
                                   5129 ;src/gameplay.c:858: OBP1_REG = bg_pals[0];
    0000188A 7E               [ 8] 5130 	ld	a, (hl)
    0000188B E0r00            [12] 5131 	ldh	(_OBP1_REG + 0), a
                                   5132 ;src/gameplay.c:859: SHOW_BKG;
    0000188D F0r00            [12] 5133 	ldh	a, (_LCDC_REG + 0)
    0000188F F6 01            [ 8] 5134 	or	a, #0x01
    00001891 E0r00            [12] 5135 	ldh	(_LCDC_REG + 0), a
                                   5136 ;src/gameplay.c:860: SHOW_SPRITES;
    00001893 F0r00            [12] 5137 	ldh	a, (_LCDC_REG + 0)
    00001895 F6 02            [ 8] 5138 	or	a, #0x02
    00001897 E0r00            [12] 5139 	ldh	(_LCDC_REG + 0), a
                                   5140 ;src/gameplay.c:861: DISPLAY_ON;
    00001899 F0r00            [12] 5141 	ldh	a, (_LCDC_REG + 0)
    0000189B F6 80            [ 8] 5142 	or	a, #0x80
    0000189D E0r00            [12] 5143 	ldh	(_LCDC_REG + 0), a
                                   5144 ;src/gameplay.c:862: TAC_REG = 0x04;
    0000189F 3E 04            [ 8] 5145 	ld	a, #0x04
    000018A1 E0r00            [12] 5146 	ldh	(_TAC_REG + 0), a
                                   5147 ;c:\gbdk\include\gb\gb.h:795: __asm__("ei");
    000018A3 FB               [ 4] 5148 	ei
                                   5149 ;src/gameplay.c:865: uint16_t scroll_acc = 0;
    000018A4 21 C7 00         [12] 5150 	ld	hl, #199
    000018A7 39               [ 8] 5151 	add	hl, sp
                                   5152 ;src/gameplay.c:866: uint8_t prev_joy = 0;
                                   5153 ;src/gameplay.c:867: uint8_t previous_oam_index = MAX_HARDWARE_SPRITES;
    000018A8 AF               [ 4] 5154 	xor	a, a
    000018A9 22               [ 8] 5155 	ld	(hl+), a
    000018AA 22               [ 8] 5156 	ld	(hl+), a
    000018AB 36 28            [12] 5157 	ld	(hl), #0x28
                                   5158 ;src/gameplay.c:869: uint16_t sp_stream_idx = 0;
    000018AD AF               [ 4] 5159 	xor	a, a
    000018AE 21 8F 00         [12] 5160 	ld	hl, #143
    000018B1 39               [ 8] 5161 	add	hl, sp
    000018B2 22               [ 8] 5162 	ld	(hl+), a
    000018B3 77               [ 8] 5163 	ld	(hl), a
                                   5164 ;src/gameplay.c:870: uint16_t sp_cache_col = 0xFFFF;
    000018B4 21 CA 00         [12] 5165 	ld	hl, #202
    000018B7 39               [ 8] 5166 	add	hl, sp
                                   5167 ;src/gameplay.c:872: uint16_t cached_collision_col = 0xFFFF;
    000018B8 3E FF            [ 8] 5168 	ld	a,#0xff
    000018BA 22               [ 8] 5169 	ld	(hl+),a
    000018BB 22               [ 8] 5170 	ld	(hl+), a
    000018BC 3E FF            [ 8] 5171 	ld	a, #0xff
    000018BE 22               [ 8] 5172 	ld	(hl+), a
    000018BF 36 FF            [12] 5173 	ld	(hl), #0xff
                                   5174 ;src/gameplay.c:873: uint8_t prev_reversed = player.reversed;
    000018C1 F8 12            [12] 5175 	ldhl	sp,	#18
    000018C3 7E               [ 8] 5176 	ld	a, (hl)
    000018C4 21 CE 00         [12] 5177 	ld	hl, #206
    000018C7 39               [ 8] 5178 	add	hl, sp
    000018C8 77               [ 8] 5179 	ld	(hl), a
                                   5180 ;src/gameplay.c:874: sp_cache_reset(&active_sp, &sp_stream_idx);
    000018C9 21 8F 00         [12] 5181 	ld	hl, #143
    000018CC 39               [ 8] 5182 	add	hl, sp
    000018CD 4D               [ 4] 5183 	ld	c, l
    000018CE 44               [ 4] 5184 	ld	b, h
    000018CF 21 1F 00         [12] 5185 	ld	hl, #31
    000018D2 39               [ 8] 5186 	add	hl, sp
    000018D3 5D               [ 4] 5187 	ld	e, l
    000018D4 54               [ 4] 5188 	ld	d, h
    000018D5 CDrD6r01         [24] 5189 	call	_sp_cache_reset
                                   5190 ;src/gameplay.c:875: while (1) {
    000018D8 21 B1 00         [12] 5191 	ld	hl,#0xb1
    000018DB 39               [ 8] 5192 	add	hl,sp
    000018DC 2A               [ 8] 5193 	ld	a, (hl+)
    000018DD 5F               [ 4] 5194 	ld	e, a
    000018DE 56               [ 8] 5195 	ld	d, (hl)
    000018DF 21 04 00         [12] 5196 	ld	hl, #0x0004
    000018E2 19               [ 8] 5197 	add	hl, de
    000018E3 E5               [16] 5198 	push	hl
    000018E4 7D               [ 4] 5199 	ld	a, l
    000018E5 21 D1 00         [12] 5200 	ld	hl, #209
    000018E8 39               [ 8] 5201 	add	hl, sp
    000018E9 77               [ 8] 5202 	ld	(hl), a
    000018EA E1               [12] 5203 	pop	hl
    000018EB 7C               [ 4] 5204 	ld	a, h
    000018EC 21 D0 00         [12] 5205 	ld	hl, #208
    000018EF 39               [ 8] 5206 	add	hl, sp
    000018F0 77               [ 8] 5207 	ld	(hl), a
    000018F1 21 B1 00         [12] 5208 	ld	hl,#0xb1
    000018F4 39               [ 8] 5209 	add	hl,sp
    000018F5 2A               [ 8] 5210 	ld	a, (hl+)
    000018F6 5F               [ 4] 5211 	ld	e, a
    000018F7 56               [ 8] 5212 	ld	d, (hl)
    000018F8 21 11 00         [12] 5213 	ld	hl, #0x0011
    000018FB 19               [ 8] 5214 	add	hl, de
    000018FC E5               [16] 5215 	push	hl
    000018FD 7D               [ 4] 5216 	ld	a, l
    000018FE 21 D3 00         [12] 5217 	ld	hl, #211
    00001901 39               [ 8] 5218 	add	hl, sp
    00001902 77               [ 8] 5219 	ld	(hl), a
    00001903 E1               [12] 5220 	pop	hl
    00001904 7C               [ 4] 5221 	ld	a, h
    00001905 21 D2 00         [12] 5222 	ld	hl, #210
    00001908 39               [ 8] 5223 	add	hl, sp
    00001909 77               [ 8] 5224 	ld	(hl), a
    0000190A 11r00r00         [12] 5225 	ld	de, #_song_bank
    0000190D 21 E4 00         [12] 5226 	ld	hl, #228
    00001910 39               [ 8] 5227 	add	hl, sp
    00001911 6E               [ 8] 5228 	ld	l, (hl)
    00001912 26 00            [ 8] 5229 	ld	h, #0x00
    00001914 19               [ 8] 5230 	add	hl, de
    00001915 E5               [16] 5231 	push	hl
    00001916 7D               [ 4] 5232 	ld	a, l
    00001917 21 D5 00         [12] 5233 	ld	hl, #213
    0000191A 39               [ 8] 5234 	add	hl, sp
    0000191B 77               [ 8] 5235 	ld	(hl), a
    0000191C E1               [12] 5236 	pop	hl
    0000191D 7C               [ 4] 5237 	ld	a, h
    0000191E 21 D4 00         [12] 5238 	ld	hl, #212
    00001921 39               [ 8] 5239 	add	hl, sp
    00001922 77               [ 8] 5240 	ld	(hl), a
    00001923                       5241 00209$:
                                   5242 ;src/gameplay.c:876: uint8_t joy = joypad();
    00001923 CDr00r00         [24] 5243 	call	_joypad
    00001926 21 DA 00         [12] 5244 	ld	hl, #218
    00001929 39               [ 8] 5245 	add	hl, sp
    0000192A 77               [ 8] 5246 	ld	(hl), a
                                   5247 ;src/gameplay.c:877: if (joy & J_START) break;
    0000192B E5               [16] 5248 	push	hl
    0000192C 21 DC 00         [12] 5249 	ld	hl, #220
    0000192F 39               [ 8] 5250 	add	hl, sp
    00001930 CB 7E            [12] 5251 	bit	7, (hl)
    00001932 E1               [12] 5252 	pop	hl
    00001933 C2r20r24         [16] 5253 	jp	NZ, 00210$
                                   5254 ;src/gameplay.c:879: if ((joy & J_UP) || player.level_complete) {
    00001936 E5               [16] 5255 	push	hl
    00001937 21 DC 00         [12] 5256 	ld	hl, #220
    0000193A 39               [ 8] 5257 	add	hl, sp
    0000193B CB 56            [12] 5258 	bit	2, (hl)
    0000193D E1               [12] 5259 	pop	hl
    0000193E 20 07            [12] 5260 	jr	NZ, 00115$
    00001940 F8 1A            [12] 5261 	ldhl	sp,	#26
    00001942 7E               [ 8] 5262 	ld	a, (hl)
    00001943 B7               [ 4] 5263 	or	a, a
    00001944 CArC4r19         [16] 5264 	jp	Z, 00116$
    00001947                       5265 00115$:
                                   5266 ;src/gameplay.c:880: HIDE_SPRITES;
    00001947 F0r00            [12] 5267 	ldh	a, (_LCDC_REG + 0)
    00001949 E6 FD            [ 8] 5268 	and	a, #0xfd
    0000194B E0r00            [12] 5269 	ldh	(_LCDC_REG + 0), a
                                   5270 ;c:\gbdk\include\gb\gb.h:1461: SCX_REG=x, SCY_REG=y;
    0000194D 3E 00            [ 8] 5271 	ld	a, #0x00
    0000194F E0r00            [12] 5272 	ldh	(_SCX_REG + 0), a
    00001951 3E 00            [ 8] 5273 	ld	a, #0x00
    00001953 E0r00            [12] 5274 	ldh	(_SCY_REG + 0), a
                                   5275 ;c:\gbdk\include\gb\gb.h:811: __asm__("di");
    00001955 F3               [ 4] 5276 	di
                                   5277 ;src/gameplay.c:883: setup_menu_font();
    00001956 1Er00            [ 8] 5278 	ld	e, #b_setup_menu_font
    00001958 21rE4r14         [12] 5279 	ld	hl, #_setup_menu_font
    0000195B CDr00r00         [24] 5280 	call	___sdcc_bcall_ehl
                                   5281 ;c:\gbdk\include\gb\gb.h:795: __asm__("ei");
    0000195E FB               [ 4] 5282 	ei
                                   5283 ;src/gameplay.c:885: VBK_REG = 1;
    0000195F 3E 01            [ 8] 5284 	ld	a, #0x01
    00001961 E0r00            [12] 5285 	ldh	(_VBK_REG + 0), a
                                   5286 ;src/gameplay.c:886: fill_bkg_rect(0, 0, 32, 32, 0x00);
    00001963 AF               [ 4] 5287 	xor	a, a
    00001964 67               [ 4] 5288 	ld	h, a
    00001965 2E 20            [ 8] 5289 	ld	l, #0x20
    00001967 E5               [16] 5290 	push	hl
    00001968 3E 20            [ 8] 5291 	ld	a, #0x20
    0000196A F5               [16] 5292 	push	af
    0000196B 33               [ 8] 5293 	inc	sp
    0000196C AF               [ 4] 5294 	xor	a, a
    0000196D 0F               [ 4] 5295 	rrca
    0000196E F5               [16] 5296 	push	af
    0000196F CDr00r00         [24] 5297 	call	_fill_bkg_rect
    00001972 E8 05            [16] 5298 	add	sp, #5
                                   5299 ;src/gameplay.c:887: VBK_REG = 0;
    00001974 AF               [ 4] 5300 	xor	a, a
    00001975 E0r00            [12] 5301 	ldh	(_VBK_REG + 0), a
                                   5302 ;src/gameplay.c:888: fill_bkg_rect(0, 0, 20, 18, 0x00);
    00001977 AF               [ 4] 5303 	xor	a, a
    00001978 67               [ 4] 5304 	ld	h, a
    00001979 2E 12            [ 8] 5305 	ld	l, #0x12
    0000197B E5               [16] 5306 	push	hl
    0000197C 3E 14            [ 8] 5307 	ld	a, #0x14
    0000197E F5               [16] 5308 	push	af
    0000197F 33               [ 8] 5309 	inc	sp
    00001980 AF               [ 4] 5310 	xor	a, a
    00001981 0F               [ 4] 5311 	rrca
    00001982 F5               [16] 5312 	push	af
    00001983 CDr00r00         [24] 5313 	call	_fill_bkg_rect
    00001986 E8 05            [16] 5314 	add	sp, #5
                                   5315 ;src/gameplay.c:889: draw_text(3, 6, "LEVEL COMPLETE");
    00001988 11r44r24         [12] 5316 	ld	de, #___str_3
    0000198B D5               [16] 5317 	push	de
    0000198C 3E 06            [ 8] 5318 	ld	a, #0x06
    0000198E F5               [16] 5319 	push	af
    0000198F 33               [ 8] 5320 	inc	sp
    00001990 3E 03            [ 8] 5321 	ld	a, #0x03
    00001992 F5               [16] 5322 	push	af
    00001993 33               [ 8] 5323 	inc	sp
    00001994 1Er00            [ 8] 5324 	ld	e, #b_draw_text
    00001996 21rF2r14         [12] 5325 	ld	hl, #_draw_text
    00001999 CDr00r00         [24] 5326 	call	___sdcc_bcall_ehl
    0000199C E8 04            [16] 5327 	add	sp, #4
                                   5328 ;src/gameplay.c:890: draw_text(3, 12, "PRESS A TO EXIT");
    0000199E 11r53r24         [12] 5329 	ld	de, #___str_4
    000019A1 D5               [16] 5330 	push	de
    000019A2 3E 0C            [ 8] 5331 	ld	a, #0x0c
    000019A4 F5               [16] 5332 	push	af
    000019A5 33               [ 8] 5333 	inc	sp
    000019A6 3E 03            [ 8] 5334 	ld	a, #0x03
    000019A8 F5               [16] 5335 	push	af
    000019A9 33               [ 8] 5336 	inc	sp
    000019AA 1Er00            [ 8] 5337 	ld	e, #b_draw_text
    000019AC 21rF2r14         [12] 5338 	ld	hl, #_draw_text
    000019AF CDr00r00         [24] 5339 	call	___sdcc_bcall_ehl
    000019B2 E8 04            [16] 5340 	add	sp, #4
                                   5341 ;src/gameplay.c:891: waitpadup();
    000019B4 CDr00r00         [24] 5342 	call	_waitpadup
                                   5343 ;src/gameplay.c:892: while (!(joypad() & J_A)) wait_vbl_done();
    000019B7                       5344 00112$:
    000019B7 CDr00r00         [24] 5345 	call	_joypad
    000019BA CB 67            [ 8] 5346 	bit	4, a
    000019BC C2r20r24         [16] 5347 	jp	NZ, 00210$
    000019BF CDr00r00         [24] 5348 	call	_wait_vbl_done
    000019C2 18 F3            [12] 5349 	jr	00112$
                                   5350 ;src/gameplay.c:893: break;
    000019C4                       5351 00116$:
                                   5352 ;src/gameplay.c:897: if ((joy & J_B) && !(prev_joy & J_B)) player_noclip = !player_noclip;
    000019C4 E5               [16] 5353 	push	hl
    000019C5 21 DC 00         [12] 5354 	ld	hl, #220
    000019C8 39               [ 8] 5355 	add	hl, sp
    000019C9 CB 6E            [12] 5356 	bit	5, (hl)
    000019CB E1               [12] 5357 	pop	hl
    000019CC 28 14            [12] 5358 	jr	Z, 00119$
    000019CE E5               [16] 5359 	push	hl
    000019CF 21 CA 00         [12] 5360 	ld	hl, #202
    000019D2 39               [ 8] 5361 	add	hl, sp
    000019D3 CB 6E            [12] 5362 	bit	5, (hl)
    000019D5 E1               [12] 5363 	pop	hl
    000019D6 20 0A            [12] 5364 	jr	NZ, 00119$
    000019D8 21r00r00         [12] 5365 	ld	hl, #_player_noclip
    000019DB 7E               [ 8] 5366 	ld	a, (hl)
    000019DC D6 01            [ 8] 5367 	sub	a, #0x01
    000019DE 3E 00            [ 8] 5368 	ld	a, #0x00
    000019E0 17               [ 4] 5369 	rla
    000019E1 77               [ 8] 5370 	ld	(hl), a
    000019E2                       5371 00119$:
                                   5372 ;src/gameplay.c:899: if ((joy & J_SELECT) && !(prev_joy & J_SELECT)) {
    000019E2 E5               [16] 5373 	push	hl
    000019E3 21 DC 00         [12] 5374 	ld	hl, #220
    000019E6 39               [ 8] 5375 	add	hl, sp
    000019E7 CB 76            [12] 5376 	bit	6, (hl)
    000019E9 E1               [12] 5377 	pop	hl
    000019EA 28 27            [12] 5378 	jr	Z, 00126$
    000019EC E5               [16] 5379 	push	hl
    000019ED 21 CA 00         [12] 5380 	ld	hl, #202
    000019F0 39               [ 8] 5381 	add	hl, sp
    000019F1 CB 76            [12] 5382 	bit	6, (hl)
    000019F3 E1               [12] 5383 	pop	hl
    000019F4 20 1D            [12] 5384 	jr	NZ, 00126$
                                   5385 ;src/gameplay.c:900: target_bg_idx++;
    000019F6 21 DB 00         [12] 5386 	ld	hl, #219
    000019F9 39               [ 8] 5387 	add	hl, sp
    000019FA 34               [12] 5388 	inc	(hl)
                                   5389 ;src/gameplay.c:901: if (target_bg_idx > 3) target_bg_idx = 0;
    000019FB 3E 03            [ 8] 5390 	ld	a, #0x03
    000019FD 96               [ 8] 5391 	sub	a, (hl)
    000019FE 30 02            [12] 5392 	jr	NC, 00122$
    00001A00 36 00            [12] 5393 	ld	(hl), #0x00
    00001A02                       5394 00122$:
                                   5395 ;src/gameplay.c:902: if (_cpu == CGB_TYPE) {
    00001A02 FAr00r00         [16] 5396 	ld	a, (#__cpu)
    00001A05 D6 11            [ 8] 5397 	sub	a, #0x11
    00001A07 20 0A            [12] 5398 	jr	NZ, 00126$
                                   5399 ;src/gameplay.c:903: famidash_apply_bg_trigger((uint8_t)(target_bg_idx << 2));
    00001A09 21 DB 00         [12] 5400 	ld	hl, #219
    00001A0C 39               [ 8] 5401 	add	hl, sp
    00001A0D 7E               [ 8] 5402 	ld	a, (hl)
    00001A0E 87               [ 4] 5403 	add	a, a
    00001A0F 87               [ 4] 5404 	add	a, a
    00001A10 CDr6Dr01         [24] 5405 	call	_famidash_apply_bg_trigger
    00001A13                       5406 00126$:
                                   5407 ;src/gameplay.c:907: prev_joy = joy;
    00001A13 21 DA 00         [12] 5408 	ld	hl, #218
    00001A16 39               [ 8] 5409 	add	hl, sp
    00001A17 7E               [ 8] 5410 	ld	a, (hl)
    00001A18 21 C8 00         [12] 5411 	ld	hl, #200
    00001A1B 39               [ 8] 5412 	add	hl, sp
    00001A1C 77               [ 8] 5413 	ld	(hl), a
                                   5414 ;src/gameplay.c:909: uint16_t px_prev = cam_px >> 4;
    00001A1D 21 DC 00         [12] 5415 	ld	hl, #220
    00001A20 39               [ 8] 5416 	add	hl, sp
    00001A21 7E               [ 8] 5417 	ld	a, (hl)
    00001A22 21 D5 00         [12] 5418 	ld	hl, #213
    00001A25 39               [ 8] 5419 	add	hl, sp
    00001A26 77               [ 8] 5420 	ld	(hl), a
    00001A27 21 DD 00         [12] 5421 	ld	hl, #221
    00001A2A 39               [ 8] 5422 	add	hl, sp
    00001A2B 7E               [ 8] 5423 	ld	a, (hl)
    00001A2C 21 D6 00         [12] 5424 	ld	hl, #214
    00001A2F 39               [ 8] 5425 	add	hl, sp
    00001A30 77               [ 8] 5426 	ld	(hl), a
    00001A31 CB 3E            [16] 5427 	srl	(hl)
    00001A33 2B               [ 8] 5428 	dec	hl
    00001A34 CB 1E            [16] 5429 	rr	(hl)
    00001A36 23               [ 8] 5430 	inc	hl
    00001A37 CB 3E            [16] 5431 	srl	(hl)
    00001A39 2B               [ 8] 5432 	dec	hl
    00001A3A CB 1E            [16] 5433 	rr	(hl)
    00001A3C 23               [ 8] 5434 	inc	hl
    00001A3D CB 3E            [16] 5435 	srl	(hl)
    00001A3F 2B               [ 8] 5436 	dec	hl
    00001A40 CB 1E            [16] 5437 	rr	(hl)
    00001A42 23               [ 8] 5438 	inc	hl
    00001A43 CB 3E            [16] 5439 	srl	(hl)
    00001A45 2B               [ 8] 5440 	dec	hl
    00001A46 CB 1E            [16] 5441 	rr	(hl)
    00001A48 7E               [ 8] 5442 	ld	a, (hl)
    00001A49 F8 02            [12] 5443 	ldhl	sp,	#2
    00001A4B 77               [ 8] 5444 	ld	(hl), a
    00001A4C 21 D6 00         [12] 5445 	ld	hl, #214
    00001A4F 39               [ 8] 5446 	add	hl, sp
    00001A50 7E               [ 8] 5447 	ld	a, (hl)
    00001A51 F8 03            [12] 5448 	ldhl	sp,	#3
    00001A53 77               [ 8] 5449 	ld	(hl), a
                                   5450 ;src/gameplay.c:910: uint8_t needs_render = 0;
    00001A54 21 D7 00         [12] 5451 	ld	hl, #215
    00001A57 39               [ 8] 5452 	add	hl, sp
                                   5453 ;src/gameplay.c:911: uint16_t need_col = 0;
    00001A58 AF               [ 4] 5454 	xor	a, a
    00001A59 22               [ 8] 5455 	ld	(hl+), a
    00001A5A 22               [ 8] 5456 	ld	(hl+), a
    00001A5B 77               [ 8] 5457 	ld	(hl), a
                                   5458 ;src/gameplay.c:914: if (cam_px < ((level_map_w - VIEW_MT_W) << 4)) {
    00001A5C 21 B9 00         [12] 5459 	ld	hl, #185
    00001A5F 39               [ 8] 5460 	add	hl, sp
    00001A60 2A               [ 8] 5461 	ld	a, (hl+)
    00001A61 4E               [ 8] 5462 	ld	c, (hl)
    00001A62 C6 F6            [ 8] 5463 	add	a, #0xf6
    00001A64 6F               [ 4] 5464 	ld	l, a
    00001A65 79               [ 4] 5465 	ld	a, c
    00001A66 CE FF            [ 8] 5466 	adc	a, #0xff
    00001A68 67               [ 4] 5467 	ld	h, a
    00001A69 29               [ 8] 5468 	add	hl, hl
    00001A6A 29               [ 8] 5469 	add	hl, hl
    00001A6B 29               [ 8] 5470 	add	hl, hl
    00001A6C 29               [ 8] 5471 	add	hl, hl
    00001A6D 4D               [ 4] 5472 	ld	c, l
    00001A6E 44               [ 4] 5473 	ld	b, h
    00001A6F 21 DC 00         [12] 5474 	ld	hl, #220
    00001A72 39               [ 8] 5475 	add	hl, sp
    00001A73 2A               [ 8] 5476 	ld	a, (hl+)
    00001A74 5F               [ 4] 5477 	ld	e, a
    00001A75 56               [ 8] 5478 	ld	d, (hl)
    00001A76 7B               [ 4] 5479 	ld	a, e
    00001A77 91               [ 4] 5480 	sub	a, c
    00001A78 7A               [ 4] 5481 	ld	a, d
    00001A79 98               [ 4] 5482 	sbc	a, b
    00001A7A D2r05r1B         [16] 5483 	jp	NC, 00134$
                                   5484 ;src/gameplay.c:915: scroll_acc += SCROLL_SPEED_FP;
    00001A7D 21 C7 00         [12] 5485 	ld	hl, #199
    00001A80 39               [ 8] 5486 	add	hl, sp
    00001A81 4E               [ 8] 5487 	ld	c, (hl)
    00001A82 06 00            [ 8] 5488 	ld	b, #0x00
    00001A84 21 CA 02         [12] 5489 	ld	hl, #0x02ca
    00001A87 09               [ 8] 5490 	add	hl, bc
    00001A88 4D               [ 4] 5491 	ld	c, l
                                   5492 ;src/gameplay.c:916: cam_px += scroll_acc >> 8;
    00001A89 5C               [ 4] 5493 	ld	e, h
    00001A8A 16 00            [ 8] 5494 	ld	d, #0x00
    00001A8C 21 DC 00         [12] 5495 	ld	hl, #220
    00001A8F 39               [ 8] 5496 	add	hl, sp
    00001A90 2A               [ 8] 5497 	ld	a,	(hl+)
    00001A91 66               [ 8] 5498 	ld	h, (hl)
    00001A92 6F               [ 4] 5499 	ld	l, a
    00001A93 19               [ 8] 5500 	add	hl, de
    00001A94 E5               [16] 5501 	push	hl
    00001A95 7D               [ 4] 5502 	ld	a, l
    00001A96 21 DE 00         [12] 5503 	ld	hl, #222
    00001A99 39               [ 8] 5504 	add	hl, sp
    00001A9A 77               [ 8] 5505 	ld	(hl), a
    00001A9B E1               [12] 5506 	pop	hl
    00001A9C 7C               [ 4] 5507 	ld	a, h
    00001A9D 21 DD 00         [12] 5508 	ld	hl, #221
    00001AA0 39               [ 8] 5509 	add	hl, sp
    00001AA1 77               [ 8] 5510 	ld	(hl), a
                                   5511 ;src/gameplay.c:917: scroll_acc &= 0xFF;
    00001AA2 21 C7 00         [12] 5512 	ld	hl, #199
    00001AA5 39               [ 8] 5513 	add	hl, sp
    00001AA6 71               [ 8] 5514 	ld	(hl), c
                                   5515 ;src/gameplay.c:909: uint16_t px_prev = cam_px >> 4;
    00001AA7 21 DC 00         [12] 5516 	ld	hl, #220
    00001AAA 39               [ 8] 5517 	add	hl, sp
    00001AAB 7E               [ 8] 5518 	ld	a, (hl)
    00001AAC 21 D5 00         [12] 5519 	ld	hl, #213
    00001AAF 39               [ 8] 5520 	add	hl, sp
    00001AB0 77               [ 8] 5521 	ld	(hl), a
    00001AB1 21 DD 00         [12] 5522 	ld	hl, #221
    00001AB4 39               [ 8] 5523 	add	hl, sp
    00001AB5 7E               [ 8] 5524 	ld	a, (hl)
    00001AB6 21 D6 00         [12] 5525 	ld	hl, #214
    00001AB9 39               [ 8] 5526 	add	hl, sp
    00001ABA 77               [ 8] 5527 	ld	(hl), a
    00001ABB CB 3E            [16] 5528 	srl	(hl)
    00001ABD 2B               [ 8] 5529 	dec	hl
    00001ABE CB 1E            [16] 5530 	rr	(hl)
    00001AC0 23               [ 8] 5531 	inc	hl
    00001AC1 CB 3E            [16] 5532 	srl	(hl)
    00001AC3 2B               [ 8] 5533 	dec	hl
    00001AC4 CB 1E            [16] 5534 	rr	(hl)
    00001AC6 23               [ 8] 5535 	inc	hl
    00001AC7 CB 3E            [16] 5536 	srl	(hl)
    00001AC9 2B               [ 8] 5537 	dec	hl
    00001ACA CB 1E            [16] 5538 	rr	(hl)
    00001ACC 23               [ 8] 5539 	inc	hl
    00001ACD CB 3E            [16] 5540 	srl	(hl)
    00001ACF 2B               [ 8] 5541 	dec	hl
    00001AD0 CB 1E            [16] 5542 	rr	(hl)
                                   5543 ;src/gameplay.c:918: uint16_t px_curr = cam_px >> 4;
    00001AD2 2A               [ 8] 5544 	ld	a, (hl+)
    00001AD3 4F               [ 4] 5545 	ld	c, a
    00001AD4 46               [ 8] 5546 	ld	b, (hl)
                                   5547 ;src/gameplay.c:919: if (px_curr != px_prev) {
    00001AD5 F8 02            [12] 5548 	ldhl	sp,	#2
    00001AD7 7E               [ 8] 5549 	ld	a, (hl)
    00001AD8 91               [ 4] 5550 	sub	a, c
    00001AD9 20 05            [12] 5551 	jr	NZ, 00704$
    00001ADB 23               [ 8] 5552 	inc	hl
    00001ADC 7E               [ 8] 5553 	ld	a, (hl)
    00001ADD 90               [ 4] 5554 	sub	a, b
    00001ADE 28 25            [12] 5555 	jr	Z, 00134$
    00001AE0                       5556 00704$:
                                   5557 ;src/gameplay.c:920: uint16_t need = px_curr + VIEW_MT_W;
    00001AE0 21 0A 00         [12] 5558 	ld	hl, #0x000a
    00001AE3 09               [ 8] 5559 	add	hl, bc
    00001AE4 4D               [ 4] 5560 	ld	c, l
    00001AE5 44               [ 4] 5561 	ld	b, h
                                   5562 ;src/gameplay.c:921: if (need > loaded_r && need < level_map_w) {
    00001AE6 21 C5 00         [12] 5563 	ld	hl, #197
    00001AE9 39               [ 8] 5564 	add	hl, sp
    00001AEA 2A               [ 8] 5565 	ld	a, (hl+)
    00001AEB 91               [ 4] 5566 	sub	a, c
    00001AEC 7E               [ 8] 5567 	ld	a, (hl)
    00001AED 98               [ 4] 5568 	sbc	a, b
    00001AEE 30 15            [12] 5569 	jr	NC, 00134$
    00001AF0 21 B9 00         [12] 5570 	ld	hl, #185
    00001AF3 39               [ 8] 5571 	add	hl, sp
    00001AF4 79               [ 4] 5572 	ld	a, c
    00001AF5 96               [ 8] 5573 	sub	a, (hl)
    00001AF6 23               [ 8] 5574 	inc	hl
    00001AF7 78               [ 4] 5575 	ld	a, b
    00001AF8 9E               [ 8] 5576 	sbc	a, (hl)
    00001AF9 30 0A            [12] 5577 	jr	NC, 00134$
                                   5578 ;src/gameplay.c:922: needs_render = 1;
    00001AFB 21 D7 00         [12] 5579 	ld	hl, #215
    00001AFE 39               [ 8] 5580 	add	hl, sp
                                   5581 ;src/gameplay.c:923: need_col = need;
    00001AFF 3E 01            [ 8] 5582 	ld	a, #0x01
    00001B01 22               [ 8] 5583 	ld	(hl+), a
    00001B02 79               [ 4] 5584 	ld	a, c
    00001B03 22               [ 8] 5585 	ld	(hl+), a
    00001B04 70               [ 8] 5586 	ld	(hl), b
    00001B05                       5587 00134$:
                                   5588 ;src/gameplay.c:928: player.world_x = cam_px;
    00001B05 21 DC 00         [12] 5589 	ld	hl, #220
    00001B08 39               [ 8] 5590 	add	hl, sp
    00001B09 7E               [ 8] 5591 	ld	a, (hl)
    00001B0A F8 08            [12] 5592 	ldhl	sp,	#8
    00001B0C 77               [ 8] 5593 	ld	(hl), a
    00001B0D 21 DD 00         [12] 5594 	ld	hl, #221
    00001B10 39               [ 8] 5595 	add	hl, sp
    00001B11 7E               [ 8] 5596 	ld	a, (hl)
    00001B12 F8 09            [12] 5597 	ldhl	sp,	#9
    00001B14 77               [ 8] 5598 	ld	(hl), a
                                   5599 ;src/gameplay.c:874: sp_cache_reset(&active_sp, &sp_stream_idx);
                                   5600 ;src/gameplay.c:931: if ((cam_px >> 4) != sp_cache_col) {
    00001B15 21 D5 00         [12] 5601 	ld	hl, #213
    00001B18 39               [ 8] 5602 	add	hl, sp
    00001B19 7E               [ 8] 5603 	ld	a, (hl)
    00001B1A 21 CA 00         [12] 5604 	ld	hl, #202
    00001B1D 39               [ 8] 5605 	add	hl, sp
    00001B1E 96               [ 8] 5606 	sub	a, (hl)
    00001B1F 20 0C            [12] 5607 	jr	NZ, 00705$
    00001B21 21 D6 00         [12] 5608 	ld	hl, #214
    00001B24 39               [ 8] 5609 	add	hl, sp
    00001B25 7E               [ 8] 5610 	ld	a, (hl)
    00001B26 21 CB 00         [12] 5611 	ld	hl, #203
    00001B29 39               [ 8] 5612 	add	hl, sp
    00001B2A 96               [ 8] 5613 	sub	a, (hl)
    00001B2B 28 2F            [12] 5614 	jr	Z, 00136$
    00001B2D                       5615 00705$:
                                   5616 ;src/gameplay.c:932: sp_cache_update(l, cam_px, &active_sp, &sp_stream_idx);
    00001B2D 21 8F 00         [12] 5617 	ld	hl, #143
    00001B30 39               [ 8] 5618 	add	hl, sp
    00001B31 E5               [16] 5619 	push	hl
    00001B32 21 21 00         [12] 5620 	ld	hl, #33
    00001B35 39               [ 8] 5621 	add	hl, sp
    00001B36 E5               [16] 5622 	push	hl
    00001B37 21 E0 00         [12] 5623 	ld	hl, #224
    00001B3A 39               [ 8] 5624 	add	hl, sp
    00001B3B 2A               [ 8] 5625 	ld	a, (hl+)
    00001B3C 4F               [ 4] 5626 	ld	c, a
    00001B3D 46               [ 8] 5627 	ld	b, (hl)
    00001B3E 21 B5 00         [12] 5628 	ld	hl, #181
    00001B41 39               [ 8] 5629 	add	hl, sp
    00001B42 2A               [ 8] 5630 	ld	a, (hl+)
    00001B43 5F               [ 4] 5631 	ld	e, a
    00001B44 56               [ 8] 5632 	ld	d, (hl)
    00001B45 CDr1Fr02         [24] 5633 	call	_sp_cache_update
                                   5634 ;src/gameplay.c:933: sp_cache_col = cam_px >> 4;
    00001B48 21 D5 00         [12] 5635 	ld	hl, #213
    00001B4B 39               [ 8] 5636 	add	hl, sp
    00001B4C 7E               [ 8] 5637 	ld	a, (hl)
    00001B4D 21 CA 00         [12] 5638 	ld	hl, #202
    00001B50 39               [ 8] 5639 	add	hl, sp
    00001B51 77               [ 8] 5640 	ld	(hl), a
    00001B52 21 D6 00         [12] 5641 	ld	hl, #214
    00001B55 39               [ 8] 5642 	add	hl, sp
    00001B56 7E               [ 8] 5643 	ld	a, (hl)
    00001B57 21 CB 00         [12] 5644 	ld	hl, #203
    00001B5A 39               [ 8] 5645 	add	hl, sp
    00001B5B 77               [ 8] 5646 	ld	(hl), a
    00001B5C                       5647 00136$:
                                   5648 ;src/gameplay.c:938: process_sprite_logic(&active_sp, cam_px, &player, joy, &target_bg_idx);
    00001B5C 21 DB 00         [12] 5649 	ld	hl, #219
    00001B5F 39               [ 8] 5650 	add	hl, sp
    00001B60 E5               [16] 5651 	push	hl
    00001B61 21 DC 00         [12] 5652 	ld	hl, #220
    00001B64 39               [ 8] 5653 	add	hl, sp
    00001B65 7E               [ 8] 5654 	ld	a, (hl)
    00001B66 F5               [16] 5655 	push	af
    00001B67 33               [ 8] 5656 	inc	sp
    00001B68 21 0B 00         [12] 5657 	ld	hl, #11
    00001B6B 39               [ 8] 5658 	add	hl, sp
    00001B6C E5               [16] 5659 	push	hl
    00001B6D 21 E1 00         [12] 5660 	ld	hl, #225
    00001B70 39               [ 8] 5661 	add	hl, sp
    00001B71 2A               [ 8] 5662 	ld	a, (hl+)
    00001B72 4F               [ 4] 5663 	ld	c, a
    00001B73 46               [ 8] 5664 	ld	b, (hl)
    00001B74 21 24 00         [12] 5665 	ld	hl, #36
    00001B77 39               [ 8] 5666 	add	hl, sp
    00001B78 5D               [ 4] 5667 	ld	e, l
    00001B79 54               [ 4] 5668 	ld	d, h
    00001B7A CDrEFr09         [24] 5669 	call	_process_sprite_logic
                                   5670 ;src/gameplay.c:940: if (player.reversed != prev_reversed) {
    00001B7D F8 12            [12] 5671 	ldhl	sp,	#18
    00001B7F 4E               [ 8] 5672 	ld	c, (hl)
    00001B80 21 CE 00         [12] 5673 	ld	hl, #206
    00001B83 39               [ 8] 5674 	add	hl, sp
    00001B84 7E               [ 8] 5675 	ld	a, (hl)
    00001B85 91               [ 4] 5676 	sub	a, c
    00001B86 CArB7r1C         [16] 5677 	jp	Z, 00143$
                                   5678 ;c:\gbdk\include\gb\gb.h:811: __asm__("di");
    00001B89 F3               [ 4] 5679 	di
                                   5680 ;src/gameplay.c:944: const uint8_t* target_tiles = player.reversed
    00001B8A 79               [ 4] 5681 	ld	a, c
    00001B8B B7               [ 4] 5682 	or	a, a
    00001B8C 28 1C            [12] 5683 	jr	Z, 00246$
    00001B8E FAr00r00         [16] 5684 	ld	a, (#__cpu)
    00001B91 D6 11            [ 8] 5685 	sub	a, #0x11
    00001B93 20 05            [12] 5686 	jr	NZ, 00248$
    00001B95 01r00r00         [12] 5687 	ld	bc, #_chr_gb_cgb_tiles_rev
    00001B98 18 0C            [12] 5688 	jr	00249$
    00001B9A                       5689 00248$:
    00001B9A 21 CF 00         [12] 5690 	ld	hl,#0xcf
    00001B9D 39               [ 8] 5691 	add	hl,sp
    00001B9E 2A               [ 8] 5692 	ld	a, (hl+)
    00001B9F 5F               [ 4] 5693 	ld	e, a
    00001BA0 56               [ 8] 5694 	ld	d, (hl)
    00001BA1 1A               [ 8] 5695 	ld	a, (de)
    00001BA2 4F               [ 4] 5696 	ld	c, a
    00001BA3 13               [ 8] 5697 	inc	de
    00001BA4 1A               [ 8] 5698 	ld	a, (de)
    00001BA5 47               [ 4] 5699 	ld	b, a
    00001BA6                       5700 00249$:
    00001BA6 59               [ 4] 5701 	ld	e, c
    00001BA7 50               [ 4] 5702 	ld	d, b
    00001BA8 18 07            [12] 5703 	jr	00247$
    00001BAA                       5704 00246$:
    00001BAA 21 B3 00         [12] 5705 	ld	hl, #179
    00001BAD 39               [ 8] 5706 	add	hl, sp
    00001BAE 2A               [ 8] 5707 	ld	a, (hl+)
    00001BAF 5F               [ 4] 5708 	ld	e, a
    00001BB0 56               [ 8] 5709 	ld	d, (hl)
    00001BB1                       5710 00247$:
                                   5711 ;src/gameplay.c:947: load_bkg_tileset(target_tiles, level_tile_count, level_tiles_bank);
    00001BB1 21 BD 00         [12] 5712 	ld	hl, #189
    00001BB4 39               [ 8] 5713 	add	hl, sp
    00001BB5 7E               [ 8] 5714 	ld	a, (hl)
    00001BB6 F5               [16] 5715 	push	af
    00001BB7 33               [ 8] 5716 	inc	sp
    00001BB8 21 B8 00         [12] 5717 	ld	hl, #184
    00001BBB 39               [ 8] 5718 	add	hl, sp
    00001BBC 2A               [ 8] 5719 	ld	a, (hl+)
    00001BBD 4F               [ 4] 5720 	ld	c, a
    00001BBE 46               [ 8] 5721 	ld	b, (hl)
    00001BBF CDr00r00         [24] 5722 	call	_load_bkg_tileset
                                   5723 ;src/gameplay.c:950: uint16_t start_col = cam_px >> 4;
    00001BC2 21 D5 00         [12] 5724 	ld	hl, #213
    00001BC5 39               [ 8] 5725 	add	hl, sp
    00001BC6 7E               [ 8] 5726 	ld	a, (hl)
    00001BC7 F8 02            [12] 5727 	ldhl	sp,	#2
    00001BC9 77               [ 8] 5728 	ld	(hl), a
    00001BCA 21 D6 00         [12] 5729 	ld	hl, #214
    00001BCD 39               [ 8] 5730 	add	hl, sp
    00001BCE 7E               [ 8] 5731 	ld	a, (hl)
    00001BCF F8 03            [12] 5732 	ldhl	sp,	#3
    00001BD1 77               [ 8] 5733 	ld	(hl), a
                                   5734 ;src/gameplay.c:951: for (uint8_t i = 0; i < 16; i++) {
    00001BD2 21 D6 00         [12] 5735 	ld	hl, #214
    00001BD5 39               [ 8] 5736 	add	hl, sp
    00001BD6 36 00            [12] 5737 	ld	(hl), #0x00
    00001BD8                       5738 00239$:
                                   5739 ;src/gameplay.c:952: uint16_t curr_col = start_col + i;
    00001BD8 F8 02            [12] 5740 	ldhl	sp,	#2
    00001BDA 7E               [ 8] 5741 	ld	a, (hl)
    00001BDB 21 C5 00         [12] 5742 	ld	hl, #197
    00001BDE 39               [ 8] 5743 	add	hl, sp
    00001BDF 77               [ 8] 5744 	ld	(hl), a
    00001BE0 F8 03            [12] 5745 	ldhl	sp,	#3
    00001BE2 7E               [ 8] 5746 	ld	a, (hl)
    00001BE3 21 C6 00         [12] 5747 	ld	hl, #198
    00001BE6 39               [ 8] 5748 	add	hl, sp
    00001BE7 77               [ 8] 5749 	ld	(hl), a
                                   5750 ;src/gameplay.c:951: for (uint8_t i = 0; i < 16; i++) {
    00001BE8 21 D6 00         [12] 5751 	ld	hl, #214
    00001BEB 39               [ 8] 5752 	add	hl, sp
    00001BEC 7E               [ 8] 5753 	ld	a, (hl)
    00001BED D6 10            [ 8] 5754 	sub	a, #0x10
    00001BEF 30 75            [12] 5755 	jr	NC, 00141$
                                   5756 ;src/gameplay.c:952: uint16_t curr_col = start_col + i;
    00001BF1 4E               [ 8] 5757 	ld	c, (hl)
    00001BF2 06 00            [ 8] 5758 	ld	b, #0x00
    00001BF4 21 C5 00         [12] 5759 	ld	hl, #197
    00001BF7 39               [ 8] 5760 	add	hl, sp
    00001BF8 2A               [ 8] 5761 	ld	a,	(hl+)
    00001BF9 66               [ 8] 5762 	ld	h, (hl)
    00001BFA 6F               [ 4] 5763 	ld	l, a
    00001BFB 09               [ 8] 5764 	add	hl, bc
    00001BFC 4D               [ 4] 5765 	ld	c, l
    00001BFD 7C               [ 4] 5766 	ld	a, h
    00001BFE 21 C5 00         [12] 5767 	ld	hl, #197
    00001C01 39               [ 8] 5768 	add	hl, sp
    00001C02 71               [ 8] 5769 	ld	(hl), c
    00001C03 23               [ 8] 5770 	inc	hl
    00001C04 77               [ 8] 5771 	ld	(hl), a
                                   5772 ;src/gameplay.c:953: if (curr_col < level_map_w) {
    00001C05 21 C5 00         [12] 5773 	ld	hl, #197
    00001C08 39               [ 8] 5774 	add	hl, sp
    00001C09 5D               [ 4] 5775 	ld	e, l
    00001C0A 54               [ 4] 5776 	ld	d, h
    00001C0B 21 B9 00         [12] 5777 	ld	hl, #185
    00001C0E 39               [ 8] 5778 	add	hl, sp
    00001C0F 1A               [ 8] 5779 	ld	a, (de)
    00001C10 13               [ 8] 5780 	inc	de
    00001C11 96               [ 8] 5781 	sub	a, (hl)
    00001C12 23               [ 8] 5782 	inc	hl
    00001C13 1A               [ 8] 5783 	ld	a, (de)
    00001C14 9E               [ 8] 5784 	sbc	a, (hl)
    00001C15 30 47            [12] 5785 	jr	NC, 00240$
                                   5786 ;src/gameplay.c:954: uint8_t vram_slot = (uint8_t)(curr_col & 15);
    00001C17 21 C5 00         [12] 5787 	ld	hl, #197
    00001C1A 39               [ 8] 5788 	add	hl, sp
    00001C1B 7E               [ 8] 5789 	ld	a, (hl)
    00001C1C E6 0F            [ 8] 5790 	and	a, #0x0f
    00001C1E 4F               [ 4] 5791 	ld	c, a
                                   5792 ;src/gameplay.c:873: uint8_t prev_reversed = player.reversed;
    00001C1F F8 12            [12] 5793 	ldhl	sp,	#18
    00001C21 7E               [ 8] 5794 	ld	a, (hl)
    00001C22 21 CE 00         [12] 5795 	ld	hl, #206
    00001C25 39               [ 8] 5796 	add	hl, sp
    00001C26 77               [ 8] 5797 	ld	(hl), a
                                   5798 ;src/gameplay.c:955: if (player.reversed) vram_slot = (uint8_t)(-(int8_t)vram_slot & 15);
    00001C27 7E               [ 8] 5799 	ld	a, (hl)
    00001C28 B7               [ 4] 5800 	or	a, a
    00001C29 28 0A            [12] 5801 	jr	Z, 00138$
    00001C2B 21 D5 00         [12] 5802 	ld	hl, #213
    00001C2E 39               [ 8] 5803 	add	hl, sp
    00001C2F 71               [ 8] 5804 	ld	(hl), c
    00001C30 AF               [ 4] 5805 	xor	a, a
    00001C31 96               [ 8] 5806 	sub	a, (hl)
    00001C32 E6 0F            [ 8] 5807 	and	a, #0x0f
    00001C34 4F               [ 4] 5808 	ld	c, a
    00001C35                       5809 00138$:
                                   5810 ;src/gameplay.c:956: draw_mt_column(vram_slot, curr_col, level_map, level_map_w, level_map_bank, player.reversed);
    00001C35 21 CE 00         [12] 5811 	ld	hl, #206
    00001C38 39               [ 8] 5812 	add	hl, sp
    00001C39 7E               [ 8] 5813 	ld	a, (hl)
    00001C3A F5               [16] 5814 	push	af
    00001C3B 33               [ 8] 5815 	inc	sp
    00001C3C 21 BF 00         [12] 5816 	ld	hl, #191
    00001C3F 39               [ 8] 5817 	add	hl, sp
    00001C40 7E               [ 8] 5818 	ld	a, (hl)
    00001C41 F5               [16] 5819 	push	af
    00001C42 33               [ 8] 5820 	inc	sp
    00001C43 21 BB 00         [12] 5821 	ld	hl, #187
    00001C46 39               [ 8] 5822 	add	hl, sp
    00001C47 2A               [ 8] 5823 	ld	a, (hl+)
    00001C48 5F               [ 4] 5824 	ld	e, a
    00001C49 56               [ 8] 5825 	ld	d, (hl)
    00001C4A D5               [16] 5826 	push	de
    00001C4B 21 B9 00         [12] 5827 	ld	hl, #185
    00001C4E 39               [ 8] 5828 	add	hl, sp
    00001C4F 2A               [ 8] 5829 	ld	a, (hl+)
    00001C50 5F               [ 4] 5830 	ld	e, a
    00001C51 56               [ 8] 5831 	ld	d, (hl)
    00001C52 D5               [16] 5832 	push	de
    00001C53 21 CB 00         [12] 5833 	ld	hl, #203
    00001C56 39               [ 8] 5834 	add	hl, sp
    00001C57 2A               [ 8] 5835 	ld	a, (hl+)
    00001C58 5F               [ 4] 5836 	ld	e, a
    00001C59 56               [ 8] 5837 	ld	d, (hl)
    00001C5A 79               [ 4] 5838 	ld	a, c
    00001C5B CDr00r00         [24] 5839 	call	_draw_mt_column
    00001C5E                       5840 00240$:
                                   5841 ;src/gameplay.c:951: for (uint8_t i = 0; i < 16; i++) {
    00001C5E 21 D6 00         [12] 5842 	ld	hl, #214
    00001C61 39               [ 8] 5843 	add	hl, sp
    00001C62 34               [12] 5844 	inc	(hl)
    00001C63 C3rD8r1B         [16] 5845 	jp	00239$
    00001C66                       5846 00141$:
                                   5847 ;src/gameplay.c:960: set_sprite_data(0, 8, icon1_tiles);
    00001C66 11r00r00         [12] 5848 	ld	de, #_icon1_tiles
    00001C69 D5               [16] 5849 	push	de
    00001C6A 21 00 08         [12] 5850 	ld	hl, #0x800
    00001C6D E5               [16] 5851 	push	hl
    00001C6E CDr00r00         [24] 5852 	call	_set_sprite_data
    00001C71 E8 04            [16] 5853 	add	sp, #4
                                   5854 ;src/gameplay.c:961: set_sprite_data(8, 4, ship_tiles);
    00001C73 11r00r00         [12] 5855 	ld	de, #_ship_tiles
    00001C76 D5               [16] 5856 	push	de
    00001C77 21 08 04         [12] 5857 	ld	hl, #0x408
    00001C7A E5               [16] 5858 	push	hl
    00001C7B CDr00r00         [24] 5859 	call	_set_sprite_data
    00001C7E E8 04            [16] 5860 	add	sp, #4
                                   5861 ;src/gameplay.c:962: set_sprite_data(12, 4, ball_tiles);
    00001C80 11r00r00         [12] 5862 	ld	de, #_ball_tiles
    00001C83 D5               [16] 5863 	push	de
    00001C84 21 0C 04         [12] 5864 	ld	hl, #0x40c
    00001C87 E5               [16] 5865 	push	hl
    00001C88 CDr00r00         [24] 5866 	call	_set_sprite_data
    00001C8B E8 04            [16] 5867 	add	sp, #4
                                   5868 ;src/gameplay.c:963: set_sprite_data(FAMIDASH_SPRITE_TILE_BASE, FAMIDASH_SPRITE_TILE_COUNT, famidash_sprites_tiles);
    00001C8D 11r00r00         [12] 5869 	ld	de, #_famidash_sprites_tiles
    00001C90 D5               [16] 5870 	push	de
    00001C91 21 70 5C         [12] 5871 	ld	hl, #0x5c70
    00001C94 E5               [16] 5872 	push	hl
    00001C95 CDr00r00         [24] 5873 	call	_set_sprite_data
    00001C98 E8 04            [16] 5874 	add	sp, #4
                                   5875 ;c:\gbdk\include\gb\gb.h:795: __asm__("ei");
    00001C9A FB               [ 4] 5876 	ei
                                   5877 ;src/gameplay.c:966: loaded_r = start_col + 15;
    00001C9B 21 C5 00         [12] 5878 	ld	hl,#0xc5
    00001C9E 39               [ 8] 5879 	add	hl,sp
    00001C9F 2A               [ 8] 5880 	ld	a, (hl+)
    00001CA0 5F               [ 4] 5881 	ld	e, a
    00001CA1 56               [ 8] 5882 	ld	d, (hl)
    00001CA2 21 0F 00         [12] 5883 	ld	hl, #0x000f
    00001CA5 19               [ 8] 5884 	add	hl, de
    00001CA6 4D               [ 4] 5885 	ld	c, l
    00001CA7 7C               [ 4] 5886 	ld	a, h
    00001CA8 21 C5 00         [12] 5887 	ld	hl, #197
    00001CAB 39               [ 8] 5888 	add	hl, sp
    00001CAC 71               [ 8] 5889 	ld	(hl), c
    00001CAD 23               [ 8] 5890 	inc	hl
    00001CAE 77               [ 8] 5891 	ld	(hl), a
                                   5892 ;src/gameplay.c:967: prev_reversed = player.reversed;
    00001CAF F8 12            [12] 5893 	ldhl	sp,	#18
    00001CB1 7E               [ 8] 5894 	ld	a, (hl)
    00001CB2 21 CE 00         [12] 5895 	ld	hl, #206
    00001CB5 39               [ 8] 5896 	add	hl, sp
    00001CB6 77               [ 8] 5897 	ld	(hl), a
    00001CB7                       5898 00143$:
                                   5899 ;src/gameplay.c:970: uint16_t collision_col = cam_px >> 4;
    00001CB7 21 DC 00         [12] 5900 	ld	hl,#0xdc
    00001CBA 39               [ 8] 5901 	add	hl,sp
    00001CBB 2A               [ 8] 5902 	ld	a, (hl+)
    00001CBC 5F               [ 4] 5903 	ld	e, a
    00001CBD 56               [ 8] 5904 	ld	d, (hl)
    00001CBE CB 3A            [ 8] 5905 	srl	d
    00001CC0 CB 1B            [ 8] 5906 	rr	e
    00001CC2 CB 3A            [ 8] 5907 	srl	d
    00001CC4 CB 1B            [ 8] 5908 	rr	e
    00001CC6 CB 3A            [ 8] 5909 	srl	d
    00001CC8 CB 1B            [ 8] 5910 	rr	e
    00001CCA CB 3A            [ 8] 5911 	srl	d
    00001CCC CB 1B            [ 8] 5912 	rr	e
                                   5913 ;src/gameplay.c:971: if (collision_col != cached_collision_col) {
    00001CCE 21 CC 00         [12] 5914 	ld	hl, #204
    00001CD1 39               [ 8] 5915 	add	hl, sp
    00001CD2 7E               [ 8] 5916 	ld	a, (hl)
    00001CD3 93               [ 4] 5917 	sub	a, e
    00001CD4 20 05            [12] 5918 	jr	NZ, 00709$
    00001CD6 23               [ 8] 5919 	inc	hl
    00001CD7 7E               [ 8] 5920 	ld	a, (hl)
    00001CD8 92               [ 4] 5921 	sub	a, d
    00001CD9 28 27            [12] 5922 	jr	Z, 00145$
    00001CDB                       5923 00709$:
                                   5924 ;src/gameplay.c:973: level_map_bank, collision_columns);
    00001CDB 21 91 00         [12] 5925 	ld	hl, #145
    00001CDE 39               [ 8] 5926 	add	hl, sp
                                   5927 ;src/gameplay.c:972: load_collision_columns(collision_col, level_map, level_map_w,
    00001CDF D5               [16] 5928 	push	de
    00001CE0 E5               [16] 5929 	push	hl
    00001CE1 21 C2 00         [12] 5930 	ld	hl, #194
    00001CE4 39               [ 8] 5931 	add	hl, sp
    00001CE5 7E               [ 8] 5932 	ld	a, (hl)
    00001CE6 F5               [16] 5933 	push	af
    00001CE7 33               [ 8] 5934 	inc	sp
    00001CE8 21 BE 00         [12] 5935 	ld	hl, #190
    00001CEB 39               [ 8] 5936 	add	hl, sp
    00001CEC 2A               [ 8] 5937 	ld	a, (hl+)
    00001CED 4F               [ 4] 5938 	ld	c, a
    00001CEE 46               [ 8] 5939 	ld	b, (hl)
    00001CEF C5               [16] 5940 	push	bc
    00001CF0 21 BC 00         [12] 5941 	ld	hl, #188
    00001CF3 39               [ 8] 5942 	add	hl, sp
    00001CF4 2A               [ 8] 5943 	ld	a, (hl+)
    00001CF5 4F               [ 4] 5944 	ld	c, a
    00001CF6 46               [ 8] 5945 	ld	b, (hl)
    00001CF7 CDr00r00         [24] 5946 	call	_load_collision_columns
    00001CFA D1               [12] 5947 	pop	de
                                   5948 ;src/gameplay.c:974: cached_collision_col = collision_col;
    00001CFB 21 CC 00         [12] 5949 	ld	hl, #204
    00001CFE 39               [ 8] 5950 	add	hl, sp
    00001CFF 7B               [ 4] 5951 	ld	a, e
    00001D00 22               [ 8] 5952 	ld	(hl+), a
    00001D01 72               [ 8] 5953 	ld	(hl), d
    00001D02                       5954 00145$:
                                   5955 ;src/gameplay.c:977: died = player_update(&player, joy, collision_columns, level_map_h);
                                   5956 ;src/gameplay.c:836: player_init(&player, 0, 240);
                                   5957 ;src/gameplay.c:977: died = player_update(&player, joy, collision_columns, level_map_h);
    00001D02 21 BB 00         [12] 5958 	ld	hl, #187
    00001D05 39               [ 8] 5959 	add	hl, sp
    00001D06 2A               [ 8] 5960 	ld	a, (hl+)
    00001D07 5F               [ 4] 5961 	ld	e, a
    00001D08 56               [ 8] 5962 	ld	d, (hl)
    00001D09 D5               [16] 5963 	push	de
    00001D0A 21 93 00         [12] 5964 	ld	hl, #147
    00001D0D 39               [ 8] 5965 	add	hl, sp
    00001D0E E5               [16] 5966 	push	hl
    00001D0F 21 DE 00         [12] 5967 	ld	hl, #222
    00001D12 39               [ 8] 5968 	add	hl, sp
    00001D13 7E               [ 8] 5969 	ld	a, (hl)
    00001D14 21 0C 00         [12] 5970 	ld	hl, #12
    00001D17 39               [ 8] 5971 	add	hl, sp
    00001D18 5D               [ 4] 5972 	ld	e, l
    00001D19 54               [ 4] 5973 	ld	d, h
    00001D1A CDr00r00         [24] 5974 	call	_player_update
    00001D1D 21 D5 00         [12] 5975 	ld	hl, #213
    00001D20 39               [ 8] 5976 	add	hl, sp
    00001D21 77               [ 8] 5977 	ld	(hl), a
                                   5978 ;src/gameplay.c:979: py = player_screen_y(&player, cam_py);
    00001D22 21 C1 00         [12] 5979 	ld	hl, #193
    00001D25 39               [ 8] 5980 	add	hl, sp
    00001D26 2A               [ 8] 5981 	ld	a, (hl+)
    00001D27 4F               [ 4] 5982 	ld	c, a
    00001D28 46               [ 8] 5983 	ld	b, (hl)
    00001D29 21 08 00         [12] 5984 	ld	hl, #8
    00001D2C 39               [ 8] 5985 	add	hl, sp
    00001D2D 5D               [ 4] 5986 	ld	e, l
    00001D2E 54               [ 4] 5987 	ld	d, h
    00001D2F CDr00r00         [24] 5988 	call	_player_screen_y
                                   5989 ;src/gameplay.c:980: if (py < CAM_Y_TOP_ZONE) {
    00001D32 F8 02            [12] 5990 	ldhl	sp,	#2
    00001D34 79               [ 4] 5991 	ld	a, c
    00001D35 22               [ 8] 5992 	ld	(hl+), a
    00001D36 78               [ 4] 5993 	ld	a, b
    00001D37 32               [ 8] 5994 	ld	(hl-), a
    00001D38 2A               [ 8] 5995 	ld	a, (hl+)
    00001D39 D6 14            [ 8] 5996 	sub	a, #0x14
    00001D3B 7E               [ 8] 5997 	ld	a, (hl)
    00001D3C DE 00            [ 8] 5998 	sbc	a, #0x00
    00001D3E 56               [ 8] 5999 	ld	d, (hl)
    00001D3F 3E 00            [ 8] 6000 	ld	a, #0x00
    00001D41 CB 7F            [ 8] 6001 	bit	7,a
    00001D43 28 07            [12] 6002 	jr	Z, 00710$
    00001D45 CB 7A            [ 8] 6003 	bit	7, d
    00001D47 20 08            [12] 6004 	jr	NZ, 00711$
    00001D49 BF               [ 4] 6005 	cp	a, a
    00001D4A 18 05            [12] 6006 	jr	00711$
    00001D4C                       6007 00710$:
    00001D4C CB 7A            [ 8] 6008 	bit	7, d
    00001D4E 28 01            [12] 6009 	jr	Z, 00711$
    00001D50 37               [ 4] 6010 	scf
    00001D51                       6011 00711$:
    00001D51 30 45            [12] 6012 	jr	NC, 00157$
                                   6013 ;src/gameplay.c:981: int16_t target_cam_py = (int16_t)player.world_y.b.h - CAM_Y_TOP_ZONE;
    00001D53 F8 0B            [12] 6014 	ldhl	sp,	#11
    00001D55 4E               [ 8] 6015 	ld	c, (hl)
    00001D56 06 00            [ 8] 6016 	ld	b, #0x00
    00001D58 11 14 00         [12] 6017 	ld	de, #0x0014
    00001D5B 79               [ 4] 6018 	ld	a, c
    00001D5C 93               [ 4] 6019 	sub	a, e
    00001D5D 5F               [ 4] 6020 	ld	e, a
    00001D5E 78               [ 4] 6021 	ld	a, b
    00001D5F 9A               [ 4] 6022 	sbc	a, d
    00001D60 21 C2 00         [12] 6023 	ld	hl, #194
    00001D63 39               [ 8] 6024 	add	hl, sp
    00001D64 32               [ 8] 6025 	ld	(hl-), a
    00001D65 73               [ 8] 6026 	ld	(hl), e
                                   6027 ;src/gameplay.c:982: if (target_cam_py < 0) target_cam_py = 0;
    00001D66 7E               [ 8] 6028 	ld	a, (hl)
    00001D67 F8 02            [12] 6029 	ldhl	sp,	#2
    00001D69 77               [ 8] 6030 	ld	(hl), a
    00001D6A 21 C2 00         [12] 6031 	ld	hl, #194
    00001D6D 39               [ 8] 6032 	add	hl, sp
    00001D6E 7E               [ 8] 6033 	ld	a, (hl)
    00001D6F F8 03            [12] 6034 	ldhl	sp,	#3
    00001D71 77               [ 8] 6035 	ld	(hl), a
    00001D72 CB 7E            [12] 6036 	bit	7, (hl)
    00001D74 28 07            [12] 6037 	jr	Z, 00147$
    00001D76 AF               [ 4] 6038 	xor	a, a
    00001D77 21 C1 00         [12] 6039 	ld	hl, #193
    00001D7A 39               [ 8] 6040 	add	hl, sp
    00001D7B 22               [ 8] 6041 	ld	(hl+), a
    00001D7C 77               [ 8] 6042 	ld	(hl), a
    00001D7D                       6043 00147$:
                                   6044 ;src/gameplay.c:983: if ((uint16_t)target_cam_py > cam_py_max) target_cam_py = (int16_t)cam_py_max;
    00001D7D 21 C1 00         [12] 6045 	ld	hl, #193
    00001D80 39               [ 8] 6046 	add	hl, sp
    00001D81 2A               [ 8] 6047 	ld	a, (hl+)
    00001D82 4F               [ 4] 6048 	ld	c, a
    00001D83 2A               [ 8] 6049 	ld	a, (hl+)
    00001D84 47               [ 4] 6050 	ld	b, a
    00001D85 2A               [ 8] 6051 	ld	a, (hl+)
    00001D86 91               [ 4] 6052 	sub	a, c
    00001D87 7E               [ 8] 6053 	ld	a, (hl)
    00001D88 98               [ 4] 6054 	sbc	a, b
    00001D89 30 43            [12] 6055 	jr	NC, 00158$
    00001D8B 2B               [ 8] 6056 	dec	hl
    00001D8C 3A               [ 8] 6057 	ld	a, (hl-)
    00001D8D 2B               [ 8] 6058 	dec	hl
    00001D8E 77               [ 8] 6059 	ld	(hl), a
    00001D8F 21 C4 00         [12] 6060 	ld	hl, #196
    00001D92 39               [ 8] 6061 	add	hl, sp
    00001D93 3A               [ 8] 6062 	ld	a, (hl-)
    00001D94 2B               [ 8] 6063 	dec	hl
    00001D95 77               [ 8] 6064 	ld	(hl), a
                                   6065 ;src/gameplay.c:984: cam_py = (uint16_t)target_cam_py;
    00001D96 18 36            [12] 6066 	jr	00158$
    00001D98                       6067 00157$:
                                   6068 ;src/gameplay.c:986: else if (py > CAM_Y_BOTTOM_ZONE) {
    00001D98 F8 02            [12] 6069 	ldhl	sp,	#2
    00001D9A 3E 64            [ 8] 6070 	ld	a, #0x64
    00001D9C 96               [ 8] 6071 	sub	a, (hl)
    00001D9D 23               [ 8] 6072 	inc	hl
    00001D9E 3E 00            [ 8] 6073 	ld	a, #0x00
    00001DA0 9E               [ 8] 6074 	sbc	a, (hl)
    00001DA1 30 2B            [12] 6075 	jr	NC, 00158$
                                   6076 ;src/gameplay.c:987: int16_t target_cam_py = (int16_t)player.world_y.b.h - CAM_Y_BOTTOM_ZONE;
    00001DA3 F8 0B            [12] 6077 	ldhl	sp,	#11
    00001DA5 7E               [ 8] 6078 	ld	a, (hl)
    00001DA6 06 00            [ 8] 6079 	ld	b, #0x00
    00001DA8 C6 9C            [ 8] 6080 	add	a, #0x9c
    00001DAA 4F               [ 4] 6081 	ld	c, a
    00001DAB 78               [ 4] 6082 	ld	a, b
    00001DAC CE FF            [ 8] 6083 	adc	a, #0xff
    00001DAE 47               [ 4] 6084 	ld	b, a
                                   6085 ;src/gameplay.c:988: if (target_cam_py < 0) target_cam_py = 0;
    00001DAF 60               [ 4] 6086 	ld	h, b
    00001DB0 CB 7C            [ 8] 6087 	bit	7, h
    00001DB2 28 03            [12] 6088 	jr	Z, 00151$
    00001DB4 01 00 00         [12] 6089 	ld	bc, #0x0000
    00001DB7                       6090 00151$:
                                   6091 ;src/gameplay.c:989: if ((uint16_t)target_cam_py > cam_py_max) target_cam_py = (int16_t)cam_py_max;
    00001DB7 59               [ 4] 6092 	ld	e, c
    00001DB8 50               [ 4] 6093 	ld	d, b
    00001DB9 21 C3 00         [12] 6094 	ld	hl, #195
    00001DBC 39               [ 8] 6095 	add	hl, sp
    00001DBD 2A               [ 8] 6096 	ld	a, (hl+)
    00001DBE 93               [ 4] 6097 	sub	a, e
    00001DBF 7E               [ 8] 6098 	ld	a, (hl)
    00001DC0 9A               [ 4] 6099 	sbc	a, d
    00001DC1 30 04            [12] 6100 	jr	NC, 00153$
    00001DC3 2B               [ 8] 6101 	dec	hl
    00001DC4 2A               [ 8] 6102 	ld	a, (hl+)
    00001DC5 4F               [ 4] 6103 	ld	c, a
    00001DC6 46               [ 8] 6104 	ld	b, (hl)
    00001DC7                       6105 00153$:
                                   6106 ;src/gameplay.c:990: cam_py = (uint16_t)target_cam_py;
    00001DC7 21 C1 00         [12] 6107 	ld	hl, #193
    00001DCA 39               [ 8] 6108 	add	hl, sp
    00001DCB 79               [ 4] 6109 	ld	a, c
    00001DCC 22               [ 8] 6110 	ld	(hl+), a
    00001DCD 70               [ 8] 6111 	ld	(hl), b
    00001DCE                       6112 00158$:
                                   6113 ;src/gameplay.c:995: if (player.reversed) {
    00001DCE F8 12            [12] 6114 	ldhl	sp,	#18
    00001DD0 7E               [ 8] 6115 	ld	a, (hl)
    00001DD1 B7               [ 4] 6116 	or	a, a
    00001DD2 28 1D            [12] 6117 	jr	Z, 00160$
                                   6118 ;src/gameplay.c:997: scroll_px = (uint16_t)(-(int16_t)cam_px - 128);
    00001DD4 21 DC 00         [12] 6119 	ld	hl, #220
    00001DD7 39               [ 8] 6120 	add	hl, sp
    00001DD8 2A               [ 8] 6121 	ld	a, (hl+)
    00001DD9 4F               [ 4] 6122 	ld	c, a
    00001DDA 5E               [ 8] 6123 	ld	e, (hl)
    00001DDB AF               [ 4] 6124 	xor	a, a
    00001DDC 91               [ 4] 6125 	sub	a, c
    00001DDD 47               [ 4] 6126 	ld	b, a
    00001DDE 9F               [ 4] 6127 	sbc	a, a
    00001DDF 93               [ 4] 6128 	sub	a, e
    00001DE0 4F               [ 4] 6129 	ld	c, a
    00001DE1 78               [ 4] 6130 	ld	a, b
    00001DE2 C6 80            [ 8] 6131 	add	a, #0x80
    00001DE4 5F               [ 4] 6132 	ld	e, a
    00001DE5 79               [ 4] 6133 	ld	a, c
    00001DE6 CE FF            [ 8] 6134 	adc	a, #0xff
    00001DE8 57               [ 4] 6135 	ld	d, a
                                   6136 ;src/gameplay.c:998: sprite_x_final = 128; // Mirrored player position
    00001DE9 21 DA 00         [12] 6137 	ld	hl, #218
    00001DEC 39               [ 8] 6138 	add	hl, sp
    00001DED 36 80            [12] 6139 	ld	(hl), #0x80
    00001DEF 18 45            [12] 6140 	jr	00161$
    00001DF1                       6141 00160$:
                                   6142 ;src/gameplay.c:1000: scroll_px = (cam_px > PLAYER_SCREEN_X) ? (cam_px - PLAYER_SCREEN_X) : 0;
    00001DF1 21 DC 00         [12] 6143 	ld	hl, #220
    00001DF4 39               [ 8] 6144 	add	hl, sp
    00001DF5 7E               [ 8] 6145 	ld	a, (hl)
    00001DF6 F8 02            [12] 6146 	ldhl	sp,	#2
    00001DF8 77               [ 8] 6147 	ld	(hl), a
    00001DF9 21 DD 00         [12] 6148 	ld	hl, #221
    00001DFC 39               [ 8] 6149 	add	hl, sp
    00001DFD 7E               [ 8] 6150 	ld	a, (hl)
    00001DFE F8 03            [12] 6151 	ldhl	sp,	#3
    00001E00 32               [ 8] 6152 	ld	(hl-), a
    00001E01 3E 20            [ 8] 6153 	ld	a, #0x20
    00001E03 96               [ 8] 6154 	sub	a, (hl)
    00001E04 23               [ 8] 6155 	inc	hl
    00001E05 3E 00            [ 8] 6156 	ld	a, #0x00
    00001E07 9E               [ 8] 6157 	sbc	a, (hl)
    00001E08 30 10            [12] 6158 	jr	NC, 00250$
    00001E0A F8 02            [12] 6159 	ldhl	sp,#2
    00001E0C 2A               [ 8] 6160 	ld	a, (hl+)
    00001E0D 5F               [ 4] 6161 	ld	e, a
    00001E0E 56               [ 8] 6162 	ld	d, (hl)
    00001E0F 21 20 00         [12] 6163 	ld	hl, #0x0020
    00001E12 7B               [ 4] 6164 	ld	a, e
    00001E13 95               [ 4] 6165 	sub	a, l
    00001E14 5F               [ 4] 6166 	ld	e, a
    00001E15 7A               [ 4] 6167 	ld	a, d
    00001E16 9C               [ 4] 6168 	sbc	a, h
    00001E17 4B               [ 4] 6169 	ld	c, e
    00001E18 18 02            [12] 6170 	jr	00251$
    00001E1A                       6171 00250$:
    00001E1A AF               [ 4] 6172 	xor	a, a
    00001E1B 4F               [ 4] 6173 	ld	c, a
    00001E1C                       6174 00251$:
    00001E1C 59               [ 4] 6175 	ld	e, c
    00001E1D 57               [ 4] 6176 	ld	d, a
                                   6177 ;src/gameplay.c:1001: sprite_x_final = (cam_px < PLAYER_SCREEN_X) ? (uint8_t)cam_px : PLAYER_SCREEN_X;
    00001E1E F8 02            [12] 6178 	ldhl	sp,	#2
    00001E20 2A               [ 8] 6179 	ld	a, (hl+)
    00001E21 D6 20            [ 8] 6180 	sub	a, #0x20
    00001E23 7E               [ 8] 6181 	ld	a, (hl)
    00001E24 DE 00            [ 8] 6182 	sbc	a, #0x00
    00001E26 30 07            [12] 6183 	jr	NC, 00252$
    00001E28 21 DC 00         [12] 6184 	ld	hl, #220
    00001E2B 39               [ 8] 6185 	add	hl, sp
    00001E2C 7E               [ 8] 6186 	ld	a, (hl)
    00001E2D 18 02            [12] 6187 	jr	00253$
    00001E2F                       6188 00252$:
    00001E2F 3E 20            [ 8] 6189 	ld	a, #0x20
    00001E31                       6190 00253$:
    00001E31 21 DA 00         [12] 6191 	ld	hl, #218
    00001E34 39               [ 8] 6192 	add	hl, sp
    00001E35 77               [ 8] 6193 	ld	(hl), a
    00001E36                       6194 00161$:
                                   6195 ;src/gameplay.c:1003: int16_t final_py = player_screen_y(&player, cam_py);
    00001E36 D5               [16] 6196 	push	de
    00001E37 21 C3 00         [12] 6197 	ld	hl, #195
    00001E3A 39               [ 8] 6198 	add	hl, sp
    00001E3B 2A               [ 8] 6199 	ld	a, (hl+)
    00001E3C 4F               [ 4] 6200 	ld	c, a
    00001E3D 46               [ 8] 6201 	ld	b, (hl)
    00001E3E 21 0A 00         [12] 6202 	ld	hl, #10
    00001E41 39               [ 8] 6203 	add	hl, sp
    00001E42 5D               [ 4] 6204 	ld	e, l
    00001E43 54               [ 4] 6205 	ld	d, h
    00001E44 CDr00r00         [24] 6206 	call	_player_screen_y
    00001E47 F8 04            [12] 6207 	ldhl	sp,	#4
    00001E49 79               [ 4] 6208 	ld	a, c
    00001E4A 22               [ 8] 6209 	ld	(hl+), a
    00001E4B 70               [ 8] 6210 	ld	(hl), b
    00001E4C D1               [12] 6211 	pop	de
                                   6212 ;src/gameplay.c:1005: wait_vbl_done();
    00001E4D CDr00r00         [24] 6213 	call	_wait_vbl_done
                                   6214 ;src/gameplay.c:1006: BGP_REG = bg_pals[target_bg_idx];
    00001E50 D5               [16] 6215 	push	de
    00001E51 E5               [16] 6216 	push	hl
    00001E52 21 08 00         [12] 6217 	ld	hl, #8
    00001E55 39               [ 8] 6218 	add	hl, sp
    00001E56 5D               [ 4] 6219 	ld	e, l
    00001E57 54               [ 4] 6220 	ld	d, h
    00001E58 E1               [12] 6221 	pop	hl
    00001E59 21 DD 00         [12] 6222 	ld	hl, #221
    00001E5C 39               [ 8] 6223 	add	hl, sp
    00001E5D 6E               [ 8] 6224 	ld	l, (hl)
    00001E5E 26 00            [ 8] 6225 	ld	h, #0x00
    00001E60 19               [ 8] 6226 	add	hl, de
    00001E61 D1               [12] 6227 	pop	de
    00001E62 4D               [ 4] 6228 	ld	c, l
    00001E63 44               [ 4] 6229 	ld	b, h
    00001E64 0A               [ 8] 6230 	ld	a, (bc)
    00001E65 E0r00            [12] 6231 	ldh	(_BGP_REG + 0), a
                                   6232 ;src/gameplay.c:1007: OBP0_REG = bg_pals[target_bg_idx];
    00001E67 E0r00            [12] 6233 	ldh	(_OBP0_REG + 0), a
                                   6234 ;src/gameplay.c:1008: OBP1_REG = bg_pals[target_bg_idx];
    00001E69 E0r00            [12] 6235 	ldh	(_OBP1_REG + 0), a
                                   6236 ;src/gameplay.c:1009: move_bkg((uint8_t)scroll_px, (uint8_t)cam_py);
    00001E6B 21 C1 00         [12] 6237 	ld	hl, #193
    00001E6E 39               [ 8] 6238 	add	hl, sp
    00001E6F 4E               [ 8] 6239 	ld	c, (hl)
    00001E70 7B               [ 4] 6240 	ld	a, e
    00001E71 E0r00            [12] 6241 	ldh	(_SCX_REG + 0), a
                                   6242 ;c:\gbdk\include\gb\gb.h:1461: SCX_REG=x, SCY_REG=y;
    00001E73 79               [ 4] 6243 	ld	a, c
    00001E74 E0r00            [12] 6244 	ldh	(_SCY_REG + 0), a
                                   6245 ;src/gameplay.c:1011: if (needs_render) {
    00001E76 21 D7 00         [12] 6246 	ld	hl, #215
    00001E79 39               [ 8] 6247 	add	hl, sp
    00001E7A 7E               [ 8] 6248 	ld	a, (hl)
    00001E7B B7               [ 4] 6249 	or	a, a
    00001E7C 28 49            [12] 6250 	jr	Z, 00165$
                                   6251 ;src/gameplay.c:1012: loaded_r = need_col;
    00001E7E 23               [ 8] 6252 	inc	hl
    00001E7F 7E               [ 8] 6253 	ld	a, (hl)
    00001E80 21 C5 00         [12] 6254 	ld	hl, #197
    00001E83 39               [ 8] 6255 	add	hl, sp
    00001E84 77               [ 8] 6256 	ld	(hl), a
    00001E85 21 D9 00         [12] 6257 	ld	hl, #217
    00001E88 39               [ 8] 6258 	add	hl, sp
    00001E89 7E               [ 8] 6259 	ld	a, (hl)
    00001E8A 21 C6 00         [12] 6260 	ld	hl, #198
    00001E8D 39               [ 8] 6261 	add	hl, sp
    00001E8E 77               [ 8] 6262 	ld	(hl), a
                                   6263 ;src/gameplay.c:1013: uint8_t vram_slot = (uint8_t)(need_col & 15);
    00001E8F 21 D8 00         [12] 6264 	ld	hl, #216
    00001E92 39               [ 8] 6265 	add	hl, sp
    00001E93 7E               [ 8] 6266 	ld	a, (hl)
    00001E94 E6 0F            [ 8] 6267 	and	a, #0x0f
    00001E96 4F               [ 4] 6268 	ld	c, a
                                   6269 ;src/gameplay.c:873: uint8_t prev_reversed = player.reversed;
    00001E97 F8 12            [12] 6270 	ldhl	sp,	#18
    00001E99 46               [ 8] 6271 	ld	b, (hl)
                                   6272 ;src/gameplay.c:1015: if (player.reversed) vram_slot = (uint8_t)(-(int8_t)vram_slot & 15);
    00001E9A 78               [ 4] 6273 	ld	a, b
    00001E9B B7               [ 4] 6274 	or	a, a
    00001E9C 28 05            [12] 6275 	jr	Z, 00163$
    00001E9E AF               [ 4] 6276 	xor	a, a
    00001E9F 91               [ 4] 6277 	sub	a, c
    00001EA0 E6 0F            [ 8] 6278 	and	a, #0x0f
    00001EA2 4F               [ 4] 6279 	ld	c, a
    00001EA3                       6280 00163$:
                                   6281 ;src/gameplay.c:1016: draw_mt_column(vram_slot, need_col, level_map, level_map_w, level_map_bank, player.reversed);
    00001EA3 C5               [16] 6282 	push	bc
    00001EA4 33               [ 8] 6283 	inc	sp
    00001EA5 21 BF 00         [12] 6284 	ld	hl, #191
    00001EA8 39               [ 8] 6285 	add	hl, sp
    00001EA9 7E               [ 8] 6286 	ld	a, (hl)
    00001EAA F5               [16] 6287 	push	af
    00001EAB 33               [ 8] 6288 	inc	sp
    00001EAC 21 BB 00         [12] 6289 	ld	hl, #187
    00001EAF 39               [ 8] 6290 	add	hl, sp
    00001EB0 2A               [ 8] 6291 	ld	a, (hl+)
    00001EB1 5F               [ 4] 6292 	ld	e, a
    00001EB2 56               [ 8] 6293 	ld	d, (hl)
    00001EB3 D5               [16] 6294 	push	de
    00001EB4 21 B9 00         [12] 6295 	ld	hl, #185
    00001EB7 39               [ 8] 6296 	add	hl, sp
    00001EB8 2A               [ 8] 6297 	ld	a, (hl+)
    00001EB9 5F               [ 4] 6298 	ld	e, a
    00001EBA 56               [ 8] 6299 	ld	d, (hl)
    00001EBB D5               [16] 6300 	push	de
    00001EBC 21 DE 00         [12] 6301 	ld	hl, #222
    00001EBF 39               [ 8] 6302 	add	hl, sp
    00001EC0 2A               [ 8] 6303 	ld	a, (hl+)
    00001EC1 5F               [ 4] 6304 	ld	e, a
    00001EC2 56               [ 8] 6305 	ld	d, (hl)
    00001EC3 79               [ 4] 6306 	ld	a, c
    00001EC4 CDr00r00         [24] 6307 	call	_draw_mt_column
    00001EC7                       6308 00165$:
                                   6309 ;src/gameplay.c:1019: uint8_t oam_index = draw_sprites(
    00001EC7 F8 12            [12] 6310 	ldhl	sp,	#18
    00001EC9 46               [ 8] 6311 	ld	b, (hl)
    00001ECA AF               [ 4] 6312 	xor	a, a
    00001ECB F5               [16] 6313 	push	af
    00001ECC 33               [ 8] 6314 	inc	sp
    00001ECD C5               [16] 6315 	push	bc
    00001ECE 33               [ 8] 6316 	inc	sp
    00001ECF 21 C3 00         [12] 6317 	ld	hl, #195
    00001ED2 39               [ 8] 6318 	add	hl, sp
    00001ED3 2A               [ 8] 6319 	ld	a, (hl+)
    00001ED4 5F               [ 4] 6320 	ld	e, a
    00001ED5 56               [ 8] 6321 	ld	d, (hl)
    00001ED6 D5               [16] 6322 	push	de
    00001ED7 21 E0 00         [12] 6323 	ld	hl, #224
    00001EDA 39               [ 8] 6324 	add	hl, sp
    00001EDB 2A               [ 8] 6325 	ld	a, (hl+)
    00001EDC 4F               [ 4] 6326 	ld	c, a
    00001EDD 46               [ 8] 6327 	ld	b, (hl)
    00001EDE 21 23 00         [12] 6328 	ld	hl, #35
    00001EE1 39               [ 8] 6329 	add	hl, sp
    00001EE2 5D               [ 4] 6330 	ld	e, l
    00001EE3 54               [ 4] 6331 	ld	d, h
    00001EE4 CDr39r12         [24] 6332 	call	_draw_sprites
    00001EE7 21 D6 00         [12] 6333 	ld	hl, #214
    00001EEA 39               [ 8] 6334 	add	hl, sp
    00001EEB 77               [ 8] 6335 	ld	(hl), a
                                   6336 ;src/gameplay.c:1024: if (player.mode == MODE_SHIP) {
    00001EEC F8 11            [12] 6337 	ldhl	sp,	#17
    00001EEE 7E               [ 8] 6338 	ld	a, (hl)
    00001EEF 21 D7 00         [12] 6339 	ld	hl, #215
    00001EF2 39               [ 8] 6340 	add	hl, sp
    00001EF3 77               [ 8] 6341 	ld	(hl), a
                                   6342 ;src/gameplay.c:873: uint8_t prev_reversed = player.reversed;
    00001EF4 F8 12            [12] 6343 	ldhl	sp,	#18
    00001EF6 7E               [ 8] 6344 	ld	a, (hl)
    00001EF7 21 D8 00         [12] 6345 	ld	hl, #216
    00001EFA 39               [ 8] 6346 	add	hl, sp
    00001EFB 77               [ 8] 6347 	ld	(hl), a
                                   6348 ;src/gameplay.c:1026: if (player.reversed) oam_index += move_metasprite_hvflip(ship_metasprites[0], 0, oam_index, sprite_x_final + 24, final_py + 24);
    00001EFC F8 02            [12] 6349 	ldhl	sp,	#2
    00001EFE 7E               [ 8] 6350 	ld	a, (hl)
    00001EFF 21 D9 00         [12] 6351 	ld	hl, #217
    00001F02 39               [ 8] 6352 	add	hl, sp
                                   6353 ;src/gameplay.c:1024: if (player.mode == MODE_SHIP) {
    00001F03 32               [ 8] 6354 	ld	(hl-), a
    00001F04 2B               [ 8] 6355 	dec	hl
    00001F05 7E               [ 8] 6356 	ld	a, (hl)
    00001F06 3D               [ 4] 6357 	dec	a
    00001F07 C2r74r20         [16] 6358 	jp	NZ, 00197$
                                   6359 ;src/gameplay.c:1025: if (player.gravity_flipped) {
    00001F0A F8 10            [12] 6360 	ldhl	sp,	#16
    00001F0C 7E               [ 8] 6361 	ld	a, (hl)
    00001F0D B7               [ 4] 6362 	or	a, a
    00001F0E CArFEr1F         [16] 6363 	jp	Z, 00173$
                                   6364 ;c:\gbdk\include\gb\metasprites.h:293: return __move_metasprite_hvflip(base_sprite, ((y - ((LCDC_REG & LCDCF_OBJ16) ? 16u : 8u)) << 8) | (uint8_t)(x - 8));
    00001F11 F0r00            [12] 6365 	ldh	a, (_LCDC_REG + 0)
    00001F13 E6 04            [ 8] 6366 	and	a, #0x04
    00001F15 21 D7 00         [12] 6367 	ld	hl, #215
    00001F18 39               [ 8] 6368 	add	hl, sp
                                   6369 ;src/gameplay.c:1026: if (player.reversed) oam_index += move_metasprite_hvflip(ship_metasprites[0], 0, oam_index, sprite_x_final + 24, final_py + 24);
    00001F19 22               [ 8] 6370 	ld	(hl+), a
    00001F1A 7E               [ 8] 6371 	ld	a, (hl)
    00001F1B B7               [ 4] 6372 	or	a, a
    00001F1C 28 7C            [12] 6373 	jr	Z, 00167$
    00001F1E 23               [ 8] 6374 	inc	hl
    00001F1F 7E               [ 8] 6375 	ld	a, (hl)
    00001F20 C6 18            [ 8] 6376 	add	a, #0x18
    00001F22 22               [ 8] 6377 	ld	(hl+), a
    00001F23 7E               [ 8] 6378 	ld	a, (hl)
    00001F24 C6 18            [ 8] 6379 	add	a, #0x18
    00001F26 77               [ 8] 6380 	ld	(hl), a
    00001F27 21r00r00         [12] 6381 	ld	hl, #_ship_metasprites
    00001F2A 2A               [ 8] 6382 	ld	a, (hl+)
    00001F2B 4F               [ 4] 6383 	ld	c, a
    00001F2C 46               [ 8] 6384 	ld	b, (hl)
    00001F2D 21 D6 00         [12] 6385 	ld	hl, #214
    00001F30 39               [ 8] 6386 	add	hl, sp
    00001F31 2A               [ 8] 6387 	ld	a, (hl+)
    00001F32 23               [ 8] 6388 	inc	hl
    00001F33 77               [ 8] 6389 	ld	(hl), a
                                   6390 ;c:\gbdk\include\gb\metasprites.h:290: __current_metasprite = metasprite;
    00001F34 21r00r00         [12] 6391 	ld	hl, #___current_metasprite
    00001F37 79               [ 4] 6392 	ld	a, c
    00001F38 22               [ 8] 6393 	ld	(hl+), a
    00001F39 70               [ 8] 6394 	ld	(hl), b
                                   6395 ;c:\gbdk\include\gb\metasprites.h:291: __current_base_tile = base_tile;
                                   6396 ;c:\gbdk\include\gb\metasprites.h:292: __current_base_prop = 0;
    00001F3A AF               [ 4] 6397 	xor	a, a
    00001F3B EAr00r00         [16] 6398 	ld	(#___current_base_tile), a
    00001F3E EAr00r00         [16] 6399 	ld	(#___current_base_prop),a
                                   6400 ;c:\gbdk\include\gb\metasprites.h:293: return __move_metasprite_hvflip(base_sprite, ((y - ((LCDC_REG & LCDCF_OBJ16) ? 16u : 8u)) << 8) | (uint8_t)(x - 8));
    00001F41 21 D7 00         [12] 6401 	ld	hl, #215
    00001F44 39               [ 8] 6402 	add	hl, sp
    00001F45 7E               [ 8] 6403 	ld	a, (hl)
    00001F46 B7               [ 4] 6404 	or	a, a
    00001F47 28 09            [12] 6405 	jr	Z, 00254$
    00001F49 F8 02            [12] 6406 	ldhl	sp,	#2
    00001F4B 3E 10            [ 8] 6407 	ld	a, #0x10
    00001F4D 22               [ 8] 6408 	ld	(hl+), a
    00001F4E AF               [ 4] 6409 	xor	a, a
    00001F4F 77               [ 8] 6410 	ld	(hl), a
    00001F50 18 07            [12] 6411 	jr	00255$
    00001F52                       6412 00254$:
    00001F52 F8 02            [12] 6413 	ldhl	sp,	#2
    00001F54 3E 08            [ 8] 6414 	ld	a, #0x08
    00001F56 22               [ 8] 6415 	ld	(hl+), a
    00001F57 AF               [ 4] 6416 	xor	a, a
    00001F58 77               [ 8] 6417 	ld	(hl), a
    00001F59                       6418 00255$:
    00001F59 21 D9 00         [12] 6419 	ld	hl, #217
    00001F5C 39               [ 8] 6420 	add	hl, sp
    00001F5D 4E               [ 8] 6421 	ld	c, (hl)
    00001F5E F8 02            [12] 6422 	ldhl	sp,#2
    00001F60 2A               [ 8] 6423 	ld	a, (hl+)
    00001F61 5F               [ 4] 6424 	ld	e, a
    00001F62 56               [ 8] 6425 	ld	d, (hl)
    00001F63 79               [ 4] 6426 	ld	a, c
    00001F64 93               [ 4] 6427 	sub	a, e
    00001F65 32               [ 8] 6428 	ld	(hl-), a
    00001F66 36 00            [12] 6429 	ld	(hl), #0x00
    00001F68 21 DA 00         [12] 6430 	ld	hl, #218
    00001F6B 39               [ 8] 6431 	add	hl, sp
    00001F6C 7E               [ 8] 6432 	ld	a, (hl)
    00001F6D C6 F8            [ 8] 6433 	add	a, #0xf8
    00001F6F 77               [ 8] 6434 	ld	(hl), a
    00001F70 7E               [ 8] 6435 	ld	a, (hl)
    00001F71 F8 00            [12] 6436 	ldhl	sp,	#0
    00001F73 22               [ 8] 6437 	ld	(hl+), a
    00001F74 AF               [ 4] 6438 	xor	a, a
    00001F75 32               [ 8] 6439 	ld	(hl-), a
    00001F76 7E               [ 8] 6440 	ld	a, (hl)
    00001F77 21 D9 00         [12] 6441 	ld	hl, #217
    00001F7A 39               [ 8] 6442 	add	hl, sp
    00001F7B 77               [ 8] 6443 	ld	(hl), a
    00001F7C F8 03            [12] 6444 	ldhl	sp,	#3
    00001F7E 7E               [ 8] 6445 	ld	a, (hl)
    00001F7F 21 DA 00         [12] 6446 	ld	hl, #218
    00001F82 39               [ 8] 6447 	add	hl, sp
    00001F83 32               [ 8] 6448 	ld	(hl-), a
    00001F84 2A               [ 8] 6449 	ld	a, (hl+)
    00001F85 5F               [ 4] 6450 	ld	e, a
    00001F86 3A               [ 8] 6451 	ld	a, (hl-)
    00001F87 2B               [ 8] 6452 	dec	hl
    00001F88 57               [ 4] 6453 	ld	d, a
    00001F89 7E               [ 8] 6454 	ld	a, (hl)
    00001F8A CDr00r00         [24] 6455 	call	___move_metasprite_hvflip
                                   6456 ;src/gameplay.c:1026: if (player.reversed) oam_index += move_metasprite_hvflip(ship_metasprites[0], 0, oam_index, sprite_x_final + 24, final_py + 24);
    00001F8D 21 D6 00         [12] 6457 	ld	hl, #214
    00001F90 39               [ 8] 6458 	add	hl, sp
    00001F91 86               [ 8] 6459 	add	a, (hl)
    00001F92 21 DA 00         [12] 6460 	ld	hl, #218
    00001F95 39               [ 8] 6461 	add	hl, sp
    00001F96 77               [ 8] 6462 	ld	(hl), a
    00001F97 C3rA6r22         [16] 6463 	jp	00198$
    00001F9A                       6464 00167$:
                                   6465 ;src/gameplay.c:1027: else oam_index += move_metasprite_hflip(ship_metasprites[0], 0, oam_index, sprite_x_final + 8, final_py + 32);
    00001F9A 21 D9 00         [12] 6466 	ld	hl, #217
    00001F9D 39               [ 8] 6467 	add	hl, sp
    00001F9E 7E               [ 8] 6468 	ld	a, (hl)
    00001F9F C6 20            [ 8] 6469 	add	a, #0x20
    00001FA1 22               [ 8] 6470 	ld	(hl+), a
    00001FA2 7E               [ 8] 6471 	ld	a, (hl)
    00001FA3 C6 08            [ 8] 6472 	add	a, #0x08
    00001FA5 77               [ 8] 6473 	ld	(hl), a
    00001FA6 21r00r00         [12] 6474 	ld	hl, #_ship_metasprites
    00001FA9 2A               [ 8] 6475 	ld	a, (hl+)
    00001FAA 4F               [ 4] 6476 	ld	c, a
    00001FAB 46               [ 8] 6477 	ld	b, (hl)
    00001FAC 21 D6 00         [12] 6478 	ld	hl, #214
    00001FAF 39               [ 8] 6479 	add	hl, sp
    00001FB0 2A               [ 8] 6480 	ld	a, (hl+)
    00001FB1 23               [ 8] 6481 	inc	hl
    00001FB2 77               [ 8] 6482 	ld	(hl), a
                                   6483 ;c:\gbdk\include\gb\metasprites.h:250: __current_metasprite = metasprite;
    00001FB3 21r00r00         [12] 6484 	ld	hl, #___current_metasprite
    00001FB6 79               [ 4] 6485 	ld	a, c
    00001FB7 22               [ 8] 6486 	ld	(hl+), a
    00001FB8 70               [ 8] 6487 	ld	(hl), b
                                   6488 ;c:\gbdk\include\gb\metasprites.h:251: __current_base_tile = base_tile;
                                   6489 ;c:\gbdk\include\gb\metasprites.h:252: __current_base_prop = 0;
    00001FB9 AF               [ 4] 6490 	xor	a, a
    00001FBA EAr00r00         [16] 6491 	ld	(#___current_base_tile), a
    00001FBD EAr00r00         [16] 6492 	ld	(#___current_base_prop),a
                                   6493 ;c:\gbdk\include\gb\metasprites.h:253: return __move_metasprite_hflip(base_sprite, ((y - ((LCDC_REG & LCDCF_OBJ16) ? 16u : 8u)) << 8) | x);
    00001FC0 21 D7 00         [12] 6494 	ld	hl, #215
    00001FC3 39               [ 8] 6495 	add	hl, sp
    00001FC4 7E               [ 8] 6496 	ld	a, (hl)
    00001FC5 B7               [ 4] 6497 	or	a, a
    00001FC6 28 09            [12] 6498 	jr	Z, 00256$
    00001FC8 F8 02            [12] 6499 	ldhl	sp,	#2
    00001FCA 3E 10            [ 8] 6500 	ld	a, #0x10
    00001FCC 22               [ 8] 6501 	ld	(hl+), a
    00001FCD AF               [ 4] 6502 	xor	a, a
    00001FCE 77               [ 8] 6503 	ld	(hl), a
    00001FCF 18 07            [12] 6504 	jr	00257$
    00001FD1                       6505 00256$:
    00001FD1 F8 02            [12] 6506 	ldhl	sp,	#2
    00001FD3 3E 08            [ 8] 6507 	ld	a, #0x08
    00001FD5 22               [ 8] 6508 	ld	(hl+), a
    00001FD6 AF               [ 4] 6509 	xor	a, a
    00001FD7 77               [ 8] 6510 	ld	(hl), a
    00001FD8                       6511 00257$:
    00001FD8 21 D9 00         [12] 6512 	ld	hl, #217
    00001FDB 39               [ 8] 6513 	add	hl, sp
    00001FDC 5E               [ 8] 6514 	ld	e, (hl)
    00001FDD F8 02            [12] 6515 	ldhl	sp,	#2
    00001FDF 2A               [ 8] 6516 	ld	a,	(hl+)
    00001FE0 66               [ 8] 6517 	ld	h, (hl)
    00001FE1 6F               [ 4] 6518 	ld	l, a
    00001FE2 7B               [ 4] 6519 	ld	a, e
    00001FE3 95               [ 4] 6520 	sub	a, l
    00001FE4 47               [ 4] 6521 	ld	b, a
    00001FE5 21 DA 00         [12] 6522 	ld	hl, #218
    00001FE8 39               [ 8] 6523 	add	hl, sp
    00001FE9 3A               [ 8] 6524 	ld	a, (hl-)
    00001FEA 2B               [ 8] 6525 	dec	hl
    00001FEB 5F               [ 4] 6526 	ld	e, a
    00001FEC 50               [ 4] 6527 	ld	d, b
    00001FED 7E               [ 8] 6528 	ld	a, (hl)
    00001FEE CDr00r00         [24] 6529 	call	___move_metasprite_hflip
                                   6530 ;src/gameplay.c:1027: else oam_index += move_metasprite_hflip(ship_metasprites[0], 0, oam_index, sprite_x_final + 8, final_py + 32);
    00001FF1 21 D6 00         [12] 6531 	ld	hl, #214
    00001FF4 39               [ 8] 6532 	add	hl, sp
    00001FF5 86               [ 8] 6533 	add	a, (hl)
    00001FF6 21 DA 00         [12] 6534 	ld	hl, #218
    00001FF9 39               [ 8] 6535 	add	hl, sp
    00001FFA 77               [ 8] 6536 	ld	(hl), a
    00001FFB C3rA6r22         [16] 6537 	jp	00198$
    00001FFE                       6538 00173$:
                                   6539 ;src/gameplay.c:1029: if (player.reversed) oam_index += move_metasprite_vflip(ship_metasprites[0], 0, oam_index, sprite_x_final + 24, final_py + 16);
    00001FFE 21 D9 00         [12] 6540 	ld	hl, #217
    00002001 39               [ 8] 6541 	add	hl, sp
    00002002 3A               [ 8] 6542 	ld	a, (hl-)
    00002003 C6 10            [ 8] 6543 	add	a, #0x10
    00002005 47               [ 4] 6544 	ld	b, a
    00002006 7E               [ 8] 6545 	ld	a, (hl)
    00002007 B7               [ 4] 6546 	or	a, a
    00002008 28 37            [12] 6547 	jr	Z, 00170$
    0000200A 23               [ 8] 6548 	inc	hl
    0000200B 23               [ 8] 6549 	inc	hl
    0000200C 7E               [ 8] 6550 	ld	a, (hl)
    0000200D C6 18            [ 8] 6551 	add	a, #0x18
    0000200F 77               [ 8] 6552 	ld	(hl), a
    00002010 21r00r00         [12] 6553 	ld	hl, #_ship_metasprites
    00002013 2A               [ 8] 6554 	ld	a, (hl+)
    00002014 4F               [ 4] 6555 	ld	c, a
    00002015 7E               [ 8] 6556 	ld	a, (hl)
                                   6557 ;c:\gbdk\include\gb\metasprites.h:209: __current_metasprite = metasprite;
    00002016 21r00r00         [12] 6558 	ld	hl, #___current_metasprite
    00002019 71               [ 8] 6559 	ld	(hl), c
    0000201A 23               [ 8] 6560 	inc	hl
    0000201B 77               [ 8] 6561 	ld	(hl), a
                                   6562 ;c:\gbdk\include\gb\metasprites.h:210: __current_base_tile = base_tile;
                                   6563 ;c:\gbdk\include\gb\metasprites.h:211: __current_base_prop = 0;
    0000201C AF               [ 4] 6564 	xor	a, a
    0000201D EAr00r00         [16] 6565 	ld	(#___current_base_tile), a
    00002020 EAr00r00         [16] 6566 	ld	(#___current_base_prop),a
                                   6567 ;c:\gbdk\include\gb\metasprites.h:212: return __move_metasprite_vflip(base_sprite, (y << 8) | (uint8_t)(x - 8u));
    00002023 21 DA 00         [12] 6568 	ld	hl, #218
    00002026 39               [ 8] 6569 	add	hl, sp
    00002027 7E               [ 8] 6570 	ld	a, (hl)
    00002028 C6 F8            [ 8] 6571 	add	a, #0xf8
    0000202A 5F               [ 4] 6572 	ld	e, a
    0000202B 50               [ 4] 6573 	ld	d, b
    0000202C 21 D6 00         [12] 6574 	ld	hl, #214
    0000202F 39               [ 8] 6575 	add	hl, sp
    00002030 7E               [ 8] 6576 	ld	a, (hl)
    00002031 CDr00r00         [24] 6577 	call	___move_metasprite_vflip
                                   6578 ;src/gameplay.c:1029: if (player.reversed) oam_index += move_metasprite_vflip(ship_metasprites[0], 0, oam_index, sprite_x_final + 24, final_py + 16);
    00002034 21 D6 00         [12] 6579 	ld	hl, #214
    00002037 39               [ 8] 6580 	add	hl, sp
    00002038 86               [ 8] 6581 	add	a, (hl)
    00002039 21 DA 00         [12] 6582 	ld	hl, #218
    0000203C 39               [ 8] 6583 	add	hl, sp
    0000203D 77               [ 8] 6584 	ld	(hl), a
    0000203E C3rA6r22         [16] 6585 	jp	00198$
    00002041                       6586 00170$:
                                   6587 ;src/gameplay.c:1030: else oam_index += move_metasprite(ship_metasprites[0], 0, oam_index, sprite_x_final + 8, final_py + 16);
    00002041 21 DA 00         [12] 6588 	ld	hl, #218
    00002044 39               [ 8] 6589 	add	hl, sp
    00002045 7E               [ 8] 6590 	ld	a, (hl)
    00002046 C6 08            [ 8] 6591 	add	a, #0x08
    00002048 4F               [ 4] 6592 	ld	c, a
    00002049 21r00r00         [12] 6593 	ld	hl, #_ship_metasprites
    0000204C 2A               [ 8] 6594 	ld	a,	(hl+)
    0000204D 66               [ 8] 6595 	ld	h, (hl)
                                   6596 ;c:\gbdk\include\gb\metasprites.h:169: __current_metasprite = metasprite;
    0000204E 5F               [ 4] 6597 	ld	e, a
    0000204F 54               [ 4] 6598 	ld	d, h
    00002050 21r00r00         [12] 6599 	ld	hl, #___current_metasprite
    00002053 7B               [ 4] 6600 	ld	a, e
    00002054 22               [ 8] 6601 	ld	(hl+), a
    00002055 72               [ 8] 6602 	ld	(hl), d
                                   6603 ;c:\gbdk\include\gb\metasprites.h:170: __current_base_tile = base_tile;
                                   6604 ;c:\gbdk\include\gb\metasprites.h:171: __current_base_prop = 0;
    00002056 AF               [ 4] 6605 	xor	a, a
    00002057 EAr00r00         [16] 6606 	ld	(#___current_base_tile), a
    0000205A EAr00r00         [16] 6607 	ld	(#___current_base_prop),a
                                   6608 ;c:\gbdk\include\gb\metasprites.h:172: return __move_metasprite(base_sprite, (y << 8) | (uint8_t)x);
    0000205D 50               [ 4] 6609 	ld	d, b
    0000205E 59               [ 4] 6610 	ld	e, c
    0000205F 21 D6 00         [12] 6611 	ld	hl, #214
    00002062 39               [ 8] 6612 	add	hl, sp
    00002063 7E               [ 8] 6613 	ld	a, (hl)
    00002064 CDr00r00         [24] 6614 	call	___move_metasprite
                                   6615 ;src/gameplay.c:1030: else oam_index += move_metasprite(ship_metasprites[0], 0, oam_index, sprite_x_final + 8, final_py + 16);
    00002067 21 D6 00         [12] 6616 	ld	hl, #214
    0000206A 39               [ 8] 6617 	add	hl, sp
    0000206B 86               [ 8] 6618 	add	a, (hl)
    0000206C 21 DA 00         [12] 6619 	ld	hl, #218
    0000206F 39               [ 8] 6620 	add	hl, sp
    00002070 77               [ 8] 6621 	ld	(hl), a
    00002071 C3rA6r22         [16] 6622 	jp	00198$
    00002074                       6623 00197$:
                                   6624 ;src/gameplay.c:1032: } else if (player.mode == MODE_BALL) {
    00002074 21 D7 00         [12] 6625 	ld	hl, #215
    00002077 39               [ 8] 6626 	add	hl, sp
    00002078 7E               [ 8] 6627 	ld	a, (hl)
    00002079 D6 02            [ 8] 6628 	sub	a, #0x02
    0000207B C2r67r21         [16] 6629 	jp	NZ, 00194$
                                   6630 ;src/gameplay.c:1033: if (player.gravity_flipped) {
    0000207E F8 10            [12] 6631 	ldhl	sp,	#16
    00002080 4E               [ 8] 6632 	ld	c, (hl)
                                   6633 ;src/gameplay.c:1027: else oam_index += move_metasprite_hflip(ship_metasprites[0], 0, oam_index, sprite_x_final + 8, final_py + 32);
    00002081 21 DA 00         [12] 6634 	ld	hl, #218
    00002084 39               [ 8] 6635 	add	hl, sp
    00002085 7E               [ 8] 6636 	ld	a, (hl)
    00002086 C6 08            [ 8] 6637 	add	a, #0x08
                                   6638 ;src/gameplay.c:1029: if (player.reversed) oam_index += move_metasprite_vflip(ship_metasprites[0], 0, oam_index, sprite_x_final + 24, final_py + 16);
    00002088 32               [ 8] 6639 	ld	(hl-), a
    00002089 7E               [ 8] 6640 	ld	a, (hl)
    0000208A C6 10            [ 8] 6641 	add	a, #0x10
    0000208C 77               [ 8] 6642 	ld	(hl), a
                                   6643 ;src/gameplay.c:1033: if (player.gravity_flipped) {
    0000208D 79               [ 4] 6644 	ld	a, c
    0000208E B7               [ 4] 6645 	or	a, a
    0000208F 28 6A            [12] 6646 	jr	Z, 00182$
                                   6647 ;src/gameplay.c:1034: if (player.reversed) oam_index += move_metasprite(ball_metasprites[0], 12, oam_index, sprite_x_final + 8, final_py + 16);
    00002091 2B               [ 8] 6648 	dec	hl
    00002092 7E               [ 8] 6649 	ld	a, (hl)
    00002093 B7               [ 4] 6650 	or	a, a
    00002094 28 31            [12] 6651 	jr	Z, 00176$
    00002096 23               [ 8] 6652 	inc	hl
    00002097 2A               [ 8] 6653 	ld	a, (hl+)
    00002098 47               [ 4] 6654 	ld	b, a
    00002099 4E               [ 8] 6655 	ld	c, (hl)
    0000209A 21r00r00         [12] 6656 	ld	hl, #_ball_metasprites
    0000209D 2A               [ 8] 6657 	ld	a,	(hl+)
    0000209E 66               [ 8] 6658 	ld	h, (hl)
                                   6659 ;c:\gbdk\include\gb\metasprites.h:169: __current_metasprite = metasprite;
    0000209F 5F               [ 4] 6660 	ld	e, a
    000020A0 54               [ 4] 6661 	ld	d, h
    000020A1 21r00r00         [12] 6662 	ld	hl, #___current_metasprite
    000020A4 7B               [ 4] 6663 	ld	a, e
    000020A5 22               [ 8] 6664 	ld	(hl+), a
    000020A6 72               [ 8] 6665 	ld	(hl), d
                                   6666 ;c:\gbdk\include\gb\metasprites.h:170: __current_base_tile = base_tile;
    000020A7 21r00r00         [12] 6667 	ld	hl, #___current_base_tile
    000020AA 36 0C            [12] 6668 	ld	(hl), #0x0c
                                   6669 ;c:\gbdk\include\gb\metasprites.h:171: __current_base_prop = 0;
    000020AC AF               [ 4] 6670 	xor	a, a
    000020AD EAr00r00         [16] 6671 	ld	(#___current_base_prop),a
                                   6672 ;c:\gbdk\include\gb\metasprites.h:172: return __move_metasprite(base_sprite, (y << 8) | (uint8_t)x);
    000020B0 50               [ 4] 6673 	ld	d, b
    000020B1 59               [ 4] 6674 	ld	e, c
    000020B2 21 D6 00         [12] 6675 	ld	hl, #214
    000020B5 39               [ 8] 6676 	add	hl, sp
    000020B6 7E               [ 8] 6677 	ld	a, (hl)
    000020B7 CDr00r00         [24] 6678 	call	___move_metasprite
                                   6679 ;src/gameplay.c:1034: if (player.reversed) oam_index += move_metasprite(ball_metasprites[0], 12, oam_index, sprite_x_final + 8, final_py + 16);
    000020BA 21 D6 00         [12] 6680 	ld	hl, #214
    000020BD 39               [ 8] 6681 	add	hl, sp
    000020BE 86               [ 8] 6682 	add	a, (hl)
    000020BF 21 DA 00         [12] 6683 	ld	hl, #218
    000020C2 39               [ 8] 6684 	add	hl, sp
    000020C3 77               [ 8] 6685 	ld	(hl), a
    000020C4 C3rA6r22         [16] 6686 	jp	00198$
    000020C7                       6687 00176$:
                                   6688 ;src/gameplay.c:1035: else oam_index += move_metasprite(ball_metasprites[0], 12, oam_index, sprite_x_final + 8, final_py + 16);
    000020C7 21 D9 00         [12] 6689 	ld	hl, #217
    000020CA 39               [ 8] 6690 	add	hl, sp
    000020CB 2A               [ 8] 6691 	ld	a, (hl+)
    000020CC 47               [ 4] 6692 	ld	b, a
    000020CD 4E               [ 8] 6693 	ld	c, (hl)
    000020CE 21r00r00         [12] 6694 	ld	hl, #_ball_metasprites
    000020D1 2A               [ 8] 6695 	ld	a,	(hl+)
    000020D2 66               [ 8] 6696 	ld	h, (hl)
                                   6697 ;c:\gbdk\include\gb\metasprites.h:169: __current_metasprite = metasprite;
    000020D3 5F               [ 4] 6698 	ld	e, a
    000020D4 54               [ 4] 6699 	ld	d, h
    000020D5 21r00r00         [12] 6700 	ld	hl, #___current_metasprite
    000020D8 7B               [ 4] 6701 	ld	a, e
    000020D9 22               [ 8] 6702 	ld	(hl+), a
    000020DA 72               [ 8] 6703 	ld	(hl), d
                                   6704 ;c:\gbdk\include\gb\metasprites.h:170: __current_base_tile = base_tile;
    000020DB 21r00r00         [12] 6705 	ld	hl, #___current_base_tile
    000020DE 36 0C            [12] 6706 	ld	(hl), #0x0c
                                   6707 ;c:\gbdk\include\gb\metasprites.h:171: __current_base_prop = 0;
    000020E0 AF               [ 4] 6708 	xor	a, a
    000020E1 EAr00r00         [16] 6709 	ld	(#___current_base_prop),a
                                   6710 ;c:\gbdk\include\gb\metasprites.h:172: return __move_metasprite(base_sprite, (y << 8) | (uint8_t)x);
    000020E4 50               [ 4] 6711 	ld	d, b
    000020E5 59               [ 4] 6712 	ld	e, c
    000020E6 21 D6 00         [12] 6713 	ld	hl, #214
    000020E9 39               [ 8] 6714 	add	hl, sp
    000020EA 7E               [ 8] 6715 	ld	a, (hl)
    000020EB CDr00r00         [24] 6716 	call	___move_metasprite
                                   6717 ;src/gameplay.c:1035: else oam_index += move_metasprite(ball_metasprites[0], 12, oam_index, sprite_x_final + 8, final_py + 16);
    000020EE 21 D6 00         [12] 6718 	ld	hl, #214
    000020F1 39               [ 8] 6719 	add	hl, sp
    000020F2 86               [ 8] 6720 	add	a, (hl)
    000020F3 21 DA 00         [12] 6721 	ld	hl, #218
    000020F6 39               [ 8] 6722 	add	hl, sp
    000020F7 77               [ 8] 6723 	ld	(hl), a
    000020F8 C3rA6r22         [16] 6724 	jp	00198$
    000020FB                       6725 00182$:
                                   6726 ;src/gameplay.c:1037: if (player.reversed) oam_index += move_metasprite(ball_metasprites[0], 12, oam_index, sprite_x_final + 8, final_py + 16);
    000020FB 21 D8 00         [12] 6727 	ld	hl, #216
    000020FE 39               [ 8] 6728 	add	hl, sp
    000020FF 7E               [ 8] 6729 	ld	a, (hl)
    00002100 B7               [ 4] 6730 	or	a, a
    00002101 28 31            [12] 6731 	jr	Z, 00179$
    00002103 23               [ 8] 6732 	inc	hl
    00002104 2A               [ 8] 6733 	ld	a, (hl+)
    00002105 47               [ 4] 6734 	ld	b, a
    00002106 4E               [ 8] 6735 	ld	c, (hl)
    00002107 21r00r00         [12] 6736 	ld	hl, #_ball_metasprites
    0000210A 2A               [ 8] 6737 	ld	a,	(hl+)
    0000210B 66               [ 8] 6738 	ld	h, (hl)
                                   6739 ;c:\gbdk\include\gb\metasprites.h:169: __current_metasprite = metasprite;
    0000210C 5F               [ 4] 6740 	ld	e, a
    0000210D 54               [ 4] 6741 	ld	d, h
    0000210E 21r00r00         [12] 6742 	ld	hl, #___current_metasprite
    00002111 7B               [ 4] 6743 	ld	a, e
    00002112 22               [ 8] 6744 	ld	(hl+), a
    00002113 72               [ 8] 6745 	ld	(hl), d
                                   6746 ;c:\gbdk\include\gb\metasprites.h:170: __current_base_tile = base_tile;
    00002114 21r00r00         [12] 6747 	ld	hl, #___current_base_tile
    00002117 36 0C            [12] 6748 	ld	(hl), #0x0c
                                   6749 ;c:\gbdk\include\gb\metasprites.h:171: __current_base_prop = 0;
    00002119 AF               [ 4] 6750 	xor	a, a
    0000211A EAr00r00         [16] 6751 	ld	(#___current_base_prop),a
                                   6752 ;c:\gbdk\include\gb\metasprites.h:172: return __move_metasprite(base_sprite, (y << 8) | (uint8_t)x);
    0000211D 50               [ 4] 6753 	ld	d, b
    0000211E 59               [ 4] 6754 	ld	e, c
    0000211F 21 D6 00         [12] 6755 	ld	hl, #214
    00002122 39               [ 8] 6756 	add	hl, sp
    00002123 7E               [ 8] 6757 	ld	a, (hl)
    00002124 CDr00r00         [24] 6758 	call	___move_metasprite
                                   6759 ;src/gameplay.c:1037: if (player.reversed) oam_index += move_metasprite(ball_metasprites[0], 12, oam_index, sprite_x_final + 8, final_py + 16);
    00002127 21 D6 00         [12] 6760 	ld	hl, #214
    0000212A 39               [ 8] 6761 	add	hl, sp
    0000212B 86               [ 8] 6762 	add	a, (hl)
    0000212C 21 DA 00         [12] 6763 	ld	hl, #218
    0000212F 39               [ 8] 6764 	add	hl, sp
    00002130 77               [ 8] 6765 	ld	(hl), a
    00002131 C3rA6r22         [16] 6766 	jp	00198$
    00002134                       6767 00179$:
                                   6768 ;src/gameplay.c:1038: else oam_index += move_metasprite(ball_metasprites[0], 12, oam_index, sprite_x_final + 8, final_py + 16);
    00002134 21 D9 00         [12] 6769 	ld	hl, #217
    00002137 39               [ 8] 6770 	add	hl, sp
    00002138 2A               [ 8] 6771 	ld	a, (hl+)
    00002139 47               [ 4] 6772 	ld	b, a
    0000213A 4E               [ 8] 6773 	ld	c, (hl)
    0000213B 21r01r00         [12] 6774 	ld	hl, #_ball_metasprites + 1
    0000213E 3A               [ 8] 6775 	ld	a,	(hl-)
                                   6776 ;c:\gbdk\include\gb\metasprites.h:169: __current_metasprite = metasprite;
    0000213F 5E               [ 8] 6777 	ld	e, (hl)
    00002140 57               [ 4] 6778 	ld	d, a
    00002141 21r00r00         [12] 6779 	ld	hl, #___current_metasprite
    00002144 7B               [ 4] 6780 	ld	a, e
    00002145 22               [ 8] 6781 	ld	(hl+), a
    00002146 72               [ 8] 6782 	ld	(hl), d
                                   6783 ;c:\gbdk\include\gb\metasprites.h:170: __current_base_tile = base_tile;
    00002147 21r00r00         [12] 6784 	ld	hl, #___current_base_tile
    0000214A 36 0C            [12] 6785 	ld	(hl), #0x0c
                                   6786 ;c:\gbdk\include\gb\metasprites.h:171: __current_base_prop = 0;
    0000214C AF               [ 4] 6787 	xor	a, a
    0000214D EAr00r00         [16] 6788 	ld	(#___current_base_prop),a
                                   6789 ;c:\gbdk\include\gb\metasprites.h:172: return __move_metasprite(base_sprite, (y << 8) | (uint8_t)x);
    00002150 50               [ 4] 6790 	ld	d, b
    00002151 59               [ 4] 6791 	ld	e, c
    00002152 21 D6 00         [12] 6792 	ld	hl, #214
    00002155 39               [ 8] 6793 	add	hl, sp
    00002156 7E               [ 8] 6794 	ld	a, (hl)
    00002157 CDr00r00         [24] 6795 	call	___move_metasprite
                                   6796 ;src/gameplay.c:1038: else oam_index += move_metasprite(ball_metasprites[0], 12, oam_index, sprite_x_final + 8, final_py + 16);
    0000215A 21 D6 00         [12] 6797 	ld	hl, #214
    0000215D 39               [ 8] 6798 	add	hl, sp
    0000215E 86               [ 8] 6799 	add	a, (hl)
    0000215F 21 DA 00         [12] 6800 	ld	hl, #218
    00002162 39               [ 8] 6801 	add	hl, sp
    00002163 77               [ 8] 6802 	ld	(hl), a
    00002164 C3rA6r22         [16] 6803 	jp	00198$
    00002167                       6804 00194$:
                                   6805 ;src/gameplay.c:1041: if (player.gravity_flipped) {
    00002167 F8 10            [12] 6806 	ldhl	sp,	#16
    00002169 7E               [ 8] 6807 	ld	a, (hl)
    0000216A B7               [ 4] 6808 	or	a, a
    0000216B CAr0Fr22         [16] 6809 	jp	Z, 00191$
                                   6810 ;src/gameplay.c:1042: if (player.reversed) oam_index += move_metasprite_hvflip(icon1_metasprites[player.anim_frame], 0, oam_index, sprite_x_final + 24, final_py + 32);
    0000216E 21 D8 00         [12] 6811 	ld	hl, #216
    00002171 39               [ 8] 6812 	add	hl, sp
    00002172 7E               [ 8] 6813 	ld	a, (hl)
    00002173 B7               [ 4] 6814 	or	a, a
    00002174 28 58            [12] 6815 	jr	Z, 00185$
    00002176 23               [ 8] 6816 	inc	hl
    00002177 2A               [ 8] 6817 	ld	a, (hl+)
    00002178 C6 20            [ 8] 6818 	add	a, #0x20
    0000217A 4F               [ 4] 6819 	ld	c, a
    0000217B 7E               [ 8] 6820 	ld	a, (hl)
    0000217C C6 18            [ 8] 6821 	add	a, #0x18
    0000217E 77               [ 8] 6822 	ld	(hl), a
    0000217F F8 13            [12] 6823 	ldhl	sp,	#19
    00002181 6E               [ 8] 6824 	ld	l, (hl)
    00002182 AF               [ 4] 6825 	xor	a, a
    00002183 67               [ 4] 6826 	ld	h, a
    00002184 29               [ 8] 6827 	add	hl, hl
    00002185 11r00r00         [12] 6828 	ld	de, #_icon1_metasprites
    00002188 19               [ 8] 6829 	add	hl, de
    00002189 2A               [ 8] 6830 	ld	a, (hl+)
    0000218A 46               [ 8] 6831 	ld	b, (hl)
    0000218B F5               [16] 6832 	push	af
    0000218C 21 D8 00         [12] 6833 	ld	hl, #216
    0000218F 39               [ 8] 6834 	add	hl, sp
    00002190 7E               [ 8] 6835 	ld	a, (hl)
    00002191 21 DB 00         [12] 6836 	ld	hl, #219
    00002194 39               [ 8] 6837 	add	hl, sp
    00002195 77               [ 8] 6838 	ld	(hl), a
    00002196 F1               [12] 6839 	pop	af
                                   6840 ;c:\gbdk\include\gb\metasprites.h:290: __current_metasprite = metasprite;
    00002197 21r00r00         [12] 6841 	ld	hl, #___current_metasprite
    0000219A 22               [ 8] 6842 	ld	(hl+), a
    0000219B 70               [ 8] 6843 	ld	(hl), b
                                   6844 ;c:\gbdk\include\gb\metasprites.h:291: __current_base_tile = base_tile;
                                   6845 ;c:\gbdk\include\gb\metasprites.h:292: __current_base_prop = 0;
    0000219C AF               [ 4] 6846 	xor	a, a
    0000219D EAr00r00         [16] 6847 	ld	(#___current_base_tile), a
    000021A0 EAr00r00         [16] 6848 	ld	(#___current_base_prop),a
                                   6849 ;c:\gbdk\include\gb\metasprites.h:293: return __move_metasprite_hvflip(base_sprite, ((y - ((LCDC_REG & LCDCF_OBJ16) ? 16u : 8u)) << 8) | (uint8_t)(x - 8));
    000021A3 F0r00            [12] 6850 	ldh	a, (_LCDC_REG + 0)
    000021A5 CB 57            [ 8] 6851 	bit	2, a
    000021A7 28 05            [12] 6852 	jr	Z, 00258$
    000021A9 11 10 00         [12] 6853 	ld	de, #0x0010
    000021AC 18 03            [12] 6854 	jr	00259$
    000021AE                       6855 00258$:
    000021AE 11 08 00         [12] 6856 	ld	de, #0x0008
    000021B1                       6857 00259$:
    000021B1 79               [ 4] 6858 	ld	a, c
    000021B2 93               [ 4] 6859 	sub	a, e
    000021B3 47               [ 4] 6860 	ld	b, a
    000021B4 21 DA 00         [12] 6861 	ld	hl, #218
    000021B7 39               [ 8] 6862 	add	hl, sp
    000021B8 3A               [ 8] 6863 	ld	a, (hl-)
    000021B9 C6 F8            [ 8] 6864 	add	a, #0xf8
    000021BB 5F               [ 4] 6865 	ld	e, a
    000021BC 50               [ 4] 6866 	ld	d, b
    000021BD 7E               [ 8] 6867 	ld	a, (hl)
    000021BE CDr00r00         [24] 6868 	call	___move_metasprite_hvflip
                                   6869 ;src/gameplay.c:1042: if (player.reversed) oam_index += move_metasprite_hvflip(icon1_metasprites[player.anim_frame], 0, oam_index, sprite_x_final + 24, final_py + 32);
    000021C1 21 D6 00         [12] 6870 	ld	hl, #214
    000021C4 39               [ 8] 6871 	add	hl, sp
    000021C5 86               [ 8] 6872 	add	a, (hl)
    000021C6 21 DA 00         [12] 6873 	ld	hl, #218
    000021C9 39               [ 8] 6874 	add	hl, sp
    000021CA 77               [ 8] 6875 	ld	(hl), a
    000021CB C3rA6r22         [16] 6876 	jp	00198$
    000021CE                       6877 00185$:
                                   6878 ;src/gameplay.c:1043: else oam_index += move_metasprite_vflip(icon1_metasprites[player.anim_frame], 0, oam_index, sprite_x_final + 22, final_py + 16);
    000021CE 21 D9 00         [12] 6879 	ld	hl, #217
    000021D1 39               [ 8] 6880 	add	hl, sp
    000021D2 2A               [ 8] 6881 	ld	a, (hl+)
    000021D3 C6 10            [ 8] 6882 	add	a, #0x10
    000021D5 4F               [ 4] 6883 	ld	c, a
    000021D6 7E               [ 8] 6884 	ld	a, (hl)
    000021D7 C6 16            [ 8] 6885 	add	a, #0x16
    000021D9 47               [ 4] 6886 	ld	b, a
    000021DA F8 13            [12] 6887 	ldhl	sp,	#19
    000021DC 6E               [ 8] 6888 	ld	l, (hl)
    000021DD AF               [ 4] 6889 	xor	a, a
    000021DE 67               [ 4] 6890 	ld	h, a
    000021DF 29               [ 8] 6891 	add	hl, hl
    000021E0 11r00r00         [12] 6892 	ld	de, #_icon1_metasprites
    000021E3 19               [ 8] 6893 	add	hl, de
    000021E4 2A               [ 8] 6894 	ld	a, (hl+)
    000021E5 6E               [ 8] 6895 	ld	l, (hl)
                                   6896 ;c:\gbdk\include\gb\metasprites.h:209: __current_metasprite = metasprite;
    000021E6 5F               [ 4] 6897 	ld	e, a
    000021E7 55               [ 4] 6898 	ld	d, l
    000021E8 21r00r00         [12] 6899 	ld	hl, #___current_metasprite
    000021EB 7B               [ 4] 6900 	ld	a, e
    000021EC 22               [ 8] 6901 	ld	(hl+), a
    000021ED 72               [ 8] 6902 	ld	(hl), d
                                   6903 ;c:\gbdk\include\gb\metasprites.h:210: __current_base_tile = base_tile;
                                   6904 ;c:\gbdk\include\gb\metasprites.h:211: __current_base_prop = 0;
    000021EE AF               [ 4] 6905 	xor	a, a
    000021EF EAr00r00         [16] 6906 	ld	(#___current_base_tile), a
    000021F2 EAr00r00         [16] 6907 	ld	(#___current_base_prop),a
                                   6908 ;c:\gbdk\include\gb\metasprites.h:212: return __move_metasprite_vflip(base_sprite, (y << 8) | (uint8_t)(x - 8u));
    000021F5 51               [ 4] 6909 	ld	d, c
    000021F6 78               [ 4] 6910 	ld	a, b
    000021F7 C6 F8            [ 8] 6911 	add	a, #0xf8
    000021F9 5F               [ 4] 6912 	ld	e, a
    000021FA 21 D6 00         [12] 6913 	ld	hl, #214
    000021FD 39               [ 8] 6914 	add	hl, sp
    000021FE 7E               [ 8] 6915 	ld	a, (hl)
    000021FF CDr00r00         [24] 6916 	call	___move_metasprite_vflip
                                   6917 ;src/gameplay.c:1043: else oam_index += move_metasprite_vflip(icon1_metasprites[player.anim_frame], 0, oam_index, sprite_x_final + 22, final_py + 16);
    00002202 21 D6 00         [12] 6918 	ld	hl, #214
    00002205 39               [ 8] 6919 	add	hl, sp
    00002206 86               [ 8] 6920 	add	a, (hl)
    00002207 21 DA 00         [12] 6921 	ld	hl, #218
    0000220A 39               [ 8] 6922 	add	hl, sp
    0000220B 77               [ 8] 6923 	ld	(hl), a
    0000220C C3rA6r22         [16] 6924 	jp	00198$
    0000220F                       6925 00191$:
                                   6926 ;src/gameplay.c:1045: if (player.reversed) oam_index += move_metasprite_hflip(icon1_metasprites[player.anim_frame], 0, oam_index, sprite_x_final + 10, final_py + 32);
    0000220F 21 D8 00         [12] 6927 	ld	hl, #216
    00002212 39               [ 8] 6928 	add	hl, sp
    00002213 7E               [ 8] 6929 	ld	a, (hl)
    00002214 B7               [ 4] 6930 	or	a, a
    00002215 28 54            [12] 6931 	jr	Z, 00188$
    00002217 23               [ 8] 6932 	inc	hl
    00002218 2A               [ 8] 6933 	ld	a, (hl+)
    00002219 C6 20            [ 8] 6934 	add	a, #0x20
    0000221B 4F               [ 4] 6935 	ld	c, a
    0000221C 7E               [ 8] 6936 	ld	a, (hl)
    0000221D C6 0A            [ 8] 6937 	add	a, #0x0a
    0000221F 77               [ 8] 6938 	ld	(hl), a
    00002220 F8 13            [12] 6939 	ldhl	sp,	#19
    00002222 6E               [ 8] 6940 	ld	l, (hl)
    00002223 AF               [ 4] 6941 	xor	a, a
    00002224 67               [ 4] 6942 	ld	h, a
    00002225 29               [ 8] 6943 	add	hl, hl
    00002226 11r00r00         [12] 6944 	ld	de, #_icon1_metasprites
    00002229 19               [ 8] 6945 	add	hl, de
    0000222A 2A               [ 8] 6946 	ld	a, (hl+)
    0000222B 46               [ 8] 6947 	ld	b, (hl)
    0000222C F5               [16] 6948 	push	af
    0000222D 21 D8 00         [12] 6949 	ld	hl, #216
    00002230 39               [ 8] 6950 	add	hl, sp
    00002231 7E               [ 8] 6951 	ld	a, (hl)
    00002232 21 DB 00         [12] 6952 	ld	hl, #219
    00002235 39               [ 8] 6953 	add	hl, sp
    00002236 77               [ 8] 6954 	ld	(hl), a
    00002237 F1               [12] 6955 	pop	af
                                   6956 ;c:\gbdk\include\gb\metasprites.h:250: __current_metasprite = metasprite;
    00002238 21r00r00         [12] 6957 	ld	hl, #___current_metasprite
    0000223B 22               [ 8] 6958 	ld	(hl+), a
    0000223C 70               [ 8] 6959 	ld	(hl), b
                                   6960 ;c:\gbdk\include\gb\metasprites.h:251: __current_base_tile = base_tile;
                                   6961 ;c:\gbdk\include\gb\metasprites.h:252: __current_base_prop = 0;
    0000223D AF               [ 4] 6962 	xor	a, a
    0000223E EAr00r00         [16] 6963 	ld	(#___current_base_tile), a
    00002241 EAr00r00         [16] 6964 	ld	(#___current_base_prop),a
                                   6965 ;c:\gbdk\include\gb\metasprites.h:253: return __move_metasprite_hflip(base_sprite, ((y - ((LCDC_REG & LCDCF_OBJ16) ? 16u : 8u)) << 8) | x);
    00002244 F0r00            [12] 6966 	ldh	a, (_LCDC_REG + 0)
    00002246 CB 57            [ 8] 6967 	bit	2, a
    00002248 28 05            [12] 6968 	jr	Z, 00260$
    0000224A 21 10 00         [12] 6969 	ld	hl, #0x0010
    0000224D 18 03            [12] 6970 	jr	00261$
    0000224F                       6971 00260$:
    0000224F 21 08 00         [12] 6972 	ld	hl, #0x0008
    00002252                       6973 00261$:
    00002252 79               [ 4] 6974 	ld	a, c
    00002253 95               [ 4] 6975 	sub	a, l
    00002254 57               [ 4] 6976 	ld	d, a
    00002255 21 DA 00         [12] 6977 	ld	hl, #218
    00002258 39               [ 8] 6978 	add	hl, sp
    00002259 3A               [ 8] 6979 	ld	a, (hl-)
    0000225A 5F               [ 4] 6980 	ld	e, a
    0000225B 7E               [ 8] 6981 	ld	a, (hl)
    0000225C CDr00r00         [24] 6982 	call	___move_metasprite_hflip
                                   6983 ;src/gameplay.c:1045: if (player.reversed) oam_index += move_metasprite_hflip(icon1_metasprites[player.anim_frame], 0, oam_index, sprite_x_final + 10, final_py + 32);
    0000225F 21 D6 00         [12] 6984 	ld	hl, #214
    00002262 39               [ 8] 6985 	add	hl, sp
    00002263 86               [ 8] 6986 	add	a, (hl)
    00002264 21 DA 00         [12] 6987 	ld	hl, #218
    00002267 39               [ 8] 6988 	add	hl, sp
    00002268 77               [ 8] 6989 	ld	(hl), a
    00002269 18 3B            [12] 6990 	jr	00198$
    0000226B                       6991 00188$:
                                   6992 ;src/gameplay.c:1046: else oam_index += move_metasprite(icon1_metasprites[player.anim_frame], 0, oam_index, sprite_x_final + 8, final_py + 16);
    0000226B 21 D9 00         [12] 6993 	ld	hl, #217
    0000226E 39               [ 8] 6994 	add	hl, sp
    0000226F 2A               [ 8] 6995 	ld	a, (hl+)
    00002270 C6 10            [ 8] 6996 	add	a, #0x10
    00002272 47               [ 4] 6997 	ld	b, a
    00002273 7E               [ 8] 6998 	ld	a, (hl)
    00002274 C6 08            [ 8] 6999 	add	a, #0x08
    00002276 4F               [ 4] 7000 	ld	c, a
    00002277 F8 13            [12] 7001 	ldhl	sp,	#19
    00002279 6E               [ 8] 7002 	ld	l, (hl)
    0000227A AF               [ 4] 7003 	xor	a, a
    0000227B 67               [ 4] 7004 	ld	h, a
    0000227C 29               [ 8] 7005 	add	hl, hl
    0000227D 11r00r00         [12] 7006 	ld	de, #_icon1_metasprites
    00002280 19               [ 8] 7007 	add	hl, de
    00002281 2A               [ 8] 7008 	ld	a, (hl+)
    00002282 6E               [ 8] 7009 	ld	l, (hl)
                                   7010 ;c:\gbdk\include\gb\metasprites.h:169: __current_metasprite = metasprite;
    00002283 5F               [ 4] 7011 	ld	e, a
    00002284 55               [ 4] 7012 	ld	d, l
    00002285 21r00r00         [12] 7013 	ld	hl, #___current_metasprite
    00002288 7B               [ 4] 7014 	ld	a, e
    00002289 22               [ 8] 7015 	ld	(hl+), a
    0000228A 72               [ 8] 7016 	ld	(hl), d
                                   7017 ;c:\gbdk\include\gb\metasprites.h:170: __current_base_tile = base_tile;
                                   7018 ;c:\gbdk\include\gb\metasprites.h:171: __current_base_prop = 0;
    0000228B AF               [ 4] 7019 	xor	a, a
    0000228C EAr00r00         [16] 7020 	ld	(#___current_base_tile), a
    0000228F EAr00r00         [16] 7021 	ld	(#___current_base_prop),a
                                   7022 ;c:\gbdk\include\gb\metasprites.h:172: return __move_metasprite(base_sprite, (y << 8) | (uint8_t)x);
    00002292 50               [ 4] 7023 	ld	d, b
    00002293 59               [ 4] 7024 	ld	e, c
    00002294 21 D6 00         [12] 7025 	ld	hl, #214
    00002297 39               [ 8] 7026 	add	hl, sp
    00002298 7E               [ 8] 7027 	ld	a, (hl)
    00002299 CDr00r00         [24] 7028 	call	___move_metasprite
                                   7029 ;src/gameplay.c:1046: else oam_index += move_metasprite(icon1_metasprites[player.anim_frame], 0, oam_index, sprite_x_final + 8, final_py + 16);
    0000229C 21 D6 00         [12] 7030 	ld	hl, #214
    0000229F 39               [ 8] 7031 	add	hl, sp
    000022A0 86               [ 8] 7032 	add	a, (hl)
    000022A1 21 DA 00         [12] 7033 	ld	hl, #218
    000022A4 39               [ 8] 7034 	add	hl, sp
    000022A5 77               [ 8] 7035 	ld	(hl), a
    000022A6                       7036 00198$:
                                   7037 ;src/gameplay.c:1051: if (oam_index < previous_oam_index) {
    000022A6 21 DA 00         [12] 7038 	ld	hl, #218
    000022A9 39               [ 8] 7039 	add	hl, sp
    000022AA 7E               [ 8] 7040 	ld	a, (hl)
    000022AB 21 C9 00         [12] 7041 	ld	hl, #201
    000022AE 39               [ 8] 7042 	add	hl, sp
    000022AF 96               [ 8] 7043 	sub	a, (hl)
    000022B0 30 09            [12] 7044 	jr	NC, 00200$
                                   7045 ;src/gameplay.c:1052: hide_sprites_range(oam_index, previous_oam_index);
    000022B2 5E               [ 8] 7046 	ld	e, (hl)
    000022B3 21 DA 00         [12] 7047 	ld	hl, #218
    000022B6 39               [ 8] 7048 	add	hl, sp
    000022B7 7E               [ 8] 7049 	ld	a, (hl)
    000022B8 CDr00r00         [24] 7050 	call	_hide_sprites_range
    000022BB                       7051 00200$:
                                   7052 ;src/gameplay.c:1054: previous_oam_index = oam_index;
    000022BB 21 DA 00         [12] 7053 	ld	hl, #218
    000022BE 39               [ 8] 7054 	add	hl, sp
    000022BF 7E               [ 8] 7055 	ld	a, (hl)
    000022C0 21 C9 00         [12] 7056 	ld	hl, #201
    000022C3 39               [ 8] 7057 	add	hl, sp
    000022C4 77               [ 8] 7058 	ld	(hl), a
                                   7059 ;src/gameplay.c:1056: if (died) {
    000022C5 21 D5 00         [12] 7060 	ld	hl, #213
    000022C8 39               [ 8] 7061 	add	hl, sp
    000022C9 7E               [ 8] 7062 	ld	a, (hl)
    000022CA B7               [ 4] 7063 	or	a, a
    000022CB CAr23r19         [16] 7064 	jp	Z, 00209$
                                   7065 ;src/gameplay.c:1057: TAC_REG = 0x00;
    000022CE AF               [ 4] 7066 	xor	a, a
    000022CF E0r00            [12] 7067 	ldh	(_TAC_REG + 0), a
                                   7068 ;src/gameplay.c:1058: NR52_REG = 0x00;
    000022D1 AF               [ 4] 7069 	xor	a, a
    000022D2 E0r00            [12] 7070 	ldh	(_NR52_REG + 0), a
                                   7071 ;src/gameplay.c:1059: NR52_REG = 0x80;
    000022D4 3E 80            [ 8] 7072 	ld	a, #0x80
    000022D6 E0r00            [12] 7073 	ldh	(_NR52_REG + 0), a
                                   7074 ;src/gameplay.c:1060: NR51_REG = 0xFF;
    000022D8 3E FF            [ 8] 7075 	ld	a, #0xff
    000022DA E0r00            [12] 7076 	ldh	(_NR51_REG + 0), a
                                   7077 ;src/gameplay.c:1061: NR50_REG = 0x77;
    000022DC 3E 77            [ 8] 7078 	ld	a, #0x77
    000022DE E0r00            [12] 7079 	ldh	(_NR50_REG + 0), a
                                   7080 ;src/gameplay.c:1062: NR41_REG = 0x00;
    000022E0 AF               [ 4] 7081 	xor	a, a
    000022E1 E0r00            [12] 7082 	ldh	(_NR41_REG + 0), a
                                   7083 ;src/gameplay.c:1063: NR42_REG = 0xF2;
    000022E3 3E F2            [ 8] 7084 	ld	a, #0xf2
    000022E5 E0r00            [12] 7085 	ldh	(_NR42_REG + 0), a
                                   7086 ;src/gameplay.c:1064: NR43_REG = 0x43;
    000022E7 3E 43            [ 8] 7087 	ld	a, #0x43
    000022E9 E0r00            [12] 7088 	ldh	(_NR43_REG + 0), a
                                   7089 ;src/gameplay.c:1065: NR44_REG = 0x80;
    000022EB 3E 80            [ 8] 7090 	ld	a, #0x80
    000022ED E0r00            [12] 7091 	ldh	(_NR44_REG + 0), a
                                   7092 ;src/gameplay.c:1066: for (uint8_t i = 0; i < 60; i++) wait_vbl_done();
    000022EF 0E 00            [ 8] 7093 	ld	c, #0x00
    000022F1                       7094 00242$:
    000022F1 79               [ 4] 7095 	ld	a, c
    000022F2 D6 3C            [ 8] 7096 	sub	a, #0x3c
    000022F4 30 06            [12] 7097 	jr	NC, 00201$
    000022F6 CDr00r00         [24] 7098 	call	_wait_vbl_done
    000022F9 0C               [ 4] 7099 	inc	c
    000022FA 18 F5            [12] 7100 	jr	00242$
    000022FC                       7101 00201$:
                                   7102 ;src/gameplay.c:1067: NR52_REG = 0x80;
    000022FC 3E 80            [ 8] 7103 	ld	a, #0x80
    000022FE E0r00            [12] 7104 	ldh	(_NR52_REG + 0), a
                                   7105 ;src/gameplay.c:1068: NR51_REG = 0xFF;
    00002300 3E FF            [ 8] 7106 	ld	a, #0xff
    00002302 E0r00            [12] 7107 	ldh	(_NR51_REG + 0), a
                                   7108 ;src/gameplay.c:1069: NR50_REG = 0x77;
    00002304 3E 77            [ 8] 7109 	ld	a, #0x77
    00002306 E0r00            [12] 7110 	ldh	(_NR50_REG + 0), a
                                   7111 ;src/gameplay.c:1070: if (level_songs[idx]) {
    00002308 21 BF 00         [12] 7112 	ld	hl,#0xbf
    0000230B 39               [ 8] 7113 	add	hl,sp
    0000230C 2A               [ 8] 7114 	ld	a, (hl+)
    0000230D 5F               [ 4] 7115 	ld	e, a
    0000230E 56               [ 8] 7116 	ld	d, (hl)
    0000230F 1A               [ 8] 7117 	ld	a, (de)
    00002310 4F               [ 4] 7118 	ld	c, a
    00002311 13               [ 8] 7119 	inc	de
    00002312 1A               [ 8] 7120 	ld	a, (de)
    00002313 47               [ 4] 7121 	ld	b, a
    00002314 B1               [ 4] 7122 	or	a, c
    00002315 28 20            [12] 7123 	jr	Z, 00203$
                                   7124 ;src/gameplay.c:1071: init_music_banked(level_songs[idx], song_bank[idx], l->timer_divider);
    00002317 21 D1 00         [12] 7125 	ld	hl,#0xd1
    0000231A 39               [ 8] 7126 	add	hl,sp
    0000231B 2A               [ 8] 7127 	ld	a, (hl+)
    0000231C 5F               [ 4] 7128 	ld	e, a
    0000231D 2A               [ 8] 7129 	ld	a, (hl+)
    0000231E 57               [ 4] 7130 	ld	d, a
    0000231F 1A               [ 8] 7131 	ld	a, (de)
    00002320 5E               [ 8] 7132 	ld	e, (hl)
    00002321 23               [ 8] 7133 	inc	hl
    00002322 56               [ 8] 7134 	ld	d, (hl)
    00002323 F5               [16] 7135 	push	af
    00002324 1A               [ 8] 7136 	ld	a, (de)
    00002325 33               [ 8] 7137 	inc	sp
    00002326 59               [ 4] 7138 	ld	e, c
    00002327 50               [ 4] 7139 	ld	d, b
    00002328 CDr00r00         [24] 7140 	call	_init_music_banked
                                   7141 ;src/gameplay.c:1072: current_song_bank = song_bank[idx];
    0000232B 21 D3 00         [12] 7142 	ld	hl,#0xd3
    0000232E 39               [ 8] 7143 	add	hl,sp
    0000232F 2A               [ 8] 7144 	ld	a, (hl+)
    00002330 5F               [ 4] 7145 	ld	e, a
    00002331 56               [ 8] 7146 	ld	d, (hl)
    00002332 1A               [ 8] 7147 	ld	a, (de)
    00002333 21r00r00         [12] 7148 	ld	hl, #_current_song_bank
    00002336 77               [ 8] 7149 	ld	(hl), a
    00002337                       7150 00203$:
                                   7151 ;c:\gbdk\include\gb\gb.h:811: __asm__("di");
    00002337 F3               [ 4] 7152 	di
                                   7153 ;src/gameplay.c:1075: DISPLAY_OFF;
    00002338 CDr00r00         [24] 7154 	call	_display_off
                                   7155 ;src/gameplay.c:1082: load_bkg_tileset(level_tiles, level_tile_count, level_tiles_bank);
    0000233B 21 BD 00         [12] 7156 	ld	hl, #189
    0000233E 39               [ 8] 7157 	add	hl, sp
    0000233F 7E               [ 8] 7158 	ld	a, (hl)
    00002340 F5               [16] 7159 	push	af
    00002341 33               [ 8] 7160 	inc	sp
    00002342 21 B8 00         [12] 7161 	ld	hl, #184
    00002345 39               [ 8] 7162 	add	hl, sp
    00002346 2A               [ 8] 7163 	ld	a, (hl+)
    00002347 4F               [ 4] 7164 	ld	c, a
    00002348 46               [ 8] 7165 	ld	b, (hl)
    00002349 21 B4 00         [12] 7166 	ld	hl, #180
    0000234C 39               [ 8] 7167 	add	hl, sp
    0000234D 2A               [ 8] 7168 	ld	a, (hl+)
    0000234E 5F               [ 4] 7169 	ld	e, a
    0000234F 56               [ 8] 7170 	ld	d, (hl)
    00002350 CDr00r00         [24] 7171 	call	_load_bkg_tileset
                                   7172 ;src/gameplay.c:1085: set_sprite_data(0, 8, icon1_tiles);
    00002353 11r00r00         [12] 7173 	ld	de, #_icon1_tiles
    00002356 D5               [16] 7174 	push	de
    00002357 21 00 08         [12] 7175 	ld	hl, #0x800
    0000235A E5               [16] 7176 	push	hl
    0000235B CDr00r00         [24] 7177 	call	_set_sprite_data
    0000235E E8 04            [16] 7178 	add	sp, #4
                                   7179 ;src/gameplay.c:1086: set_sprite_data(8, 4, ship_tiles);
    00002360 11r00r00         [12] 7180 	ld	de, #_ship_tiles
    00002363 D5               [16] 7181 	push	de
    00002364 21 08 04         [12] 7182 	ld	hl, #0x408
    00002367 E5               [16] 7183 	push	hl
    00002368 CDr00r00         [24] 7184 	call	_set_sprite_data
    0000236B E8 04            [16] 7185 	add	sp, #4
                                   7186 ;src/gameplay.c:1087: set_sprite_data(12, 4, ball_tiles);
    0000236D 11r00r00         [12] 7187 	ld	de, #_ball_tiles
    00002370 D5               [16] 7188 	push	de
    00002371 21 0C 04         [12] 7189 	ld	hl, #0x40c
    00002374 E5               [16] 7190 	push	hl
    00002375 CDr00r00         [24] 7191 	call	_set_sprite_data
    00002378 E8 04            [16] 7192 	add	sp, #4
                                   7193 ;src/gameplay.c:1088: set_sprite_data(FAMIDASH_SPRITE_TILE_BASE, FAMIDASH_SPRITE_TILE_COUNT, famidash_sprites_tiles);
    0000237A 11r00r00         [12] 7194 	ld	de, #_famidash_sprites_tiles
    0000237D D5               [16] 7195 	push	de
    0000237E 21 70 5C         [12] 7196 	ld	hl, #0x5c70
    00002381 E5               [16] 7197 	push	hl
    00002382 CDr00r00         [24] 7198 	call	_set_sprite_data
    00002385 E8 04            [16] 7199 	add	sp, #4
                                   7200 ;src/gameplay.c:1090: cam_px = 0;
    00002387 AF               [ 4] 7201 	xor	a, a
    00002388 21 DC 00         [12] 7202 	ld	hl, #220
    0000238B 39               [ 8] 7203 	add	hl, sp
    0000238C 22               [ 8] 7204 	ld	(hl+), a
    0000238D 77               [ 8] 7205 	ld	(hl), a
                                   7206 ;src/gameplay.c:1091: cam_py = 112;
    0000238E 21 C1 00         [12] 7207 	ld	hl, #193
    00002391 39               [ 8] 7208 	add	hl, sp
    00002392 3E 70            [ 8] 7209 	ld	a, #0x70
    00002394 22               [ 8] 7210 	ld	(hl+), a
    00002395 AF               [ 4] 7211 	xor	a, a
    00002396 77               [ 8] 7212 	ld	(hl), a
                                   7213 ;src/gameplay.c:1092: scroll_acc = 0;
    00002397 21 C7 00         [12] 7214 	ld	hl, #199
    0000239A 39               [ 8] 7215 	add	hl, sp
                                   7216 ;src/gameplay.c:1093: loaded_r = BKG_MT_W - 1;
    0000239B AF               [ 4] 7217 	xor	a, a
    0000239C 32               [ 8] 7218 	ld	(hl-), a
    0000239D 2B               [ 8] 7219 	dec	hl
    0000239E 3E 0F            [ 8] 7220 	ld	a, #0x0f
    000023A0 22               [ 8] 7221 	ld	(hl+), a
    000023A1 AF               [ 4] 7222 	xor	a, a
    000023A2 77               [ 8] 7223 	ld	(hl), a
                                   7224 ;src/gameplay.c:1094: target_bg_idx = 0;
    000023A3 21 DB 00         [12] 7225 	ld	hl, #219
    000023A6 39               [ 8] 7226 	add	hl, sp
    000023A7 36 00            [12] 7227 	ld	(hl), #0x00
                                   7228 ;src/gameplay.c:1095: player_init(&player, 0, 240);
    000023A9 21 08 00         [12] 7229 	ld	hl, #8
    000023AC 39               [ 8] 7230 	add	hl, sp
    000023AD 11 F0 00         [12] 7231 	ld	de, #0x00f0
    000023B0 D5               [16] 7232 	push	de
    000023B1 01 00 00         [12] 7233 	ld	bc, #0x0000
    000023B4 5D               [ 4] 7234 	ld	e, l
    000023B5 54               [ 4] 7235 	ld	d, h
    000023B6 CDr00r00         [24] 7236 	call	_player_init
                                   7237 ;src/gameplay.c:1096: sp_cache_reset(&active_sp, &sp_stream_idx);
    000023B9 21 8F 00         [12] 7238 	ld	hl, #143
    000023BC 39               [ 8] 7239 	add	hl, sp
    000023BD 4D               [ 4] 7240 	ld	c, l
    000023BE 44               [ 4] 7241 	ld	b, h
    000023BF 21 1F 00         [12] 7242 	ld	hl, #31
    000023C2 39               [ 8] 7243 	add	hl, sp
    000023C3 5D               [ 4] 7244 	ld	e, l
    000023C4 54               [ 4] 7245 	ld	d, h
    000023C5 CDrD6r01         [24] 7246 	call	_sp_cache_reset
                                   7247 ;src/gameplay.c:1097: sp_cache_col = 0xFFFF;
    000023C8 21 CA 00         [12] 7248 	ld	hl, #202
    000023CB 39               [ 8] 7249 	add	hl, sp
                                   7250 ;src/gameplay.c:1098: previous_oam_index = MAX_HARDWARE_SPRITES;
    000023CC 3E FF            [ 8] 7251 	ld	a,#0xff
    000023CE 22               [ 8] 7252 	ld	(hl+),a
    000023CF 32               [ 8] 7253 	ld	(hl-), a
    000023D0 2B               [ 8] 7254 	dec	hl
    000023D1 36 28            [12] 7255 	ld	(hl), #0x28
                                   7256 ;src/gameplay.c:1099: cached_collision_col = 0xFFFF;
    000023D3 21 CC 00         [12] 7257 	ld	hl, #204
    000023D6 39               [ 8] 7258 	add	hl, sp
    000023D7 3E FF            [ 8] 7259 	ld	a, #0xff
    000023D9 22               [ 8] 7260 	ld	(hl+), a
    000023DA 36 FF            [12] 7261 	ld	(hl), #0xff
                                   7262 ;c:\gbdk\include\gb\gb.h:1461: SCX_REG=x, SCY_REG=y;
    000023DC AF               [ 4] 7263 	xor	a, a
    000023DD E0r00            [12] 7264 	ldh	(_SCX_REG + 0), a
    000023DF 3E 70            [ 8] 7265 	ld	a, #0x70
    000023E1 E0r00            [12] 7266 	ldh	(_SCY_REG + 0), a
                                   7267 ;src/gameplay.c:1101: BGP_REG = bg_pals[0];
    000023E3 F8 04            [12] 7268 	ldhl	sp,	#4
    000023E5 7E               [ 8] 7269 	ld	a, (hl)
    000023E6 E0r00            [12] 7270 	ldh	(_BGP_REG + 0), a
                                   7271 ;src/gameplay.c:1102: if (_cpu == CGB_TYPE) {
    000023E8 FAr00r00         [16] 7272 	ld	a, (#__cpu)
    000023EB D6 11            [ 8] 7273 	sub	a, #0x11
    000023ED 20 03            [12] 7274 	jr	NZ, 00205$
                                   7275 ;src/gameplay.c:1106: famidash_reset_bg_palettes();
    000023EF CDr39r01         [24] 7276 	call	_famidash_reset_bg_palettes
    000023F2                       7277 00205$:
                                   7278 ;src/gameplay.c:1108: fill_scroll_bg(level_map, level_map_w, level_map_bank, 0);
    000023F2 AF               [ 4] 7279 	xor	a, a
    000023F3 F5               [16] 7280 	push	af
    000023F4 33               [ 8] 7281 	inc	sp
    000023F5 21 BF 00         [12] 7282 	ld	hl, #191
    000023F8 39               [ 8] 7283 	add	hl, sp
    000023F9 7E               [ 8] 7284 	ld	a, (hl)
    000023FA F5               [16] 7285 	push	af
    000023FB 33               [ 8] 7286 	inc	sp
    000023FC 21 BB 00         [12] 7287 	ld	hl, #187
    000023FF 39               [ 8] 7288 	add	hl, sp
    00002400 2A               [ 8] 7289 	ld	a, (hl+)
    00002401 4F               [ 4] 7290 	ld	c, a
    00002402 46               [ 8] 7291 	ld	b, (hl)
    00002403 21 B7 00         [12] 7292 	ld	hl, #183
    00002406 39               [ 8] 7293 	add	hl, sp
    00002407 2A               [ 8] 7294 	ld	a, (hl+)
    00002408 5F               [ 4] 7295 	ld	e, a
    00002409 56               [ 8] 7296 	ld	d, (hl)
    0000240A CDr00r00         [24] 7297 	call	_fill_scroll_bg
                                   7298 ;src/gameplay.c:1109: DISPLAY_ON;
    0000240D F0r00            [12] 7299 	ldh	a, (_LCDC_REG + 0)
    0000240F F6 80            [ 8] 7300 	or	a, #0x80
    00002411 E0r00            [12] 7301 	ldh	(_LCDC_REG + 0), a
                                   7302 ;src/gameplay.c:1110: TAC_REG = 0x04;
    00002413 3E 04            [ 8] 7303 	ld	a, #0x04
    00002415 E0r00            [12] 7304 	ldh	(_TAC_REG + 0), a
                                   7305 ;src/gameplay.c:1111: music_ready = 1;
    00002417 21r00r00         [12] 7306 	ld	hl, #_music_ready
    0000241A 36 01            [12] 7307 	ld	(hl), #0x01
                                   7308 ;c:\gbdk\include\gb\gb.h:795: __asm__("ei");
    0000241C FB               [ 4] 7309 	ei
                                   7310 ;src/gameplay.c:1112: enable_interrupts();
    0000241D C3r23r19         [16] 7311 	jp	00209$
    00002420                       7312 00210$:
                                   7313 ;src/gameplay.c:1116: HIDE_SPRITES;
    00002420 F0r00            [12] 7314 	ldh	a, (_LCDC_REG + 0)
    00002422 E6 FD            [ 8] 7315 	and	a, #0xfd
    00002424 E0r00            [12] 7316 	ldh	(_LCDC_REG + 0), a
                                   7317 ;c:\gbdk\include\gb\gb.h:1461: SCX_REG=x, SCY_REG=y;
    00002426 AF               [ 4] 7318 	xor	a, a
    00002427 E0r00            [12] 7319 	ldh	(_SCX_REG + 0), a
    00002429 AF               [ 4] 7320 	xor	a, a
    0000242A E0r00            [12] 7321 	ldh	(_SCY_REG + 0), a
                                   7322 ;src/gameplay.c:1118: waitpadup();
    0000242C CDr00r00         [24] 7323 	call	_waitpadup
                                   7324 ;c:\gbdk\include\gb\gb.h:811: __asm__("di");
    0000242F F3               [ 4] 7325 	di
                                   7326 ;src/gameplay.c:1120: setup_menu_font();
    00002430 1Er00            [ 8] 7327 	ld	e, #b_setup_menu_font
    00002432 21rE4r14         [12] 7328 	ld	hl, #_setup_menu_font
    00002435 CDr00r00         [24] 7329 	call	___sdcc_bcall_ehl
                                   7330 ;c:\gbdk\include\gb\gb.h:795: __asm__("ei");
    00002438 FB               [ 4] 7331 	ei
                                   7332 ;src/gameplay.c:1122: redraw = 1;
    00002439 21r00r00         [12] 7333 	ld	hl, #_redraw
    0000243C 36 01            [12] 7334 	ld	(hl), #0x01
                                   7335 ;src/gameplay.c:1123: }
    0000243E 21 DE 00         [12] 7336 	ld	hl, #222
    00002441 39               [ 8] 7337 	add	hl, sp
    00002442 F9               [ 8] 7338 	ld	sp, hl
    00002443 C9               [16] 7339 	ret
    00002444                       7340 ___str_3:
    00002444 4C 45 56 45 4C 20 43  7341 	.ascii "LEVEL COMPLETE"
             4F 4D 50 4C 45 54 45
    00002452 00                    7342 	.db 0x00
    00002453                       7343 ___str_4:
    00002453 50 52 45 53 53 20 41  7344 	.ascii "PRESS A TO EXIT"
             20 54 4F 20 45 58 49
             54
    00002462 00                    7345 	.db 0x00
                                   7346 	.area _CODE_10
                                   7347 	.area _INITIALIZER
                                   7348 	.area _CABS (ABS)
