                                      1 ;--------------------------------------------------------
                                      2 ; File Created by SDCC : free open source ISO C Compiler
                                      3 ; Version 4.5.1 #15267 (MINGW64)
                                      4 ;--------------------------------------------------------
                                      5 	.module jumper
                                      6 	
                                      7 ;--------------------------------------------------------
                                      8 ; Public variables in this module
                                      9 ;--------------------------------------------------------
                                     10 	.globl _jumper
                                     11 ;--------------------------------------------------------
                                     12 ; special function registers
                                     13 ;--------------------------------------------------------
                                     14 	.area _HRAM
                                     15 ;--------------------------------------------------------
                                     16 ; ram data
                                     17 ;--------------------------------------------------------
                                     18 	.area _DATA
                                     19 ;--------------------------------------------------------
                                     20 ; ram data
                                     21 ;--------------------------------------------------------
                                     22 	.area _INITIALIZED
                                     23 ;--------------------------------------------------------
                                     24 ; absolute external ram data
                                     25 ;--------------------------------------------------------
                                     26 	.area _DABS (ABS)
                                     27 ;--------------------------------------------------------
                                     28 ; global & static initialisations
                                     29 ;--------------------------------------------------------
                                     30 	.area _HOME
                                     31 	.area _GSINIT
                                     32 	.area _GSFINAL
                                     33 	.area _GSINIT
                                     34 ;--------------------------------------------------------
                                     35 ; Home
                                     36 ;--------------------------------------------------------
                                     37 	.area _HOME
                                     38 	.area _HOME
                                     39 ;--------------------------------------------------------
                                     40 ; code
                                     41 ;--------------------------------------------------------
                                     42 	.area _CODE_249
                                     43 	.area _CODE_249
    00000000                         44 _order_cnt:
    00000000 20                      45 	.db #0x20	; 32
    00000001                         46 _P0:
    00000001 29                      47 	.db #0x29	; 41
    00000002 10                      48 	.db #0x10	; 16
    00000003 00                      49 	.db #0x00	; 0
    00000004 5A                      50 	.db #0x5a	; 90	'Z'
    00000005 00                      51 	.db #0x00	; 0
    00000006 00                      52 	.db #0x00	; 0
    00000007 5A                      53 	.db #0x5a	; 90	'Z'
    00000008 00                      54 	.db #0x00	; 0
    00000009 00                      55 	.db #0x00	; 0
    0000000A 29                      56 	.db #0x29	; 41
    0000000B 10                      57 	.db #0x10	; 16
    0000000C 00                      58 	.db #0x00	; 0
    0000000D 5A                      59 	.db #0x5a	; 90	'Z'
    0000000E 00                      60 	.db #0x00	; 0
    0000000F 00                      61 	.db #0x00	; 0
    00000010 29                      62 	.db #0x29	; 41
    00000011 10                      63 	.db #0x10	; 16
    00000012 00                      64 	.db #0x00	; 0
    00000013 25                      65 	.db #0x25	; 37
    00000014 10                      66 	.db #0x10	; 16
    00000015 00                      67 	.db #0x00	; 0
    00000016 5A                      68 	.db #0x5a	; 90	'Z'
    00000017 00                      69 	.db #0x00	; 0
    00000018 00                      70 	.db #0x00	; 0
    00000019 2C                      71 	.db #0x2c	; 44
    0000001A 10                      72 	.db #0x10	; 16
    0000001B 00                      73 	.db #0x00	; 0
    0000001C 25                      74 	.db #0x25	; 37
    0000001D 10                      75 	.db #0x10	; 16
    0000001E 00                      76 	.db #0x00	; 0
    0000001F 5A                      77 	.db #0x5a	; 90	'Z'
    00000020 00                      78 	.db #0x00	; 0
    00000021 00                      79 	.db #0x00	; 0
    00000022 31                      80 	.db #0x31	; 49	'1'
    00000023 10                      81 	.db #0x10	; 16
    00000024 00                      82 	.db #0x00	; 0
    00000025 2A                      83 	.db #0x2a	; 42
    00000026 10                      84 	.db #0x10	; 16
    00000027 00                      85 	.db #0x00	; 0
    00000028 5A                      86 	.db #0x5a	; 90	'Z'
    00000029 00                      87 	.db #0x00	; 0
    0000002A 00                      88 	.db #0x00	; 0
    0000002B 2C                      89 	.db #0x2c	; 44
    0000002C 10                      90 	.db #0x10	; 16
    0000002D 00                      91 	.db #0x00	; 0
    0000002E 29                      92 	.db #0x29	; 41
    0000002F 10                      93 	.db #0x10	; 16
    00000030 00                      94 	.db #0x00	; 0
    00000031 5A                      95 	.db #0x5a	; 90	'Z'
    00000032 00                      96 	.db #0x00	; 0
    00000033 00                      97 	.db #0x00	; 0
    00000034 2C                      98 	.db #0x2c	; 44
    00000035 10                      99 	.db #0x10	; 16
    00000036 00                     100 	.db #0x00	; 0
    00000037 5A                     101 	.db #0x5a	; 90	'Z'
    00000038 00                     102 	.db #0x00	; 0
    00000039 00                     103 	.db #0x00	; 0
    0000003A 5A                     104 	.db #0x5a	; 90	'Z'
    0000003B 00                     105 	.db #0x00	; 0
    0000003C 00                     106 	.db #0x00	; 0
    0000003D 29                     107 	.db #0x29	; 41
    0000003E 10                     108 	.db #0x10	; 16
    0000003F 00                     109 	.db #0x00	; 0
    00000040 2C                     110 	.db #0x2c	; 44
    00000041 10                     111 	.db #0x10	; 16
    00000042 00                     112 	.db #0x00	; 0
    00000043 5A                     113 	.db #0x5a	; 90	'Z'
    00000044 00                     114 	.db #0x00	; 0
    00000045 00                     115 	.db #0x00	; 0
    00000046 25                     116 	.db #0x25	; 37
    00000047 10                     117 	.db #0x10	; 16
    00000048 00                     118 	.db #0x00	; 0
    00000049 29                     119 	.db #0x29	; 41
    0000004A 10                     120 	.db #0x10	; 16
    0000004B 00                     121 	.db #0x00	; 0
    0000004C 5A                     122 	.db #0x5a	; 90	'Z'
    0000004D 00                     123 	.db #0x00	; 0
    0000004E 00                     124 	.db #0x00	; 0
    0000004F 5A                     125 	.db #0x5a	; 90	'Z'
    00000050 00                     126 	.db #0x00	; 0
    00000051 00                     127 	.db #0x00	; 0
    00000052 29                     128 	.db #0x29	; 41
    00000053 10                     129 	.db #0x10	; 16
    00000054 00                     130 	.db #0x00	; 0
    00000055 5A                     131 	.db #0x5a	; 90	'Z'
    00000056 00                     132 	.db #0x00	; 0
    00000057 00                     133 	.db #0x00	; 0
    00000058 29                     134 	.db #0x29	; 41
    00000059 10                     135 	.db #0x10	; 16
    0000005A 00                     136 	.db #0x00	; 0
    0000005B 25                     137 	.db #0x25	; 37
    0000005C 10                     138 	.db #0x10	; 16
    0000005D 00                     139 	.db #0x00	; 0
    0000005E 5A                     140 	.db #0x5a	; 90	'Z'
    0000005F 00                     141 	.db #0x00	; 0
    00000060 00                     142 	.db #0x00	; 0
    00000061 2C                     143 	.db #0x2c	; 44
    00000062 10                     144 	.db #0x10	; 16
    00000063 00                     145 	.db #0x00	; 0
    00000064 31                     146 	.db #0x31	; 49	'1'
    00000065 10                     147 	.db #0x10	; 16
    00000066 00                     148 	.db #0x00	; 0
    00000067 5A                     149 	.db #0x5a	; 90	'Z'
    00000068 00                     150 	.db #0x00	; 0
    00000069 00                     151 	.db #0x00	; 0
    0000006A 2C                     152 	.db #0x2c	; 44
    0000006B 10                     153 	.db #0x10	; 16
    0000006C 00                     154 	.db #0x00	; 0
    0000006D 2A                     155 	.db #0x2a	; 42
    0000006E 10                     156 	.db #0x10	; 16
    0000006F 00                     157 	.db #0x00	; 0
    00000070 5A                     158 	.db #0x5a	; 90	'Z'
    00000071 00                     159 	.db #0x00	; 0
    00000072 00                     160 	.db #0x00	; 0
    00000073 29                     161 	.db #0x29	; 41
    00000074 10                     162 	.db #0x10	; 16
    00000075 00                     163 	.db #0x00	; 0
    00000076 27                     164 	.db #0x27	; 39
    00000077 10                     165 	.db #0x10	; 16
    00000078 00                     166 	.db #0x00	; 0
    00000079 5A                     167 	.db #0x5a	; 90	'Z'
    0000007A 00                     168 	.db #0x00	; 0
    0000007B 00                     169 	.db #0x00	; 0
    0000007C 5A                     170 	.db #0x5a	; 90	'Z'
    0000007D 00                     171 	.db #0x00	; 0
    0000007E 00                     172 	.db #0x00	; 0
    0000007F 25                     173 	.db #0x25	; 37
    00000080 10                     174 	.db #0x10	; 16
    00000081 00                     175 	.db #0x00	; 0
    00000082 5A                     176 	.db #0x5a	; 90	'Z'
    00000083 00                     177 	.db #0x00	; 0
    00000084 00                     178 	.db #0x00	; 0
    00000085 5A                     179 	.db #0x5a	; 90	'Z'
    00000086 00                     180 	.db #0x00	; 0
    00000087 00                     181 	.db #0x00	; 0
    00000088 5A                     182 	.db #0x5a	; 90	'Z'
    00000089 00                     183 	.db #0x00	; 0
    0000008A 00                     184 	.db #0x00	; 0
    0000008B 5A                     185 	.db #0x5a	; 90	'Z'
    0000008C 00                     186 	.db #0x00	; 0
    0000008D 00                     187 	.db #0x00	; 0
    0000008E 25                     188 	.db #0x25	; 37
    0000008F 10                     189 	.db #0x10	; 16
    00000090 00                     190 	.db #0x00	; 0
    00000091 5A                     191 	.db #0x5a	; 90	'Z'
    00000092 00                     192 	.db #0x00	; 0
    00000093 00                     193 	.db #0x00	; 0
    00000094 5A                     194 	.db #0x5a	; 90	'Z'
    00000095 00                     195 	.db #0x00	; 0
    00000096 00                     196 	.db #0x00	; 0
    00000097 5A                     197 	.db #0x5a	; 90	'Z'
    00000098 00                     198 	.db #0x00	; 0
    00000099 00                     199 	.db #0x00	; 0
    0000009A 5A                     200 	.db #0x5a	; 90	'Z'
    0000009B 00                     201 	.db #0x00	; 0
    0000009C 00                     202 	.db #0x00	; 0
    0000009D 5A                     203 	.db #0x5a	; 90	'Z'
    0000009E 00                     204 	.db #0x00	; 0
    0000009F 00                     205 	.db #0x00	; 0
    000000A0 5A                     206 	.db #0x5a	; 90	'Z'
    000000A1 00                     207 	.db #0x00	; 0
    000000A2 00                     208 	.db #0x00	; 0
    000000A3 5A                     209 	.db #0x5a	; 90	'Z'
    000000A4 00                     210 	.db #0x00	; 0
    000000A5 00                     211 	.db #0x00	; 0
    000000A6 5A                     212 	.db #0x5a	; 90	'Z'
    000000A7 00                     213 	.db #0x00	; 0
    000000A8 00                     214 	.db #0x00	; 0
    000000A9 5A                     215 	.db #0x5a	; 90	'Z'
    000000AA 00                     216 	.db #0x00	; 0
    000000AB 00                     217 	.db #0x00	; 0
    000000AC 5A                     218 	.db #0x5a	; 90	'Z'
    000000AD 00                     219 	.db #0x00	; 0
    000000AE 00                     220 	.db #0x00	; 0
    000000AF 5A                     221 	.db #0x5a	; 90	'Z'
    000000B0 00                     222 	.db #0x00	; 0
    000000B1 00                     223 	.db #0x00	; 0
    000000B2 5A                     224 	.db #0x5a	; 90	'Z'
    000000B3 00                     225 	.db #0x00	; 0
    000000B4 00                     226 	.db #0x00	; 0
    000000B5 5A                     227 	.db #0x5a	; 90	'Z'
    000000B6 00                     228 	.db #0x00	; 0
    000000B7 00                     229 	.db #0x00	; 0
    000000B8 5A                     230 	.db #0x5a	; 90	'Z'
    000000B9 00                     231 	.db #0x00	; 0
    000000BA 00                     232 	.db #0x00	; 0
    000000BB 5A                     233 	.db #0x5a	; 90	'Z'
    000000BC 00                     234 	.db #0x00	; 0
    000000BD 00                     235 	.db #0x00	; 0
    000000BE 5A                     236 	.db #0x5a	; 90	'Z'
    000000BF 00                     237 	.db #0x00	; 0
    000000C0 00                     238 	.db #0x00	; 0
    000000C1                        239 _P1:
    000000C1 1C                     240 	.db #0x1c	; 28
    000000C2 B0                     241 	.db #0xb0	; 176
    000000C3 00                     242 	.db #0x00	; 0
    000000C4 5A                     243 	.db #0x5a	; 90	'Z'
    000000C5 00                     244 	.db #0x00	; 0
    000000C6 00                     245 	.db #0x00	; 0
    000000C7 5A                     246 	.db #0x5a	; 90	'Z'
    000000C8 00                     247 	.db #0x00	; 0
    000000C9 00                     248 	.db #0x00	; 0
    000000CA 5A                     249 	.db #0x5a	; 90	'Z'
    000000CB 00                     250 	.db #0x00	; 0
    000000CC 00                     251 	.db #0x00	; 0
    000000CD 5A                     252 	.db #0x5a	; 90	'Z'
    000000CE 00                     253 	.db #0x00	; 0
    000000CF 00                     254 	.db #0x00	; 0
    000000D0 5A                     255 	.db #0x5a	; 90	'Z'
    000000D1 00                     256 	.db #0x00	; 0
    000000D2 00                     257 	.db #0x00	; 0
    000000D3 5A                     258 	.db #0x5a	; 90	'Z'
    000000D4 00                     259 	.db #0x00	; 0
    000000D5 00                     260 	.db #0x00	; 0
    000000D6 5A                     261 	.db #0x5a	; 90	'Z'
    000000D7 00                     262 	.db #0x00	; 0
    000000D8 00                     263 	.db #0x00	; 0
    000000D9 5A                     264 	.db #0x5a	; 90	'Z'
    000000DA 00                     265 	.db #0x00	; 0
    000000DB 00                     266 	.db #0x00	; 0
    000000DC 5A                     267 	.db #0x5a	; 90	'Z'
    000000DD 00                     268 	.db #0x00	; 0
    000000DE 00                     269 	.db #0x00	; 0
    000000DF 5A                     270 	.db #0x5a	; 90	'Z'
    000000E0 00                     271 	.db #0x00	; 0
    000000E1 00                     272 	.db #0x00	; 0
    000000E2 5A                     273 	.db #0x5a	; 90	'Z'
    000000E3 00                     274 	.db #0x00	; 0
    000000E4 00                     275 	.db #0x00	; 0
    000000E5 5A                     276 	.db #0x5a	; 90	'Z'
    000000E6 00                     277 	.db #0x00	; 0
    000000E7 00                     278 	.db #0x00	; 0
    000000E8 5A                     279 	.db #0x5a	; 90	'Z'
    000000E9 00                     280 	.db #0x00	; 0
    000000EA 00                     281 	.db #0x00	; 0
    000000EB 5A                     282 	.db #0x5a	; 90	'Z'
    000000EC 00                     283 	.db #0x00	; 0
    000000ED 00                     284 	.db #0x00	; 0
    000000EE 5A                     285 	.db #0x5a	; 90	'Z'
    000000EF 00                     286 	.db #0x00	; 0
    000000F0 00                     287 	.db #0x00	; 0
    000000F1 5A                     288 	.db #0x5a	; 90	'Z'
    000000F2 00                     289 	.db #0x00	; 0
    000000F3 00                     290 	.db #0x00	; 0
    000000F4 5A                     291 	.db #0x5a	; 90	'Z'
    000000F5 00                     292 	.db #0x00	; 0
    000000F6 00                     293 	.db #0x00	; 0
    000000F7 5A                     294 	.db #0x5a	; 90	'Z'
    000000F8 00                     295 	.db #0x00	; 0
    000000F9 00                     296 	.db #0x00	; 0
    000000FA 5A                     297 	.db #0x5a	; 90	'Z'
    000000FB 00                     298 	.db #0x00	; 0
    000000FC 00                     299 	.db #0x00	; 0
    000000FD 5A                     300 	.db #0x5a	; 90	'Z'
    000000FE 00                     301 	.db #0x00	; 0
    000000FF 00                     302 	.db #0x00	; 0
    00000100 5A                     303 	.db #0x5a	; 90	'Z'
    00000101 00                     304 	.db #0x00	; 0
    00000102 00                     305 	.db #0x00	; 0
    00000103 5A                     306 	.db #0x5a	; 90	'Z'
    00000104 00                     307 	.db #0x00	; 0
    00000105 00                     308 	.db #0x00	; 0
    00000106 5A                     309 	.db #0x5a	; 90	'Z'
    00000107 00                     310 	.db #0x00	; 0
    00000108 00                     311 	.db #0x00	; 0
    00000109 5A                     312 	.db #0x5a	; 90	'Z'
    0000010A 00                     313 	.db #0x00	; 0
    0000010B 00                     314 	.db #0x00	; 0
    0000010C 5A                     315 	.db #0x5a	; 90	'Z'
    0000010D 00                     316 	.db #0x00	; 0
    0000010E 00                     317 	.db #0x00	; 0
    0000010F 5A                     318 	.db #0x5a	; 90	'Z'
    00000110 00                     319 	.db #0x00	; 0
    00000111 00                     320 	.db #0x00	; 0
    00000112 5A                     321 	.db #0x5a	; 90	'Z'
    00000113 00                     322 	.db #0x00	; 0
    00000114 00                     323 	.db #0x00	; 0
    00000115 5A                     324 	.db #0x5a	; 90	'Z'
    00000116 00                     325 	.db #0x00	; 0
    00000117 00                     326 	.db #0x00	; 0
    00000118 5A                     327 	.db #0x5a	; 90	'Z'
    00000119 00                     328 	.db #0x00	; 0
    0000011A 00                     329 	.db #0x00	; 0
    0000011B 5A                     330 	.db #0x5a	; 90	'Z'
    0000011C 00                     331 	.db #0x00	; 0
    0000011D 00                     332 	.db #0x00	; 0
    0000011E 5A                     333 	.db #0x5a	; 90	'Z'
    0000011F 00                     334 	.db #0x00	; 0
    00000120 00                     335 	.db #0x00	; 0
    00000121 5A                     336 	.db #0x5a	; 90	'Z'
    00000122 00                     337 	.db #0x00	; 0
    00000123 00                     338 	.db #0x00	; 0
    00000124 5A                     339 	.db #0x5a	; 90	'Z'
    00000125 00                     340 	.db #0x00	; 0
    00000126 00                     341 	.db #0x00	; 0
    00000127 5A                     342 	.db #0x5a	; 90	'Z'
    00000128 00                     343 	.db #0x00	; 0
    00000129 00                     344 	.db #0x00	; 0
    0000012A 5A                     345 	.db #0x5a	; 90	'Z'
    0000012B 00                     346 	.db #0x00	; 0
    0000012C 00                     347 	.db #0x00	; 0
    0000012D 5A                     348 	.db #0x5a	; 90	'Z'
    0000012E 00                     349 	.db #0x00	; 0
    0000012F 00                     350 	.db #0x00	; 0
    00000130 5A                     351 	.db #0x5a	; 90	'Z'
    00000131 00                     352 	.db #0x00	; 0
    00000132 00                     353 	.db #0x00	; 0
    00000133 5A                     354 	.db #0x5a	; 90	'Z'
    00000134 00                     355 	.db #0x00	; 0
    00000135 00                     356 	.db #0x00	; 0
    00000136 5A                     357 	.db #0x5a	; 90	'Z'
    00000137 00                     358 	.db #0x00	; 0
    00000138 00                     359 	.db #0x00	; 0
    00000139 5A                     360 	.db #0x5a	; 90	'Z'
    0000013A 00                     361 	.db #0x00	; 0
    0000013B 00                     362 	.db #0x00	; 0
    0000013C 5A                     363 	.db #0x5a	; 90	'Z'
    0000013D 00                     364 	.db #0x00	; 0
    0000013E 00                     365 	.db #0x00	; 0
    0000013F 5A                     366 	.db #0x5a	; 90	'Z'
    00000140 00                     367 	.db #0x00	; 0
    00000141 00                     368 	.db #0x00	; 0
    00000142 5A                     369 	.db #0x5a	; 90	'Z'
    00000143 00                     370 	.db #0x00	; 0
    00000144 00                     371 	.db #0x00	; 0
    00000145 5A                     372 	.db #0x5a	; 90	'Z'
    00000146 00                     373 	.db #0x00	; 0
    00000147 00                     374 	.db #0x00	; 0
    00000148 5A                     375 	.db #0x5a	; 90	'Z'
    00000149 00                     376 	.db #0x00	; 0
    0000014A 00                     377 	.db #0x00	; 0
    0000014B 5A                     378 	.db #0x5a	; 90	'Z'
    0000014C 00                     379 	.db #0x00	; 0
    0000014D 00                     380 	.db #0x00	; 0
    0000014E 5A                     381 	.db #0x5a	; 90	'Z'
    0000014F 00                     382 	.db #0x00	; 0
    00000150 00                     383 	.db #0x00	; 0
    00000151 5A                     384 	.db #0x5a	; 90	'Z'
    00000152 00                     385 	.db #0x00	; 0
    00000153 00                     386 	.db #0x00	; 0
    00000154 5A                     387 	.db #0x5a	; 90	'Z'
    00000155 00                     388 	.db #0x00	; 0
    00000156 00                     389 	.db #0x00	; 0
    00000157 5A                     390 	.db #0x5a	; 90	'Z'
    00000158 00                     391 	.db #0x00	; 0
    00000159 00                     392 	.db #0x00	; 0
    0000015A 5A                     393 	.db #0x5a	; 90	'Z'
    0000015B 00                     394 	.db #0x00	; 0
    0000015C 00                     395 	.db #0x00	; 0
    0000015D 5A                     396 	.db #0x5a	; 90	'Z'
    0000015E 00                     397 	.db #0x00	; 0
    0000015F 00                     398 	.db #0x00	; 0
    00000160 5A                     399 	.db #0x5a	; 90	'Z'
    00000161 00                     400 	.db #0x00	; 0
    00000162 00                     401 	.db #0x00	; 0
    00000163 5A                     402 	.db #0x5a	; 90	'Z'
    00000164 00                     403 	.db #0x00	; 0
    00000165 00                     404 	.db #0x00	; 0
    00000166 5A                     405 	.db #0x5a	; 90	'Z'
    00000167 00                     406 	.db #0x00	; 0
    00000168 00                     407 	.db #0x00	; 0
    00000169 5A                     408 	.db #0x5a	; 90	'Z'
    0000016A 00                     409 	.db #0x00	; 0
    0000016B 00                     410 	.db #0x00	; 0
    0000016C 5A                     411 	.db #0x5a	; 90	'Z'
    0000016D 00                     412 	.db #0x00	; 0
    0000016E 00                     413 	.db #0x00	; 0
    0000016F 5A                     414 	.db #0x5a	; 90	'Z'
    00000170 00                     415 	.db #0x00	; 0
    00000171 00                     416 	.db #0x00	; 0
    00000172 5A                     417 	.db #0x5a	; 90	'Z'
    00000173 00                     418 	.db #0x00	; 0
    00000174 00                     419 	.db #0x00	; 0
    00000175 5A                     420 	.db #0x5a	; 90	'Z'
    00000176 00                     421 	.db #0x00	; 0
    00000177 00                     422 	.db #0x00	; 0
    00000178 5A                     423 	.db #0x5a	; 90	'Z'
    00000179 00                     424 	.db #0x00	; 0
    0000017A 00                     425 	.db #0x00	; 0
    0000017B 5A                     426 	.db #0x5a	; 90	'Z'
    0000017C 00                     427 	.db #0x00	; 0
    0000017D 00                     428 	.db #0x00	; 0
    0000017E 5A                     429 	.db #0x5a	; 90	'Z'
    0000017F 00                     430 	.db #0x00	; 0
    00000180 00                     431 	.db #0x00	; 0
    00000181                        432 _P2:
    00000181 0D                     433 	.db #0x0d	; 13
    00000182 A0                     434 	.db #0xa0	; 160
    00000183 00                     435 	.db #0x00	; 0
    00000184 14                     436 	.db #0x14	; 20
    00000185 A0                     437 	.db #0xa0	; 160
    00000186 00                     438 	.db #0x00	; 0
    00000187 19                     439 	.db #0x19	; 25
    00000188 A0                     440 	.db #0xa0	; 160
    00000189 00                     441 	.db #0x00	; 0
    0000018A 0D                     442 	.db #0x0d	; 13
    0000018B A0                     443 	.db #0xa0	; 160
    0000018C 00                     444 	.db #0x00	; 0
    0000018D 14                     445 	.db #0x14	; 20
    0000018E A0                     446 	.db #0xa0	; 160
    0000018F 00                     447 	.db #0x00	; 0
    00000190 19                     448 	.db #0x19	; 25
    00000191 A0                     449 	.db #0xa0	; 160
    00000192 00                     450 	.db #0x00	; 0
    00000193 0D                     451 	.db #0x0d	; 13
    00000194 A0                     452 	.db #0xa0	; 160
    00000195 00                     453 	.db #0x00	; 0
    00000196 14                     454 	.db #0x14	; 20
    00000197 A0                     455 	.db #0xa0	; 160
    00000198 00                     456 	.db #0x00	; 0
    00000199 19                     457 	.db #0x19	; 25
    0000019A A0                     458 	.db #0xa0	; 160
    0000019B 00                     459 	.db #0x00	; 0
    0000019C 0D                     460 	.db #0x0d	; 13
    0000019D A0                     461 	.db #0xa0	; 160
    0000019E 00                     462 	.db #0x00	; 0
    0000019F 14                     463 	.db #0x14	; 20
    000001A0 A0                     464 	.db #0xa0	; 160
    000001A1 00                     465 	.db #0x00	; 0
    000001A2 19                     466 	.db #0x19	; 25
    000001A3 A0                     467 	.db #0xa0	; 160
    000001A4 00                     468 	.db #0x00	; 0
    000001A5 11                     469 	.db #0x11	; 17
    000001A6 A0                     470 	.db #0xa0	; 160
    000001A7 00                     471 	.db #0x00	; 0
    000001A8 14                     472 	.db #0x14	; 20
    000001A9 A0                     473 	.db #0xa0	; 160
    000001AA 00                     474 	.db #0x00	; 0
    000001AB 1D                     475 	.db #0x1d	; 29
    000001AC A0                     476 	.db #0xa0	; 160
    000001AD 00                     477 	.db #0x00	; 0
    000001AE 11                     478 	.db #0x11	; 17
    000001AF A0                     479 	.db #0xa0	; 160
    000001B0 00                     480 	.db #0x00	; 0
    000001B1 14                     481 	.db #0x14	; 20
    000001B2 A0                     482 	.db #0xa0	; 160
    000001B3 00                     483 	.db #0x00	; 0
    000001B4 1D                     484 	.db #0x1d	; 29
    000001B5 A0                     485 	.db #0xa0	; 160
    000001B6 00                     486 	.db #0x00	; 0
    000001B7 11                     487 	.db #0x11	; 17
    000001B8 A0                     488 	.db #0xa0	; 160
    000001B9 00                     489 	.db #0x00	; 0
    000001BA 14                     490 	.db #0x14	; 20
    000001BB A0                     491 	.db #0xa0	; 160
    000001BC 00                     492 	.db #0x00	; 0
    000001BD 1D                     493 	.db #0x1d	; 29
    000001BE A0                     494 	.db #0xa0	; 160
    000001BF 00                     495 	.db #0x00	; 0
    000001C0 11                     496 	.db #0x11	; 17
    000001C1 A0                     497 	.db #0xa0	; 160
    000001C2 00                     498 	.db #0x00	; 0
    000001C3 14                     499 	.db #0x14	; 20
    000001C4 A0                     500 	.db #0xa0	; 160
    000001C5 00                     501 	.db #0x00	; 0
    000001C6 1D                     502 	.db #0x1d	; 29
    000001C7 A0                     503 	.db #0xa0	; 160
    000001C8 00                     504 	.db #0x00	; 0
    000001C9 12                     505 	.db #0x12	; 18
    000001CA A0                     506 	.db #0xa0	; 160
    000001CB 00                     507 	.db #0x00	; 0
    000001CC 16                     508 	.db #0x16	; 22
    000001CD A0                     509 	.db #0xa0	; 160
    000001CE 00                     510 	.db #0x00	; 0
    000001CF 1E                     511 	.db #0x1e	; 30
    000001D0 A0                     512 	.db #0xa0	; 160
    000001D1 00                     513 	.db #0x00	; 0
    000001D2 12                     514 	.db #0x12	; 18
    000001D3 A0                     515 	.db #0xa0	; 160
    000001D4 00                     516 	.db #0x00	; 0
    000001D5 16                     517 	.db #0x16	; 22
    000001D6 A0                     518 	.db #0xa0	; 160
    000001D7 00                     519 	.db #0x00	; 0
    000001D8 1E                     520 	.db #0x1e	; 30
    000001D9 A0                     521 	.db #0xa0	; 160
    000001DA 00                     522 	.db #0x00	; 0
    000001DB 12                     523 	.db #0x12	; 18
    000001DC A0                     524 	.db #0xa0	; 160
    000001DD 00                     525 	.db #0x00	; 0
    000001DE 16                     526 	.db #0x16	; 22
    000001DF A0                     527 	.db #0xa0	; 160
    000001E0 00                     528 	.db #0x00	; 0
    000001E1 1E                     529 	.db #0x1e	; 30
    000001E2 A0                     530 	.db #0xa0	; 160
    000001E3 00                     531 	.db #0x00	; 0
    000001E4 12                     532 	.db #0x12	; 18
    000001E5 A0                     533 	.db #0xa0	; 160
    000001E6 00                     534 	.db #0x00	; 0
    000001E7 16                     535 	.db #0x16	; 22
    000001E8 A0                     536 	.db #0xa0	; 160
    000001E9 00                     537 	.db #0x00	; 0
    000001EA 1E                     538 	.db #0x1e	; 30
    000001EB A0                     539 	.db #0xa0	; 160
    000001EC 00                     540 	.db #0x00	; 0
    000001ED 14                     541 	.db #0x14	; 20
    000001EE A0                     542 	.db #0xa0	; 160
    000001EF 00                     543 	.db #0x00	; 0
    000001F0 18                     544 	.db #0x18	; 24
    000001F1 A0                     545 	.db #0xa0	; 160
    000001F2 00                     546 	.db #0x00	; 0
    000001F3 20                     547 	.db #0x20	; 32
    000001F4 A0                     548 	.db #0xa0	; 160
    000001F5 00                     549 	.db #0x00	; 0
    000001F6 14                     550 	.db #0x14	; 20
    000001F7 A0                     551 	.db #0xa0	; 160
    000001F8 00                     552 	.db #0x00	; 0
    000001F9 18                     553 	.db #0x18	; 24
    000001FA A0                     554 	.db #0xa0	; 160
    000001FB 00                     555 	.db #0x00	; 0
    000001FC 20                     556 	.db #0x20	; 32
    000001FD A0                     557 	.db #0xa0	; 160
    000001FE 00                     558 	.db #0x00	; 0
    000001FF 14                     559 	.db #0x14	; 20
    00000200 A0                     560 	.db #0xa0	; 160
    00000201 00                     561 	.db #0x00	; 0
    00000202 18                     562 	.db #0x18	; 24
    00000203 A0                     563 	.db #0xa0	; 160
    00000204 00                     564 	.db #0x00	; 0
    00000205 20                     565 	.db #0x20	; 32
    00000206 A0                     566 	.db #0xa0	; 160
    00000207 00                     567 	.db #0x00	; 0
    00000208 14                     568 	.db #0x14	; 20
    00000209 A0                     569 	.db #0xa0	; 160
    0000020A 00                     570 	.db #0x00	; 0
    0000020B 18                     571 	.db #0x18	; 24
    0000020C A0                     572 	.db #0xa0	; 160
    0000020D 00                     573 	.db #0x00	; 0
    0000020E 20                     574 	.db #0x20	; 32
    0000020F A0                     575 	.db #0xa0	; 160
    00000210 00                     576 	.db #0x00	; 0
    00000211 5A                     577 	.db #0x5a	; 90	'Z'
    00000212 00                     578 	.db #0x00	; 0
    00000213 00                     579 	.db #0x00	; 0
    00000214 5A                     580 	.db #0x5a	; 90	'Z'
    00000215 00                     581 	.db #0x00	; 0
    00000216 00                     582 	.db #0x00	; 0
    00000217 5A                     583 	.db #0x5a	; 90	'Z'
    00000218 00                     584 	.db #0x00	; 0
    00000219 00                     585 	.db #0x00	; 0
    0000021A 5A                     586 	.db #0x5a	; 90	'Z'
    0000021B 00                     587 	.db #0x00	; 0
    0000021C 00                     588 	.db #0x00	; 0
    0000021D 5A                     589 	.db #0x5a	; 90	'Z'
    0000021E 00                     590 	.db #0x00	; 0
    0000021F 00                     591 	.db #0x00	; 0
    00000220 5A                     592 	.db #0x5a	; 90	'Z'
    00000221 00                     593 	.db #0x00	; 0
    00000222 00                     594 	.db #0x00	; 0
    00000223 5A                     595 	.db #0x5a	; 90	'Z'
    00000224 00                     596 	.db #0x00	; 0
    00000225 00                     597 	.db #0x00	; 0
    00000226 5A                     598 	.db #0x5a	; 90	'Z'
    00000227 00                     599 	.db #0x00	; 0
    00000228 00                     600 	.db #0x00	; 0
    00000229 5A                     601 	.db #0x5a	; 90	'Z'
    0000022A 00                     602 	.db #0x00	; 0
    0000022B 00                     603 	.db #0x00	; 0
    0000022C 5A                     604 	.db #0x5a	; 90	'Z'
    0000022D 00                     605 	.db #0x00	; 0
    0000022E 00                     606 	.db #0x00	; 0
    0000022F 5A                     607 	.db #0x5a	; 90	'Z'
    00000230 00                     608 	.db #0x00	; 0
    00000231 00                     609 	.db #0x00	; 0
    00000232 5A                     610 	.db #0x5a	; 90	'Z'
    00000233 00                     611 	.db #0x00	; 0
    00000234 00                     612 	.db #0x00	; 0
    00000235 5A                     613 	.db #0x5a	; 90	'Z'
    00000236 00                     614 	.db #0x00	; 0
    00000237 00                     615 	.db #0x00	; 0
    00000238 5A                     616 	.db #0x5a	; 90	'Z'
    00000239 00                     617 	.db #0x00	; 0
    0000023A 00                     618 	.db #0x00	; 0
    0000023B 5A                     619 	.db #0x5a	; 90	'Z'
    0000023C 00                     620 	.db #0x00	; 0
    0000023D 00                     621 	.db #0x00	; 0
    0000023E 5A                     622 	.db #0x5a	; 90	'Z'
    0000023F 00                     623 	.db #0x00	; 0
    00000240 00                     624 	.db #0x00	; 0
    00000241                        625 _P3:
    00000241 1E                     626 	.db #0x1e	; 30
    00000242 50                     627 	.db #0x50	; 80	'P'
    00000243 00                     628 	.db #0x00	; 0
    00000244 5A                     629 	.db #0x5a	; 90	'Z'
    00000245 00                     630 	.db #0x00	; 0
    00000246 00                     631 	.db #0x00	; 0
    00000247 5A                     632 	.db #0x5a	; 90	'Z'
    00000248 00                     633 	.db #0x00	; 0
    00000249 00                     634 	.db #0x00	; 0
    0000024A 5A                     635 	.db #0x5a	; 90	'Z'
    0000024B 00                     636 	.db #0x00	; 0
    0000024C 00                     637 	.db #0x00	; 0
    0000024D 5A                     638 	.db #0x5a	; 90	'Z'
    0000024E 00                     639 	.db #0x00	; 0
    0000024F 00                     640 	.db #0x00	; 0
    00000250 5A                     641 	.db #0x5a	; 90	'Z'
    00000251 00                     642 	.db #0x00	; 0
    00000252 00                     643 	.db #0x00	; 0
    00000253 5A                     644 	.db #0x5a	; 90	'Z'
    00000254 00                     645 	.db #0x00	; 0
    00000255 00                     646 	.db #0x00	; 0
    00000256 5A                     647 	.db #0x5a	; 90	'Z'
    00000257 00                     648 	.db #0x00	; 0
    00000258 00                     649 	.db #0x00	; 0
    00000259 5A                     650 	.db #0x5a	; 90	'Z'
    0000025A 00                     651 	.db #0x00	; 0
    0000025B 00                     652 	.db #0x00	; 0
    0000025C 5A                     653 	.db #0x5a	; 90	'Z'
    0000025D 00                     654 	.db #0x00	; 0
    0000025E 00                     655 	.db #0x00	; 0
    0000025F 5A                     656 	.db #0x5a	; 90	'Z'
    00000260 00                     657 	.db #0x00	; 0
    00000261 00                     658 	.db #0x00	; 0
    00000262 5A                     659 	.db #0x5a	; 90	'Z'
    00000263 00                     660 	.db #0x00	; 0
    00000264 00                     661 	.db #0x00	; 0
    00000265 5A                     662 	.db #0x5a	; 90	'Z'
    00000266 00                     663 	.db #0x00	; 0
    00000267 00                     664 	.db #0x00	; 0
    00000268 5A                     665 	.db #0x5a	; 90	'Z'
    00000269 00                     666 	.db #0x00	; 0
    0000026A 00                     667 	.db #0x00	; 0
    0000026B 5A                     668 	.db #0x5a	; 90	'Z'
    0000026C 00                     669 	.db #0x00	; 0
    0000026D 00                     670 	.db #0x00	; 0
    0000026E 5A                     671 	.db #0x5a	; 90	'Z'
    0000026F 00                     672 	.db #0x00	; 0
    00000270 00                     673 	.db #0x00	; 0
    00000271 5A                     674 	.db #0x5a	; 90	'Z'
    00000272 00                     675 	.db #0x00	; 0
    00000273 00                     676 	.db #0x00	; 0
    00000274 5A                     677 	.db #0x5a	; 90	'Z'
    00000275 00                     678 	.db #0x00	; 0
    00000276 00                     679 	.db #0x00	; 0
    00000277 5A                     680 	.db #0x5a	; 90	'Z'
    00000278 00                     681 	.db #0x00	; 0
    00000279 00                     682 	.db #0x00	; 0
    0000027A 5A                     683 	.db #0x5a	; 90	'Z'
    0000027B 00                     684 	.db #0x00	; 0
    0000027C 00                     685 	.db #0x00	; 0
    0000027D 5A                     686 	.db #0x5a	; 90	'Z'
    0000027E 00                     687 	.db #0x00	; 0
    0000027F 00                     688 	.db #0x00	; 0
    00000280 5A                     689 	.db #0x5a	; 90	'Z'
    00000281 00                     690 	.db #0x00	; 0
    00000282 00                     691 	.db #0x00	; 0
    00000283 5A                     692 	.db #0x5a	; 90	'Z'
    00000284 00                     693 	.db #0x00	; 0
    00000285 00                     694 	.db #0x00	; 0
    00000286 5A                     695 	.db #0x5a	; 90	'Z'
    00000287 00                     696 	.db #0x00	; 0
    00000288 00                     697 	.db #0x00	; 0
    00000289 5A                     698 	.db #0x5a	; 90	'Z'
    0000028A 00                     699 	.db #0x00	; 0
    0000028B 00                     700 	.db #0x00	; 0
    0000028C 5A                     701 	.db #0x5a	; 90	'Z'
    0000028D 00                     702 	.db #0x00	; 0
    0000028E 00                     703 	.db #0x00	; 0
    0000028F 5A                     704 	.db #0x5a	; 90	'Z'
    00000290 00                     705 	.db #0x00	; 0
    00000291 00                     706 	.db #0x00	; 0
    00000292 5A                     707 	.db #0x5a	; 90	'Z'
    00000293 00                     708 	.db #0x00	; 0
    00000294 00                     709 	.db #0x00	; 0
    00000295 5A                     710 	.db #0x5a	; 90	'Z'
    00000296 00                     711 	.db #0x00	; 0
    00000297 00                     712 	.db #0x00	; 0
    00000298 5A                     713 	.db #0x5a	; 90	'Z'
    00000299 00                     714 	.db #0x00	; 0
    0000029A 00                     715 	.db #0x00	; 0
    0000029B 5A                     716 	.db #0x5a	; 90	'Z'
    0000029C 00                     717 	.db #0x00	; 0
    0000029D 00                     718 	.db #0x00	; 0
    0000029E 5A                     719 	.db #0x5a	; 90	'Z'
    0000029F 00                     720 	.db #0x00	; 0
    000002A0 00                     721 	.db #0x00	; 0
    000002A1 5A                     722 	.db #0x5a	; 90	'Z'
    000002A2 00                     723 	.db #0x00	; 0
    000002A3 00                     724 	.db #0x00	; 0
    000002A4 5A                     725 	.db #0x5a	; 90	'Z'
    000002A5 00                     726 	.db #0x00	; 0
    000002A6 00                     727 	.db #0x00	; 0
    000002A7 5A                     728 	.db #0x5a	; 90	'Z'
    000002A8 00                     729 	.db #0x00	; 0
    000002A9 00                     730 	.db #0x00	; 0
    000002AA 5A                     731 	.db #0x5a	; 90	'Z'
    000002AB 00                     732 	.db #0x00	; 0
    000002AC 00                     733 	.db #0x00	; 0
    000002AD 5A                     734 	.db #0x5a	; 90	'Z'
    000002AE 00                     735 	.db #0x00	; 0
    000002AF 00                     736 	.db #0x00	; 0
    000002B0 5A                     737 	.db #0x5a	; 90	'Z'
    000002B1 00                     738 	.db #0x00	; 0
    000002B2 00                     739 	.db #0x00	; 0
    000002B3 5A                     740 	.db #0x5a	; 90	'Z'
    000002B4 00                     741 	.db #0x00	; 0
    000002B5 00                     742 	.db #0x00	; 0
    000002B6 5A                     743 	.db #0x5a	; 90	'Z'
    000002B7 00                     744 	.db #0x00	; 0
    000002B8 00                     745 	.db #0x00	; 0
    000002B9 5A                     746 	.db #0x5a	; 90	'Z'
    000002BA 00                     747 	.db #0x00	; 0
    000002BB 00                     748 	.db #0x00	; 0
    000002BC 5A                     749 	.db #0x5a	; 90	'Z'
    000002BD 00                     750 	.db #0x00	; 0
    000002BE 00                     751 	.db #0x00	; 0
    000002BF 5A                     752 	.db #0x5a	; 90	'Z'
    000002C0 00                     753 	.db #0x00	; 0
    000002C1 00                     754 	.db #0x00	; 0
    000002C2 5A                     755 	.db #0x5a	; 90	'Z'
    000002C3 00                     756 	.db #0x00	; 0
    000002C4 00                     757 	.db #0x00	; 0
    000002C5 5A                     758 	.db #0x5a	; 90	'Z'
    000002C6 00                     759 	.db #0x00	; 0
    000002C7 00                     760 	.db #0x00	; 0
    000002C8 5A                     761 	.db #0x5a	; 90	'Z'
    000002C9 00                     762 	.db #0x00	; 0
    000002CA 00                     763 	.db #0x00	; 0
    000002CB 5A                     764 	.db #0x5a	; 90	'Z'
    000002CC 00                     765 	.db #0x00	; 0
    000002CD 00                     766 	.db #0x00	; 0
    000002CE 5A                     767 	.db #0x5a	; 90	'Z'
    000002CF 0D                     768 	.db #0x0d	; 13
    000002D0 01                     769 	.db #0x01	; 1
    000002D1 5A                     770 	.db #0x5a	; 90	'Z'
    000002D2 00                     771 	.db #0x00	; 0
    000002D3 00                     772 	.db #0x00	; 0
    000002D4 5A                     773 	.db #0x5a	; 90	'Z'
    000002D5 00                     774 	.db #0x00	; 0
    000002D6 00                     775 	.db #0x00	; 0
    000002D7 5A                     776 	.db #0x5a	; 90	'Z'
    000002D8 00                     777 	.db #0x00	; 0
    000002D9 00                     778 	.db #0x00	; 0
    000002DA 5A                     779 	.db #0x5a	; 90	'Z'
    000002DB 00                     780 	.db #0x00	; 0
    000002DC 00                     781 	.db #0x00	; 0
    000002DD 5A                     782 	.db #0x5a	; 90	'Z'
    000002DE 00                     783 	.db #0x00	; 0
    000002DF 00                     784 	.db #0x00	; 0
    000002E0 5A                     785 	.db #0x5a	; 90	'Z'
    000002E1 00                     786 	.db #0x00	; 0
    000002E2 00                     787 	.db #0x00	; 0
    000002E3 5A                     788 	.db #0x5a	; 90	'Z'
    000002E4 00                     789 	.db #0x00	; 0
    000002E5 00                     790 	.db #0x00	; 0
    000002E6 5A                     791 	.db #0x5a	; 90	'Z'
    000002E7 00                     792 	.db #0x00	; 0
    000002E8 00                     793 	.db #0x00	; 0
    000002E9 5A                     794 	.db #0x5a	; 90	'Z'
    000002EA 00                     795 	.db #0x00	; 0
    000002EB 00                     796 	.db #0x00	; 0
    000002EC 5A                     797 	.db #0x5a	; 90	'Z'
    000002ED 00                     798 	.db #0x00	; 0
    000002EE 00                     799 	.db #0x00	; 0
    000002EF 5A                     800 	.db #0x5a	; 90	'Z'
    000002F0 00                     801 	.db #0x00	; 0
    000002F1 00                     802 	.db #0x00	; 0
    000002F2 5A                     803 	.db #0x5a	; 90	'Z'
    000002F3 00                     804 	.db #0x00	; 0
    000002F4 00                     805 	.db #0x00	; 0
    000002F5 5A                     806 	.db #0x5a	; 90	'Z'
    000002F6 00                     807 	.db #0x00	; 0
    000002F7 00                     808 	.db #0x00	; 0
    000002F8 5A                     809 	.db #0x5a	; 90	'Z'
    000002F9 00                     810 	.db #0x00	; 0
    000002FA 00                     811 	.db #0x00	; 0
    000002FB 5A                     812 	.db #0x5a	; 90	'Z'
    000002FC 00                     813 	.db #0x00	; 0
    000002FD 00                     814 	.db #0x00	; 0
    000002FE 5A                     815 	.db #0x5a	; 90	'Z'
    000002FF 00                     816 	.db #0x00	; 0
    00000300 00                     817 	.db #0x00	; 0
    00000301                        818 _P4:
    00000301 29                     819 	.db #0x29	; 41
    00000302 20                     820 	.db #0x20	; 32
    00000303 00                     821 	.db #0x00	; 0
    00000304 5A                     822 	.db #0x5a	; 90	'Z'
    00000305 00                     823 	.db #0x00	; 0
    00000306 00                     824 	.db #0x00	; 0
    00000307 5A                     825 	.db #0x5a	; 90	'Z'
    00000308 00                     826 	.db #0x00	; 0
    00000309 00                     827 	.db #0x00	; 0
    0000030A 29                     828 	.db #0x29	; 41
    0000030B 20                     829 	.db #0x20	; 32
    0000030C 00                     830 	.db #0x00	; 0
    0000030D 5A                     831 	.db #0x5a	; 90	'Z'
    0000030E 00                     832 	.db #0x00	; 0
    0000030F 00                     833 	.db #0x00	; 0
    00000310 29                     834 	.db #0x29	; 41
    00000311 20                     835 	.db #0x20	; 32
    00000312 00                     836 	.db #0x00	; 0
    00000313 25                     837 	.db #0x25	; 37
    00000314 20                     838 	.db #0x20	; 32
    00000315 00                     839 	.db #0x00	; 0
    00000316 5A                     840 	.db #0x5a	; 90	'Z'
    00000317 00                     841 	.db #0x00	; 0
    00000318 00                     842 	.db #0x00	; 0
    00000319 2C                     843 	.db #0x2c	; 44
    0000031A 20                     844 	.db #0x20	; 32
    0000031B 00                     845 	.db #0x00	; 0
    0000031C 25                     846 	.db #0x25	; 37
    0000031D 20                     847 	.db #0x20	; 32
    0000031E 00                     848 	.db #0x00	; 0
    0000031F 5A                     849 	.db #0x5a	; 90	'Z'
    00000320 00                     850 	.db #0x00	; 0
    00000321 00                     851 	.db #0x00	; 0
    00000322 31                     852 	.db #0x31	; 49	'1'
    00000323 20                     853 	.db #0x20	; 32
    00000324 00                     854 	.db #0x00	; 0
    00000325 2A                     855 	.db #0x2a	; 42
    00000326 20                     856 	.db #0x20	; 32
    00000327 00                     857 	.db #0x00	; 0
    00000328 5A                     858 	.db #0x5a	; 90	'Z'
    00000329 00                     859 	.db #0x00	; 0
    0000032A 00                     860 	.db #0x00	; 0
    0000032B 2C                     861 	.db #0x2c	; 44
    0000032C 20                     862 	.db #0x20	; 32
    0000032D 00                     863 	.db #0x00	; 0
    0000032E 29                     864 	.db #0x29	; 41
    0000032F 20                     865 	.db #0x20	; 32
    00000330 00                     866 	.db #0x00	; 0
    00000331 5A                     867 	.db #0x5a	; 90	'Z'
    00000332 00                     868 	.db #0x00	; 0
    00000333 00                     869 	.db #0x00	; 0
    00000334 2C                     870 	.db #0x2c	; 44
    00000335 20                     871 	.db #0x20	; 32
    00000336 00                     872 	.db #0x00	; 0
    00000337 5A                     873 	.db #0x5a	; 90	'Z'
    00000338 00                     874 	.db #0x00	; 0
    00000339 00                     875 	.db #0x00	; 0
    0000033A 5A                     876 	.db #0x5a	; 90	'Z'
    0000033B 00                     877 	.db #0x00	; 0
    0000033C 00                     878 	.db #0x00	; 0
    0000033D 29                     879 	.db #0x29	; 41
    0000033E 20                     880 	.db #0x20	; 32
    0000033F 00                     881 	.db #0x00	; 0
    00000340 2C                     882 	.db #0x2c	; 44
    00000341 20                     883 	.db #0x20	; 32
    00000342 00                     884 	.db #0x00	; 0
    00000343 5A                     885 	.db #0x5a	; 90	'Z'
    00000344 00                     886 	.db #0x00	; 0
    00000345 00                     887 	.db #0x00	; 0
    00000346 25                     888 	.db #0x25	; 37
    00000347 20                     889 	.db #0x20	; 32
    00000348 00                     890 	.db #0x00	; 0
    00000349 29                     891 	.db #0x29	; 41
    0000034A 20                     892 	.db #0x20	; 32
    0000034B 00                     893 	.db #0x00	; 0
    0000034C 5A                     894 	.db #0x5a	; 90	'Z'
    0000034D 00                     895 	.db #0x00	; 0
    0000034E 00                     896 	.db #0x00	; 0
    0000034F 5A                     897 	.db #0x5a	; 90	'Z'
    00000350 00                     898 	.db #0x00	; 0
    00000351 00                     899 	.db #0x00	; 0
    00000352 29                     900 	.db #0x29	; 41
    00000353 20                     901 	.db #0x20	; 32
    00000354 00                     902 	.db #0x00	; 0
    00000355 5A                     903 	.db #0x5a	; 90	'Z'
    00000356 00                     904 	.db #0x00	; 0
    00000357 00                     905 	.db #0x00	; 0
    00000358 29                     906 	.db #0x29	; 41
    00000359 20                     907 	.db #0x20	; 32
    0000035A 00                     908 	.db #0x00	; 0
    0000035B 25                     909 	.db #0x25	; 37
    0000035C 20                     910 	.db #0x20	; 32
    0000035D 00                     911 	.db #0x00	; 0
    0000035E 5A                     912 	.db #0x5a	; 90	'Z'
    0000035F 00                     913 	.db #0x00	; 0
    00000360 00                     914 	.db #0x00	; 0
    00000361 2C                     915 	.db #0x2c	; 44
    00000362 20                     916 	.db #0x20	; 32
    00000363 00                     917 	.db #0x00	; 0
    00000364 31                     918 	.db #0x31	; 49	'1'
    00000365 20                     919 	.db #0x20	; 32
    00000366 00                     920 	.db #0x00	; 0
    00000367 5A                     921 	.db #0x5a	; 90	'Z'
    00000368 00                     922 	.db #0x00	; 0
    00000369 00                     923 	.db #0x00	; 0
    0000036A 33                     924 	.db #0x33	; 51	'3'
    0000036B 20                     925 	.db #0x20	; 32
    0000036C 00                     926 	.db #0x00	; 0
    0000036D 35                     927 	.db #0x35	; 53	'5'
    0000036E 20                     928 	.db #0x20	; 32
    0000036F 00                     929 	.db #0x00	; 0
    00000370 5A                     930 	.db #0x5a	; 90	'Z'
    00000371 00                     931 	.db #0x00	; 0
    00000372 00                     932 	.db #0x00	; 0
    00000373 36                     933 	.db #0x36	; 54	'6'
    00000374 20                     934 	.db #0x20	; 32
    00000375 00                     935 	.db #0x00	; 0
    00000376 35                     936 	.db #0x35	; 53	'5'
    00000377 20                     937 	.db #0x20	; 32
    00000378 00                     938 	.db #0x00	; 0
    00000379 5A                     939 	.db #0x5a	; 90	'Z'
    0000037A 00                     940 	.db #0x00	; 0
    0000037B 00                     941 	.db #0x00	; 0
    0000037C 31                     942 	.db #0x31	; 49	'1'
    0000037D 20                     943 	.db #0x20	; 32
    0000037E 00                     944 	.db #0x00	; 0
    0000037F 33                     945 	.db #0x33	; 51	'3'
    00000380 20                     946 	.db #0x20	; 32
    00000381 00                     947 	.db #0x00	; 0
    00000382 5A                     948 	.db #0x5a	; 90	'Z'
    00000383 00                     949 	.db #0x00	; 0
    00000384 00                     950 	.db #0x00	; 0
    00000385 31                     951 	.db #0x31	; 49	'1'
    00000386 20                     952 	.db #0x20	; 32
    00000387 00                     953 	.db #0x00	; 0
    00000388 33                     954 	.db #0x33	; 51	'3'
    00000389 20                     955 	.db #0x20	; 32
    0000038A 00                     956 	.db #0x00	; 0
    0000038B 5A                     957 	.db #0x5a	; 90	'Z'
    0000038C 00                     958 	.db #0x00	; 0
    0000038D 00                     959 	.db #0x00	; 0
    0000038E 35                     960 	.db #0x35	; 53	'5'
    0000038F 20                     961 	.db #0x20	; 32
    00000390 00                     962 	.db #0x00	; 0
    00000391 5A                     963 	.db #0x5a	; 90	'Z'
    00000392 00                     964 	.db #0x00	; 0
    00000393 00                     965 	.db #0x00	; 0
    00000394 5A                     966 	.db #0x5a	; 90	'Z'
    00000395 00                     967 	.db #0x00	; 0
    00000396 00                     968 	.db #0x00	; 0
    00000397 5A                     969 	.db #0x5a	; 90	'Z'
    00000398 00                     970 	.db #0x00	; 0
    00000399 00                     971 	.db #0x00	; 0
    0000039A 5A                     972 	.db #0x5a	; 90	'Z'
    0000039B 00                     973 	.db #0x00	; 0
    0000039C 00                     974 	.db #0x00	; 0
    0000039D 5A                     975 	.db #0x5a	; 90	'Z'
    0000039E 00                     976 	.db #0x00	; 0
    0000039F 00                     977 	.db #0x00	; 0
    000003A0 5A                     978 	.db #0x5a	; 90	'Z'
    000003A1 00                     979 	.db #0x00	; 0
    000003A2 00                     980 	.db #0x00	; 0
    000003A3 5A                     981 	.db #0x5a	; 90	'Z'
    000003A4 00                     982 	.db #0x00	; 0
    000003A5 00                     983 	.db #0x00	; 0
    000003A6 5A                     984 	.db #0x5a	; 90	'Z'
    000003A7 00                     985 	.db #0x00	; 0
    000003A8 00                     986 	.db #0x00	; 0
    000003A9 5A                     987 	.db #0x5a	; 90	'Z'
    000003AA 00                     988 	.db #0x00	; 0
    000003AB 00                     989 	.db #0x00	; 0
    000003AC 5A                     990 	.db #0x5a	; 90	'Z'
    000003AD 00                     991 	.db #0x00	; 0
    000003AE 00                     992 	.db #0x00	; 0
    000003AF 5A                     993 	.db #0x5a	; 90	'Z'
    000003B0 00                     994 	.db #0x00	; 0
    000003B1 00                     995 	.db #0x00	; 0
    000003B2 5A                     996 	.db #0x5a	; 90	'Z'
    000003B3 00                     997 	.db #0x00	; 0
    000003B4 00                     998 	.db #0x00	; 0
    000003B5 5A                     999 	.db #0x5a	; 90	'Z'
    000003B6 00                    1000 	.db #0x00	; 0
    000003B7 00                    1001 	.db #0x00	; 0
    000003B8 5A                    1002 	.db #0x5a	; 90	'Z'
    000003B9 00                    1003 	.db #0x00	; 0
    000003BA 00                    1004 	.db #0x00	; 0
    000003BB 5A                    1005 	.db #0x5a	; 90	'Z'
    000003BC 00                    1006 	.db #0x00	; 0
    000003BD 00                    1007 	.db #0x00	; 0
    000003BE 5A                    1008 	.db #0x5a	; 90	'Z'
    000003BF 00                    1009 	.db #0x00	; 0
    000003C0 00                    1010 	.db #0x00	; 0
    000003C1                       1011 _P5:
    000003C1 5A                    1012 	.db #0x5a	; 90	'Z'
    000003C2 00                    1013 	.db #0x00	; 0
    000003C3 00                    1014 	.db #0x00	; 0
    000003C4 5A                    1015 	.db #0x5a	; 90	'Z'
    000003C5 00                    1016 	.db #0x00	; 0
    000003C6 00                    1017 	.db #0x00	; 0
    000003C7 5A                    1018 	.db #0x5a	; 90	'Z'
    000003C8 00                    1019 	.db #0x00	; 0
    000003C9 00                    1020 	.db #0x00	; 0
    000003CA 5A                    1021 	.db #0x5a	; 90	'Z'
    000003CB 00                    1022 	.db #0x00	; 0
    000003CC 00                    1023 	.db #0x00	; 0
    000003CD 5A                    1024 	.db #0x5a	; 90	'Z'
    000003CE 00                    1025 	.db #0x00	; 0
    000003CF 00                    1026 	.db #0x00	; 0
    000003D0 5A                    1027 	.db #0x5a	; 90	'Z'
    000003D1 00                    1028 	.db #0x00	; 0
    000003D2 00                    1029 	.db #0x00	; 0
    000003D3 5A                    1030 	.db #0x5a	; 90	'Z'
    000003D4 00                    1031 	.db #0x00	; 0
    000003D5 00                    1032 	.db #0x00	; 0
    000003D6 5A                    1033 	.db #0x5a	; 90	'Z'
    000003D7 00                    1034 	.db #0x00	; 0
    000003D8 00                    1035 	.db #0x00	; 0
    000003D9 5A                    1036 	.db #0x5a	; 90	'Z'
    000003DA 00                    1037 	.db #0x00	; 0
    000003DB 00                    1038 	.db #0x00	; 0
    000003DC 5A                    1039 	.db #0x5a	; 90	'Z'
    000003DD 00                    1040 	.db #0x00	; 0
    000003DE 00                    1041 	.db #0x00	; 0
    000003DF 5A                    1042 	.db #0x5a	; 90	'Z'
    000003E0 00                    1043 	.db #0x00	; 0
    000003E1 00                    1044 	.db #0x00	; 0
    000003E2 5A                    1045 	.db #0x5a	; 90	'Z'
    000003E3 00                    1046 	.db #0x00	; 0
    000003E4 00                    1047 	.db #0x00	; 0
    000003E5 5A                    1048 	.db #0x5a	; 90	'Z'
    000003E6 00                    1049 	.db #0x00	; 0
    000003E7 00                    1050 	.db #0x00	; 0
    000003E8 5A                    1051 	.db #0x5a	; 90	'Z'
    000003E9 00                    1052 	.db #0x00	; 0
    000003EA 00                    1053 	.db #0x00	; 0
    000003EB 5A                    1054 	.db #0x5a	; 90	'Z'
    000003EC 00                    1055 	.db #0x00	; 0
    000003ED 00                    1056 	.db #0x00	; 0
    000003EE 5A                    1057 	.db #0x5a	; 90	'Z'
    000003EF 00                    1058 	.db #0x00	; 0
    000003F0 00                    1059 	.db #0x00	; 0
    000003F1 5A                    1060 	.db #0x5a	; 90	'Z'
    000003F2 00                    1061 	.db #0x00	; 0
    000003F3 00                    1062 	.db #0x00	; 0
    000003F4 5A                    1063 	.db #0x5a	; 90	'Z'
    000003F5 00                    1064 	.db #0x00	; 0
    000003F6 00                    1065 	.db #0x00	; 0
    000003F7 5A                    1066 	.db #0x5a	; 90	'Z'
    000003F8 00                    1067 	.db #0x00	; 0
    000003F9 00                    1068 	.db #0x00	; 0
    000003FA 5A                    1069 	.db #0x5a	; 90	'Z'
    000003FB 00                    1070 	.db #0x00	; 0
    000003FC 00                    1071 	.db #0x00	; 0
    000003FD 5A                    1072 	.db #0x5a	; 90	'Z'
    000003FE 00                    1073 	.db #0x00	; 0
    000003FF 00                    1074 	.db #0x00	; 0
    00000400 5A                    1075 	.db #0x5a	; 90	'Z'
    00000401 00                    1076 	.db #0x00	; 0
    00000402 00                    1077 	.db #0x00	; 0
    00000403 5A                    1078 	.db #0x5a	; 90	'Z'
    00000404 00                    1079 	.db #0x00	; 0
    00000405 00                    1080 	.db #0x00	; 0
    00000406 5A                    1081 	.db #0x5a	; 90	'Z'
    00000407 00                    1082 	.db #0x00	; 0
    00000408 00                    1083 	.db #0x00	; 0
    00000409 5A                    1084 	.db #0x5a	; 90	'Z'
    0000040A 00                    1085 	.db #0x00	; 0
    0000040B 00                    1086 	.db #0x00	; 0
    0000040C 5A                    1087 	.db #0x5a	; 90	'Z'
    0000040D 00                    1088 	.db #0x00	; 0
    0000040E 00                    1089 	.db #0x00	; 0
    0000040F 5A                    1090 	.db #0x5a	; 90	'Z'
    00000410 00                    1091 	.db #0x00	; 0
    00000411 00                    1092 	.db #0x00	; 0
    00000412 5A                    1093 	.db #0x5a	; 90	'Z'
    00000413 00                    1094 	.db #0x00	; 0
    00000414 00                    1095 	.db #0x00	; 0
    00000415 5A                    1096 	.db #0x5a	; 90	'Z'
    00000416 00                    1097 	.db #0x00	; 0
    00000417 00                    1098 	.db #0x00	; 0
    00000418 5A                    1099 	.db #0x5a	; 90	'Z'
    00000419 00                    1100 	.db #0x00	; 0
    0000041A 00                    1101 	.db #0x00	; 0
    0000041B 5A                    1102 	.db #0x5a	; 90	'Z'
    0000041C 00                    1103 	.db #0x00	; 0
    0000041D 00                    1104 	.db #0x00	; 0
    0000041E 5A                    1105 	.db #0x5a	; 90	'Z'
    0000041F 00                    1106 	.db #0x00	; 0
    00000420 00                    1107 	.db #0x00	; 0
    00000421 5A                    1108 	.db #0x5a	; 90	'Z'
    00000422 00                    1109 	.db #0x00	; 0
    00000423 00                    1110 	.db #0x00	; 0
    00000424 5A                    1111 	.db #0x5a	; 90	'Z'
    00000425 00                    1112 	.db #0x00	; 0
    00000426 00                    1113 	.db #0x00	; 0
    00000427 5A                    1114 	.db #0x5a	; 90	'Z'
    00000428 00                    1115 	.db #0x00	; 0
    00000429 00                    1116 	.db #0x00	; 0
    0000042A 5A                    1117 	.db #0x5a	; 90	'Z'
    0000042B 00                    1118 	.db #0x00	; 0
    0000042C 00                    1119 	.db #0x00	; 0
    0000042D 5A                    1120 	.db #0x5a	; 90	'Z'
    0000042E 00                    1121 	.db #0x00	; 0
    0000042F 00                    1122 	.db #0x00	; 0
    00000430 5A                    1123 	.db #0x5a	; 90	'Z'
    00000431 00                    1124 	.db #0x00	; 0
    00000432 00                    1125 	.db #0x00	; 0
    00000433 5A                    1126 	.db #0x5a	; 90	'Z'
    00000434 00                    1127 	.db #0x00	; 0
    00000435 00                    1128 	.db #0x00	; 0
    00000436 5A                    1129 	.db #0x5a	; 90	'Z'
    00000437 00                    1130 	.db #0x00	; 0
    00000438 00                    1131 	.db #0x00	; 0
    00000439 5A                    1132 	.db #0x5a	; 90	'Z'
    0000043A 00                    1133 	.db #0x00	; 0
    0000043B 00                    1134 	.db #0x00	; 0
    0000043C 5A                    1135 	.db #0x5a	; 90	'Z'
    0000043D 00                    1136 	.db #0x00	; 0
    0000043E 00                    1137 	.db #0x00	; 0
    0000043F 5A                    1138 	.db #0x5a	; 90	'Z'
    00000440 00                    1139 	.db #0x00	; 0
    00000441 00                    1140 	.db #0x00	; 0
    00000442 5A                    1141 	.db #0x5a	; 90	'Z'
    00000443 00                    1142 	.db #0x00	; 0
    00000444 00                    1143 	.db #0x00	; 0
    00000445 5A                    1144 	.db #0x5a	; 90	'Z'
    00000446 00                    1145 	.db #0x00	; 0
    00000447 00                    1146 	.db #0x00	; 0
    00000448 5A                    1147 	.db #0x5a	; 90	'Z'
    00000449 00                    1148 	.db #0x00	; 0
    0000044A 00                    1149 	.db #0x00	; 0
    0000044B 5A                    1150 	.db #0x5a	; 90	'Z'
    0000044C 00                    1151 	.db #0x00	; 0
    0000044D 00                    1152 	.db #0x00	; 0
    0000044E 5A                    1153 	.db #0x5a	; 90	'Z'
    0000044F 00                    1154 	.db #0x00	; 0
    00000450 00                    1155 	.db #0x00	; 0
    00000451 5A                    1156 	.db #0x5a	; 90	'Z'
    00000452 00                    1157 	.db #0x00	; 0
    00000453 00                    1158 	.db #0x00	; 0
    00000454 5A                    1159 	.db #0x5a	; 90	'Z'
    00000455 00                    1160 	.db #0x00	; 0
    00000456 00                    1161 	.db #0x00	; 0
    00000457 5A                    1162 	.db #0x5a	; 90	'Z'
    00000458 00                    1163 	.db #0x00	; 0
    00000459 00                    1164 	.db #0x00	; 0
    0000045A 5A                    1165 	.db #0x5a	; 90	'Z'
    0000045B 00                    1166 	.db #0x00	; 0
    0000045C 00                    1167 	.db #0x00	; 0
    0000045D 5A                    1168 	.db #0x5a	; 90	'Z'
    0000045E 00                    1169 	.db #0x00	; 0
    0000045F 00                    1170 	.db #0x00	; 0
    00000460 5A                    1171 	.db #0x5a	; 90	'Z'
    00000461 00                    1172 	.db #0x00	; 0
    00000462 00                    1173 	.db #0x00	; 0
    00000463 5A                    1174 	.db #0x5a	; 90	'Z'
    00000464 00                    1175 	.db #0x00	; 0
    00000465 00                    1176 	.db #0x00	; 0
    00000466 5A                    1177 	.db #0x5a	; 90	'Z'
    00000467 00                    1178 	.db #0x00	; 0
    00000468 00                    1179 	.db #0x00	; 0
    00000469 5A                    1180 	.db #0x5a	; 90	'Z'
    0000046A 00                    1181 	.db #0x00	; 0
    0000046B 00                    1182 	.db #0x00	; 0
    0000046C 5A                    1183 	.db #0x5a	; 90	'Z'
    0000046D 00                    1184 	.db #0x00	; 0
    0000046E 00                    1185 	.db #0x00	; 0
    0000046F 5A                    1186 	.db #0x5a	; 90	'Z'
    00000470 00                    1187 	.db #0x00	; 0
    00000471 00                    1188 	.db #0x00	; 0
    00000472 5A                    1189 	.db #0x5a	; 90	'Z'
    00000473 00                    1190 	.db #0x00	; 0
    00000474 00                    1191 	.db #0x00	; 0
    00000475 5A                    1192 	.db #0x5a	; 90	'Z'
    00000476 00                    1193 	.db #0x00	; 0
    00000477 00                    1194 	.db #0x00	; 0
    00000478 5A                    1195 	.db #0x5a	; 90	'Z'
    00000479 00                    1196 	.db #0x00	; 0
    0000047A 00                    1197 	.db #0x00	; 0
    0000047B 5A                    1198 	.db #0x5a	; 90	'Z'
    0000047C 00                    1199 	.db #0x00	; 0
    0000047D 00                    1200 	.db #0x00	; 0
    0000047E 5A                    1201 	.db #0x5a	; 90	'Z'
    0000047F 00                    1202 	.db #0x00	; 0
    00000480 00                    1203 	.db #0x00	; 0
    00000481                       1204 _P7:
    00000481 5A                    1205 	.db #0x5a	; 90	'Z'
    00000482 00                    1206 	.db #0x00	; 0
    00000483 00                    1207 	.db #0x00	; 0
    00000484 5A                    1208 	.db #0x5a	; 90	'Z'
    00000485 00                    1209 	.db #0x00	; 0
    00000486 00                    1210 	.db #0x00	; 0
    00000487 5A                    1211 	.db #0x5a	; 90	'Z'
    00000488 00                    1212 	.db #0x00	; 0
    00000489 00                    1213 	.db #0x00	; 0
    0000048A 5A                    1214 	.db #0x5a	; 90	'Z'
    0000048B 00                    1215 	.db #0x00	; 0
    0000048C 00                    1216 	.db #0x00	; 0
    0000048D 5A                    1217 	.db #0x5a	; 90	'Z'
    0000048E 00                    1218 	.db #0x00	; 0
    0000048F 00                    1219 	.db #0x00	; 0
    00000490 5A                    1220 	.db #0x5a	; 90	'Z'
    00000491 00                    1221 	.db #0x00	; 0
    00000492 00                    1222 	.db #0x00	; 0
    00000493 5A                    1223 	.db #0x5a	; 90	'Z'
    00000494 00                    1224 	.db #0x00	; 0
    00000495 00                    1225 	.db #0x00	; 0
    00000496 5A                    1226 	.db #0x5a	; 90	'Z'
    00000497 00                    1227 	.db #0x00	; 0
    00000498 00                    1228 	.db #0x00	; 0
    00000499 5A                    1229 	.db #0x5a	; 90	'Z'
    0000049A 00                    1230 	.db #0x00	; 0
    0000049B 00                    1231 	.db #0x00	; 0
    0000049C 5A                    1232 	.db #0x5a	; 90	'Z'
    0000049D 00                    1233 	.db #0x00	; 0
    0000049E 00                    1234 	.db #0x00	; 0
    0000049F 5A                    1235 	.db #0x5a	; 90	'Z'
    000004A0 00                    1236 	.db #0x00	; 0
    000004A1 00                    1237 	.db #0x00	; 0
    000004A2 5A                    1238 	.db #0x5a	; 90	'Z'
    000004A3 00                    1239 	.db #0x00	; 0
    000004A4 00                    1240 	.db #0x00	; 0
    000004A5 5A                    1241 	.db #0x5a	; 90	'Z'
    000004A6 00                    1242 	.db #0x00	; 0
    000004A7 00                    1243 	.db #0x00	; 0
    000004A8 5A                    1244 	.db #0x5a	; 90	'Z'
    000004A9 00                    1245 	.db #0x00	; 0
    000004AA 00                    1246 	.db #0x00	; 0
    000004AB 5A                    1247 	.db #0x5a	; 90	'Z'
    000004AC 00                    1248 	.db #0x00	; 0
    000004AD 00                    1249 	.db #0x00	; 0
    000004AE 5A                    1250 	.db #0x5a	; 90	'Z'
    000004AF 00                    1251 	.db #0x00	; 0
    000004B0 00                    1252 	.db #0x00	; 0
    000004B1 5A                    1253 	.db #0x5a	; 90	'Z'
    000004B2 00                    1254 	.db #0x00	; 0
    000004B3 00                    1255 	.db #0x00	; 0
    000004B4 5A                    1256 	.db #0x5a	; 90	'Z'
    000004B5 00                    1257 	.db #0x00	; 0
    000004B6 00                    1258 	.db #0x00	; 0
    000004B7 5A                    1259 	.db #0x5a	; 90	'Z'
    000004B8 00                    1260 	.db #0x00	; 0
    000004B9 00                    1261 	.db #0x00	; 0
    000004BA 5A                    1262 	.db #0x5a	; 90	'Z'
    000004BB 00                    1263 	.db #0x00	; 0
    000004BC 00                    1264 	.db #0x00	; 0
    000004BD 5A                    1265 	.db #0x5a	; 90	'Z'
    000004BE 00                    1266 	.db #0x00	; 0
    000004BF 00                    1267 	.db #0x00	; 0
    000004C0 5A                    1268 	.db #0x5a	; 90	'Z'
    000004C1 00                    1269 	.db #0x00	; 0
    000004C2 00                    1270 	.db #0x00	; 0
    000004C3 5A                    1271 	.db #0x5a	; 90	'Z'
    000004C4 00                    1272 	.db #0x00	; 0
    000004C5 00                    1273 	.db #0x00	; 0
    000004C6 5A                    1274 	.db #0x5a	; 90	'Z'
    000004C7 00                    1275 	.db #0x00	; 0
    000004C8 00                    1276 	.db #0x00	; 0
    000004C9 5A                    1277 	.db #0x5a	; 90	'Z'
    000004CA 00                    1278 	.db #0x00	; 0
    000004CB 00                    1279 	.db #0x00	; 0
    000004CC 5A                    1280 	.db #0x5a	; 90	'Z'
    000004CD 00                    1281 	.db #0x00	; 0
    000004CE 00                    1282 	.db #0x00	; 0
    000004CF 5A                    1283 	.db #0x5a	; 90	'Z'
    000004D0 00                    1284 	.db #0x00	; 0
    000004D1 00                    1285 	.db #0x00	; 0
    000004D2 5A                    1286 	.db #0x5a	; 90	'Z'
    000004D3 00                    1287 	.db #0x00	; 0
    000004D4 00                    1288 	.db #0x00	; 0
    000004D5 5A                    1289 	.db #0x5a	; 90	'Z'
    000004D6 00                    1290 	.db #0x00	; 0
    000004D7 00                    1291 	.db #0x00	; 0
    000004D8 5A                    1292 	.db #0x5a	; 90	'Z'
    000004D9 00                    1293 	.db #0x00	; 0
    000004DA 00                    1294 	.db #0x00	; 0
    000004DB 5A                    1295 	.db #0x5a	; 90	'Z'
    000004DC 00                    1296 	.db #0x00	; 0
    000004DD 00                    1297 	.db #0x00	; 0
    000004DE 5A                    1298 	.db #0x5a	; 90	'Z'
    000004DF 00                    1299 	.db #0x00	; 0
    000004E0 00                    1300 	.db #0x00	; 0
    000004E1 5A                    1301 	.db #0x5a	; 90	'Z'
    000004E2 00                    1302 	.db #0x00	; 0
    000004E3 00                    1303 	.db #0x00	; 0
    000004E4 5A                    1304 	.db #0x5a	; 90	'Z'
    000004E5 00                    1305 	.db #0x00	; 0
    000004E6 00                    1306 	.db #0x00	; 0
    000004E7 5A                    1307 	.db #0x5a	; 90	'Z'
    000004E8 00                    1308 	.db #0x00	; 0
    000004E9 00                    1309 	.db #0x00	; 0
    000004EA 5A                    1310 	.db #0x5a	; 90	'Z'
    000004EB 00                    1311 	.db #0x00	; 0
    000004EC 00                    1312 	.db #0x00	; 0
    000004ED 5A                    1313 	.db #0x5a	; 90	'Z'
    000004EE 00                    1314 	.db #0x00	; 0
    000004EF 00                    1315 	.db #0x00	; 0
    000004F0 5A                    1316 	.db #0x5a	; 90	'Z'
    000004F1 00                    1317 	.db #0x00	; 0
    000004F2 00                    1318 	.db #0x00	; 0
    000004F3 5A                    1319 	.db #0x5a	; 90	'Z'
    000004F4 00                    1320 	.db #0x00	; 0
    000004F5 00                    1321 	.db #0x00	; 0
    000004F6 5A                    1322 	.db #0x5a	; 90	'Z'
    000004F7 00                    1323 	.db #0x00	; 0
    000004F8 00                    1324 	.db #0x00	; 0
    000004F9 5A                    1325 	.db #0x5a	; 90	'Z'
    000004FA 00                    1326 	.db #0x00	; 0
    000004FB 00                    1327 	.db #0x00	; 0
    000004FC 5A                    1328 	.db #0x5a	; 90	'Z'
    000004FD 00                    1329 	.db #0x00	; 0
    000004FE 00                    1330 	.db #0x00	; 0
    000004FF 5A                    1331 	.db #0x5a	; 90	'Z'
    00000500 00                    1332 	.db #0x00	; 0
    00000501 00                    1333 	.db #0x00	; 0
    00000502 5A                    1334 	.db #0x5a	; 90	'Z'
    00000503 00                    1335 	.db #0x00	; 0
    00000504 00                    1336 	.db #0x00	; 0
    00000505 5A                    1337 	.db #0x5a	; 90	'Z'
    00000506 00                    1338 	.db #0x00	; 0
    00000507 00                    1339 	.db #0x00	; 0
    00000508 5A                    1340 	.db #0x5a	; 90	'Z'
    00000509 00                    1341 	.db #0x00	; 0
    0000050A 00                    1342 	.db #0x00	; 0
    0000050B 5A                    1343 	.db #0x5a	; 90	'Z'
    0000050C 00                    1344 	.db #0x00	; 0
    0000050D 00                    1345 	.db #0x00	; 0
    0000050E 5A                    1346 	.db #0x5a	; 90	'Z'
    0000050F 0D                    1347 	.db #0x0d	; 13
    00000510 01                    1348 	.db #0x01	; 1
    00000511 5A                    1349 	.db #0x5a	; 90	'Z'
    00000512 00                    1350 	.db #0x00	; 0
    00000513 00                    1351 	.db #0x00	; 0
    00000514 5A                    1352 	.db #0x5a	; 90	'Z'
    00000515 00                    1353 	.db #0x00	; 0
    00000516 00                    1354 	.db #0x00	; 0
    00000517 5A                    1355 	.db #0x5a	; 90	'Z'
    00000518 00                    1356 	.db #0x00	; 0
    00000519 00                    1357 	.db #0x00	; 0
    0000051A 5A                    1358 	.db #0x5a	; 90	'Z'
    0000051B 00                    1359 	.db #0x00	; 0
    0000051C 00                    1360 	.db #0x00	; 0
    0000051D 5A                    1361 	.db #0x5a	; 90	'Z'
    0000051E 00                    1362 	.db #0x00	; 0
    0000051F 00                    1363 	.db #0x00	; 0
    00000520 5A                    1364 	.db #0x5a	; 90	'Z'
    00000521 00                    1365 	.db #0x00	; 0
    00000522 00                    1366 	.db #0x00	; 0
    00000523 5A                    1367 	.db #0x5a	; 90	'Z'
    00000524 00                    1368 	.db #0x00	; 0
    00000525 00                    1369 	.db #0x00	; 0
    00000526 5A                    1370 	.db #0x5a	; 90	'Z'
    00000527 00                    1371 	.db #0x00	; 0
    00000528 00                    1372 	.db #0x00	; 0
    00000529 5A                    1373 	.db #0x5a	; 90	'Z'
    0000052A 00                    1374 	.db #0x00	; 0
    0000052B 00                    1375 	.db #0x00	; 0
    0000052C 5A                    1376 	.db #0x5a	; 90	'Z'
    0000052D 00                    1377 	.db #0x00	; 0
    0000052E 00                    1378 	.db #0x00	; 0
    0000052F 5A                    1379 	.db #0x5a	; 90	'Z'
    00000530 00                    1380 	.db #0x00	; 0
    00000531 00                    1381 	.db #0x00	; 0
    00000532 5A                    1382 	.db #0x5a	; 90	'Z'
    00000533 00                    1383 	.db #0x00	; 0
    00000534 00                    1384 	.db #0x00	; 0
    00000535 5A                    1385 	.db #0x5a	; 90	'Z'
    00000536 00                    1386 	.db #0x00	; 0
    00000537 00                    1387 	.db #0x00	; 0
    00000538 5A                    1388 	.db #0x5a	; 90	'Z'
    00000539 00                    1389 	.db #0x00	; 0
    0000053A 00                    1390 	.db #0x00	; 0
    0000053B 5A                    1391 	.db #0x5a	; 90	'Z'
    0000053C 00                    1392 	.db #0x00	; 0
    0000053D 00                    1393 	.db #0x00	; 0
    0000053E 5A                    1394 	.db #0x5a	; 90	'Z'
    0000053F 00                    1395 	.db #0x00	; 0
    00000540 00                    1396 	.db #0x00	; 0
    00000541                       1397 _P8:
    00000541 31                    1398 	.db #0x31	; 49	'1'
    00000542 90                    1399 	.db #0x90	; 144
    00000543 00                    1400 	.db #0x00	; 0
    00000544 5A                    1401 	.db #0x5a	; 90	'Z'
    00000545 00                    1402 	.db #0x00	; 0
    00000546 00                    1403 	.db #0x00	; 0
    00000547 5A                    1404 	.db #0x5a	; 90	'Z'
    00000548 00                    1405 	.db #0x00	; 0
    00000549 00                    1406 	.db #0x00	; 0
    0000054A 35                    1407 	.db #0x35	; 53	'5'
    0000054B 60                    1408 	.db #0x60	; 96
    0000054C 00                    1409 	.db #0x00	; 0
    0000054D 5A                    1410 	.db #0x5a	; 90	'Z'
    0000054E 00                    1411 	.db #0x00	; 0
    0000054F 00                    1412 	.db #0x00	; 0
    00000550 35                    1413 	.db #0x35	; 53	'5'
    00000551 60                    1414 	.db #0x60	; 96
    00000552 00                    1415 	.db #0x00	; 0
    00000553 36                    1416 	.db #0x36	; 54	'6'
    00000554 60                    1417 	.db #0x60	; 96
    00000555 00                    1418 	.db #0x00	; 0
    00000556 5A                    1419 	.db #0x5a	; 90	'Z'
    00000557 00                    1420 	.db #0x00	; 0
    00000558 00                    1421 	.db #0x00	; 0
    00000559 36                    1422 	.db #0x36	; 54	'6'
    0000055A 60                    1423 	.db #0x60	; 96
    0000055B 00                    1424 	.db #0x00	; 0
    0000055C 35                    1425 	.db #0x35	; 53	'5'
    0000055D 60                    1426 	.db #0x60	; 96
    0000055E 00                    1427 	.db #0x00	; 0
    0000055F 5A                    1428 	.db #0x5a	; 90	'Z'
    00000560 00                    1429 	.db #0x00	; 0
    00000561 00                    1430 	.db #0x00	; 0
    00000562 35                    1431 	.db #0x35	; 53	'5'
    00000563 60                    1432 	.db #0x60	; 96
    00000564 00                    1433 	.db #0x00	; 0
    00000565 31                    1434 	.db #0x31	; 49	'1'
    00000566 60                    1435 	.db #0x60	; 96
    00000567 00                    1436 	.db #0x00	; 0
    00000568 5A                    1437 	.db #0x5a	; 90	'Z'
    00000569 00                    1438 	.db #0x00	; 0
    0000056A 00                    1439 	.db #0x00	; 0
    0000056B 31                    1440 	.db #0x31	; 49	'1'
    0000056C 60                    1441 	.db #0x60	; 96
    0000056D 00                    1442 	.db #0x00	; 0
    0000056E 35                    1443 	.db #0x35	; 53	'5'
    0000056F 60                    1444 	.db #0x60	; 96
    00000570 00                    1445 	.db #0x00	; 0
    00000571 5A                    1446 	.db #0x5a	; 90	'Z'
    00000572 00                    1447 	.db #0x00	; 0
    00000573 00                    1448 	.db #0x00	; 0
    00000574 35                    1449 	.db #0x35	; 53	'5'
    00000575 60                    1450 	.db #0x60	; 96
    00000576 00                    1451 	.db #0x00	; 0
    00000577 36                    1452 	.db #0x36	; 54	'6'
    00000578 60                    1453 	.db #0x60	; 96
    00000579 00                    1454 	.db #0x00	; 0
    0000057A 5A                    1455 	.db #0x5a	; 90	'Z'
    0000057B 00                    1456 	.db #0x00	; 0
    0000057C 00                    1457 	.db #0x00	; 0
    0000057D 36                    1458 	.db #0x36	; 54	'6'
    0000057E 60                    1459 	.db #0x60	; 96
    0000057F 00                    1460 	.db #0x00	; 0
    00000580 38                    1461 	.db #0x38	; 56	'8'
    00000581 60                    1462 	.db #0x60	; 96
    00000582 00                    1463 	.db #0x00	; 0
    00000583 5A                    1464 	.db #0x5a	; 90	'Z'
    00000584 00                    1465 	.db #0x00	; 0
    00000585 00                    1466 	.db #0x00	; 0
    00000586 38                    1467 	.db #0x38	; 56	'8'
    00000587 60                    1468 	.db #0x60	; 96
    00000588 00                    1469 	.db #0x00	; 0
    00000589 31                    1470 	.db #0x31	; 49	'1'
    0000058A 60                    1471 	.db #0x60	; 96
    0000058B 00                    1472 	.db #0x00	; 0
    0000058C 5A                    1473 	.db #0x5a	; 90	'Z'
    0000058D 00                    1474 	.db #0x00	; 0
    0000058E 00                    1475 	.db #0x00	; 0
    0000058F 31                    1476 	.db #0x31	; 49	'1'
    00000590 60                    1477 	.db #0x60	; 96
    00000591 00                    1478 	.db #0x00	; 0
    00000592 35                    1479 	.db #0x35	; 53	'5'
    00000593 60                    1480 	.db #0x60	; 96
    00000594 00                    1481 	.db #0x00	; 0
    00000595 5A                    1482 	.db #0x5a	; 90	'Z'
    00000596 00                    1483 	.db #0x00	; 0
    00000597 00                    1484 	.db #0x00	; 0
    00000598 35                    1485 	.db #0x35	; 53	'5'
    00000599 60                    1486 	.db #0x60	; 96
    0000059A 00                    1487 	.db #0x00	; 0
    0000059B 36                    1488 	.db #0x36	; 54	'6'
    0000059C 60                    1489 	.db #0x60	; 96
    0000059D 00                    1490 	.db #0x00	; 0
    0000059E 5A                    1491 	.db #0x5a	; 90	'Z'
    0000059F 00                    1492 	.db #0x00	; 0
    000005A0 00                    1493 	.db #0x00	; 0
    000005A1 36                    1494 	.db #0x36	; 54	'6'
    000005A2 60                    1495 	.db #0x60	; 96
    000005A3 00                    1496 	.db #0x00	; 0
    000005A4 35                    1497 	.db #0x35	; 53	'5'
    000005A5 60                    1498 	.db #0x60	; 96
    000005A6 00                    1499 	.db #0x00	; 0
    000005A7 5A                    1500 	.db #0x5a	; 90	'Z'
    000005A8 00                    1501 	.db #0x00	; 0
    000005A9 00                    1502 	.db #0x00	; 0
    000005AA 35                    1503 	.db #0x35	; 53	'5'
    000005AB 60                    1504 	.db #0x60	; 96
    000005AC 00                    1505 	.db #0x00	; 0
    000005AD 31                    1506 	.db #0x31	; 49	'1'
    000005AE 60                    1507 	.db #0x60	; 96
    000005AF 00                    1508 	.db #0x00	; 0
    000005B0 5A                    1509 	.db #0x5a	; 90	'Z'
    000005B1 00                    1510 	.db #0x00	; 0
    000005B2 00                    1511 	.db #0x00	; 0
    000005B3 31                    1512 	.db #0x31	; 49	'1'
    000005B4 60                    1513 	.db #0x60	; 96
    000005B5 00                    1514 	.db #0x00	; 0
    000005B6 35                    1515 	.db #0x35	; 53	'5'
    000005B7 60                    1516 	.db #0x60	; 96
    000005B8 00                    1517 	.db #0x00	; 0
    000005B9 5A                    1518 	.db #0x5a	; 90	'Z'
    000005BA 00                    1519 	.db #0x00	; 0
    000005BB 00                    1520 	.db #0x00	; 0
    000005BC 35                    1521 	.db #0x35	; 53	'5'
    000005BD 60                    1522 	.db #0x60	; 96
    000005BE 00                    1523 	.db #0x00	; 0
    000005BF 36                    1524 	.db #0x36	; 54	'6'
    000005C0 60                    1525 	.db #0x60	; 96
    000005C1 00                    1526 	.db #0x00	; 0
    000005C2 5A                    1527 	.db #0x5a	; 90	'Z'
    000005C3 00                    1528 	.db #0x00	; 0
    000005C4 00                    1529 	.db #0x00	; 0
    000005C5 36                    1530 	.db #0x36	; 54	'6'
    000005C6 60                    1531 	.db #0x60	; 96
    000005C7 00                    1532 	.db #0x00	; 0
    000005C8 2F                    1533 	.db #0x2f	; 47
    000005C9 60                    1534 	.db #0x60	; 96
    000005CA 00                    1535 	.db #0x00	; 0
    000005CB 5A                    1536 	.db #0x5a	; 90	'Z'
    000005CC 00                    1537 	.db #0x00	; 0
    000005CD 00                    1538 	.db #0x00	; 0
    000005CE 30                    1539 	.db #0x30	; 48	'0'
    000005CF 60                    1540 	.db #0x60	; 96
    000005D0 00                    1541 	.db #0x00	; 0
    000005D1 5A                    1542 	.db #0x5a	; 90	'Z'
    000005D2 00                    1543 	.db #0x00	; 0
    000005D3 00                    1544 	.db #0x00	; 0
    000005D4 5A                    1545 	.db #0x5a	; 90	'Z'
    000005D5 00                    1546 	.db #0x00	; 0
    000005D6 00                    1547 	.db #0x00	; 0
    000005D7 5A                    1548 	.db #0x5a	; 90	'Z'
    000005D8 00                    1549 	.db #0x00	; 0
    000005D9 00                    1550 	.db #0x00	; 0
    000005DA 5A                    1551 	.db #0x5a	; 90	'Z'
    000005DB 00                    1552 	.db #0x00	; 0
    000005DC 00                    1553 	.db #0x00	; 0
    000005DD 5A                    1554 	.db #0x5a	; 90	'Z'
    000005DE 00                    1555 	.db #0x00	; 0
    000005DF 00                    1556 	.db #0x00	; 0
    000005E0 5A                    1557 	.db #0x5a	; 90	'Z'
    000005E1 00                    1558 	.db #0x00	; 0
    000005E2 00                    1559 	.db #0x00	; 0
    000005E3 5A                    1560 	.db #0x5a	; 90	'Z'
    000005E4 00                    1561 	.db #0x00	; 0
    000005E5 00                    1562 	.db #0x00	; 0
    000005E6 5A                    1563 	.db #0x5a	; 90	'Z'
    000005E7 00                    1564 	.db #0x00	; 0
    000005E8 00                    1565 	.db #0x00	; 0
    000005E9 5A                    1566 	.db #0x5a	; 90	'Z'
    000005EA 00                    1567 	.db #0x00	; 0
    000005EB 00                    1568 	.db #0x00	; 0
    000005EC 5A                    1569 	.db #0x5a	; 90	'Z'
    000005ED 00                    1570 	.db #0x00	; 0
    000005EE 00                    1571 	.db #0x00	; 0
    000005EF 5A                    1572 	.db #0x5a	; 90	'Z'
    000005F0 00                    1573 	.db #0x00	; 0
    000005F1 00                    1574 	.db #0x00	; 0
    000005F2 5A                    1575 	.db #0x5a	; 90	'Z'
    000005F3 00                    1576 	.db #0x00	; 0
    000005F4 00                    1577 	.db #0x00	; 0
    000005F5 5A                    1578 	.db #0x5a	; 90	'Z'
    000005F6 00                    1579 	.db #0x00	; 0
    000005F7 00                    1580 	.db #0x00	; 0
    000005F8 5A                    1581 	.db #0x5a	; 90	'Z'
    000005F9 00                    1582 	.db #0x00	; 0
    000005FA 00                    1583 	.db #0x00	; 0
    000005FB 5A                    1584 	.db #0x5a	; 90	'Z'
    000005FC 00                    1585 	.db #0x00	; 0
    000005FD 00                    1586 	.db #0x00	; 0
    000005FE 5A                    1587 	.db #0x5a	; 90	'Z'
    000005FF 00                    1588 	.db #0x00	; 0
    00000600 00                    1589 	.db #0x00	; 0
    00000601                       1590 _P9:
    00000601 1E                    1591 	.db #0x1e	; 30
    00000602 50                    1592 	.db #0x50	; 80	'P'
    00000603 00                    1593 	.db #0x00	; 0
    00000604 5A                    1594 	.db #0x5a	; 90	'Z'
    00000605 00                    1595 	.db #0x00	; 0
    00000606 00                    1596 	.db #0x00	; 0
    00000607 5A                    1597 	.db #0x5a	; 90	'Z'
    00000608 00                    1598 	.db #0x00	; 0
    00000609 00                    1599 	.db #0x00	; 0
    0000060A 1D                    1600 	.db #0x1d	; 29
    0000060B 10                    1601 	.db #0x10	; 16
    0000060C 00                    1602 	.db #0x00	; 0
    0000060D 5A                    1603 	.db #0x5a	; 90	'Z'
    0000060E 00                    1604 	.db #0x00	; 0
    0000060F 00                    1605 	.db #0x00	; 0
    00000610 1D                    1606 	.db #0x1d	; 29
    00000611 10                    1607 	.db #0x10	; 16
    00000612 00                    1608 	.db #0x00	; 0
    00000613 1D                    1609 	.db #0x1d	; 29
    00000614 10                    1610 	.db #0x10	; 16
    00000615 00                    1611 	.db #0x00	; 0
    00000616 5A                    1612 	.db #0x5a	; 90	'Z'
    00000617 00                    1613 	.db #0x00	; 0
    00000618 00                    1614 	.db #0x00	; 0
    00000619 1D                    1615 	.db #0x1d	; 29
    0000061A 10                    1616 	.db #0x10	; 16
    0000061B 00                    1617 	.db #0x00	; 0
    0000061C 1D                    1618 	.db #0x1d	; 29
    0000061D 10                    1619 	.db #0x10	; 16
    0000061E 00                    1620 	.db #0x00	; 0
    0000061F 5A                    1621 	.db #0x5a	; 90	'Z'
    00000620 00                    1622 	.db #0x00	; 0
    00000621 00                    1623 	.db #0x00	; 0
    00000622 1D                    1624 	.db #0x1d	; 29
    00000623 10                    1625 	.db #0x10	; 16
    00000624 00                    1626 	.db #0x00	; 0
    00000625 1D                    1627 	.db #0x1d	; 29
    00000626 40                    1628 	.db #0x40	; 64
    00000627 00                    1629 	.db #0x00	; 0
    00000628 5A                    1630 	.db #0x5a	; 90	'Z'
    00000629 00                    1631 	.db #0x00	; 0
    0000062A 00                    1632 	.db #0x00	; 0
    0000062B 5A                    1633 	.db #0x5a	; 90	'Z'
    0000062C 00                    1634 	.db #0x00	; 0
    0000062D 00                    1635 	.db #0x00	; 0
    0000062E 1D                    1636 	.db #0x1d	; 29
    0000062F 10                    1637 	.db #0x10	; 16
    00000630 00                    1638 	.db #0x00	; 0
    00000631 5A                    1639 	.db #0x5a	; 90	'Z'
    00000632 00                    1640 	.db #0x00	; 0
    00000633 00                    1641 	.db #0x00	; 0
    00000634 1D                    1642 	.db #0x1d	; 29
    00000635 10                    1643 	.db #0x10	; 16
    00000636 00                    1644 	.db #0x00	; 0
    00000637 1D                    1645 	.db #0x1d	; 29
    00000638 10                    1646 	.db #0x10	; 16
    00000639 00                    1647 	.db #0x00	; 0
    0000063A 5A                    1648 	.db #0x5a	; 90	'Z'
    0000063B 00                    1649 	.db #0x00	; 0
    0000063C 00                    1650 	.db #0x00	; 0
    0000063D 1D                    1651 	.db #0x1d	; 29
    0000063E 10                    1652 	.db #0x10	; 16
    0000063F 00                    1653 	.db #0x00	; 0
    00000640 1D                    1654 	.db #0x1d	; 29
    00000641 10                    1655 	.db #0x10	; 16
    00000642 00                    1656 	.db #0x00	; 0
    00000643 5A                    1657 	.db #0x5a	; 90	'Z'
    00000644 00                    1658 	.db #0x00	; 0
    00000645 00                    1659 	.db #0x00	; 0
    00000646 1D                    1660 	.db #0x1d	; 29
    00000647 10                    1661 	.db #0x10	; 16
    00000648 00                    1662 	.db #0x00	; 0
    00000649 1D                    1663 	.db #0x1d	; 29
    0000064A 40                    1664 	.db #0x40	; 64
    0000064B 00                    1665 	.db #0x00	; 0
    0000064C 5A                    1666 	.db #0x5a	; 90	'Z'
    0000064D 00                    1667 	.db #0x00	; 0
    0000064E 00                    1668 	.db #0x00	; 0
    0000064F 5A                    1669 	.db #0x5a	; 90	'Z'
    00000650 00                    1670 	.db #0x00	; 0
    00000651 00                    1671 	.db #0x00	; 0
    00000652 1D                    1672 	.db #0x1d	; 29
    00000653 10                    1673 	.db #0x10	; 16
    00000654 00                    1674 	.db #0x00	; 0
    00000655 5A                    1675 	.db #0x5a	; 90	'Z'
    00000656 00                    1676 	.db #0x00	; 0
    00000657 00                    1677 	.db #0x00	; 0
    00000658 1D                    1678 	.db #0x1d	; 29
    00000659 10                    1679 	.db #0x10	; 16
    0000065A 00                    1680 	.db #0x00	; 0
    0000065B 1D                    1681 	.db #0x1d	; 29
    0000065C 10                    1682 	.db #0x10	; 16
    0000065D 00                    1683 	.db #0x00	; 0
    0000065E 5A                    1684 	.db #0x5a	; 90	'Z'
    0000065F 00                    1685 	.db #0x00	; 0
    00000660 00                    1686 	.db #0x00	; 0
    00000661 1D                    1687 	.db #0x1d	; 29
    00000662 10                    1688 	.db #0x10	; 16
    00000663 00                    1689 	.db #0x00	; 0
    00000664 1D                    1690 	.db #0x1d	; 29
    00000665 10                    1691 	.db #0x10	; 16
    00000666 00                    1692 	.db #0x00	; 0
    00000667 5A                    1693 	.db #0x5a	; 90	'Z'
    00000668 00                    1694 	.db #0x00	; 0
    00000669 00                    1695 	.db #0x00	; 0
    0000066A 1D                    1696 	.db #0x1d	; 29
    0000066B 10                    1697 	.db #0x10	; 16
    0000066C 00                    1698 	.db #0x00	; 0
    0000066D 1D                    1699 	.db #0x1d	; 29
    0000066E 40                    1700 	.db #0x40	; 64
    0000066F 00                    1701 	.db #0x00	; 0
    00000670 5A                    1702 	.db #0x5a	; 90	'Z'
    00000671 00                    1703 	.db #0x00	; 0
    00000672 00                    1704 	.db #0x00	; 0
    00000673 5A                    1705 	.db #0x5a	; 90	'Z'
    00000674 00                    1706 	.db #0x00	; 0
    00000675 00                    1707 	.db #0x00	; 0
    00000676 1D                    1708 	.db #0x1d	; 29
    00000677 10                    1709 	.db #0x10	; 16
    00000678 00                    1710 	.db #0x00	; 0
    00000679 5A                    1711 	.db #0x5a	; 90	'Z'
    0000067A 00                    1712 	.db #0x00	; 0
    0000067B 00                    1713 	.db #0x00	; 0
    0000067C 1D                    1714 	.db #0x1d	; 29
    0000067D 10                    1715 	.db #0x10	; 16
    0000067E 00                    1716 	.db #0x00	; 0
    0000067F 1D                    1717 	.db #0x1d	; 29
    00000680 10                    1718 	.db #0x10	; 16
    00000681 00                    1719 	.db #0x00	; 0
    00000682 5A                    1720 	.db #0x5a	; 90	'Z'
    00000683 00                    1721 	.db #0x00	; 0
    00000684 00                    1722 	.db #0x00	; 0
    00000685 1D                    1723 	.db #0x1d	; 29
    00000686 10                    1724 	.db #0x10	; 16
    00000687 00                    1725 	.db #0x00	; 0
    00000688 1D                    1726 	.db #0x1d	; 29
    00000689 10                    1727 	.db #0x10	; 16
    0000068A 00                    1728 	.db #0x00	; 0
    0000068B 5A                    1729 	.db #0x5a	; 90	'Z'
    0000068C 00                    1730 	.db #0x00	; 0
    0000068D 00                    1731 	.db #0x00	; 0
    0000068E 1D                    1732 	.db #0x1d	; 29
    0000068F 1D                    1733 	.db #0x1d	; 29
    00000690 01                    1734 	.db #0x01	; 1
    00000691 5A                    1735 	.db #0x5a	; 90	'Z'
    00000692 00                    1736 	.db #0x00	; 0
    00000693 00                    1737 	.db #0x00	; 0
    00000694 5A                    1738 	.db #0x5a	; 90	'Z'
    00000695 00                    1739 	.db #0x00	; 0
    00000696 00                    1740 	.db #0x00	; 0
    00000697 5A                    1741 	.db #0x5a	; 90	'Z'
    00000698 00                    1742 	.db #0x00	; 0
    00000699 00                    1743 	.db #0x00	; 0
    0000069A 5A                    1744 	.db #0x5a	; 90	'Z'
    0000069B 00                    1745 	.db #0x00	; 0
    0000069C 00                    1746 	.db #0x00	; 0
    0000069D 5A                    1747 	.db #0x5a	; 90	'Z'
    0000069E 00                    1748 	.db #0x00	; 0
    0000069F 00                    1749 	.db #0x00	; 0
    000006A0 5A                    1750 	.db #0x5a	; 90	'Z'
    000006A1 00                    1751 	.db #0x00	; 0
    000006A2 00                    1752 	.db #0x00	; 0
    000006A3 5A                    1753 	.db #0x5a	; 90	'Z'
    000006A4 00                    1754 	.db #0x00	; 0
    000006A5 00                    1755 	.db #0x00	; 0
    000006A6 5A                    1756 	.db #0x5a	; 90	'Z'
    000006A7 00                    1757 	.db #0x00	; 0
    000006A8 00                    1758 	.db #0x00	; 0
    000006A9 5A                    1759 	.db #0x5a	; 90	'Z'
    000006AA 00                    1760 	.db #0x00	; 0
    000006AB 00                    1761 	.db #0x00	; 0
    000006AC 5A                    1762 	.db #0x5a	; 90	'Z'
    000006AD 00                    1763 	.db #0x00	; 0
    000006AE 00                    1764 	.db #0x00	; 0
    000006AF 5A                    1765 	.db #0x5a	; 90	'Z'
    000006B0 00                    1766 	.db #0x00	; 0
    000006B1 00                    1767 	.db #0x00	; 0
    000006B2 5A                    1768 	.db #0x5a	; 90	'Z'
    000006B3 00                    1769 	.db #0x00	; 0
    000006B4 00                    1770 	.db #0x00	; 0
    000006B5 5A                    1771 	.db #0x5a	; 90	'Z'
    000006B6 00                    1772 	.db #0x00	; 0
    000006B7 00                    1773 	.db #0x00	; 0
    000006B8 5A                    1774 	.db #0x5a	; 90	'Z'
    000006B9 00                    1775 	.db #0x00	; 0
    000006BA 00                    1776 	.db #0x00	; 0
    000006BB 5A                    1777 	.db #0x5a	; 90	'Z'
    000006BC 00                    1778 	.db #0x00	; 0
    000006BD 00                    1779 	.db #0x00	; 0
    000006BE 5A                    1780 	.db #0x5a	; 90	'Z'
    000006BF 00                    1781 	.db #0x00	; 0
    000006C0 00                    1782 	.db #0x00	; 0
    000006C1                       1783 _P11:
    000006C1 31                    1784 	.db #0x31	; 49	'1'
    000006C2 60                    1785 	.db #0x60	; 96
    000006C3 00                    1786 	.db #0x00	; 0
    000006C4 5A                    1787 	.db #0x5a	; 90	'Z'
    000006C5 00                    1788 	.db #0x00	; 0
    000006C6 00                    1789 	.db #0x00	; 0
    000006C7 31                    1790 	.db #0x31	; 49	'1'
    000006C8 60                    1791 	.db #0x60	; 96
    000006C9 00                    1792 	.db #0x00	; 0
    000006CA 35                    1793 	.db #0x35	; 53	'5'
    000006CB 60                    1794 	.db #0x60	; 96
    000006CC 00                    1795 	.db #0x00	; 0
    000006CD 5A                    1796 	.db #0x5a	; 90	'Z'
    000006CE 00                    1797 	.db #0x00	; 0
    000006CF 00                    1798 	.db #0x00	; 0
    000006D0 35                    1799 	.db #0x35	; 53	'5'
    000006D1 60                    1800 	.db #0x60	; 96
    000006D2 00                    1801 	.db #0x00	; 0
    000006D3 36                    1802 	.db #0x36	; 54	'6'
    000006D4 60                    1803 	.db #0x60	; 96
    000006D5 00                    1804 	.db #0x00	; 0
    000006D6 5A                    1805 	.db #0x5a	; 90	'Z'
    000006D7 00                    1806 	.db #0x00	; 0
    000006D8 00                    1807 	.db #0x00	; 0
    000006D9 36                    1808 	.db #0x36	; 54	'6'
    000006DA 60                    1809 	.db #0x60	; 96
    000006DB 00                    1810 	.db #0x00	; 0
    000006DC 35                    1811 	.db #0x35	; 53	'5'
    000006DD 60                    1812 	.db #0x60	; 96
    000006DE 00                    1813 	.db #0x00	; 0
    000006DF 5A                    1814 	.db #0x5a	; 90	'Z'
    000006E0 00                    1815 	.db #0x00	; 0
    000006E1 00                    1816 	.db #0x00	; 0
    000006E2 35                    1817 	.db #0x35	; 53	'5'
    000006E3 60                    1818 	.db #0x60	; 96
    000006E4 00                    1819 	.db #0x00	; 0
    000006E5 31                    1820 	.db #0x31	; 49	'1'
    000006E6 60                    1821 	.db #0x60	; 96
    000006E7 00                    1822 	.db #0x00	; 0
    000006E8 5A                    1823 	.db #0x5a	; 90	'Z'
    000006E9 00                    1824 	.db #0x00	; 0
    000006EA 00                    1825 	.db #0x00	; 0
    000006EB 31                    1826 	.db #0x31	; 49	'1'
    000006EC 60                    1827 	.db #0x60	; 96
    000006ED 00                    1828 	.db #0x00	; 0
    000006EE 35                    1829 	.db #0x35	; 53	'5'
    000006EF 60                    1830 	.db #0x60	; 96
    000006F0 00                    1831 	.db #0x00	; 0
    000006F1 5A                    1832 	.db #0x5a	; 90	'Z'
    000006F2 00                    1833 	.db #0x00	; 0
    000006F3 00                    1834 	.db #0x00	; 0
    000006F4 35                    1835 	.db #0x35	; 53	'5'
    000006F5 60                    1836 	.db #0x60	; 96
    000006F6 00                    1837 	.db #0x00	; 0
    000006F7 36                    1838 	.db #0x36	; 54	'6'
    000006F8 60                    1839 	.db #0x60	; 96
    000006F9 00                    1840 	.db #0x00	; 0
    000006FA 5A                    1841 	.db #0x5a	; 90	'Z'
    000006FB 00                    1842 	.db #0x00	; 0
    000006FC 00                    1843 	.db #0x00	; 0
    000006FD 36                    1844 	.db #0x36	; 54	'6'
    000006FE 60                    1845 	.db #0x60	; 96
    000006FF 00                    1846 	.db #0x00	; 0
    00000700 38                    1847 	.db #0x38	; 56	'8'
    00000701 60                    1848 	.db #0x60	; 96
    00000702 00                    1849 	.db #0x00	; 0
    00000703 5A                    1850 	.db #0x5a	; 90	'Z'
    00000704 00                    1851 	.db #0x00	; 0
    00000705 00                    1852 	.db #0x00	; 0
    00000706 38                    1853 	.db #0x38	; 56	'8'
    00000707 60                    1854 	.db #0x60	; 96
    00000708 00                    1855 	.db #0x00	; 0
    00000709 31                    1856 	.db #0x31	; 49	'1'
    0000070A 60                    1857 	.db #0x60	; 96
    0000070B 00                    1858 	.db #0x00	; 0
    0000070C 5A                    1859 	.db #0x5a	; 90	'Z'
    0000070D 00                    1860 	.db #0x00	; 0
    0000070E 00                    1861 	.db #0x00	; 0
    0000070F 31                    1862 	.db #0x31	; 49	'1'
    00000710 60                    1863 	.db #0x60	; 96
    00000711 00                    1864 	.db #0x00	; 0
    00000712 35                    1865 	.db #0x35	; 53	'5'
    00000713 60                    1866 	.db #0x60	; 96
    00000714 00                    1867 	.db #0x00	; 0
    00000715 5A                    1868 	.db #0x5a	; 90	'Z'
    00000716 00                    1869 	.db #0x00	; 0
    00000717 00                    1870 	.db #0x00	; 0
    00000718 35                    1871 	.db #0x35	; 53	'5'
    00000719 60                    1872 	.db #0x60	; 96
    0000071A 00                    1873 	.db #0x00	; 0
    0000071B 36                    1874 	.db #0x36	; 54	'6'
    0000071C 60                    1875 	.db #0x60	; 96
    0000071D 00                    1876 	.db #0x00	; 0
    0000071E 5A                    1877 	.db #0x5a	; 90	'Z'
    0000071F 00                    1878 	.db #0x00	; 0
    00000720 00                    1879 	.db #0x00	; 0
    00000721 36                    1880 	.db #0x36	; 54	'6'
    00000722 60                    1881 	.db #0x60	; 96
    00000723 00                    1882 	.db #0x00	; 0
    00000724 35                    1883 	.db #0x35	; 53	'5'
    00000725 60                    1884 	.db #0x60	; 96
    00000726 00                    1885 	.db #0x00	; 0
    00000727 5A                    1886 	.db #0x5a	; 90	'Z'
    00000728 00                    1887 	.db #0x00	; 0
    00000729 00                    1888 	.db #0x00	; 0
    0000072A 35                    1889 	.db #0x35	; 53	'5'
    0000072B 60                    1890 	.db #0x60	; 96
    0000072C 00                    1891 	.db #0x00	; 0
    0000072D 31                    1892 	.db #0x31	; 49	'1'
    0000072E 60                    1893 	.db #0x60	; 96
    0000072F 00                    1894 	.db #0x00	; 0
    00000730 5A                    1895 	.db #0x5a	; 90	'Z'
    00000731 00                    1896 	.db #0x00	; 0
    00000732 00                    1897 	.db #0x00	; 0
    00000733 31                    1898 	.db #0x31	; 49	'1'
    00000734 60                    1899 	.db #0x60	; 96
    00000735 00                    1900 	.db #0x00	; 0
    00000736 35                    1901 	.db #0x35	; 53	'5'
    00000737 60                    1902 	.db #0x60	; 96
    00000738 00                    1903 	.db #0x00	; 0
    00000739 5A                    1904 	.db #0x5a	; 90	'Z'
    0000073A 00                    1905 	.db #0x00	; 0
    0000073B 00                    1906 	.db #0x00	; 0
    0000073C 35                    1907 	.db #0x35	; 53	'5'
    0000073D 60                    1908 	.db #0x60	; 96
    0000073E 00                    1909 	.db #0x00	; 0
    0000073F 36                    1910 	.db #0x36	; 54	'6'
    00000740 60                    1911 	.db #0x60	; 96
    00000741 00                    1912 	.db #0x00	; 0
    00000742 5A                    1913 	.db #0x5a	; 90	'Z'
    00000743 00                    1914 	.db #0x00	; 0
    00000744 00                    1915 	.db #0x00	; 0
    00000745 36                    1916 	.db #0x36	; 54	'6'
    00000746 60                    1917 	.db #0x60	; 96
    00000747 00                    1918 	.db #0x00	; 0
    00000748 2F                    1919 	.db #0x2f	; 47
    00000749 60                    1920 	.db #0x60	; 96
    0000074A 00                    1921 	.db #0x00	; 0
    0000074B 5A                    1922 	.db #0x5a	; 90	'Z'
    0000074C 00                    1923 	.db #0x00	; 0
    0000074D 00                    1924 	.db #0x00	; 0
    0000074E 30                    1925 	.db #0x30	; 48	'0'
    0000074F 60                    1926 	.db #0x60	; 96
    00000750 00                    1927 	.db #0x00	; 0
    00000751 5A                    1928 	.db #0x5a	; 90	'Z'
    00000752 00                    1929 	.db #0x00	; 0
    00000753 00                    1930 	.db #0x00	; 0
    00000754 5A                    1931 	.db #0x5a	; 90	'Z'
    00000755 00                    1932 	.db #0x00	; 0
    00000756 00                    1933 	.db #0x00	; 0
    00000757 5A                    1934 	.db #0x5a	; 90	'Z'
    00000758 00                    1935 	.db #0x00	; 0
    00000759 00                    1936 	.db #0x00	; 0
    0000075A 5A                    1937 	.db #0x5a	; 90	'Z'
    0000075B 00                    1938 	.db #0x00	; 0
    0000075C 00                    1939 	.db #0x00	; 0
    0000075D 5A                    1940 	.db #0x5a	; 90	'Z'
    0000075E 00                    1941 	.db #0x00	; 0
    0000075F 00                    1942 	.db #0x00	; 0
    00000760 5A                    1943 	.db #0x5a	; 90	'Z'
    00000761 00                    1944 	.db #0x00	; 0
    00000762 00                    1945 	.db #0x00	; 0
    00000763 5A                    1946 	.db #0x5a	; 90	'Z'
    00000764 00                    1947 	.db #0x00	; 0
    00000765 00                    1948 	.db #0x00	; 0
    00000766 5A                    1949 	.db #0x5a	; 90	'Z'
    00000767 00                    1950 	.db #0x00	; 0
    00000768 00                    1951 	.db #0x00	; 0
    00000769 5A                    1952 	.db #0x5a	; 90	'Z'
    0000076A 00                    1953 	.db #0x00	; 0
    0000076B 00                    1954 	.db #0x00	; 0
    0000076C 5A                    1955 	.db #0x5a	; 90	'Z'
    0000076D 00                    1956 	.db #0x00	; 0
    0000076E 00                    1957 	.db #0x00	; 0
    0000076F 5A                    1958 	.db #0x5a	; 90	'Z'
    00000770 00                    1959 	.db #0x00	; 0
    00000771 00                    1960 	.db #0x00	; 0
    00000772 5A                    1961 	.db #0x5a	; 90	'Z'
    00000773 00                    1962 	.db #0x00	; 0
    00000774 00                    1963 	.db #0x00	; 0
    00000775 5A                    1964 	.db #0x5a	; 90	'Z'
    00000776 00                    1965 	.db #0x00	; 0
    00000777 00                    1966 	.db #0x00	; 0
    00000778 5A                    1967 	.db #0x5a	; 90	'Z'
    00000779 00                    1968 	.db #0x00	; 0
    0000077A 00                    1969 	.db #0x00	; 0
    0000077B 5A                    1970 	.db #0x5a	; 90	'Z'
    0000077C 00                    1971 	.db #0x00	; 0
    0000077D 00                    1972 	.db #0x00	; 0
    0000077E 5A                    1973 	.db #0x5a	; 90	'Z'
    0000077F 00                    1974 	.db #0x00	; 0
    00000780 00                    1975 	.db #0x00	; 0
    00000781                       1976 _P12:
    00000781 1D                    1977 	.db #0x1d	; 29
    00000782 40                    1978 	.db #0x40	; 64
    00000783 00                    1979 	.db #0x00	; 0
    00000784 5A                    1980 	.db #0x5a	; 90	'Z'
    00000785 00                    1981 	.db #0x00	; 0
    00000786 00                    1982 	.db #0x00	; 0
    00000787 1D                    1983 	.db #0x1d	; 29
    00000788 10                    1984 	.db #0x10	; 16
    00000789 00                    1985 	.db #0x00	; 0
    0000078A 1D                    1986 	.db #0x1d	; 29
    0000078B 10                    1987 	.db #0x10	; 16
    0000078C 00                    1988 	.db #0x00	; 0
    0000078D 5A                    1989 	.db #0x5a	; 90	'Z'
    0000078E 00                    1990 	.db #0x00	; 0
    0000078F 00                    1991 	.db #0x00	; 0
    00000790 1D                    1992 	.db #0x1d	; 29
    00000791 10                    1993 	.db #0x10	; 16
    00000792 00                    1994 	.db #0x00	; 0
    00000793 1D                    1995 	.db #0x1d	; 29
    00000794 10                    1996 	.db #0x10	; 16
    00000795 00                    1997 	.db #0x00	; 0
    00000796 5A                    1998 	.db #0x5a	; 90	'Z'
    00000797 00                    1999 	.db #0x00	; 0
    00000798 00                    2000 	.db #0x00	; 0
    00000799 1D                    2001 	.db #0x1d	; 29
    0000079A 10                    2002 	.db #0x10	; 16
    0000079B 00                    2003 	.db #0x00	; 0
    0000079C 1D                    2004 	.db #0x1d	; 29
    0000079D 10                    2005 	.db #0x10	; 16
    0000079E 00                    2006 	.db #0x00	; 0
    0000079F 5A                    2007 	.db #0x5a	; 90	'Z'
    000007A0 00                    2008 	.db #0x00	; 0
    000007A1 00                    2009 	.db #0x00	; 0
    000007A2 1D                    2010 	.db #0x1d	; 29
    000007A3 10                    2011 	.db #0x10	; 16
    000007A4 00                    2012 	.db #0x00	; 0
    000007A5 1D                    2013 	.db #0x1d	; 29
    000007A6 40                    2014 	.db #0x40	; 64
    000007A7 00                    2015 	.db #0x00	; 0
    000007A8 5A                    2016 	.db #0x5a	; 90	'Z'
    000007A9 00                    2017 	.db #0x00	; 0
    000007AA 00                    2018 	.db #0x00	; 0
    000007AB 5A                    2019 	.db #0x5a	; 90	'Z'
    000007AC 00                    2020 	.db #0x00	; 0
    000007AD 00                    2021 	.db #0x00	; 0
    000007AE 1D                    2022 	.db #0x1d	; 29
    000007AF 10                    2023 	.db #0x10	; 16
    000007B0 00                    2024 	.db #0x00	; 0
    000007B1 5A                    2025 	.db #0x5a	; 90	'Z'
    000007B2 00                    2026 	.db #0x00	; 0
    000007B3 00                    2027 	.db #0x00	; 0
    000007B4 1D                    2028 	.db #0x1d	; 29
    000007B5 10                    2029 	.db #0x10	; 16
    000007B6 00                    2030 	.db #0x00	; 0
    000007B7 1D                    2031 	.db #0x1d	; 29
    000007B8 10                    2032 	.db #0x10	; 16
    000007B9 00                    2033 	.db #0x00	; 0
    000007BA 5A                    2034 	.db #0x5a	; 90	'Z'
    000007BB 00                    2035 	.db #0x00	; 0
    000007BC 00                    2036 	.db #0x00	; 0
    000007BD 1D                    2037 	.db #0x1d	; 29
    000007BE 10                    2038 	.db #0x10	; 16
    000007BF 00                    2039 	.db #0x00	; 0
    000007C0 1D                    2040 	.db #0x1d	; 29
    000007C1 10                    2041 	.db #0x10	; 16
    000007C2 00                    2042 	.db #0x00	; 0
    000007C3 5A                    2043 	.db #0x5a	; 90	'Z'
    000007C4 00                    2044 	.db #0x00	; 0
    000007C5 00                    2045 	.db #0x00	; 0
    000007C6 1D                    2046 	.db #0x1d	; 29
    000007C7 10                    2047 	.db #0x10	; 16
    000007C8 00                    2048 	.db #0x00	; 0
    000007C9 1D                    2049 	.db #0x1d	; 29
    000007CA 40                    2050 	.db #0x40	; 64
    000007CB 00                    2051 	.db #0x00	; 0
    000007CC 5A                    2052 	.db #0x5a	; 90	'Z'
    000007CD 00                    2053 	.db #0x00	; 0
    000007CE 00                    2054 	.db #0x00	; 0
    000007CF 5A                    2055 	.db #0x5a	; 90	'Z'
    000007D0 00                    2056 	.db #0x00	; 0
    000007D1 00                    2057 	.db #0x00	; 0
    000007D2 1D                    2058 	.db #0x1d	; 29
    000007D3 10                    2059 	.db #0x10	; 16
    000007D4 00                    2060 	.db #0x00	; 0
    000007D5 5A                    2061 	.db #0x5a	; 90	'Z'
    000007D6 00                    2062 	.db #0x00	; 0
    000007D7 00                    2063 	.db #0x00	; 0
    000007D8 1D                    2064 	.db #0x1d	; 29
    000007D9 10                    2065 	.db #0x10	; 16
    000007DA 00                    2066 	.db #0x00	; 0
    000007DB 1D                    2067 	.db #0x1d	; 29
    000007DC 10                    2068 	.db #0x10	; 16
    000007DD 00                    2069 	.db #0x00	; 0
    000007DE 5A                    2070 	.db #0x5a	; 90	'Z'
    000007DF 00                    2071 	.db #0x00	; 0
    000007E0 00                    2072 	.db #0x00	; 0
    000007E1 1D                    2073 	.db #0x1d	; 29
    000007E2 10                    2074 	.db #0x10	; 16
    000007E3 00                    2075 	.db #0x00	; 0
    000007E4 1D                    2076 	.db #0x1d	; 29
    000007E5 10                    2077 	.db #0x10	; 16
    000007E6 00                    2078 	.db #0x00	; 0
    000007E7 5A                    2079 	.db #0x5a	; 90	'Z'
    000007E8 00                    2080 	.db #0x00	; 0
    000007E9 00                    2081 	.db #0x00	; 0
    000007EA 1D                    2082 	.db #0x1d	; 29
    000007EB 10                    2083 	.db #0x10	; 16
    000007EC 00                    2084 	.db #0x00	; 0
    000007ED 1D                    2085 	.db #0x1d	; 29
    000007EE 40                    2086 	.db #0x40	; 64
    000007EF 00                    2087 	.db #0x00	; 0
    000007F0 5A                    2088 	.db #0x5a	; 90	'Z'
    000007F1 00                    2089 	.db #0x00	; 0
    000007F2 00                    2090 	.db #0x00	; 0
    000007F3 5A                    2091 	.db #0x5a	; 90	'Z'
    000007F4 00                    2092 	.db #0x00	; 0
    000007F5 00                    2093 	.db #0x00	; 0
    000007F6 1D                    2094 	.db #0x1d	; 29
    000007F7 10                    2095 	.db #0x10	; 16
    000007F8 00                    2096 	.db #0x00	; 0
    000007F9 5A                    2097 	.db #0x5a	; 90	'Z'
    000007FA 00                    2098 	.db #0x00	; 0
    000007FB 00                    2099 	.db #0x00	; 0
    000007FC 1D                    2100 	.db #0x1d	; 29
    000007FD 10                    2101 	.db #0x10	; 16
    000007FE 00                    2102 	.db #0x00	; 0
    000007FF 1D                    2103 	.db #0x1d	; 29
    00000800 10                    2104 	.db #0x10	; 16
    00000801 00                    2105 	.db #0x00	; 0
    00000802 5A                    2106 	.db #0x5a	; 90	'Z'
    00000803 00                    2107 	.db #0x00	; 0
    00000804 00                    2108 	.db #0x00	; 0
    00000805 1D                    2109 	.db #0x1d	; 29
    00000806 10                    2110 	.db #0x10	; 16
    00000807 00                    2111 	.db #0x00	; 0
    00000808 1A                    2112 	.db #0x1a	; 26
    00000809 70                    2113 	.db #0x70	; 112	'p'
    0000080A 00                    2114 	.db #0x00	; 0
    0000080B 5A                    2115 	.db #0x5a	; 90	'Z'
    0000080C 00                    2116 	.db #0x00	; 0
    0000080D 00                    2117 	.db #0x00	; 0
    0000080E 1D                    2118 	.db #0x1d	; 29
    0000080F 1D                    2119 	.db #0x1d	; 29
    00000810 01                    2120 	.db #0x01	; 1
    00000811 5A                    2121 	.db #0x5a	; 90	'Z'
    00000812 00                    2122 	.db #0x00	; 0
    00000813 00                    2123 	.db #0x00	; 0
    00000814 5A                    2124 	.db #0x5a	; 90	'Z'
    00000815 00                    2125 	.db #0x00	; 0
    00000816 00                    2126 	.db #0x00	; 0
    00000817 5A                    2127 	.db #0x5a	; 90	'Z'
    00000818 00                    2128 	.db #0x00	; 0
    00000819 00                    2129 	.db #0x00	; 0
    0000081A 5A                    2130 	.db #0x5a	; 90	'Z'
    0000081B 00                    2131 	.db #0x00	; 0
    0000081C 00                    2132 	.db #0x00	; 0
    0000081D 5A                    2133 	.db #0x5a	; 90	'Z'
    0000081E 00                    2134 	.db #0x00	; 0
    0000081F 00                    2135 	.db #0x00	; 0
    00000820 5A                    2136 	.db #0x5a	; 90	'Z'
    00000821 00                    2137 	.db #0x00	; 0
    00000822 00                    2138 	.db #0x00	; 0
    00000823 5A                    2139 	.db #0x5a	; 90	'Z'
    00000824 00                    2140 	.db #0x00	; 0
    00000825 00                    2141 	.db #0x00	; 0
    00000826 5A                    2142 	.db #0x5a	; 90	'Z'
    00000827 00                    2143 	.db #0x00	; 0
    00000828 00                    2144 	.db #0x00	; 0
    00000829 5A                    2145 	.db #0x5a	; 90	'Z'
    0000082A 00                    2146 	.db #0x00	; 0
    0000082B 00                    2147 	.db #0x00	; 0
    0000082C 5A                    2148 	.db #0x5a	; 90	'Z'
    0000082D 00                    2149 	.db #0x00	; 0
    0000082E 00                    2150 	.db #0x00	; 0
    0000082F 5A                    2151 	.db #0x5a	; 90	'Z'
    00000830 00                    2152 	.db #0x00	; 0
    00000831 00                    2153 	.db #0x00	; 0
    00000832 5A                    2154 	.db #0x5a	; 90	'Z'
    00000833 00                    2155 	.db #0x00	; 0
    00000834 00                    2156 	.db #0x00	; 0
    00000835 5A                    2157 	.db #0x5a	; 90	'Z'
    00000836 00                    2158 	.db #0x00	; 0
    00000837 00                    2159 	.db #0x00	; 0
    00000838 5A                    2160 	.db #0x5a	; 90	'Z'
    00000839 00                    2161 	.db #0x00	; 0
    0000083A 00                    2162 	.db #0x00	; 0
    0000083B 5A                    2163 	.db #0x5a	; 90	'Z'
    0000083C 00                    2164 	.db #0x00	; 0
    0000083D 00                    2165 	.db #0x00	; 0
    0000083E 5A                    2166 	.db #0x5a	; 90	'Z'
    0000083F 00                    2167 	.db #0x00	; 0
    00000840 00                    2168 	.db #0x00	; 0
    00000841                       2169 _P17:
    00000841 31                    2170 	.db #0x31	; 49	'1'
    00000842 90                    2171 	.db #0x90	; 144
    00000843 00                    2172 	.db #0x00	; 0
    00000844 5A                    2173 	.db #0x5a	; 90	'Z'
    00000845 00                    2174 	.db #0x00	; 0
    00000846 00                    2175 	.db #0x00	; 0
    00000847 5A                    2176 	.db #0x5a	; 90	'Z'
    00000848 00                    2177 	.db #0x00	; 0
    00000849 00                    2178 	.db #0x00	; 0
    0000084A 35                    2179 	.db #0x35	; 53	'5'
    0000084B 60                    2180 	.db #0x60	; 96
    0000084C 00                    2181 	.db #0x00	; 0
    0000084D 5A                    2182 	.db #0x5a	; 90	'Z'
    0000084E 00                    2183 	.db #0x00	; 0
    0000084F 00                    2184 	.db #0x00	; 0
    00000850 35                    2185 	.db #0x35	; 53	'5'
    00000851 60                    2186 	.db #0x60	; 96
    00000852 00                    2187 	.db #0x00	; 0
    00000853 36                    2188 	.db #0x36	; 54	'6'
    00000854 60                    2189 	.db #0x60	; 96
    00000855 00                    2190 	.db #0x00	; 0
    00000856 5A                    2191 	.db #0x5a	; 90	'Z'
    00000857 00                    2192 	.db #0x00	; 0
    00000858 00                    2193 	.db #0x00	; 0
    00000859 36                    2194 	.db #0x36	; 54	'6'
    0000085A 60                    2195 	.db #0x60	; 96
    0000085B 00                    2196 	.db #0x00	; 0
    0000085C 35                    2197 	.db #0x35	; 53	'5'
    0000085D 60                    2198 	.db #0x60	; 96
    0000085E 00                    2199 	.db #0x00	; 0
    0000085F 5A                    2200 	.db #0x5a	; 90	'Z'
    00000860 00                    2201 	.db #0x00	; 0
    00000861 00                    2202 	.db #0x00	; 0
    00000862 35                    2203 	.db #0x35	; 53	'5'
    00000863 60                    2204 	.db #0x60	; 96
    00000864 00                    2205 	.db #0x00	; 0
    00000865 31                    2206 	.db #0x31	; 49	'1'
    00000866 60                    2207 	.db #0x60	; 96
    00000867 00                    2208 	.db #0x00	; 0
    00000868 5A                    2209 	.db #0x5a	; 90	'Z'
    00000869 00                    2210 	.db #0x00	; 0
    0000086A 00                    2211 	.db #0x00	; 0
    0000086B 31                    2212 	.db #0x31	; 49	'1'
    0000086C 60                    2213 	.db #0x60	; 96
    0000086D 00                    2214 	.db #0x00	; 0
    0000086E 35                    2215 	.db #0x35	; 53	'5'
    0000086F 60                    2216 	.db #0x60	; 96
    00000870 00                    2217 	.db #0x00	; 0
    00000871 5A                    2218 	.db #0x5a	; 90	'Z'
    00000872 00                    2219 	.db #0x00	; 0
    00000873 00                    2220 	.db #0x00	; 0
    00000874 35                    2221 	.db #0x35	; 53	'5'
    00000875 60                    2222 	.db #0x60	; 96
    00000876 00                    2223 	.db #0x00	; 0
    00000877 36                    2224 	.db #0x36	; 54	'6'
    00000878 60                    2225 	.db #0x60	; 96
    00000879 00                    2226 	.db #0x00	; 0
    0000087A 5A                    2227 	.db #0x5a	; 90	'Z'
    0000087B 00                    2228 	.db #0x00	; 0
    0000087C 00                    2229 	.db #0x00	; 0
    0000087D 36                    2230 	.db #0x36	; 54	'6'
    0000087E 60                    2231 	.db #0x60	; 96
    0000087F 00                    2232 	.db #0x00	; 0
    00000880 38                    2233 	.db #0x38	; 56	'8'
    00000881 60                    2234 	.db #0x60	; 96
    00000882 00                    2235 	.db #0x00	; 0
    00000883 5A                    2236 	.db #0x5a	; 90	'Z'
    00000884 00                    2237 	.db #0x00	; 0
    00000885 00                    2238 	.db #0x00	; 0
    00000886 38                    2239 	.db #0x38	; 56	'8'
    00000887 60                    2240 	.db #0x60	; 96
    00000888 00                    2241 	.db #0x00	; 0
    00000889 31                    2242 	.db #0x31	; 49	'1'
    0000088A 60                    2243 	.db #0x60	; 96
    0000088B 00                    2244 	.db #0x00	; 0
    0000088C 5A                    2245 	.db #0x5a	; 90	'Z'
    0000088D 00                    2246 	.db #0x00	; 0
    0000088E 00                    2247 	.db #0x00	; 0
    0000088F 31                    2248 	.db #0x31	; 49	'1'
    00000890 60                    2249 	.db #0x60	; 96
    00000891 00                    2250 	.db #0x00	; 0
    00000892 35                    2251 	.db #0x35	; 53	'5'
    00000893 60                    2252 	.db #0x60	; 96
    00000894 00                    2253 	.db #0x00	; 0
    00000895 5A                    2254 	.db #0x5a	; 90	'Z'
    00000896 00                    2255 	.db #0x00	; 0
    00000897 00                    2256 	.db #0x00	; 0
    00000898 35                    2257 	.db #0x35	; 53	'5'
    00000899 60                    2258 	.db #0x60	; 96
    0000089A 00                    2259 	.db #0x00	; 0
    0000089B 36                    2260 	.db #0x36	; 54	'6'
    0000089C 60                    2261 	.db #0x60	; 96
    0000089D 00                    2262 	.db #0x00	; 0
    0000089E 5A                    2263 	.db #0x5a	; 90	'Z'
    0000089F 00                    2264 	.db #0x00	; 0
    000008A0 00                    2265 	.db #0x00	; 0
    000008A1 36                    2266 	.db #0x36	; 54	'6'
    000008A2 60                    2267 	.db #0x60	; 96
    000008A3 00                    2268 	.db #0x00	; 0
    000008A4 35                    2269 	.db #0x35	; 53	'5'
    000008A5 60                    2270 	.db #0x60	; 96
    000008A6 00                    2271 	.db #0x00	; 0
    000008A7 5A                    2272 	.db #0x5a	; 90	'Z'
    000008A8 00                    2273 	.db #0x00	; 0
    000008A9 00                    2274 	.db #0x00	; 0
    000008AA 35                    2275 	.db #0x35	; 53	'5'
    000008AB 60                    2276 	.db #0x60	; 96
    000008AC 00                    2277 	.db #0x00	; 0
    000008AD 31                    2278 	.db #0x31	; 49	'1'
    000008AE 60                    2279 	.db #0x60	; 96
    000008AF 00                    2280 	.db #0x00	; 0
    000008B0 5A                    2281 	.db #0x5a	; 90	'Z'
    000008B1 00                    2282 	.db #0x00	; 0
    000008B2 00                    2283 	.db #0x00	; 0
    000008B3 31                    2284 	.db #0x31	; 49	'1'
    000008B4 60                    2285 	.db #0x60	; 96
    000008B5 00                    2286 	.db #0x00	; 0
    000008B6 35                    2287 	.db #0x35	; 53	'5'
    000008B7 60                    2288 	.db #0x60	; 96
    000008B8 00                    2289 	.db #0x00	; 0
    000008B9 5A                    2290 	.db #0x5a	; 90	'Z'
    000008BA 00                    2291 	.db #0x00	; 0
    000008BB 00                    2292 	.db #0x00	; 0
    000008BC 35                    2293 	.db #0x35	; 53	'5'
    000008BD 60                    2294 	.db #0x60	; 96
    000008BE 00                    2295 	.db #0x00	; 0
    000008BF 36                    2296 	.db #0x36	; 54	'6'
    000008C0 60                    2297 	.db #0x60	; 96
    000008C1 00                    2298 	.db #0x00	; 0
    000008C2 5A                    2299 	.db #0x5a	; 90	'Z'
    000008C3 00                    2300 	.db #0x00	; 0
    000008C4 00                    2301 	.db #0x00	; 0
    000008C5 36                    2302 	.db #0x36	; 54	'6'
    000008C6 60                    2303 	.db #0x60	; 96
    000008C7 00                    2304 	.db #0x00	; 0
    000008C8 38                    2305 	.db #0x38	; 56	'8'
    000008C9 60                    2306 	.db #0x60	; 96
    000008CA 00                    2307 	.db #0x00	; 0
    000008CB 5A                    2308 	.db #0x5a	; 90	'Z'
    000008CC 00                    2309 	.db #0x00	; 0
    000008CD 00                    2310 	.db #0x00	; 0
    000008CE 38                    2311 	.db #0x38	; 56	'8'
    000008CF 60                    2312 	.db #0x60	; 96
    000008D0 00                    2313 	.db #0x00	; 0
    000008D1 5A                    2314 	.db #0x5a	; 90	'Z'
    000008D2 00                    2315 	.db #0x00	; 0
    000008D3 00                    2316 	.db #0x00	; 0
    000008D4 5A                    2317 	.db #0x5a	; 90	'Z'
    000008D5 00                    2318 	.db #0x00	; 0
    000008D6 00                    2319 	.db #0x00	; 0
    000008D7 5A                    2320 	.db #0x5a	; 90	'Z'
    000008D8 00                    2321 	.db #0x00	; 0
    000008D9 00                    2322 	.db #0x00	; 0
    000008DA 5A                    2323 	.db #0x5a	; 90	'Z'
    000008DB 00                    2324 	.db #0x00	; 0
    000008DC 00                    2325 	.db #0x00	; 0
    000008DD 5A                    2326 	.db #0x5a	; 90	'Z'
    000008DE 00                    2327 	.db #0x00	; 0
    000008DF 00                    2328 	.db #0x00	; 0
    000008E0 5A                    2329 	.db #0x5a	; 90	'Z'
    000008E1 00                    2330 	.db #0x00	; 0
    000008E2 00                    2331 	.db #0x00	; 0
    000008E3 5A                    2332 	.db #0x5a	; 90	'Z'
    000008E4 00                    2333 	.db #0x00	; 0
    000008E5 00                    2334 	.db #0x00	; 0
    000008E6 5A                    2335 	.db #0x5a	; 90	'Z'
    000008E7 00                    2336 	.db #0x00	; 0
    000008E8 00                    2337 	.db #0x00	; 0
    000008E9 5A                    2338 	.db #0x5a	; 90	'Z'
    000008EA 00                    2339 	.db #0x00	; 0
    000008EB 00                    2340 	.db #0x00	; 0
    000008EC 5A                    2341 	.db #0x5a	; 90	'Z'
    000008ED 00                    2342 	.db #0x00	; 0
    000008EE 00                    2343 	.db #0x00	; 0
    000008EF 5A                    2344 	.db #0x5a	; 90	'Z'
    000008F0 00                    2345 	.db #0x00	; 0
    000008F1 00                    2346 	.db #0x00	; 0
    000008F2 5A                    2347 	.db #0x5a	; 90	'Z'
    000008F3 00                    2348 	.db #0x00	; 0
    000008F4 00                    2349 	.db #0x00	; 0
    000008F5 5A                    2350 	.db #0x5a	; 90	'Z'
    000008F6 00                    2351 	.db #0x00	; 0
    000008F7 00                    2352 	.db #0x00	; 0
    000008F8 5A                    2353 	.db #0x5a	; 90	'Z'
    000008F9 00                    2354 	.db #0x00	; 0
    000008FA 00                    2355 	.db #0x00	; 0
    000008FB 5A                    2356 	.db #0x5a	; 90	'Z'
    000008FC 00                    2357 	.db #0x00	; 0
    000008FD 00                    2358 	.db #0x00	; 0
    000008FE 5A                    2359 	.db #0x5a	; 90	'Z'
    000008FF 00                    2360 	.db #0x00	; 0
    00000900 00                    2361 	.db #0x00	; 0
    00000901                       2362 _P18:
    00000901 1C                    2363 	.db #0x1c	; 28
    00000902 B0                    2364 	.db #0xb0	; 176
    00000903 00                    2365 	.db #0x00	; 0
    00000904 5A                    2366 	.db #0x5a	; 90	'Z'
    00000905 00                    2367 	.db #0x00	; 0
    00000906 00                    2368 	.db #0x00	; 0
    00000907 5A                    2369 	.db #0x5a	; 90	'Z'
    00000908 00                    2370 	.db #0x00	; 0
    00000909 00                    2371 	.db #0x00	; 0
    0000090A 5A                    2372 	.db #0x5a	; 90	'Z'
    0000090B 00                    2373 	.db #0x00	; 0
    0000090C 00                    2374 	.db #0x00	; 0
    0000090D 5A                    2375 	.db #0x5a	; 90	'Z'
    0000090E 00                    2376 	.db #0x00	; 0
    0000090F 00                    2377 	.db #0x00	; 0
    00000910 1C                    2378 	.db #0x1c	; 28
    00000911 B0                    2379 	.db #0xb0	; 176
    00000912 00                    2380 	.db #0x00	; 0
    00000913 5A                    2381 	.db #0x5a	; 90	'Z'
    00000914 00                    2382 	.db #0x00	; 0
    00000915 00                    2383 	.db #0x00	; 0
    00000916 5A                    2384 	.db #0x5a	; 90	'Z'
    00000917 00                    2385 	.db #0x00	; 0
    00000918 00                    2386 	.db #0x00	; 0
    00000919 1C                    2387 	.db #0x1c	; 28
    0000091A B0                    2388 	.db #0xb0	; 176
    0000091B 00                    2389 	.db #0x00	; 0
    0000091C 5A                    2390 	.db #0x5a	; 90	'Z'
    0000091D 00                    2391 	.db #0x00	; 0
    0000091E 00                    2392 	.db #0x00	; 0
    0000091F 5A                    2393 	.db #0x5a	; 90	'Z'
    00000920 00                    2394 	.db #0x00	; 0
    00000921 00                    2395 	.db #0x00	; 0
    00000922 5A                    2396 	.db #0x5a	; 90	'Z'
    00000923 00                    2397 	.db #0x00	; 0
    00000924 00                    2398 	.db #0x00	; 0
    00000925 1C                    2399 	.db #0x1c	; 28
    00000926 B0                    2400 	.db #0xb0	; 176
    00000927 00                    2401 	.db #0x00	; 0
    00000928 5A                    2402 	.db #0x5a	; 90	'Z'
    00000929 00                    2403 	.db #0x00	; 0
    0000092A 00                    2404 	.db #0x00	; 0
    0000092B 5A                    2405 	.db #0x5a	; 90	'Z'
    0000092C 00                    2406 	.db #0x00	; 0
    0000092D 00                    2407 	.db #0x00	; 0
    0000092E 5A                    2408 	.db #0x5a	; 90	'Z'
    0000092F 00                    2409 	.db #0x00	; 0
    00000930 00                    2410 	.db #0x00	; 0
    00000931 5A                    2411 	.db #0x5a	; 90	'Z'
    00000932 00                    2412 	.db #0x00	; 0
    00000933 00                    2413 	.db #0x00	; 0
    00000934 1C                    2414 	.db #0x1c	; 28
    00000935 B0                    2415 	.db #0xb0	; 176
    00000936 00                    2416 	.db #0x00	; 0
    00000937 5A                    2417 	.db #0x5a	; 90	'Z'
    00000938 00                    2418 	.db #0x00	; 0
    00000939 00                    2419 	.db #0x00	; 0
    0000093A 5A                    2420 	.db #0x5a	; 90	'Z'
    0000093B 00                    2421 	.db #0x00	; 0
    0000093C 00                    2422 	.db #0x00	; 0
    0000093D 1C                    2423 	.db #0x1c	; 28
    0000093E B0                    2424 	.db #0xb0	; 176
    0000093F 00                    2425 	.db #0x00	; 0
    00000940 5A                    2426 	.db #0x5a	; 90	'Z'
    00000941 00                    2427 	.db #0x00	; 0
    00000942 00                    2428 	.db #0x00	; 0
    00000943 5A                    2429 	.db #0x5a	; 90	'Z'
    00000944 00                    2430 	.db #0x00	; 0
    00000945 00                    2431 	.db #0x00	; 0
    00000946 5A                    2432 	.db #0x5a	; 90	'Z'
    00000947 00                    2433 	.db #0x00	; 0
    00000948 00                    2434 	.db #0x00	; 0
    00000949 1C                    2435 	.db #0x1c	; 28
    0000094A B0                    2436 	.db #0xb0	; 176
    0000094B 00                    2437 	.db #0x00	; 0
    0000094C 5A                    2438 	.db #0x5a	; 90	'Z'
    0000094D 00                    2439 	.db #0x00	; 0
    0000094E 00                    2440 	.db #0x00	; 0
    0000094F 5A                    2441 	.db #0x5a	; 90	'Z'
    00000950 00                    2442 	.db #0x00	; 0
    00000951 00                    2443 	.db #0x00	; 0
    00000952 5A                    2444 	.db #0x5a	; 90	'Z'
    00000953 00                    2445 	.db #0x00	; 0
    00000954 00                    2446 	.db #0x00	; 0
    00000955 5A                    2447 	.db #0x5a	; 90	'Z'
    00000956 00                    2448 	.db #0x00	; 0
    00000957 00                    2449 	.db #0x00	; 0
    00000958 1C                    2450 	.db #0x1c	; 28
    00000959 B0                    2451 	.db #0xb0	; 176
    0000095A 00                    2452 	.db #0x00	; 0
    0000095B 5A                    2453 	.db #0x5a	; 90	'Z'
    0000095C 00                    2454 	.db #0x00	; 0
    0000095D 00                    2455 	.db #0x00	; 0
    0000095E 5A                    2456 	.db #0x5a	; 90	'Z'
    0000095F 00                    2457 	.db #0x00	; 0
    00000960 00                    2458 	.db #0x00	; 0
    00000961 1C                    2459 	.db #0x1c	; 28
    00000962 B0                    2460 	.db #0xb0	; 176
    00000963 00                    2461 	.db #0x00	; 0
    00000964 5A                    2462 	.db #0x5a	; 90	'Z'
    00000965 00                    2463 	.db #0x00	; 0
    00000966 00                    2464 	.db #0x00	; 0
    00000967 5A                    2465 	.db #0x5a	; 90	'Z'
    00000968 00                    2466 	.db #0x00	; 0
    00000969 00                    2467 	.db #0x00	; 0
    0000096A 5A                    2468 	.db #0x5a	; 90	'Z'
    0000096B 00                    2469 	.db #0x00	; 0
    0000096C 00                    2470 	.db #0x00	; 0
    0000096D 1C                    2471 	.db #0x1c	; 28
    0000096E B0                    2472 	.db #0xb0	; 176
    0000096F 00                    2473 	.db #0x00	; 0
    00000970 5A                    2474 	.db #0x5a	; 90	'Z'
    00000971 00                    2475 	.db #0x00	; 0
    00000972 00                    2476 	.db #0x00	; 0
    00000973 5A                    2477 	.db #0x5a	; 90	'Z'
    00000974 00                    2478 	.db #0x00	; 0
    00000975 00                    2479 	.db #0x00	; 0
    00000976 5A                    2480 	.db #0x5a	; 90	'Z'
    00000977 00                    2481 	.db #0x00	; 0
    00000978 00                    2482 	.db #0x00	; 0
    00000979 5A                    2483 	.db #0x5a	; 90	'Z'
    0000097A 00                    2484 	.db #0x00	; 0
    0000097B 00                    2485 	.db #0x00	; 0
    0000097C 1C                    2486 	.db #0x1c	; 28
    0000097D B0                    2487 	.db #0xb0	; 176
    0000097E 00                    2488 	.db #0x00	; 0
    0000097F 5A                    2489 	.db #0x5a	; 90	'Z'
    00000980 00                    2490 	.db #0x00	; 0
    00000981 00                    2491 	.db #0x00	; 0
    00000982 5A                    2492 	.db #0x5a	; 90	'Z'
    00000983 00                    2493 	.db #0x00	; 0
    00000984 00                    2494 	.db #0x00	; 0
    00000985 1C                    2495 	.db #0x1c	; 28
    00000986 B0                    2496 	.db #0xb0	; 176
    00000987 00                    2497 	.db #0x00	; 0
    00000988 5A                    2498 	.db #0x5a	; 90	'Z'
    00000989 00                    2499 	.db #0x00	; 0
    0000098A 00                    2500 	.db #0x00	; 0
    0000098B 5A                    2501 	.db #0x5a	; 90	'Z'
    0000098C 00                    2502 	.db #0x00	; 0
    0000098D 00                    2503 	.db #0x00	; 0
    0000098E 5A                    2504 	.db #0x5a	; 90	'Z'
    0000098F 00                    2505 	.db #0x00	; 0
    00000990 00                    2506 	.db #0x00	; 0
    00000991 5A                    2507 	.db #0x5a	; 90	'Z'
    00000992 00                    2508 	.db #0x00	; 0
    00000993 00                    2509 	.db #0x00	; 0
    00000994 5A                    2510 	.db #0x5a	; 90	'Z'
    00000995 00                    2511 	.db #0x00	; 0
    00000996 00                    2512 	.db #0x00	; 0
    00000997 5A                    2513 	.db #0x5a	; 90	'Z'
    00000998 00                    2514 	.db #0x00	; 0
    00000999 00                    2515 	.db #0x00	; 0
    0000099A 5A                    2516 	.db #0x5a	; 90	'Z'
    0000099B 00                    2517 	.db #0x00	; 0
    0000099C 00                    2518 	.db #0x00	; 0
    0000099D 5A                    2519 	.db #0x5a	; 90	'Z'
    0000099E 00                    2520 	.db #0x00	; 0
    0000099F 00                    2521 	.db #0x00	; 0
    000009A0 5A                    2522 	.db #0x5a	; 90	'Z'
    000009A1 00                    2523 	.db #0x00	; 0
    000009A2 00                    2524 	.db #0x00	; 0
    000009A3 5A                    2525 	.db #0x5a	; 90	'Z'
    000009A4 00                    2526 	.db #0x00	; 0
    000009A5 00                    2527 	.db #0x00	; 0
    000009A6 5A                    2528 	.db #0x5a	; 90	'Z'
    000009A7 00                    2529 	.db #0x00	; 0
    000009A8 00                    2530 	.db #0x00	; 0
    000009A9 5A                    2531 	.db #0x5a	; 90	'Z'
    000009AA 00                    2532 	.db #0x00	; 0
    000009AB 00                    2533 	.db #0x00	; 0
    000009AC 5A                    2534 	.db #0x5a	; 90	'Z'
    000009AD 00                    2535 	.db #0x00	; 0
    000009AE 00                    2536 	.db #0x00	; 0
    000009AF 5A                    2537 	.db #0x5a	; 90	'Z'
    000009B0 00                    2538 	.db #0x00	; 0
    000009B1 00                    2539 	.db #0x00	; 0
    000009B2 5A                    2540 	.db #0x5a	; 90	'Z'
    000009B3 00                    2541 	.db #0x00	; 0
    000009B4 00                    2542 	.db #0x00	; 0
    000009B5 5A                    2543 	.db #0x5a	; 90	'Z'
    000009B6 00                    2544 	.db #0x00	; 0
    000009B7 00                    2545 	.db #0x00	; 0
    000009B8 5A                    2546 	.db #0x5a	; 90	'Z'
    000009B9 00                    2547 	.db #0x00	; 0
    000009BA 00                    2548 	.db #0x00	; 0
    000009BB 5A                    2549 	.db #0x5a	; 90	'Z'
    000009BC 00                    2550 	.db #0x00	; 0
    000009BD 00                    2551 	.db #0x00	; 0
    000009BE 5A                    2552 	.db #0x5a	; 90	'Z'
    000009BF 00                    2553 	.db #0x00	; 0
    000009C0 00                    2554 	.db #0x00	; 0
    000009C1                       2555 _P20:
    000009C1 1D                    2556 	.db #0x1d	; 29
    000009C2 40                    2557 	.db #0x40	; 64
    000009C3 00                    2558 	.db #0x00	; 0
    000009C4 5A                    2559 	.db #0x5a	; 90	'Z'
    000009C5 00                    2560 	.db #0x00	; 0
    000009C6 00                    2561 	.db #0x00	; 0
    000009C7 5A                    2562 	.db #0x5a	; 90	'Z'
    000009C8 00                    2563 	.db #0x00	; 0
    000009C9 00                    2564 	.db #0x00	; 0
    000009CA 1F                    2565 	.db #0x1f	; 31
    000009CB 70                    2566 	.db #0x70	; 112	'p'
    000009CC 00                    2567 	.db #0x00	; 0
    000009CD 5A                    2568 	.db #0x5a	; 90	'Z'
    000009CE 00                    2569 	.db #0x00	; 0
    000009CF 00                    2570 	.db #0x00	; 0
    000009D0 15                    2571 	.db #0x15	; 21
    000009D1 10                    2572 	.db #0x10	; 16
    000009D2 00                    2573 	.db #0x00	; 0
    000009D3 15                    2574 	.db #0x15	; 21
    000009D4 10                    2575 	.db #0x10	; 16
    000009D5 00                    2576 	.db #0x00	; 0
    000009D6 5A                    2577 	.db #0x5a	; 90	'Z'
    000009D7 00                    2578 	.db #0x00	; 0
    000009D8 00                    2579 	.db #0x00	; 0
    000009D9 15                    2580 	.db #0x15	; 21
    000009DA 10                    2581 	.db #0x10	; 16
    000009DB 00                    2582 	.db #0x00	; 0
    000009DC 1F                    2583 	.db #0x1f	; 31
    000009DD 70                    2584 	.db #0x70	; 112	'p'
    000009DE 00                    2585 	.db #0x00	; 0
    000009DF 5A                    2586 	.db #0x5a	; 90	'Z'
    000009E0 00                    2587 	.db #0x00	; 0
    000009E1 00                    2588 	.db #0x00	; 0
    000009E2 15                    2589 	.db #0x15	; 21
    000009E3 10                    2590 	.db #0x10	; 16
    000009E4 00                    2591 	.db #0x00	; 0
    000009E5 1D                    2592 	.db #0x1d	; 29
    000009E6 40                    2593 	.db #0x40	; 64
    000009E7 00                    2594 	.db #0x00	; 0
    000009E8 5A                    2595 	.db #0x5a	; 90	'Z'
    000009E9 00                    2596 	.db #0x00	; 0
    000009EA 00                    2597 	.db #0x00	; 0
    000009EB 5A                    2598 	.db #0x5a	; 90	'Z'
    000009EC 00                    2599 	.db #0x00	; 0
    000009ED 00                    2600 	.db #0x00	; 0
    000009EE 1F                    2601 	.db #0x1f	; 31
    000009EF 70                    2602 	.db #0x70	; 112	'p'
    000009F0 00                    2603 	.db #0x00	; 0
    000009F1 5A                    2604 	.db #0x5a	; 90	'Z'
    000009F2 00                    2605 	.db #0x00	; 0
    000009F3 00                    2606 	.db #0x00	; 0
    000009F4 15                    2607 	.db #0x15	; 21
    000009F5 10                    2608 	.db #0x10	; 16
    000009F6 00                    2609 	.db #0x00	; 0
    000009F7 15                    2610 	.db #0x15	; 21
    000009F8 10                    2611 	.db #0x10	; 16
    000009F9 00                    2612 	.db #0x00	; 0
    000009FA 5A                    2613 	.db #0x5a	; 90	'Z'
    000009FB 00                    2614 	.db #0x00	; 0
    000009FC 00                    2615 	.db #0x00	; 0
    000009FD 15                    2616 	.db #0x15	; 21
    000009FE 10                    2617 	.db #0x10	; 16
    000009FF 00                    2618 	.db #0x00	; 0
    00000A00 1F                    2619 	.db #0x1f	; 31
    00000A01 70                    2620 	.db #0x70	; 112	'p'
    00000A02 00                    2621 	.db #0x00	; 0
    00000A03 5A                    2622 	.db #0x5a	; 90	'Z'
    00000A04 00                    2623 	.db #0x00	; 0
    00000A05 00                    2624 	.db #0x00	; 0
    00000A06 15                    2625 	.db #0x15	; 21
    00000A07 10                    2626 	.db #0x10	; 16
    00000A08 00                    2627 	.db #0x00	; 0
    00000A09 1D                    2628 	.db #0x1d	; 29
    00000A0A 40                    2629 	.db #0x40	; 64
    00000A0B 00                    2630 	.db #0x00	; 0
    00000A0C 5A                    2631 	.db #0x5a	; 90	'Z'
    00000A0D 00                    2632 	.db #0x00	; 0
    00000A0E 00                    2633 	.db #0x00	; 0
    00000A0F 5A                    2634 	.db #0x5a	; 90	'Z'
    00000A10 00                    2635 	.db #0x00	; 0
    00000A11 00                    2636 	.db #0x00	; 0
    00000A12 1F                    2637 	.db #0x1f	; 31
    00000A13 70                    2638 	.db #0x70	; 112	'p'
    00000A14 00                    2639 	.db #0x00	; 0
    00000A15 5A                    2640 	.db #0x5a	; 90	'Z'
    00000A16 00                    2641 	.db #0x00	; 0
    00000A17 00                    2642 	.db #0x00	; 0
    00000A18 15                    2643 	.db #0x15	; 21
    00000A19 10                    2644 	.db #0x10	; 16
    00000A1A 00                    2645 	.db #0x00	; 0
    00000A1B 15                    2646 	.db #0x15	; 21
    00000A1C 10                    2647 	.db #0x10	; 16
    00000A1D 00                    2648 	.db #0x00	; 0
    00000A1E 5A                    2649 	.db #0x5a	; 90	'Z'
    00000A1F 00                    2650 	.db #0x00	; 0
    00000A20 00                    2651 	.db #0x00	; 0
    00000A21 15                    2652 	.db #0x15	; 21
    00000A22 10                    2653 	.db #0x10	; 16
    00000A23 00                    2654 	.db #0x00	; 0
    00000A24 1F                    2655 	.db #0x1f	; 31
    00000A25 70                    2656 	.db #0x70	; 112	'p'
    00000A26 00                    2657 	.db #0x00	; 0
    00000A27 5A                    2658 	.db #0x5a	; 90	'Z'
    00000A28 00                    2659 	.db #0x00	; 0
    00000A29 00                    2660 	.db #0x00	; 0
    00000A2A 15                    2661 	.db #0x15	; 21
    00000A2B 10                    2662 	.db #0x10	; 16
    00000A2C 00                    2663 	.db #0x00	; 0
    00000A2D 1D                    2664 	.db #0x1d	; 29
    00000A2E 40                    2665 	.db #0x40	; 64
    00000A2F 00                    2666 	.db #0x00	; 0
    00000A30 5A                    2667 	.db #0x5a	; 90	'Z'
    00000A31 00                    2668 	.db #0x00	; 0
    00000A32 00                    2669 	.db #0x00	; 0
    00000A33 5A                    2670 	.db #0x5a	; 90	'Z'
    00000A34 00                    2671 	.db #0x00	; 0
    00000A35 00                    2672 	.db #0x00	; 0
    00000A36 1F                    2673 	.db #0x1f	; 31
    00000A37 70                    2674 	.db #0x70	; 112	'p'
    00000A38 00                    2675 	.db #0x00	; 0
    00000A39 5A                    2676 	.db #0x5a	; 90	'Z'
    00000A3A 00                    2677 	.db #0x00	; 0
    00000A3B 00                    2678 	.db #0x00	; 0
    00000A3C 15                    2679 	.db #0x15	; 21
    00000A3D 10                    2680 	.db #0x10	; 16
    00000A3E 00                    2681 	.db #0x00	; 0
    00000A3F 15                    2682 	.db #0x15	; 21
    00000A40 10                    2683 	.db #0x10	; 16
    00000A41 00                    2684 	.db #0x00	; 0
    00000A42 5A                    2685 	.db #0x5a	; 90	'Z'
    00000A43 00                    2686 	.db #0x00	; 0
    00000A44 00                    2687 	.db #0x00	; 0
    00000A45 15                    2688 	.db #0x15	; 21
    00000A46 10                    2689 	.db #0x10	; 16
    00000A47 00                    2690 	.db #0x00	; 0
    00000A48 1F                    2691 	.db #0x1f	; 31
    00000A49 70                    2692 	.db #0x70	; 112	'p'
    00000A4A 00                    2693 	.db #0x00	; 0
    00000A4B 5A                    2694 	.db #0x5a	; 90	'Z'
    00000A4C 00                    2695 	.db #0x00	; 0
    00000A4D 00                    2696 	.db #0x00	; 0
    00000A4E 15                    2697 	.db #0x15	; 21
    00000A4F 1D                    2698 	.db #0x1d	; 29
    00000A50 01                    2699 	.db #0x01	; 1
    00000A51 5A                    2700 	.db #0x5a	; 90	'Z'
    00000A52 00                    2701 	.db #0x00	; 0
    00000A53 00                    2702 	.db #0x00	; 0
    00000A54 5A                    2703 	.db #0x5a	; 90	'Z'
    00000A55 00                    2704 	.db #0x00	; 0
    00000A56 00                    2705 	.db #0x00	; 0
    00000A57 5A                    2706 	.db #0x5a	; 90	'Z'
    00000A58 00                    2707 	.db #0x00	; 0
    00000A59 00                    2708 	.db #0x00	; 0
    00000A5A 5A                    2709 	.db #0x5a	; 90	'Z'
    00000A5B 00                    2710 	.db #0x00	; 0
    00000A5C 00                    2711 	.db #0x00	; 0
    00000A5D 5A                    2712 	.db #0x5a	; 90	'Z'
    00000A5E 00                    2713 	.db #0x00	; 0
    00000A5F 00                    2714 	.db #0x00	; 0
    00000A60 5A                    2715 	.db #0x5a	; 90	'Z'
    00000A61 00                    2716 	.db #0x00	; 0
    00000A62 00                    2717 	.db #0x00	; 0
    00000A63 5A                    2718 	.db #0x5a	; 90	'Z'
    00000A64 00                    2719 	.db #0x00	; 0
    00000A65 00                    2720 	.db #0x00	; 0
    00000A66 5A                    2721 	.db #0x5a	; 90	'Z'
    00000A67 00                    2722 	.db #0x00	; 0
    00000A68 00                    2723 	.db #0x00	; 0
    00000A69 5A                    2724 	.db #0x5a	; 90	'Z'
    00000A6A 00                    2725 	.db #0x00	; 0
    00000A6B 00                    2726 	.db #0x00	; 0
    00000A6C 5A                    2727 	.db #0x5a	; 90	'Z'
    00000A6D 00                    2728 	.db #0x00	; 0
    00000A6E 00                    2729 	.db #0x00	; 0
    00000A6F 5A                    2730 	.db #0x5a	; 90	'Z'
    00000A70 00                    2731 	.db #0x00	; 0
    00000A71 00                    2732 	.db #0x00	; 0
    00000A72 5A                    2733 	.db #0x5a	; 90	'Z'
    00000A73 00                    2734 	.db #0x00	; 0
    00000A74 00                    2735 	.db #0x00	; 0
    00000A75 5A                    2736 	.db #0x5a	; 90	'Z'
    00000A76 00                    2737 	.db #0x00	; 0
    00000A77 00                    2738 	.db #0x00	; 0
    00000A78 5A                    2739 	.db #0x5a	; 90	'Z'
    00000A79 00                    2740 	.db #0x00	; 0
    00000A7A 00                    2741 	.db #0x00	; 0
    00000A7B 5A                    2742 	.db #0x5a	; 90	'Z'
    00000A7C 00                    2743 	.db #0x00	; 0
    00000A7D 00                    2744 	.db #0x00	; 0
    00000A7E 5A                    2745 	.db #0x5a	; 90	'Z'
    00000A7F 00                    2746 	.db #0x00	; 0
    00000A80 00                    2747 	.db #0x00	; 0
    00000A81                       2748 _P21:
    00000A81 5A                    2749 	.db #0x5a	; 90	'Z'
    00000A82 00                    2750 	.db #0x00	; 0
    00000A83 00                    2751 	.db #0x00	; 0
    00000A84 5A                    2752 	.db #0x5a	; 90	'Z'
    00000A85 00                    2753 	.db #0x00	; 0
    00000A86 00                    2754 	.db #0x00	; 0
    00000A87 5A                    2755 	.db #0x5a	; 90	'Z'
    00000A88 00                    2756 	.db #0x00	; 0
    00000A89 00                    2757 	.db #0x00	; 0
    00000A8A 5A                    2758 	.db #0x5a	; 90	'Z'
    00000A8B 00                    2759 	.db #0x00	; 0
    00000A8C 00                    2760 	.db #0x00	; 0
    00000A8D 5A                    2761 	.db #0x5a	; 90	'Z'
    00000A8E 00                    2762 	.db #0x00	; 0
    00000A8F 00                    2763 	.db #0x00	; 0
    00000A90 5A                    2764 	.db #0x5a	; 90	'Z'
    00000A91 00                    2765 	.db #0x00	; 0
    00000A92 00                    2766 	.db #0x00	; 0
    00000A93 5A                    2767 	.db #0x5a	; 90	'Z'
    00000A94 00                    2768 	.db #0x00	; 0
    00000A95 00                    2769 	.db #0x00	; 0
    00000A96 5A                    2770 	.db #0x5a	; 90	'Z'
    00000A97 00                    2771 	.db #0x00	; 0
    00000A98 00                    2772 	.db #0x00	; 0
    00000A99 5A                    2773 	.db #0x5a	; 90	'Z'
    00000A9A 00                    2774 	.db #0x00	; 0
    00000A9B 00                    2775 	.db #0x00	; 0
    00000A9C 5A                    2776 	.db #0x5a	; 90	'Z'
    00000A9D 00                    2777 	.db #0x00	; 0
    00000A9E 00                    2778 	.db #0x00	; 0
    00000A9F 5A                    2779 	.db #0x5a	; 90	'Z'
    00000AA0 00                    2780 	.db #0x00	; 0
    00000AA1 00                    2781 	.db #0x00	; 0
    00000AA2 5A                    2782 	.db #0x5a	; 90	'Z'
    00000AA3 00                    2783 	.db #0x00	; 0
    00000AA4 00                    2784 	.db #0x00	; 0
    00000AA5 5A                    2785 	.db #0x5a	; 90	'Z'
    00000AA6 00                    2786 	.db #0x00	; 0
    00000AA7 00                    2787 	.db #0x00	; 0
    00000AA8 5A                    2788 	.db #0x5a	; 90	'Z'
    00000AA9 00                    2789 	.db #0x00	; 0
    00000AAA 00                    2790 	.db #0x00	; 0
    00000AAB 5A                    2791 	.db #0x5a	; 90	'Z'
    00000AAC 00                    2792 	.db #0x00	; 0
    00000AAD 00                    2793 	.db #0x00	; 0
    00000AAE 5A                    2794 	.db #0x5a	; 90	'Z'
    00000AAF 00                    2795 	.db #0x00	; 0
    00000AB0 00                    2796 	.db #0x00	; 0
    00000AB1 5A                    2797 	.db #0x5a	; 90	'Z'
    00000AB2 00                    2798 	.db #0x00	; 0
    00000AB3 00                    2799 	.db #0x00	; 0
    00000AB4 5A                    2800 	.db #0x5a	; 90	'Z'
    00000AB5 00                    2801 	.db #0x00	; 0
    00000AB6 00                    2802 	.db #0x00	; 0
    00000AB7 5A                    2803 	.db #0x5a	; 90	'Z'
    00000AB8 00                    2804 	.db #0x00	; 0
    00000AB9 00                    2805 	.db #0x00	; 0
    00000ABA 5A                    2806 	.db #0x5a	; 90	'Z'
    00000ABB 00                    2807 	.db #0x00	; 0
    00000ABC 00                    2808 	.db #0x00	; 0
    00000ABD 5A                    2809 	.db #0x5a	; 90	'Z'
    00000ABE 00                    2810 	.db #0x00	; 0
    00000ABF 00                    2811 	.db #0x00	; 0
    00000AC0 5A                    2812 	.db #0x5a	; 90	'Z'
    00000AC1 00                    2813 	.db #0x00	; 0
    00000AC2 00                    2814 	.db #0x00	; 0
    00000AC3 5A                    2815 	.db #0x5a	; 90	'Z'
    00000AC4 00                    2816 	.db #0x00	; 0
    00000AC5 00                    2817 	.db #0x00	; 0
    00000AC6 5A                    2818 	.db #0x5a	; 90	'Z'
    00000AC7 00                    2819 	.db #0x00	; 0
    00000AC8 00                    2820 	.db #0x00	; 0
    00000AC9 5A                    2821 	.db #0x5a	; 90	'Z'
    00000ACA 00                    2822 	.db #0x00	; 0
    00000ACB 00                    2823 	.db #0x00	; 0
    00000ACC 5A                    2824 	.db #0x5a	; 90	'Z'
    00000ACD 00                    2825 	.db #0x00	; 0
    00000ACE 00                    2826 	.db #0x00	; 0
    00000ACF 5A                    2827 	.db #0x5a	; 90	'Z'
    00000AD0 00                    2828 	.db #0x00	; 0
    00000AD1 00                    2829 	.db #0x00	; 0
    00000AD2 5A                    2830 	.db #0x5a	; 90	'Z'
    00000AD3 00                    2831 	.db #0x00	; 0
    00000AD4 00                    2832 	.db #0x00	; 0
    00000AD5 5A                    2833 	.db #0x5a	; 90	'Z'
    00000AD6 00                    2834 	.db #0x00	; 0
    00000AD7 00                    2835 	.db #0x00	; 0
    00000AD8 5A                    2836 	.db #0x5a	; 90	'Z'
    00000AD9 00                    2837 	.db #0x00	; 0
    00000ADA 00                    2838 	.db #0x00	; 0
    00000ADB 5A                    2839 	.db #0x5a	; 90	'Z'
    00000ADC 00                    2840 	.db #0x00	; 0
    00000ADD 00                    2841 	.db #0x00	; 0
    00000ADE 5A                    2842 	.db #0x5a	; 90	'Z'
    00000ADF 00                    2843 	.db #0x00	; 0
    00000AE0 00                    2844 	.db #0x00	; 0
    00000AE1 5A                    2845 	.db #0x5a	; 90	'Z'
    00000AE2 00                    2846 	.db #0x00	; 0
    00000AE3 00                    2847 	.db #0x00	; 0
    00000AE4 5A                    2848 	.db #0x5a	; 90	'Z'
    00000AE5 00                    2849 	.db #0x00	; 0
    00000AE6 00                    2850 	.db #0x00	; 0
    00000AE7 5A                    2851 	.db #0x5a	; 90	'Z'
    00000AE8 00                    2852 	.db #0x00	; 0
    00000AE9 00                    2853 	.db #0x00	; 0
    00000AEA 5A                    2854 	.db #0x5a	; 90	'Z'
    00000AEB 00                    2855 	.db #0x00	; 0
    00000AEC 00                    2856 	.db #0x00	; 0
    00000AED 5A                    2857 	.db #0x5a	; 90	'Z'
    00000AEE 00                    2858 	.db #0x00	; 0
    00000AEF 00                    2859 	.db #0x00	; 0
    00000AF0 5A                    2860 	.db #0x5a	; 90	'Z'
    00000AF1 00                    2861 	.db #0x00	; 0
    00000AF2 00                    2862 	.db #0x00	; 0
    00000AF3 5A                    2863 	.db #0x5a	; 90	'Z'
    00000AF4 00                    2864 	.db #0x00	; 0
    00000AF5 00                    2865 	.db #0x00	; 0
    00000AF6 5A                    2866 	.db #0x5a	; 90	'Z'
    00000AF7 00                    2867 	.db #0x00	; 0
    00000AF8 00                    2868 	.db #0x00	; 0
    00000AF9 5A                    2869 	.db #0x5a	; 90	'Z'
    00000AFA 00                    2870 	.db #0x00	; 0
    00000AFB 00                    2871 	.db #0x00	; 0
    00000AFC 1C                    2872 	.db #0x1c	; 28
    00000AFD B0                    2873 	.db #0xb0	; 176
    00000AFE 00                    2874 	.db #0x00	; 0
    00000AFF 1C                    2875 	.db #0x1c	; 28
    00000B00 B0                    2876 	.db #0xb0	; 176
    00000B01 00                    2877 	.db #0x00	; 0
    00000B02 5A                    2878 	.db #0x5a	; 90	'Z'
    00000B03 00                    2879 	.db #0x00	; 0
    00000B04 00                    2880 	.db #0x00	; 0
    00000B05 5A                    2881 	.db #0x5a	; 90	'Z'
    00000B06 00                    2882 	.db #0x00	; 0
    00000B07 00                    2883 	.db #0x00	; 0
    00000B08 5A                    2884 	.db #0x5a	; 90	'Z'
    00000B09 00                    2885 	.db #0x00	; 0
    00000B0A 00                    2886 	.db #0x00	; 0
    00000B0B 5A                    2887 	.db #0x5a	; 90	'Z'
    00000B0C 00                    2888 	.db #0x00	; 0
    00000B0D 00                    2889 	.db #0x00	; 0
    00000B0E 5A                    2890 	.db #0x5a	; 90	'Z'
    00000B0F 00                    2891 	.db #0x00	; 0
    00000B10 00                    2892 	.db #0x00	; 0
    00000B11 5A                    2893 	.db #0x5a	; 90	'Z'
    00000B12 00                    2894 	.db #0x00	; 0
    00000B13 00                    2895 	.db #0x00	; 0
    00000B14 5A                    2896 	.db #0x5a	; 90	'Z'
    00000B15 00                    2897 	.db #0x00	; 0
    00000B16 00                    2898 	.db #0x00	; 0
    00000B17 5A                    2899 	.db #0x5a	; 90	'Z'
    00000B18 00                    2900 	.db #0x00	; 0
    00000B19 00                    2901 	.db #0x00	; 0
    00000B1A 5A                    2902 	.db #0x5a	; 90	'Z'
    00000B1B 00                    2903 	.db #0x00	; 0
    00000B1C 00                    2904 	.db #0x00	; 0
    00000B1D 5A                    2905 	.db #0x5a	; 90	'Z'
    00000B1E 00                    2906 	.db #0x00	; 0
    00000B1F 00                    2907 	.db #0x00	; 0
    00000B20 5A                    2908 	.db #0x5a	; 90	'Z'
    00000B21 00                    2909 	.db #0x00	; 0
    00000B22 00                    2910 	.db #0x00	; 0
    00000B23 5A                    2911 	.db #0x5a	; 90	'Z'
    00000B24 00                    2912 	.db #0x00	; 0
    00000B25 00                    2913 	.db #0x00	; 0
    00000B26 5A                    2914 	.db #0x5a	; 90	'Z'
    00000B27 00                    2915 	.db #0x00	; 0
    00000B28 00                    2916 	.db #0x00	; 0
    00000B29 5A                    2917 	.db #0x5a	; 90	'Z'
    00000B2A 00                    2918 	.db #0x00	; 0
    00000B2B 00                    2919 	.db #0x00	; 0
    00000B2C 5A                    2920 	.db #0x5a	; 90	'Z'
    00000B2D 00                    2921 	.db #0x00	; 0
    00000B2E 00                    2922 	.db #0x00	; 0
    00000B2F 5A                    2923 	.db #0x5a	; 90	'Z'
    00000B30 00                    2924 	.db #0x00	; 0
    00000B31 00                    2925 	.db #0x00	; 0
    00000B32 5A                    2926 	.db #0x5a	; 90	'Z'
    00000B33 00                    2927 	.db #0x00	; 0
    00000B34 00                    2928 	.db #0x00	; 0
    00000B35 5A                    2929 	.db #0x5a	; 90	'Z'
    00000B36 00                    2930 	.db #0x00	; 0
    00000B37 00                    2931 	.db #0x00	; 0
    00000B38 5A                    2932 	.db #0x5a	; 90	'Z'
    00000B39 00                    2933 	.db #0x00	; 0
    00000B3A 00                    2934 	.db #0x00	; 0
    00000B3B 5A                    2935 	.db #0x5a	; 90	'Z'
    00000B3C 00                    2936 	.db #0x00	; 0
    00000B3D 00                    2937 	.db #0x00	; 0
    00000B3E 5A                    2938 	.db #0x5a	; 90	'Z'
    00000B3F 00                    2939 	.db #0x00	; 0
    00000B40 00                    2940 	.db #0x00	; 0
    00000B41                       2941 _P22:
    00000B41 3D                    2942 	.db #0x3d	; 61
    00000B42 60                    2943 	.db #0x60	; 96
    00000B43 00                    2944 	.db #0x00	; 0
    00000B44 5A                    2945 	.db #0x5a	; 90	'Z'
    00000B45 00                    2946 	.db #0x00	; 0
    00000B46 00                    2947 	.db #0x00	; 0
    00000B47 3D                    2948 	.db #0x3d	; 61
    00000B48 60                    2949 	.db #0x60	; 96
    00000B49 00                    2950 	.db #0x00	; 0
    00000B4A 3B                    2951 	.db #0x3b	; 59
    00000B4B 60                    2952 	.db #0x60	; 96
    00000B4C 00                    2953 	.db #0x00	; 0
    00000B4D 5A                    2954 	.db #0x5a	; 90	'Z'
    00000B4E 00                    2955 	.db #0x00	; 0
    00000B4F 00                    2956 	.db #0x00	; 0
    00000B50 3B                    2957 	.db #0x3b	; 59
    00000B51 60                    2958 	.db #0x60	; 96
    00000B52 00                    2959 	.db #0x00	; 0
    00000B53 3A                    2960 	.db #0x3a	; 58
    00000B54 60                    2961 	.db #0x60	; 96
    00000B55 00                    2962 	.db #0x00	; 0
    00000B56 5A                    2963 	.db #0x5a	; 90	'Z'
    00000B57 00                    2964 	.db #0x00	; 0
    00000B58 00                    2965 	.db #0x00	; 0
    00000B59 3A                    2966 	.db #0x3a	; 58
    00000B5A 60                    2967 	.db #0x60	; 96
    00000B5B 00                    2968 	.db #0x00	; 0
    00000B5C 38                    2969 	.db #0x38	; 56	'8'
    00000B5D 60                    2970 	.db #0x60	; 96
    00000B5E 00                    2971 	.db #0x00	; 0
    00000B5F 5A                    2972 	.db #0x5a	; 90	'Z'
    00000B60 00                    2973 	.db #0x00	; 0
    00000B61 00                    2974 	.db #0x00	; 0
    00000B62 38                    2975 	.db #0x38	; 56	'8'
    00000B63 60                    2976 	.db #0x60	; 96
    00000B64 00                    2977 	.db #0x00	; 0
    00000B65 36                    2978 	.db #0x36	; 54	'6'
    00000B66 60                    2979 	.db #0x60	; 96
    00000B67 00                    2980 	.db #0x00	; 0
    00000B68 5A                    2981 	.db #0x5a	; 90	'Z'
    00000B69 00                    2982 	.db #0x00	; 0
    00000B6A 00                    2983 	.db #0x00	; 0
    00000B6B 35                    2984 	.db #0x35	; 53	'5'
    00000B6C 60                    2985 	.db #0x60	; 96
    00000B6D 00                    2986 	.db #0x00	; 0
    00000B6E 36                    2987 	.db #0x36	; 54	'6'
    00000B6F 60                    2988 	.db #0x60	; 96
    00000B70 00                    2989 	.db #0x00	; 0
    00000B71 5A                    2990 	.db #0x5a	; 90	'Z'
    00000B72 00                    2991 	.db #0x00	; 0
    00000B73 00                    2992 	.db #0x00	; 0
    00000B74 35                    2993 	.db #0x35	; 53	'5'
    00000B75 60                    2994 	.db #0x60	; 96
    00000B76 00                    2995 	.db #0x00	; 0
    00000B77 36                    2996 	.db #0x36	; 54	'6'
    00000B78 60                    2997 	.db #0x60	; 96
    00000B79 00                    2998 	.db #0x00	; 0
    00000B7A 5A                    2999 	.db #0x5a	; 90	'Z'
    00000B7B 00                    3000 	.db #0x00	; 0
    00000B7C 00                    3001 	.db #0x00	; 0
    00000B7D 35                    3002 	.db #0x35	; 53	'5'
    00000B7E 60                    3003 	.db #0x60	; 96
    00000B7F 00                    3004 	.db #0x00	; 0
    00000B80 33                    3005 	.db #0x33	; 51	'3'
    00000B81 60                    3006 	.db #0x60	; 96
    00000B82 00                    3007 	.db #0x00	; 0
    00000B83 5A                    3008 	.db #0x5a	; 90	'Z'
    00000B84 00                    3009 	.db #0x00	; 0
    00000B85 00                    3010 	.db #0x00	; 0
    00000B86 2C                    3011 	.db #0x2c	; 44
    00000B87 60                    3012 	.db #0x60	; 96
    00000B88 00                    3013 	.db #0x00	; 0
    00000B89 31                    3014 	.db #0x31	; 49	'1'
    00000B8A 60                    3015 	.db #0x60	; 96
    00000B8B 00                    3016 	.db #0x00	; 0
    00000B8C 5A                    3017 	.db #0x5a	; 90	'Z'
    00000B8D 00                    3018 	.db #0x00	; 0
    00000B8E 00                    3019 	.db #0x00	; 0
    00000B8F 31                    3020 	.db #0x31	; 49	'1'
    00000B90 60                    3021 	.db #0x60	; 96
    00000B91 00                    3022 	.db #0x00	; 0
    00000B92 35                    3023 	.db #0x35	; 53	'5'
    00000B93 60                    3024 	.db #0x60	; 96
    00000B94 00                    3025 	.db #0x00	; 0
    00000B95 5A                    3026 	.db #0x5a	; 90	'Z'
    00000B96 00                    3027 	.db #0x00	; 0
    00000B97 00                    3028 	.db #0x00	; 0
    00000B98 35                    3029 	.db #0x35	; 53	'5'
    00000B99 60                    3030 	.db #0x60	; 96
    00000B9A 00                    3031 	.db #0x00	; 0
    00000B9B 36                    3032 	.db #0x36	; 54	'6'
    00000B9C 60                    3033 	.db #0x60	; 96
    00000B9D 00                    3034 	.db #0x00	; 0
    00000B9E 5A                    3035 	.db #0x5a	; 90	'Z'
    00000B9F 00                    3036 	.db #0x00	; 0
    00000BA0 00                    3037 	.db #0x00	; 0
    00000BA1 36                    3038 	.db #0x36	; 54	'6'
    00000BA2 60                    3039 	.db #0x60	; 96
    00000BA3 00                    3040 	.db #0x00	; 0
    00000BA4 38                    3041 	.db #0x38	; 56	'8'
    00000BA5 60                    3042 	.db #0x60	; 96
    00000BA6 00                    3043 	.db #0x00	; 0
    00000BA7 5A                    3044 	.db #0x5a	; 90	'Z'
    00000BA8 00                    3045 	.db #0x00	; 0
    00000BA9 00                    3046 	.db #0x00	; 0
    00000BAA 38                    3047 	.db #0x38	; 56	'8'
    00000BAB 60                    3048 	.db #0x60	; 96
    00000BAC 00                    3049 	.db #0x00	; 0
    00000BAD 36                    3050 	.db #0x36	; 54	'6'
    00000BAE 60                    3051 	.db #0x60	; 96
    00000BAF 00                    3052 	.db #0x00	; 0
    00000BB0 5A                    3053 	.db #0x5a	; 90	'Z'
    00000BB1 00                    3054 	.db #0x00	; 0
    00000BB2 00                    3055 	.db #0x00	; 0
    00000BB3 35                    3056 	.db #0x35	; 53	'5'
    00000BB4 60                    3057 	.db #0x60	; 96
    00000BB5 00                    3058 	.db #0x00	; 0
    00000BB6 36                    3059 	.db #0x36	; 54	'6'
    00000BB7 60                    3060 	.db #0x60	; 96
    00000BB8 00                    3061 	.db #0x00	; 0
    00000BB9 5A                    3062 	.db #0x5a	; 90	'Z'
    00000BBA 00                    3063 	.db #0x00	; 0
    00000BBB 00                    3064 	.db #0x00	; 0
    00000BBC 35                    3065 	.db #0x35	; 53	'5'
    00000BBD 60                    3066 	.db #0x60	; 96
    00000BBE 00                    3067 	.db #0x00	; 0
    00000BBF 36                    3068 	.db #0x36	; 54	'6'
    00000BC0 60                    3069 	.db #0x60	; 96
    00000BC1 00                    3070 	.db #0x00	; 0
    00000BC2 5A                    3071 	.db #0x5a	; 90	'Z'
    00000BC3 00                    3072 	.db #0x00	; 0
    00000BC4 00                    3073 	.db #0x00	; 0
    00000BC5 35                    3074 	.db #0x35	; 53	'5'
    00000BC6 60                    3075 	.db #0x60	; 96
    00000BC7 00                    3076 	.db #0x00	; 0
    00000BC8 33                    3077 	.db #0x33	; 51	'3'
    00000BC9 60                    3078 	.db #0x60	; 96
    00000BCA 00                    3079 	.db #0x00	; 0
    00000BCB 5A                    3080 	.db #0x5a	; 90	'Z'
    00000BCC 00                    3081 	.db #0x00	; 0
    00000BCD 00                    3082 	.db #0x00	; 0
    00000BCE 31                    3083 	.db #0x31	; 49	'1'
    00000BCF 60                    3084 	.db #0x60	; 96
    00000BD0 00                    3085 	.db #0x00	; 0
    00000BD1 5A                    3086 	.db #0x5a	; 90	'Z'
    00000BD2 00                    3087 	.db #0x00	; 0
    00000BD3 00                    3088 	.db #0x00	; 0
    00000BD4 5A                    3089 	.db #0x5a	; 90	'Z'
    00000BD5 00                    3090 	.db #0x00	; 0
    00000BD6 00                    3091 	.db #0x00	; 0
    00000BD7 5A                    3092 	.db #0x5a	; 90	'Z'
    00000BD8 00                    3093 	.db #0x00	; 0
    00000BD9 00                    3094 	.db #0x00	; 0
    00000BDA 5A                    3095 	.db #0x5a	; 90	'Z'
    00000BDB 00                    3096 	.db #0x00	; 0
    00000BDC 00                    3097 	.db #0x00	; 0
    00000BDD 5A                    3098 	.db #0x5a	; 90	'Z'
    00000BDE 00                    3099 	.db #0x00	; 0
    00000BDF 00                    3100 	.db #0x00	; 0
    00000BE0 5A                    3101 	.db #0x5a	; 90	'Z'
    00000BE1 00                    3102 	.db #0x00	; 0
    00000BE2 00                    3103 	.db #0x00	; 0
    00000BE3 5A                    3104 	.db #0x5a	; 90	'Z'
    00000BE4 00                    3105 	.db #0x00	; 0
    00000BE5 00                    3106 	.db #0x00	; 0
    00000BE6 5A                    3107 	.db #0x5a	; 90	'Z'
    00000BE7 00                    3108 	.db #0x00	; 0
    00000BE8 00                    3109 	.db #0x00	; 0
    00000BE9 5A                    3110 	.db #0x5a	; 90	'Z'
    00000BEA 00                    3111 	.db #0x00	; 0
    00000BEB 00                    3112 	.db #0x00	; 0
    00000BEC 5A                    3113 	.db #0x5a	; 90	'Z'
    00000BED 00                    3114 	.db #0x00	; 0
    00000BEE 00                    3115 	.db #0x00	; 0
    00000BEF 5A                    3116 	.db #0x5a	; 90	'Z'
    00000BF0 00                    3117 	.db #0x00	; 0
    00000BF1 00                    3118 	.db #0x00	; 0
    00000BF2 5A                    3119 	.db #0x5a	; 90	'Z'
    00000BF3 00                    3120 	.db #0x00	; 0
    00000BF4 00                    3121 	.db #0x00	; 0
    00000BF5 5A                    3122 	.db #0x5a	; 90	'Z'
    00000BF6 00                    3123 	.db #0x00	; 0
    00000BF7 00                    3124 	.db #0x00	; 0
    00000BF8 5A                    3125 	.db #0x5a	; 90	'Z'
    00000BF9 00                    3126 	.db #0x00	; 0
    00000BFA 00                    3127 	.db #0x00	; 0
    00000BFB 5A                    3128 	.db #0x5a	; 90	'Z'
    00000BFC 00                    3129 	.db #0x00	; 0
    00000BFD 00                    3130 	.db #0x00	; 0
    00000BFE 5A                    3131 	.db #0x5a	; 90	'Z'
    00000BFF 00                    3132 	.db #0x00	; 0
    00000C00 00                    3133 	.db #0x00	; 0
    00000C01                       3134 _P24:
    00000C01 5A                    3135 	.db #0x5a	; 90	'Z'
    00000C02 00                    3136 	.db #0x00	; 0
    00000C03 00                    3137 	.db #0x00	; 0
    00000C04 5A                    3138 	.db #0x5a	; 90	'Z'
    00000C05 00                    3139 	.db #0x00	; 0
    00000C06 00                    3140 	.db #0x00	; 0
    00000C07 29                    3141 	.db #0x29	; 41
    00000C08 10                    3142 	.db #0x10	; 16
    00000C09 00                    3143 	.db #0x00	; 0
    00000C0A 2A                    3144 	.db #0x2a	; 42
    00000C0B 10                    3145 	.db #0x10	; 16
    00000C0C 00                    3146 	.db #0x00	; 0
    00000C0D 5A                    3147 	.db #0x5a	; 90	'Z'
    00000C0E 00                    3148 	.db #0x00	; 0
    00000C0F 00                    3149 	.db #0x00	; 0
    00000C10 29                    3150 	.db #0x29	; 41
    00000C11 10                    3151 	.db #0x10	; 16
    00000C12 00                    3152 	.db #0x00	; 0
    00000C13 2A                    3153 	.db #0x2a	; 42
    00000C14 10                    3154 	.db #0x10	; 16
    00000C15 00                    3155 	.db #0x00	; 0
    00000C16 5A                    3156 	.db #0x5a	; 90	'Z'
    00000C17 00                    3157 	.db #0x00	; 0
    00000C18 00                    3158 	.db #0x00	; 0
    00000C19 2C                    3159 	.db #0x2c	; 44
    00000C1A 10                    3160 	.db #0x10	; 16
    00000C1B 00                    3161 	.db #0x00	; 0
    00000C1C 5A                    3162 	.db #0x5a	; 90	'Z'
    00000C1D 00                    3163 	.db #0x00	; 0
    00000C1E 00                    3164 	.db #0x00	; 0
    00000C1F 5A                    3165 	.db #0x5a	; 90	'Z'
    00000C20 00                    3166 	.db #0x00	; 0
    00000C21 00                    3167 	.db #0x00	; 0
    00000C22 31                    3168 	.db #0x31	; 49	'1'
    00000C23 10                    3169 	.db #0x10	; 16
    00000C24 00                    3170 	.db #0x00	; 0
    00000C25 2C                    3171 	.db #0x2c	; 44
    00000C26 10                    3172 	.db #0x10	; 16
    00000C27 00                    3173 	.db #0x00	; 0
    00000C28 5A                    3174 	.db #0x5a	; 90	'Z'
    00000C29 00                    3175 	.db #0x00	; 0
    00000C2A 00                    3176 	.db #0x00	; 0
    00000C2B 2A                    3177 	.db #0x2a	; 42
    00000C2C 10                    3178 	.db #0x10	; 16
    00000C2D 00                    3179 	.db #0x00	; 0
    00000C2E 29                    3180 	.db #0x29	; 41
    00000C2F 10                    3181 	.db #0x10	; 16
    00000C30 00                    3182 	.db #0x00	; 0
    00000C31 5A                    3183 	.db #0x5a	; 90	'Z'
    00000C32 00                    3184 	.db #0x00	; 0
    00000C33 00                    3185 	.db #0x00	; 0
    00000C34 5A                    3186 	.db #0x5a	; 90	'Z'
    00000C35 00                    3187 	.db #0x00	; 0
    00000C36 00                    3188 	.db #0x00	; 0
    00000C37 2A                    3189 	.db #0x2a	; 42
    00000C38 10                    3190 	.db #0x10	; 16
    00000C39 00                    3191 	.db #0x00	; 0
    00000C3A 5A                    3192 	.db #0x5a	; 90	'Z'
    00000C3B 00                    3193 	.db #0x00	; 0
    00000C3C 00                    3194 	.db #0x00	; 0
    00000C3D 29                    3195 	.db #0x29	; 41
    00000C3E 10                    3196 	.db #0x10	; 16
    00000C3F 00                    3197 	.db #0x00	; 0
    00000C40 25                    3198 	.db #0x25	; 37
    00000C41 10                    3199 	.db #0x10	; 16
    00000C42 00                    3200 	.db #0x00	; 0
    00000C43 5A                    3201 	.db #0x5a	; 90	'Z'
    00000C44 00                    3202 	.db #0x00	; 0
    00000C45 00                    3203 	.db #0x00	; 0
    00000C46 29                    3204 	.db #0x29	; 41
    00000C47 10                    3205 	.db #0x10	; 16
    00000C48 00                    3206 	.db #0x00	; 0
    00000C49 25                    3207 	.db #0x25	; 37
    00000C4A 10                    3208 	.db #0x10	; 16
    00000C4B 00                    3209 	.db #0x00	; 0
    00000C4C 5A                    3210 	.db #0x5a	; 90	'Z'
    00000C4D 00                    3211 	.db #0x00	; 0
    00000C4E 00                    3212 	.db #0x00	; 0
    00000C4F 29                    3213 	.db #0x29	; 41
    00000C50 10                    3214 	.db #0x10	; 16
    00000C51 00                    3215 	.db #0x00	; 0
    00000C52 2A                    3216 	.db #0x2a	; 42
    00000C53 10                    3217 	.db #0x10	; 16
    00000C54 00                    3218 	.db #0x00	; 0
    00000C55 5A                    3219 	.db #0x5a	; 90	'Z'
    00000C56 00                    3220 	.db #0x00	; 0
    00000C57 00                    3221 	.db #0x00	; 0
    00000C58 29                    3222 	.db #0x29	; 41
    00000C59 10                    3223 	.db #0x10	; 16
    00000C5A 00                    3224 	.db #0x00	; 0
    00000C5B 2A                    3225 	.db #0x2a	; 42
    00000C5C 10                    3226 	.db #0x10	; 16
    00000C5D 00                    3227 	.db #0x00	; 0
    00000C5E 5A                    3228 	.db #0x5a	; 90	'Z'
    00000C5F 00                    3229 	.db #0x00	; 0
    00000C60 00                    3230 	.db #0x00	; 0
    00000C61 2C                    3231 	.db #0x2c	; 44
    00000C62 10                    3232 	.db #0x10	; 16
    00000C63 00                    3233 	.db #0x00	; 0
    00000C64 5A                    3234 	.db #0x5a	; 90	'Z'
    00000C65 00                    3235 	.db #0x00	; 0
    00000C66 00                    3236 	.db #0x00	; 0
    00000C67 5A                    3237 	.db #0x5a	; 90	'Z'
    00000C68 00                    3238 	.db #0x00	; 0
    00000C69 00                    3239 	.db #0x00	; 0
    00000C6A 31                    3240 	.db #0x31	; 49	'1'
    00000C6B 10                    3241 	.db #0x10	; 16
    00000C6C 00                    3242 	.db #0x00	; 0
    00000C6D 2C                    3243 	.db #0x2c	; 44
    00000C6E 10                    3244 	.db #0x10	; 16
    00000C6F 00                    3245 	.db #0x00	; 0
    00000C70 5A                    3246 	.db #0x5a	; 90	'Z'
    00000C71 00                    3247 	.db #0x00	; 0
    00000C72 00                    3248 	.db #0x00	; 0
    00000C73 2A                    3249 	.db #0x2a	; 42
    00000C74 10                    3250 	.db #0x10	; 16
    00000C75 00                    3251 	.db #0x00	; 0
    00000C76 29                    3252 	.db #0x29	; 41
    00000C77 10                    3253 	.db #0x10	; 16
    00000C78 00                    3254 	.db #0x00	; 0
    00000C79 5A                    3255 	.db #0x5a	; 90	'Z'
    00000C7A 00                    3256 	.db #0x00	; 0
    00000C7B 00                    3257 	.db #0x00	; 0
    00000C7C 2C                    3258 	.db #0x2c	; 44
    00000C7D 10                    3259 	.db #0x10	; 16
    00000C7E 00                    3260 	.db #0x00	; 0
    00000C7F 2A                    3261 	.db #0x2a	; 42
    00000C80 10                    3262 	.db #0x10	; 16
    00000C81 00                    3263 	.db #0x00	; 0
    00000C82 5A                    3264 	.db #0x5a	; 90	'Z'
    00000C83 00                    3265 	.db #0x00	; 0
    00000C84 00                    3266 	.db #0x00	; 0
    00000C85 29                    3267 	.db #0x29	; 41
    00000C86 10                    3268 	.db #0x10	; 16
    00000C87 00                    3269 	.db #0x00	; 0
    00000C88 2A                    3270 	.db #0x2a	; 42
    00000C89 10                    3271 	.db #0x10	; 16
    00000C8A 00                    3272 	.db #0x00	; 0
    00000C8B 5A                    3273 	.db #0x5a	; 90	'Z'
    00000C8C 00                    3274 	.db #0x00	; 0
    00000C8D 00                    3275 	.db #0x00	; 0
    00000C8E 2C                    3276 	.db #0x2c	; 44
    00000C8F 10                    3277 	.db #0x10	; 16
    00000C90 00                    3278 	.db #0x00	; 0
    00000C91 5A                    3279 	.db #0x5a	; 90	'Z'
    00000C92 00                    3280 	.db #0x00	; 0
    00000C93 00                    3281 	.db #0x00	; 0
    00000C94 5A                    3282 	.db #0x5a	; 90	'Z'
    00000C95 00                    3283 	.db #0x00	; 0
    00000C96 00                    3284 	.db #0x00	; 0
    00000C97 5A                    3285 	.db #0x5a	; 90	'Z'
    00000C98 00                    3286 	.db #0x00	; 0
    00000C99 00                    3287 	.db #0x00	; 0
    00000C9A 5A                    3288 	.db #0x5a	; 90	'Z'
    00000C9B 00                    3289 	.db #0x00	; 0
    00000C9C 00                    3290 	.db #0x00	; 0
    00000C9D 5A                    3291 	.db #0x5a	; 90	'Z'
    00000C9E 00                    3292 	.db #0x00	; 0
    00000C9F 00                    3293 	.db #0x00	; 0
    00000CA0 5A                    3294 	.db #0x5a	; 90	'Z'
    00000CA1 00                    3295 	.db #0x00	; 0
    00000CA2 00                    3296 	.db #0x00	; 0
    00000CA3 5A                    3297 	.db #0x5a	; 90	'Z'
    00000CA4 00                    3298 	.db #0x00	; 0
    00000CA5 00                    3299 	.db #0x00	; 0
    00000CA6 5A                    3300 	.db #0x5a	; 90	'Z'
    00000CA7 00                    3301 	.db #0x00	; 0
    00000CA8 00                    3302 	.db #0x00	; 0
    00000CA9 5A                    3303 	.db #0x5a	; 90	'Z'
    00000CAA 00                    3304 	.db #0x00	; 0
    00000CAB 00                    3305 	.db #0x00	; 0
    00000CAC 5A                    3306 	.db #0x5a	; 90	'Z'
    00000CAD 00                    3307 	.db #0x00	; 0
    00000CAE 00                    3308 	.db #0x00	; 0
    00000CAF 5A                    3309 	.db #0x5a	; 90	'Z'
    00000CB0 00                    3310 	.db #0x00	; 0
    00000CB1 00                    3311 	.db #0x00	; 0
    00000CB2 5A                    3312 	.db #0x5a	; 90	'Z'
    00000CB3 00                    3313 	.db #0x00	; 0
    00000CB4 00                    3314 	.db #0x00	; 0
    00000CB5 5A                    3315 	.db #0x5a	; 90	'Z'
    00000CB6 00                    3316 	.db #0x00	; 0
    00000CB7 00                    3317 	.db #0x00	; 0
    00000CB8 5A                    3318 	.db #0x5a	; 90	'Z'
    00000CB9 00                    3319 	.db #0x00	; 0
    00000CBA 00                    3320 	.db #0x00	; 0
    00000CBB 5A                    3321 	.db #0x5a	; 90	'Z'
    00000CBC 00                    3322 	.db #0x00	; 0
    00000CBD 00                    3323 	.db #0x00	; 0
    00000CBE 5A                    3324 	.db #0x5a	; 90	'Z'
    00000CBF 00                    3325 	.db #0x00	; 0
    00000CC0 00                    3326 	.db #0x00	; 0
    00000CC1                       3327 _P25:
    00000CC1 25                    3328 	.db #0x25	; 37
    00000CC2 10                    3329 	.db #0x10	; 16
    00000CC3 00                    3330 	.db #0x00	; 0
    00000CC4 5A                    3331 	.db #0x5a	; 90	'Z'
    00000CC5 00                    3332 	.db #0x00	; 0
    00000CC6 00                    3333 	.db #0x00	; 0
    00000CC7 29                    3334 	.db #0x29	; 41
    00000CC8 10                    3335 	.db #0x10	; 16
    00000CC9 00                    3336 	.db #0x00	; 0
    00000CCA 2A                    3337 	.db #0x2a	; 42
    00000CCB 10                    3338 	.db #0x10	; 16
    00000CCC 00                    3339 	.db #0x00	; 0
    00000CCD 5A                    3340 	.db #0x5a	; 90	'Z'
    00000CCE 00                    3341 	.db #0x00	; 0
    00000CCF 00                    3342 	.db #0x00	; 0
    00000CD0 29                    3343 	.db #0x29	; 41
    00000CD1 10                    3344 	.db #0x10	; 16
    00000CD2 00                    3345 	.db #0x00	; 0
    00000CD3 2A                    3346 	.db #0x2a	; 42
    00000CD4 10                    3347 	.db #0x10	; 16
    00000CD5 00                    3348 	.db #0x00	; 0
    00000CD6 5A                    3349 	.db #0x5a	; 90	'Z'
    00000CD7 00                    3350 	.db #0x00	; 0
    00000CD8 00                    3351 	.db #0x00	; 0
    00000CD9 2C                    3352 	.db #0x2c	; 44
    00000CDA 10                    3353 	.db #0x10	; 16
    00000CDB 00                    3354 	.db #0x00	; 0
    00000CDC 5A                    3355 	.db #0x5a	; 90	'Z'
    00000CDD 00                    3356 	.db #0x00	; 0
    00000CDE 00                    3357 	.db #0x00	; 0
    00000CDF 5A                    3358 	.db #0x5a	; 90	'Z'
    00000CE0 00                    3359 	.db #0x00	; 0
    00000CE1 00                    3360 	.db #0x00	; 0
    00000CE2 31                    3361 	.db #0x31	; 49	'1'
    00000CE3 10                    3362 	.db #0x10	; 16
    00000CE4 00                    3363 	.db #0x00	; 0
    00000CE5 2C                    3364 	.db #0x2c	; 44
    00000CE6 10                    3365 	.db #0x10	; 16
    00000CE7 00                    3366 	.db #0x00	; 0
    00000CE8 5A                    3367 	.db #0x5a	; 90	'Z'
    00000CE9 00                    3368 	.db #0x00	; 0
    00000CEA 00                    3369 	.db #0x00	; 0
    00000CEB 2A                    3370 	.db #0x2a	; 42
    00000CEC 10                    3371 	.db #0x10	; 16
    00000CED 00                    3372 	.db #0x00	; 0
    00000CEE 29                    3373 	.db #0x29	; 41
    00000CEF 10                    3374 	.db #0x10	; 16
    00000CF0 00                    3375 	.db #0x00	; 0
    00000CF1 5A                    3376 	.db #0x5a	; 90	'Z'
    00000CF2 00                    3377 	.db #0x00	; 0
    00000CF3 00                    3378 	.db #0x00	; 0
    00000CF4 5A                    3379 	.db #0x5a	; 90	'Z'
    00000CF5 00                    3380 	.db #0x00	; 0
    00000CF6 00                    3381 	.db #0x00	; 0
    00000CF7 2A                    3382 	.db #0x2a	; 42
    00000CF8 10                    3383 	.db #0x10	; 16
    00000CF9 00                    3384 	.db #0x00	; 0
    00000CFA 5A                    3385 	.db #0x5a	; 90	'Z'
    00000CFB 00                    3386 	.db #0x00	; 0
    00000CFC 00                    3387 	.db #0x00	; 0
    00000CFD 29                    3388 	.db #0x29	; 41
    00000CFE 10                    3389 	.db #0x10	; 16
    00000CFF 00                    3390 	.db #0x00	; 0
    00000D00 25                    3391 	.db #0x25	; 37
    00000D01 10                    3392 	.db #0x10	; 16
    00000D02 00                    3393 	.db #0x00	; 0
    00000D03 5A                    3394 	.db #0x5a	; 90	'Z'
    00000D04 00                    3395 	.db #0x00	; 0
    00000D05 00                    3396 	.db #0x00	; 0
    00000D06 29                    3397 	.db #0x29	; 41
    00000D07 10                    3398 	.db #0x10	; 16
    00000D08 00                    3399 	.db #0x00	; 0
    00000D09 25                    3400 	.db #0x25	; 37
    00000D0A 10                    3401 	.db #0x10	; 16
    00000D0B 00                    3402 	.db #0x00	; 0
    00000D0C 5A                    3403 	.db #0x5a	; 90	'Z'
    00000D0D 00                    3404 	.db #0x00	; 0
    00000D0E 00                    3405 	.db #0x00	; 0
    00000D0F 29                    3406 	.db #0x29	; 41
    00000D10 10                    3407 	.db #0x10	; 16
    00000D11 00                    3408 	.db #0x00	; 0
    00000D12 2A                    3409 	.db #0x2a	; 42
    00000D13 10                    3410 	.db #0x10	; 16
    00000D14 00                    3411 	.db #0x00	; 0
    00000D15 5A                    3412 	.db #0x5a	; 90	'Z'
    00000D16 00                    3413 	.db #0x00	; 0
    00000D17 00                    3414 	.db #0x00	; 0
    00000D18 29                    3415 	.db #0x29	; 41
    00000D19 10                    3416 	.db #0x10	; 16
    00000D1A 00                    3417 	.db #0x00	; 0
    00000D1B 2A                    3418 	.db #0x2a	; 42
    00000D1C 10                    3419 	.db #0x10	; 16
    00000D1D 00                    3420 	.db #0x00	; 0
    00000D1E 5A                    3421 	.db #0x5a	; 90	'Z'
    00000D1F 00                    3422 	.db #0x00	; 0
    00000D20 00                    3423 	.db #0x00	; 0
    00000D21 2C                    3424 	.db #0x2c	; 44
    00000D22 10                    3425 	.db #0x10	; 16
    00000D23 00                    3426 	.db #0x00	; 0
    00000D24 5A                    3427 	.db #0x5a	; 90	'Z'
    00000D25 00                    3428 	.db #0x00	; 0
    00000D26 00                    3429 	.db #0x00	; 0
    00000D27 5A                    3430 	.db #0x5a	; 90	'Z'
    00000D28 00                    3431 	.db #0x00	; 0
    00000D29 00                    3432 	.db #0x00	; 0
    00000D2A 31                    3433 	.db #0x31	; 49	'1'
    00000D2B 10                    3434 	.db #0x10	; 16
    00000D2C 00                    3435 	.db #0x00	; 0
    00000D2D 2C                    3436 	.db #0x2c	; 44
    00000D2E 10                    3437 	.db #0x10	; 16
    00000D2F 00                    3438 	.db #0x00	; 0
    00000D30 5A                    3439 	.db #0x5a	; 90	'Z'
    00000D31 00                    3440 	.db #0x00	; 0
    00000D32 00                    3441 	.db #0x00	; 0
    00000D33 2A                    3442 	.db #0x2a	; 42
    00000D34 10                    3443 	.db #0x10	; 16
    00000D35 00                    3444 	.db #0x00	; 0
    00000D36 29                    3445 	.db #0x29	; 41
    00000D37 10                    3446 	.db #0x10	; 16
    00000D38 00                    3447 	.db #0x00	; 0
    00000D39 5A                    3448 	.db #0x5a	; 90	'Z'
    00000D3A 00                    3449 	.db #0x00	; 0
    00000D3B 00                    3450 	.db #0x00	; 0
    00000D3C 5A                    3451 	.db #0x5a	; 90	'Z'
    00000D3D 00                    3452 	.db #0x00	; 0
    00000D3E 00                    3453 	.db #0x00	; 0
    00000D3F 2A                    3454 	.db #0x2a	; 42
    00000D40 10                    3455 	.db #0x10	; 16
    00000D41 00                    3456 	.db #0x00	; 0
    00000D42 5A                    3457 	.db #0x5a	; 90	'Z'
    00000D43 00                    3458 	.db #0x00	; 0
    00000D44 00                    3459 	.db #0x00	; 0
    00000D45 29                    3460 	.db #0x29	; 41
    00000D46 10                    3461 	.db #0x10	; 16
    00000D47 00                    3462 	.db #0x00	; 0
    00000D48 2A                    3463 	.db #0x2a	; 42
    00000D49 10                    3464 	.db #0x10	; 16
    00000D4A 00                    3465 	.db #0x00	; 0
    00000D4B 5A                    3466 	.db #0x5a	; 90	'Z'
    00000D4C 00                    3467 	.db #0x00	; 0
    00000D4D 00                    3468 	.db #0x00	; 0
    00000D4E 2C                    3469 	.db #0x2c	; 44
    00000D4F 10                    3470 	.db #0x10	; 16
    00000D50 00                    3471 	.db #0x00	; 0
    00000D51 5A                    3472 	.db #0x5a	; 90	'Z'
    00000D52 00                    3473 	.db #0x00	; 0
    00000D53 00                    3474 	.db #0x00	; 0
    00000D54 5A                    3475 	.db #0x5a	; 90	'Z'
    00000D55 00                    3476 	.db #0x00	; 0
    00000D56 00                    3477 	.db #0x00	; 0
    00000D57 5A                    3478 	.db #0x5a	; 90	'Z'
    00000D58 00                    3479 	.db #0x00	; 0
    00000D59 00                    3480 	.db #0x00	; 0
    00000D5A 5A                    3481 	.db #0x5a	; 90	'Z'
    00000D5B 00                    3482 	.db #0x00	; 0
    00000D5C 00                    3483 	.db #0x00	; 0
    00000D5D 5A                    3484 	.db #0x5a	; 90	'Z'
    00000D5E 00                    3485 	.db #0x00	; 0
    00000D5F 00                    3486 	.db #0x00	; 0
    00000D60 5A                    3487 	.db #0x5a	; 90	'Z'
    00000D61 00                    3488 	.db #0x00	; 0
    00000D62 00                    3489 	.db #0x00	; 0
    00000D63 5A                    3490 	.db #0x5a	; 90	'Z'
    00000D64 00                    3491 	.db #0x00	; 0
    00000D65 00                    3492 	.db #0x00	; 0
    00000D66 5A                    3493 	.db #0x5a	; 90	'Z'
    00000D67 00                    3494 	.db #0x00	; 0
    00000D68 00                    3495 	.db #0x00	; 0
    00000D69 5A                    3496 	.db #0x5a	; 90	'Z'
    00000D6A 00                    3497 	.db #0x00	; 0
    00000D6B 00                    3498 	.db #0x00	; 0
    00000D6C 5A                    3499 	.db #0x5a	; 90	'Z'
    00000D6D 00                    3500 	.db #0x00	; 0
    00000D6E 00                    3501 	.db #0x00	; 0
    00000D6F 5A                    3502 	.db #0x5a	; 90	'Z'
    00000D70 00                    3503 	.db #0x00	; 0
    00000D71 00                    3504 	.db #0x00	; 0
    00000D72 5A                    3505 	.db #0x5a	; 90	'Z'
    00000D73 00                    3506 	.db #0x00	; 0
    00000D74 00                    3507 	.db #0x00	; 0
    00000D75 5A                    3508 	.db #0x5a	; 90	'Z'
    00000D76 00                    3509 	.db #0x00	; 0
    00000D77 00                    3510 	.db #0x00	; 0
    00000D78 5A                    3511 	.db #0x5a	; 90	'Z'
    00000D79 00                    3512 	.db #0x00	; 0
    00000D7A 00                    3513 	.db #0x00	; 0
    00000D7B 5A                    3514 	.db #0x5a	; 90	'Z'
    00000D7C 00                    3515 	.db #0x00	; 0
    00000D7D 00                    3516 	.db #0x00	; 0
    00000D7E 5A                    3517 	.db #0x5a	; 90	'Z'
    00000D7F 00                    3518 	.db #0x00	; 0
    00000D80 00                    3519 	.db #0x00	; 0
    00000D81                       3520 _P26:
    00000D81 25                    3521 	.db #0x25	; 37
    00000D82 10                    3522 	.db #0x10	; 16
    00000D83 00                    3523 	.db #0x00	; 0
    00000D84 5A                    3524 	.db #0x5a	; 90	'Z'
    00000D85 00                    3525 	.db #0x00	; 0
    00000D86 00                    3526 	.db #0x00	; 0
    00000D87 29                    3527 	.db #0x29	; 41
    00000D88 10                    3528 	.db #0x10	; 16
    00000D89 00                    3529 	.db #0x00	; 0
    00000D8A 2A                    3530 	.db #0x2a	; 42
    00000D8B 10                    3531 	.db #0x10	; 16
    00000D8C 00                    3532 	.db #0x00	; 0
    00000D8D 5A                    3533 	.db #0x5a	; 90	'Z'
    00000D8E 00                    3534 	.db #0x00	; 0
    00000D8F 00                    3535 	.db #0x00	; 0
    00000D90 29                    3536 	.db #0x29	; 41
    00000D91 10                    3537 	.db #0x10	; 16
    00000D92 00                    3538 	.db #0x00	; 0
    00000D93 2A                    3539 	.db #0x2a	; 42
    00000D94 10                    3540 	.db #0x10	; 16
    00000D95 00                    3541 	.db #0x00	; 0
    00000D96 5A                    3542 	.db #0x5a	; 90	'Z'
    00000D97 00                    3543 	.db #0x00	; 0
    00000D98 00                    3544 	.db #0x00	; 0
    00000D99 2C                    3545 	.db #0x2c	; 44
    00000D9A 10                    3546 	.db #0x10	; 16
    00000D9B 00                    3547 	.db #0x00	; 0
    00000D9C 5A                    3548 	.db #0x5a	; 90	'Z'
    00000D9D 00                    3549 	.db #0x00	; 0
    00000D9E 00                    3550 	.db #0x00	; 0
    00000D9F 5A                    3551 	.db #0x5a	; 90	'Z'
    00000DA0 00                    3552 	.db #0x00	; 0
    00000DA1 00                    3553 	.db #0x00	; 0
    00000DA2 31                    3554 	.db #0x31	; 49	'1'
    00000DA3 10                    3555 	.db #0x10	; 16
    00000DA4 00                    3556 	.db #0x00	; 0
    00000DA5 2C                    3557 	.db #0x2c	; 44
    00000DA6 10                    3558 	.db #0x10	; 16
    00000DA7 00                    3559 	.db #0x00	; 0
    00000DA8 5A                    3560 	.db #0x5a	; 90	'Z'
    00000DA9 00                    3561 	.db #0x00	; 0
    00000DAA 00                    3562 	.db #0x00	; 0
    00000DAB 2A                    3563 	.db #0x2a	; 42
    00000DAC 10                    3564 	.db #0x10	; 16
    00000DAD 00                    3565 	.db #0x00	; 0
    00000DAE 29                    3566 	.db #0x29	; 41
    00000DAF 10                    3567 	.db #0x10	; 16
    00000DB0 00                    3568 	.db #0x00	; 0
    00000DB1 5A                    3569 	.db #0x5a	; 90	'Z'
    00000DB2 00                    3570 	.db #0x00	; 0
    00000DB3 00                    3571 	.db #0x00	; 0
    00000DB4 5A                    3572 	.db #0x5a	; 90	'Z'
    00000DB5 00                    3573 	.db #0x00	; 0
    00000DB6 00                    3574 	.db #0x00	; 0
    00000DB7 2A                    3575 	.db #0x2a	; 42
    00000DB8 10                    3576 	.db #0x10	; 16
    00000DB9 00                    3577 	.db #0x00	; 0
    00000DBA 5A                    3578 	.db #0x5a	; 90	'Z'
    00000DBB 00                    3579 	.db #0x00	; 0
    00000DBC 00                    3580 	.db #0x00	; 0
    00000DBD 29                    3581 	.db #0x29	; 41
    00000DBE 10                    3582 	.db #0x10	; 16
    00000DBF 00                    3583 	.db #0x00	; 0
    00000DC0 25                    3584 	.db #0x25	; 37
    00000DC1 10                    3585 	.db #0x10	; 16
    00000DC2 00                    3586 	.db #0x00	; 0
    00000DC3 5A                    3587 	.db #0x5a	; 90	'Z'
    00000DC4 00                    3588 	.db #0x00	; 0
    00000DC5 00                    3589 	.db #0x00	; 0
    00000DC6 29                    3590 	.db #0x29	; 41
    00000DC7 10                    3591 	.db #0x10	; 16
    00000DC8 00                    3592 	.db #0x00	; 0
    00000DC9 25                    3593 	.db #0x25	; 37
    00000DCA 10                    3594 	.db #0x10	; 16
    00000DCB 00                    3595 	.db #0x00	; 0
    00000DCC 5A                    3596 	.db #0x5a	; 90	'Z'
    00000DCD 00                    3597 	.db #0x00	; 0
    00000DCE 00                    3598 	.db #0x00	; 0
    00000DCF 29                    3599 	.db #0x29	; 41
    00000DD0 10                    3600 	.db #0x10	; 16
    00000DD1 00                    3601 	.db #0x00	; 0
    00000DD2 2A                    3602 	.db #0x2a	; 42
    00000DD3 10                    3603 	.db #0x10	; 16
    00000DD4 00                    3604 	.db #0x00	; 0
    00000DD5 5A                    3605 	.db #0x5a	; 90	'Z'
    00000DD6 00                    3606 	.db #0x00	; 0
    00000DD7 00                    3607 	.db #0x00	; 0
    00000DD8 29                    3608 	.db #0x29	; 41
    00000DD9 10                    3609 	.db #0x10	; 16
    00000DDA 00                    3610 	.db #0x00	; 0
    00000DDB 2A                    3611 	.db #0x2a	; 42
    00000DDC 10                    3612 	.db #0x10	; 16
    00000DDD 00                    3613 	.db #0x00	; 0
    00000DDE 5A                    3614 	.db #0x5a	; 90	'Z'
    00000DDF 00                    3615 	.db #0x00	; 0
    00000DE0 00                    3616 	.db #0x00	; 0
    00000DE1 2C                    3617 	.db #0x2c	; 44
    00000DE2 10                    3618 	.db #0x10	; 16
    00000DE3 00                    3619 	.db #0x00	; 0
    00000DE4 5A                    3620 	.db #0x5a	; 90	'Z'
    00000DE5 00                    3621 	.db #0x00	; 0
    00000DE6 00                    3622 	.db #0x00	; 0
    00000DE7 5A                    3623 	.db #0x5a	; 90	'Z'
    00000DE8 00                    3624 	.db #0x00	; 0
    00000DE9 00                    3625 	.db #0x00	; 0
    00000DEA 31                    3626 	.db #0x31	; 49	'1'
    00000DEB 10                    3627 	.db #0x10	; 16
    00000DEC 00                    3628 	.db #0x00	; 0
    00000DED 35                    3629 	.db #0x35	; 53	'5'
    00000DEE 10                    3630 	.db #0x10	; 16
    00000DEF 00                    3631 	.db #0x00	; 0
    00000DF0 5A                    3632 	.db #0x5a	; 90	'Z'
    00000DF1 00                    3633 	.db #0x00	; 0
    00000DF2 00                    3634 	.db #0x00	; 0
    00000DF3 36                    3635 	.db #0x36	; 54	'6'
    00000DF4 10                    3636 	.db #0x10	; 16
    00000DF5 00                    3637 	.db #0x00	; 0
    00000DF6 35                    3638 	.db #0x35	; 53	'5'
    00000DF7 10                    3639 	.db #0x10	; 16
    00000DF8 00                    3640 	.db #0x00	; 0
    00000DF9 5A                    3641 	.db #0x5a	; 90	'Z'
    00000DFA 00                    3642 	.db #0x00	; 0
    00000DFB 00                    3643 	.db #0x00	; 0
    00000DFC 31                    3644 	.db #0x31	; 49	'1'
    00000DFD 10                    3645 	.db #0x10	; 16
    00000DFE 00                    3646 	.db #0x00	; 0
    00000DFF 33                    3647 	.db #0x33	; 51	'3'
    00000E00 10                    3648 	.db #0x10	; 16
    00000E01 00                    3649 	.db #0x00	; 0
    00000E02 5A                    3650 	.db #0x5a	; 90	'Z'
    00000E03 00                    3651 	.db #0x00	; 0
    00000E04 00                    3652 	.db #0x00	; 0
    00000E05 31                    3653 	.db #0x31	; 49	'1'
    00000E06 10                    3654 	.db #0x10	; 16
    00000E07 00                    3655 	.db #0x00	; 0
    00000E08 33                    3656 	.db #0x33	; 51	'3'
    00000E09 10                    3657 	.db #0x10	; 16
    00000E0A 00                    3658 	.db #0x00	; 0
    00000E0B 5A                    3659 	.db #0x5a	; 90	'Z'
    00000E0C 00                    3660 	.db #0x00	; 0
    00000E0D 00                    3661 	.db #0x00	; 0
    00000E0E 35                    3662 	.db #0x35	; 53	'5'
    00000E0F 10                    3663 	.db #0x10	; 16
    00000E10 00                    3664 	.db #0x00	; 0
    00000E11 5A                    3665 	.db #0x5a	; 90	'Z'
    00000E12 00                    3666 	.db #0x00	; 0
    00000E13 00                    3667 	.db #0x00	; 0
    00000E14 5A                    3668 	.db #0x5a	; 90	'Z'
    00000E15 00                    3669 	.db #0x00	; 0
    00000E16 00                    3670 	.db #0x00	; 0
    00000E17 5A                    3671 	.db #0x5a	; 90	'Z'
    00000E18 00                    3672 	.db #0x00	; 0
    00000E19 00                    3673 	.db #0x00	; 0
    00000E1A 5A                    3674 	.db #0x5a	; 90	'Z'
    00000E1B 00                    3675 	.db #0x00	; 0
    00000E1C 00                    3676 	.db #0x00	; 0
    00000E1D 5A                    3677 	.db #0x5a	; 90	'Z'
    00000E1E 00                    3678 	.db #0x00	; 0
    00000E1F 00                    3679 	.db #0x00	; 0
    00000E20 5A                    3680 	.db #0x5a	; 90	'Z'
    00000E21 00                    3681 	.db #0x00	; 0
    00000E22 00                    3682 	.db #0x00	; 0
    00000E23 5A                    3683 	.db #0x5a	; 90	'Z'
    00000E24 00                    3684 	.db #0x00	; 0
    00000E25 00                    3685 	.db #0x00	; 0
    00000E26 5A                    3686 	.db #0x5a	; 90	'Z'
    00000E27 00                    3687 	.db #0x00	; 0
    00000E28 00                    3688 	.db #0x00	; 0
    00000E29 5A                    3689 	.db #0x5a	; 90	'Z'
    00000E2A 00                    3690 	.db #0x00	; 0
    00000E2B 00                    3691 	.db #0x00	; 0
    00000E2C 5A                    3692 	.db #0x5a	; 90	'Z'
    00000E2D 00                    3693 	.db #0x00	; 0
    00000E2E 00                    3694 	.db #0x00	; 0
    00000E2F 5A                    3695 	.db #0x5a	; 90	'Z'
    00000E30 00                    3696 	.db #0x00	; 0
    00000E31 00                    3697 	.db #0x00	; 0
    00000E32 5A                    3698 	.db #0x5a	; 90	'Z'
    00000E33 00                    3699 	.db #0x00	; 0
    00000E34 00                    3700 	.db #0x00	; 0
    00000E35 5A                    3701 	.db #0x5a	; 90	'Z'
    00000E36 00                    3702 	.db #0x00	; 0
    00000E37 00                    3703 	.db #0x00	; 0
    00000E38 5A                    3704 	.db #0x5a	; 90	'Z'
    00000E39 00                    3705 	.db #0x00	; 0
    00000E3A 00                    3706 	.db #0x00	; 0
    00000E3B 5A                    3707 	.db #0x5a	; 90	'Z'
    00000E3C 00                    3708 	.db #0x00	; 0
    00000E3D 00                    3709 	.db #0x00	; 0
    00000E3E 5A                    3710 	.db #0x5a	; 90	'Z'
    00000E3F 00                    3711 	.db #0x00	; 0
    00000E40 00                    3712 	.db #0x00	; 0
    00000E41                       3713 _P27:
    00000E41 31                    3714 	.db #0x31	; 49	'1'
    00000E42 10                    3715 	.db #0x10	; 16
    00000E43 00                    3716 	.db #0x00	; 0
    00000E44 5A                    3717 	.db #0x5a	; 90	'Z'
    00000E45 00                    3718 	.db #0x00	; 0
    00000E46 00                    3719 	.db #0x00	; 0
    00000E47 19                    3720 	.db #0x19	; 25
    00000E48 A0                    3721 	.db #0xa0	; 160
    00000E49 00                    3722 	.db #0x00	; 0
    00000E4A 5A                    3723 	.db #0x5a	; 90	'Z'
    00000E4B 0C                    3724 	.db #0x0c	; 12
    00000E4C 00                    3725 	.db #0x00	; 0
    00000E4D 5A                    3726 	.db #0x5a	; 90	'Z'
    00000E4E 00                    3727 	.db #0x00	; 0
    00000E4F 00                    3728 	.db #0x00	; 0
    00000E50 5A                    3729 	.db #0x5a	; 90	'Z'
    00000E51 00                    3730 	.db #0x00	; 0
    00000E52 00                    3731 	.db #0x00	; 0
    00000E53 19                    3732 	.db #0x19	; 25
    00000E54 A0                    3733 	.db #0xa0	; 160
    00000E55 00                    3734 	.db #0x00	; 0
    00000E56 5A                    3735 	.db #0x5a	; 90	'Z'
    00000E57 0C                    3736 	.db #0x0c	; 12
    00000E58 00                    3737 	.db #0x00	; 0
    00000E59 19                    3738 	.db #0x19	; 25
    00000E5A A0                    3739 	.db #0xa0	; 160
    00000E5B 00                    3740 	.db #0x00	; 0
    00000E5C 5A                    3741 	.db #0x5a	; 90	'Z'
    00000E5D 0C                    3742 	.db #0x0c	; 12
    00000E5E 00                    3743 	.db #0x00	; 0
    00000E5F 5A                    3744 	.db #0x5a	; 90	'Z'
    00000E60 00                    3745 	.db #0x00	; 0
    00000E61 00                    3746 	.db #0x00	; 0
    00000E62 19                    3747 	.db #0x19	; 25
    00000E63 A0                    3748 	.db #0xa0	; 160
    00000E64 00                    3749 	.db #0x00	; 0
    00000E65 1D                    3750 	.db #0x1d	; 29
    00000E66 A0                    3751 	.db #0xa0	; 160
    00000E67 00                    3752 	.db #0x00	; 0
    00000E68 5A                    3753 	.db #0x5a	; 90	'Z'
    00000E69 0C                    3754 	.db #0x0c	; 12
    00000E6A 00                    3755 	.db #0x00	; 0
    00000E6B 5A                    3756 	.db #0x5a	; 90	'Z'
    00000E6C 00                    3757 	.db #0x00	; 0
    00000E6D 00                    3758 	.db #0x00	; 0
    00000E6E 1D                    3759 	.db #0x1d	; 29
    00000E6F A0                    3760 	.db #0xa0	; 160
    00000E70 00                    3761 	.db #0x00	; 0
    00000E71 5A                    3762 	.db #0x5a	; 90	'Z'
    00000E72 0C                    3763 	.db #0x0c	; 12
    00000E73 00                    3764 	.db #0x00	; 0
    00000E74 1E                    3765 	.db #0x1e	; 30
    00000E75 A0                    3766 	.db #0xa0	; 160
    00000E76 00                    3767 	.db #0x00	; 0
    00000E77 1D                    3768 	.db #0x1d	; 29
    00000E78 A0                    3769 	.db #0xa0	; 160
    00000E79 00                    3770 	.db #0x00	; 0
    00000E7A 5A                    3771 	.db #0x5a	; 90	'Z'
    00000E7B 0C                    3772 	.db #0x0c	; 12
    00000E7C 00                    3773 	.db #0x00	; 0
    00000E7D 1D                    3774 	.db #0x1d	; 29
    00000E7E A0                    3775 	.db #0xa0	; 160
    00000E7F 00                    3776 	.db #0x00	; 0
    00000E80 5A                    3777 	.db #0x5a	; 90	'Z'
    00000E81 0C                    3778 	.db #0x0c	; 12
    00000E82 00                    3779 	.db #0x00	; 0
    00000E83 5A                    3780 	.db #0x5a	; 90	'Z'
    00000E84 00                    3781 	.db #0x00	; 0
    00000E85 00                    3782 	.db #0x00	; 0
    00000E86 1D                    3783 	.db #0x1d	; 29
    00000E87 A0                    3784 	.db #0xa0	; 160
    00000E88 00                    3785 	.db #0x00	; 0
    00000E89 1E                    3786 	.db #0x1e	; 30
    00000E8A A0                    3787 	.db #0xa0	; 160
    00000E8B 00                    3788 	.db #0x00	; 0
    00000E8C 5A                    3789 	.db #0x5a	; 90	'Z'
    00000E8D 0C                    3790 	.db #0x0c	; 12
    00000E8E 00                    3791 	.db #0x00	; 0
    00000E8F 5A                    3792 	.db #0x5a	; 90	'Z'
    00000E90 00                    3793 	.db #0x00	; 0
    00000E91 00                    3794 	.db #0x00	; 0
    00000E92 1E                    3795 	.db #0x1e	; 30
    00000E93 A0                    3796 	.db #0xa0	; 160
    00000E94 00                    3797 	.db #0x00	; 0
    00000E95 5A                    3798 	.db #0x5a	; 90	'Z'
    00000E96 0C                    3799 	.db #0x0c	; 12
    00000E97 00                    3800 	.db #0x00	; 0
    00000E98 20                    3801 	.db #0x20	; 32
    00000E99 A0                    3802 	.db #0xa0	; 160
    00000E9A 00                    3803 	.db #0x00	; 0
    00000E9B 5A                    3804 	.db #0x5a	; 90	'Z'
    00000E9C 0C                    3805 	.db #0x0c	; 12
    00000E9D 00                    3806 	.db #0x00	; 0
    00000E9E 5A                    3807 	.db #0x5a	; 90	'Z'
    00000E9F 00                    3808 	.db #0x00	; 0
    00000EA0 00                    3809 	.db #0x00	; 0
    00000EA1 1E                    3810 	.db #0x1e	; 30
    00000EA2 A0                    3811 	.db #0xa0	; 160
    00000EA3 00                    3812 	.db #0x00	; 0
    00000EA4 5A                    3813 	.db #0x5a	; 90	'Z'
    00000EA5 0C                    3814 	.db #0x0c	; 12
    00000EA6 00                    3815 	.db #0x00	; 0
    00000EA7 5A                    3816 	.db #0x5a	; 90	'Z'
    00000EA8 00                    3817 	.db #0x00	; 0
    00000EA9 00                    3818 	.db #0x00	; 0
    00000EAA 1E                    3819 	.db #0x1e	; 30
    00000EAB A0                    3820 	.db #0xa0	; 160
    00000EAC 00                    3821 	.db #0x00	; 0
    00000EAD 20                    3822 	.db #0x20	; 32
    00000EAE A0                    3823 	.db #0xa0	; 160
    00000EAF 00                    3824 	.db #0x00	; 0
    00000EB0 5A                    3825 	.db #0x5a	; 90	'Z'
    00000EB1 0C                    3826 	.db #0x0c	; 12
    00000EB2 00                    3827 	.db #0x00	; 0
    00000EB3 5A                    3828 	.db #0x5a	; 90	'Z'
    00000EB4 00                    3829 	.db #0x00	; 0
    00000EB5 00                    3830 	.db #0x00	; 0
    00000EB6 20                    3831 	.db #0x20	; 32
    00000EB7 A0                    3832 	.db #0xa0	; 160
    00000EB8 00                    3833 	.db #0x00	; 0
    00000EB9 5A                    3834 	.db #0x5a	; 90	'Z'
    00000EBA 0C                    3835 	.db #0x0c	; 12
    00000EBB 00                    3836 	.db #0x00	; 0
    00000EBC 25                    3837 	.db #0x25	; 37
    00000EBD A0                    3838 	.db #0xa0	; 160
    00000EBE 00                    3839 	.db #0x00	; 0
    00000EBF 24                    3840 	.db #0x24	; 36
    00000EC0 A0                    3841 	.db #0xa0	; 160
    00000EC1 00                    3842 	.db #0x00	; 0
    00000EC2 5A                    3843 	.db #0x5a	; 90	'Z'
    00000EC3 0C                    3844 	.db #0x0c	; 12
    00000EC4 00                    3845 	.db #0x00	; 0
    00000EC5 20                    3846 	.db #0x20	; 32
    00000EC6 A0                    3847 	.db #0xa0	; 160
    00000EC7 00                    3848 	.db #0x00	; 0
    00000EC8 5A                    3849 	.db #0x5a	; 90	'Z'
    00000EC9 0C                    3850 	.db #0x0c	; 12
    00000ECA 00                    3851 	.db #0x00	; 0
    00000ECB 5A                    3852 	.db #0x5a	; 90	'Z'
    00000ECC 00                    3853 	.db #0x00	; 0
    00000ECD 00                    3854 	.db #0x00	; 0
    00000ECE 20                    3855 	.db #0x20	; 32
    00000ECF A0                    3856 	.db #0xa0	; 160
    00000ED0 00                    3857 	.db #0x00	; 0
    00000ED1 5A                    3858 	.db #0x5a	; 90	'Z'
    00000ED2 0C                    3859 	.db #0x0c	; 12
    00000ED3 00                    3860 	.db #0x00	; 0
    00000ED4 5A                    3861 	.db #0x5a	; 90	'Z'
    00000ED5 00                    3862 	.db #0x00	; 0
    00000ED6 00                    3863 	.db #0x00	; 0
    00000ED7 5A                    3864 	.db #0x5a	; 90	'Z'
    00000ED8 00                    3865 	.db #0x00	; 0
    00000ED9 00                    3866 	.db #0x00	; 0
    00000EDA 5A                    3867 	.db #0x5a	; 90	'Z'
    00000EDB 00                    3868 	.db #0x00	; 0
    00000EDC 00                    3869 	.db #0x00	; 0
    00000EDD 5A                    3870 	.db #0x5a	; 90	'Z'
    00000EDE 00                    3871 	.db #0x00	; 0
    00000EDF 00                    3872 	.db #0x00	; 0
    00000EE0 5A                    3873 	.db #0x5a	; 90	'Z'
    00000EE1 00                    3874 	.db #0x00	; 0
    00000EE2 00                    3875 	.db #0x00	; 0
    00000EE3 5A                    3876 	.db #0x5a	; 90	'Z'
    00000EE4 00                    3877 	.db #0x00	; 0
    00000EE5 00                    3878 	.db #0x00	; 0
    00000EE6 5A                    3879 	.db #0x5a	; 90	'Z'
    00000EE7 00                    3880 	.db #0x00	; 0
    00000EE8 00                    3881 	.db #0x00	; 0
    00000EE9 5A                    3882 	.db #0x5a	; 90	'Z'
    00000EEA 00                    3883 	.db #0x00	; 0
    00000EEB 00                    3884 	.db #0x00	; 0
    00000EEC 5A                    3885 	.db #0x5a	; 90	'Z'
    00000EED 00                    3886 	.db #0x00	; 0
    00000EEE 00                    3887 	.db #0x00	; 0
    00000EEF 5A                    3888 	.db #0x5a	; 90	'Z'
    00000EF0 00                    3889 	.db #0x00	; 0
    00000EF1 00                    3890 	.db #0x00	; 0
    00000EF2 5A                    3891 	.db #0x5a	; 90	'Z'
    00000EF3 00                    3892 	.db #0x00	; 0
    00000EF4 00                    3893 	.db #0x00	; 0
    00000EF5 5A                    3894 	.db #0x5a	; 90	'Z'
    00000EF6 00                    3895 	.db #0x00	; 0
    00000EF7 00                    3896 	.db #0x00	; 0
    00000EF8 5A                    3897 	.db #0x5a	; 90	'Z'
    00000EF9 00                    3898 	.db #0x00	; 0
    00000EFA 00                    3899 	.db #0x00	; 0
    00000EFB 5A                    3900 	.db #0x5a	; 90	'Z'
    00000EFC 00                    3901 	.db #0x00	; 0
    00000EFD 00                    3902 	.db #0x00	; 0
    00000EFE 5A                    3903 	.db #0x5a	; 90	'Z'
    00000EFF 00                    3904 	.db #0x00	; 0
    00000F00 00                    3905 	.db #0x00	; 0
    00000F01                       3906 _P28:
    00000F01 0D                    3907 	.db #0x0d	; 13
    00000F02 10                    3908 	.db #0x10	; 16
    00000F03 00                    3909 	.db #0x00	; 0
    00000F04 5A                    3910 	.db #0x5a	; 90	'Z'
    00000F05 00                    3911 	.db #0x00	; 0
    00000F06 00                    3912 	.db #0x00	; 0
    00000F07 19                    3913 	.db #0x19	; 25
    00000F08 A0                    3914 	.db #0xa0	; 160
    00000F09 00                    3915 	.db #0x00	; 0
    00000F0A 5A                    3916 	.db #0x5a	; 90	'Z'
    00000F0B 0C                    3917 	.db #0x0c	; 12
    00000F0C 00                    3918 	.db #0x00	; 0
    00000F0D 5A                    3919 	.db #0x5a	; 90	'Z'
    00000F0E 00                    3920 	.db #0x00	; 0
    00000F0F 00                    3921 	.db #0x00	; 0
    00000F10 5A                    3922 	.db #0x5a	; 90	'Z'
    00000F11 00                    3923 	.db #0x00	; 0
    00000F12 00                    3924 	.db #0x00	; 0
    00000F13 19                    3925 	.db #0x19	; 25
    00000F14 A0                    3926 	.db #0xa0	; 160
    00000F15 00                    3927 	.db #0x00	; 0
    00000F16 5A                    3928 	.db #0x5a	; 90	'Z'
    00000F17 0C                    3929 	.db #0x0c	; 12
    00000F18 00                    3930 	.db #0x00	; 0
    00000F19 19                    3931 	.db #0x19	; 25
    00000F1A A0                    3932 	.db #0xa0	; 160
    00000F1B 00                    3933 	.db #0x00	; 0
    00000F1C 5A                    3934 	.db #0x5a	; 90	'Z'
    00000F1D 0C                    3935 	.db #0x0c	; 12
    00000F1E 00                    3936 	.db #0x00	; 0
    00000F1F 5A                    3937 	.db #0x5a	; 90	'Z'
    00000F20 00                    3938 	.db #0x00	; 0
    00000F21 00                    3939 	.db #0x00	; 0
    00000F22 19                    3940 	.db #0x19	; 25
    00000F23 A0                    3941 	.db #0xa0	; 160
    00000F24 00                    3942 	.db #0x00	; 0
    00000F25 1D                    3943 	.db #0x1d	; 29
    00000F26 A0                    3944 	.db #0xa0	; 160
    00000F27 00                    3945 	.db #0x00	; 0
    00000F28 5A                    3946 	.db #0x5a	; 90	'Z'
    00000F29 0C                    3947 	.db #0x0c	; 12
    00000F2A 00                    3948 	.db #0x00	; 0
    00000F2B 5A                    3949 	.db #0x5a	; 90	'Z'
    00000F2C 00                    3950 	.db #0x00	; 0
    00000F2D 00                    3951 	.db #0x00	; 0
    00000F2E 1D                    3952 	.db #0x1d	; 29
    00000F2F A0                    3953 	.db #0xa0	; 160
    00000F30 00                    3954 	.db #0x00	; 0
    00000F31 5A                    3955 	.db #0x5a	; 90	'Z'
    00000F32 0C                    3956 	.db #0x0c	; 12
    00000F33 00                    3957 	.db #0x00	; 0
    00000F34 1E                    3958 	.db #0x1e	; 30
    00000F35 A0                    3959 	.db #0xa0	; 160
    00000F36 00                    3960 	.db #0x00	; 0
    00000F37 1D                    3961 	.db #0x1d	; 29
    00000F38 A0                    3962 	.db #0xa0	; 160
    00000F39 00                    3963 	.db #0x00	; 0
    00000F3A 5A                    3964 	.db #0x5a	; 90	'Z'
    00000F3B 0C                    3965 	.db #0x0c	; 12
    00000F3C 00                    3966 	.db #0x00	; 0
    00000F3D 1D                    3967 	.db #0x1d	; 29
    00000F3E A0                    3968 	.db #0xa0	; 160
    00000F3F 00                    3969 	.db #0x00	; 0
    00000F40 5A                    3970 	.db #0x5a	; 90	'Z'
    00000F41 0C                    3971 	.db #0x0c	; 12
    00000F42 00                    3972 	.db #0x00	; 0
    00000F43 5A                    3973 	.db #0x5a	; 90	'Z'
    00000F44 00                    3974 	.db #0x00	; 0
    00000F45 00                    3975 	.db #0x00	; 0
    00000F46 1D                    3976 	.db #0x1d	; 29
    00000F47 A0                    3977 	.db #0xa0	; 160
    00000F48 00                    3978 	.db #0x00	; 0
    00000F49 1E                    3979 	.db #0x1e	; 30
    00000F4A A0                    3980 	.db #0xa0	; 160
    00000F4B 00                    3981 	.db #0x00	; 0
    00000F4C 5A                    3982 	.db #0x5a	; 90	'Z'
    00000F4D 0C                    3983 	.db #0x0c	; 12
    00000F4E 00                    3984 	.db #0x00	; 0
    00000F4F 5A                    3985 	.db #0x5a	; 90	'Z'
    00000F50 00                    3986 	.db #0x00	; 0
    00000F51 00                    3987 	.db #0x00	; 0
    00000F52 1E                    3988 	.db #0x1e	; 30
    00000F53 A0                    3989 	.db #0xa0	; 160
    00000F54 00                    3990 	.db #0x00	; 0
    00000F55 5A                    3991 	.db #0x5a	; 90	'Z'
    00000F56 0C                    3992 	.db #0x0c	; 12
    00000F57 00                    3993 	.db #0x00	; 0
    00000F58 20                    3994 	.db #0x20	; 32
    00000F59 A0                    3995 	.db #0xa0	; 160
    00000F5A 00                    3996 	.db #0x00	; 0
    00000F5B 5A                    3997 	.db #0x5a	; 90	'Z'
    00000F5C 0C                    3998 	.db #0x0c	; 12
    00000F5D 00                    3999 	.db #0x00	; 0
    00000F5E 5A                    4000 	.db #0x5a	; 90	'Z'
    00000F5F 00                    4001 	.db #0x00	; 0
    00000F60 00                    4002 	.db #0x00	; 0
    00000F61 1E                    4003 	.db #0x1e	; 30
    00000F62 A0                    4004 	.db #0xa0	; 160
    00000F63 00                    4005 	.db #0x00	; 0
    00000F64 5A                    4006 	.db #0x5a	; 90	'Z'
    00000F65 0C                    4007 	.db #0x0c	; 12
    00000F66 00                    4008 	.db #0x00	; 0
    00000F67 5A                    4009 	.db #0x5a	; 90	'Z'
    00000F68 00                    4010 	.db #0x00	; 0
    00000F69 00                    4011 	.db #0x00	; 0
    00000F6A 1E                    4012 	.db #0x1e	; 30
    00000F6B A0                    4013 	.db #0xa0	; 160
    00000F6C 00                    4014 	.db #0x00	; 0
    00000F6D 20                    4015 	.db #0x20	; 32
    00000F6E A0                    4016 	.db #0xa0	; 160
    00000F6F 00                    4017 	.db #0x00	; 0
    00000F70 5A                    4018 	.db #0x5a	; 90	'Z'
    00000F71 0C                    4019 	.db #0x0c	; 12
    00000F72 00                    4020 	.db #0x00	; 0
    00000F73 5A                    4021 	.db #0x5a	; 90	'Z'
    00000F74 00                    4022 	.db #0x00	; 0
    00000F75 00                    4023 	.db #0x00	; 0
    00000F76 20                    4024 	.db #0x20	; 32
    00000F77 A0                    4025 	.db #0xa0	; 160
    00000F78 00                    4026 	.db #0x00	; 0
    00000F79 5A                    4027 	.db #0x5a	; 90	'Z'
    00000F7A 0C                    4028 	.db #0x0c	; 12
    00000F7B 00                    4029 	.db #0x00	; 0
    00000F7C 24                    4030 	.db #0x24	; 36
    00000F7D A0                    4031 	.db #0xa0	; 160
    00000F7E 00                    4032 	.db #0x00	; 0
    00000F7F 5A                    4033 	.db #0x5a	; 90	'Z'
    00000F80 0C                    4034 	.db #0x0c	; 12
    00000F81 00                    4035 	.db #0x00	; 0
    00000F82 5A                    4036 	.db #0x5a	; 90	'Z'
    00000F83 00                    4037 	.db #0x00	; 0
    00000F84 00                    4038 	.db #0x00	; 0
    00000F85 20                    4039 	.db #0x20	; 32
    00000F86 A0                    4040 	.db #0xa0	; 160
    00000F87 00                    4041 	.db #0x00	; 0
    00000F88 5A                    4042 	.db #0x5a	; 90	'Z'
    00000F89 0C                    4043 	.db #0x0c	; 12
    00000F8A 00                    4044 	.db #0x00	; 0
    00000F8B 5A                    4045 	.db #0x5a	; 90	'Z'
    00000F8C 00                    4046 	.db #0x00	; 0
    00000F8D 00                    4047 	.db #0x00	; 0
    00000F8E 20                    4048 	.db #0x20	; 32
    00000F8F A0                    4049 	.db #0xa0	; 160
    00000F90 00                    4050 	.db #0x00	; 0
    00000F91 5A                    4051 	.db #0x5a	; 90	'Z'
    00000F92 0C                    4052 	.db #0x0c	; 12
    00000F93 00                    4053 	.db #0x00	; 0
    00000F94 5A                    4054 	.db #0x5a	; 90	'Z'
    00000F95 00                    4055 	.db #0x00	; 0
    00000F96 00                    4056 	.db #0x00	; 0
    00000F97 5A                    4057 	.db #0x5a	; 90	'Z'
    00000F98 00                    4058 	.db #0x00	; 0
    00000F99 00                    4059 	.db #0x00	; 0
    00000F9A 5A                    4060 	.db #0x5a	; 90	'Z'
    00000F9B 00                    4061 	.db #0x00	; 0
    00000F9C 00                    4062 	.db #0x00	; 0
    00000F9D 5A                    4063 	.db #0x5a	; 90	'Z'
    00000F9E 00                    4064 	.db #0x00	; 0
    00000F9F 00                    4065 	.db #0x00	; 0
    00000FA0 5A                    4066 	.db #0x5a	; 90	'Z'
    00000FA1 00                    4067 	.db #0x00	; 0
    00000FA2 00                    4068 	.db #0x00	; 0
    00000FA3 5A                    4069 	.db #0x5a	; 90	'Z'
    00000FA4 00                    4070 	.db #0x00	; 0
    00000FA5 00                    4071 	.db #0x00	; 0
    00000FA6 5A                    4072 	.db #0x5a	; 90	'Z'
    00000FA7 00                    4073 	.db #0x00	; 0
    00000FA8 00                    4074 	.db #0x00	; 0
    00000FA9 5A                    4075 	.db #0x5a	; 90	'Z'
    00000FAA 00                    4076 	.db #0x00	; 0
    00000FAB 00                    4077 	.db #0x00	; 0
    00000FAC 5A                    4078 	.db #0x5a	; 90	'Z'
    00000FAD 00                    4079 	.db #0x00	; 0
    00000FAE 00                    4080 	.db #0x00	; 0
    00000FAF 5A                    4081 	.db #0x5a	; 90	'Z'
    00000FB0 00                    4082 	.db #0x00	; 0
    00000FB1 00                    4083 	.db #0x00	; 0
    00000FB2 5A                    4084 	.db #0x5a	; 90	'Z'
    00000FB3 00                    4085 	.db #0x00	; 0
    00000FB4 00                    4086 	.db #0x00	; 0
    00000FB5 5A                    4087 	.db #0x5a	; 90	'Z'
    00000FB6 00                    4088 	.db #0x00	; 0
    00000FB7 00                    4089 	.db #0x00	; 0
    00000FB8 5A                    4090 	.db #0x5a	; 90	'Z'
    00000FB9 00                    4091 	.db #0x00	; 0
    00000FBA 00                    4092 	.db #0x00	; 0
    00000FBB 5A                    4093 	.db #0x5a	; 90	'Z'
    00000FBC 00                    4094 	.db #0x00	; 0
    00000FBD 00                    4095 	.db #0x00	; 0
    00000FBE 5A                    4096 	.db #0x5a	; 90	'Z'
    00000FBF 00                    4097 	.db #0x00	; 0
    00000FC0 00                    4098 	.db #0x00	; 0
    00000FC1                       4099 _P29:
    00000FC1 31                    4100 	.db #0x31	; 49	'1'
    00000FC2 10                    4101 	.db #0x10	; 16
    00000FC3 00                    4102 	.db #0x00	; 0
    00000FC4 5A                    4103 	.db #0x5a	; 90	'Z'
    00000FC5 00                    4104 	.db #0x00	; 0
    00000FC6 00                    4105 	.db #0x00	; 0
    00000FC7 5A                    4106 	.db #0x5a	; 90	'Z'
    00000FC8 00                    4107 	.db #0x00	; 0
    00000FC9 00                    4108 	.db #0x00	; 0
    00000FCA 5A                    4109 	.db #0x5a	; 90	'Z'
    00000FCB 00                    4110 	.db #0x00	; 0
    00000FCC 00                    4111 	.db #0x00	; 0
    00000FCD 5A                    4112 	.db #0x5a	; 90	'Z'
    00000FCE 00                    4113 	.db #0x00	; 0
    00000FCF 00                    4114 	.db #0x00	; 0
    00000FD0 2A                    4115 	.db #0x2a	; 42
    00000FD1 10                    4116 	.db #0x10	; 16
    00000FD2 00                    4117 	.db #0x00	; 0
    00000FD3 5A                    4118 	.db #0x5a	; 90	'Z'
    00000FD4 00                    4119 	.db #0x00	; 0
    00000FD5 00                    4120 	.db #0x00	; 0
    00000FD6 5A                    4121 	.db #0x5a	; 90	'Z'
    00000FD7 00                    4122 	.db #0x00	; 0
    00000FD8 00                    4123 	.db #0x00	; 0
    00000FD9 2C                    4124 	.db #0x2c	; 44
    00000FDA 10                    4125 	.db #0x10	; 16
    00000FDB 00                    4126 	.db #0x00	; 0
    00000FDC 5A                    4127 	.db #0x5a	; 90	'Z'
    00000FDD 00                    4128 	.db #0x00	; 0
    00000FDE 00                    4129 	.db #0x00	; 0
    00000FDF 5A                    4130 	.db #0x5a	; 90	'Z'
    00000FE0 00                    4131 	.db #0x00	; 0
    00000FE1 00                    4132 	.db #0x00	; 0
    00000FE2 5A                    4133 	.db #0x5a	; 90	'Z'
    00000FE3 00                    4134 	.db #0x00	; 0
    00000FE4 00                    4135 	.db #0x00	; 0
    00000FE5 31                    4136 	.db #0x31	; 49	'1'
    00000FE6 10                    4137 	.db #0x10	; 16
    00000FE7 00                    4138 	.db #0x00	; 0
    00000FE8 5A                    4139 	.db #0x5a	; 90	'Z'
    00000FE9 00                    4140 	.db #0x00	; 0
    00000FEA 00                    4141 	.db #0x00	; 0
    00000FEB 5A                    4142 	.db #0x5a	; 90	'Z'
    00000FEC 00                    4143 	.db #0x00	; 0
    00000FED 00                    4144 	.db #0x00	; 0
    00000FEE 36                    4145 	.db #0x36	; 54	'6'
    00000FEF 10                    4146 	.db #0x10	; 16
    00000FF0 00                    4147 	.db #0x00	; 0
    00000FF1 5A                    4148 	.db #0x5a	; 90	'Z'
    00000FF2 00                    4149 	.db #0x00	; 0
    00000FF3 00                    4150 	.db #0x00	; 0
    00000FF4 5A                    4151 	.db #0x5a	; 90	'Z'
    00000FF5 00                    4152 	.db #0x00	; 0
    00000FF6 00                    4153 	.db #0x00	; 0
    00000FF7 35                    4154 	.db #0x35	; 53	'5'
    00000FF8 10                    4155 	.db #0x10	; 16
    00000FF9 00                    4156 	.db #0x00	; 0
    00000FFA 5A                    4157 	.db #0x5a	; 90	'Z'
    00000FFB 00                    4158 	.db #0x00	; 0
    00000FFC 00                    4159 	.db #0x00	; 0
    00000FFD 2A                    4160 	.db #0x2a	; 42
    00000FFE 10                    4161 	.db #0x10	; 16
    00000FFF 00                    4162 	.db #0x00	; 0
    00001000 33                    4163 	.db #0x33	; 51	'3'
    00001001 10                    4164 	.db #0x10	; 16
    00001002 00                    4165 	.db #0x00	; 0
    00001003 5A                    4166 	.db #0x5a	; 90	'Z'
    00001004 00                    4167 	.db #0x00	; 0
    00001005 00                    4168 	.db #0x00	; 0
    00001006 5A                    4169 	.db #0x5a	; 90	'Z'
    00001007 00                    4170 	.db #0x00	; 0
    00001008 00                    4171 	.db #0x00	; 0
    00001009 31                    4172 	.db #0x31	; 49	'1'
    0000100A 10                    4173 	.db #0x10	; 16
    0000100B 00                    4174 	.db #0x00	; 0
    0000100C 5A                    4175 	.db #0x5a	; 90	'Z'
    0000100D 00                    4176 	.db #0x00	; 0
    0000100E 00                    4177 	.db #0x00	; 0
    0000100F 5A                    4178 	.db #0x5a	; 90	'Z'
    00001010 00                    4179 	.db #0x00	; 0
    00001011 00                    4180 	.db #0x00	; 0
    00001012 5A                    4181 	.db #0x5a	; 90	'Z'
    00001013 00                    4182 	.db #0x00	; 0
    00001014 00                    4183 	.db #0x00	; 0
    00001015 5A                    4184 	.db #0x5a	; 90	'Z'
    00001016 00                    4185 	.db #0x00	; 0
    00001017 00                    4186 	.db #0x00	; 0
    00001018 2A                    4187 	.db #0x2a	; 42
    00001019 10                    4188 	.db #0x10	; 16
    0000101A 00                    4189 	.db #0x00	; 0
    0000101B 5A                    4190 	.db #0x5a	; 90	'Z'
    0000101C 00                    4191 	.db #0x00	; 0
    0000101D 00                    4192 	.db #0x00	; 0
    0000101E 5A                    4193 	.db #0x5a	; 90	'Z'
    0000101F 00                    4194 	.db #0x00	; 0
    00001020 00                    4195 	.db #0x00	; 0
    00001021 2C                    4196 	.db #0x2c	; 44
    00001022 10                    4197 	.db #0x10	; 16
    00001023 00                    4198 	.db #0x00	; 0
    00001024 5A                    4199 	.db #0x5a	; 90	'Z'
    00001025 00                    4200 	.db #0x00	; 0
    00001026 00                    4201 	.db #0x00	; 0
    00001027 5A                    4202 	.db #0x5a	; 90	'Z'
    00001028 00                    4203 	.db #0x00	; 0
    00001029 00                    4204 	.db #0x00	; 0
    0000102A 5A                    4205 	.db #0x5a	; 90	'Z'
    0000102B 00                    4206 	.db #0x00	; 0
    0000102C 00                    4207 	.db #0x00	; 0
    0000102D 31                    4208 	.db #0x31	; 49	'1'
    0000102E 10                    4209 	.db #0x10	; 16
    0000102F 00                    4210 	.db #0x00	; 0
    00001030 5A                    4211 	.db #0x5a	; 90	'Z'
    00001031 00                    4212 	.db #0x00	; 0
    00001032 00                    4213 	.db #0x00	; 0
    00001033 5A                    4214 	.db #0x5a	; 90	'Z'
    00001034 00                    4215 	.db #0x00	; 0
    00001035 00                    4216 	.db #0x00	; 0
    00001036 36                    4217 	.db #0x36	; 54	'6'
    00001037 10                    4218 	.db #0x10	; 16
    00001038 00                    4219 	.db #0x00	; 0
    00001039 5A                    4220 	.db #0x5a	; 90	'Z'
    0000103A 00                    4221 	.db #0x00	; 0
    0000103B 00                    4222 	.db #0x00	; 0
    0000103C 5A                    4223 	.db #0x5a	; 90	'Z'
    0000103D 00                    4224 	.db #0x00	; 0
    0000103E 00                    4225 	.db #0x00	; 0
    0000103F 35                    4226 	.db #0x35	; 53	'5'
    00001040 10                    4227 	.db #0x10	; 16
    00001041 00                    4228 	.db #0x00	; 0
    00001042 5A                    4229 	.db #0x5a	; 90	'Z'
    00001043 00                    4230 	.db #0x00	; 0
    00001044 00                    4231 	.db #0x00	; 0
    00001045 36                    4232 	.db #0x36	; 54	'6'
    00001046 10                    4233 	.db #0x10	; 16
    00001047 00                    4234 	.db #0x00	; 0
    00001048 38                    4235 	.db #0x38	; 56	'8'
    00001049 10                    4236 	.db #0x10	; 16
    0000104A 00                    4237 	.db #0x00	; 0
    0000104B 5A                    4238 	.db #0x5a	; 90	'Z'
    0000104C 00                    4239 	.db #0x00	; 0
    0000104D 00                    4240 	.db #0x00	; 0
    0000104E 5A                    4241 	.db #0x5a	; 90	'Z'
    0000104F 00                    4242 	.db #0x00	; 0
    00001050 00                    4243 	.db #0x00	; 0
    00001051 5A                    4244 	.db #0x5a	; 90	'Z'
    00001052 00                    4245 	.db #0x00	; 0
    00001053 00                    4246 	.db #0x00	; 0
    00001054 5A                    4247 	.db #0x5a	; 90	'Z'
    00001055 00                    4248 	.db #0x00	; 0
    00001056 00                    4249 	.db #0x00	; 0
    00001057 5A                    4250 	.db #0x5a	; 90	'Z'
    00001058 00                    4251 	.db #0x00	; 0
    00001059 00                    4252 	.db #0x00	; 0
    0000105A 5A                    4253 	.db #0x5a	; 90	'Z'
    0000105B 00                    4254 	.db #0x00	; 0
    0000105C 00                    4255 	.db #0x00	; 0
    0000105D 5A                    4256 	.db #0x5a	; 90	'Z'
    0000105E 00                    4257 	.db #0x00	; 0
    0000105F 00                    4258 	.db #0x00	; 0
    00001060 5A                    4259 	.db #0x5a	; 90	'Z'
    00001061 00                    4260 	.db #0x00	; 0
    00001062 00                    4261 	.db #0x00	; 0
    00001063 5A                    4262 	.db #0x5a	; 90	'Z'
    00001064 00                    4263 	.db #0x00	; 0
    00001065 00                    4264 	.db #0x00	; 0
    00001066 5A                    4265 	.db #0x5a	; 90	'Z'
    00001067 00                    4266 	.db #0x00	; 0
    00001068 00                    4267 	.db #0x00	; 0
    00001069 5A                    4268 	.db #0x5a	; 90	'Z'
    0000106A 00                    4269 	.db #0x00	; 0
    0000106B 00                    4270 	.db #0x00	; 0
    0000106C 5A                    4271 	.db #0x5a	; 90	'Z'
    0000106D 00                    4272 	.db #0x00	; 0
    0000106E 00                    4273 	.db #0x00	; 0
    0000106F 5A                    4274 	.db #0x5a	; 90	'Z'
    00001070 00                    4275 	.db #0x00	; 0
    00001071 00                    4276 	.db #0x00	; 0
    00001072 5A                    4277 	.db #0x5a	; 90	'Z'
    00001073 00                    4278 	.db #0x00	; 0
    00001074 00                    4279 	.db #0x00	; 0
    00001075 5A                    4280 	.db #0x5a	; 90	'Z'
    00001076 00                    4281 	.db #0x00	; 0
    00001077 00                    4282 	.db #0x00	; 0
    00001078 5A                    4283 	.db #0x5a	; 90	'Z'
    00001079 00                    4284 	.db #0x00	; 0
    0000107A 00                    4285 	.db #0x00	; 0
    0000107B 5A                    4286 	.db #0x5a	; 90	'Z'
    0000107C 00                    4287 	.db #0x00	; 0
    0000107D 00                    4288 	.db #0x00	; 0
    0000107E 5A                    4289 	.db #0x5a	; 90	'Z'
    0000107F 00                    4290 	.db #0x00	; 0
    00001080 00                    4291 	.db #0x00	; 0
    00001081                       4292 _P30:
    00001081 25                    4293 	.db #0x25	; 37
    00001082 29                    4294 	.db #0x29	; 41
    00001083 00                    4295 	.db #0x00	; 0
    00001084 25                    4296 	.db #0x25	; 37
    00001085 77                    4297 	.db #0x77	; 119	'w'
    00001086 02                    4298 	.db #0x02	; 2
    00001087 5A                    4299 	.db #0x5a	; 90	'Z'
    00001088 00                    4300 	.db #0x00	; 0
    00001089 00                    4301 	.db #0x00	; 0
    0000108A 2A                    4302 	.db #0x2a	; 42
    0000108B 29                    4303 	.db #0x29	; 41
    0000108C 00                    4304 	.db #0x00	; 0
    0000108D 2A                    4305 	.db #0x2a	; 42
    0000108E 77                    4306 	.db #0x77	; 119	'w'
    0000108F 02                    4307 	.db #0x02	; 2
    00001090 5A                    4308 	.db #0x5a	; 90	'Z'
    00001091 00                    4309 	.db #0x00	; 0
    00001092 00                    4310 	.db #0x00	; 0
    00001093 29                    4311 	.db #0x29	; 41
    00001094 29                    4312 	.db #0x29	; 41
    00001095 00                    4313 	.db #0x00	; 0
    00001096 29                    4314 	.db #0x29	; 41
    00001097 77                    4315 	.db #0x77	; 119	'w'
    00001098 02                    4316 	.db #0x02	; 2
    00001099 5A                    4317 	.db #0x5a	; 90	'Z'
    0000109A 00                    4318 	.db #0x00	; 0
    0000109B 00                    4319 	.db #0x00	; 0
    0000109C 27                    4320 	.db #0x27	; 39
    0000109D 29                    4321 	.db #0x29	; 41
    0000109E 00                    4322 	.db #0x00	; 0
    0000109F 27                    4323 	.db #0x27	; 39
    000010A0 77                    4324 	.db #0x77	; 119	'w'
    000010A1 02                    4325 	.db #0x02	; 2
    000010A2 5A                    4326 	.db #0x5a	; 90	'Z'
    000010A3 00                    4327 	.db #0x00	; 0
    000010A4 00                    4328 	.db #0x00	; 0
    000010A5 25                    4329 	.db #0x25	; 37
    000010A6 29                    4330 	.db #0x29	; 41
    000010A7 00                    4331 	.db #0x00	; 0
    000010A8 25                    4332 	.db #0x25	; 37
    000010A9 77                    4333 	.db #0x77	; 119	'w'
    000010AA 02                    4334 	.db #0x02	; 2
    000010AB 5A                    4335 	.db #0x5a	; 90	'Z'
    000010AC 00                    4336 	.db #0x00	; 0
    000010AD 00                    4337 	.db #0x00	; 0
    000010AE 2A                    4338 	.db #0x2a	; 42
    000010AF 29                    4339 	.db #0x29	; 41
    000010B0 00                    4340 	.db #0x00	; 0
    000010B1 2A                    4341 	.db #0x2a	; 42
    000010B2 77                    4342 	.db #0x77	; 119	'w'
    000010B3 02                    4343 	.db #0x02	; 2
    000010B4 5A                    4344 	.db #0x5a	; 90	'Z'
    000010B5 00                    4345 	.db #0x00	; 0
    000010B6 00                    4346 	.db #0x00	; 0
    000010B7 29                    4347 	.db #0x29	; 41
    000010B8 29                    4348 	.db #0x29	; 41
    000010B9 00                    4349 	.db #0x00	; 0
    000010BA 29                    4350 	.db #0x29	; 41
    000010BB 77                    4351 	.db #0x77	; 119	'w'
    000010BC 02                    4352 	.db #0x02	; 2
    000010BD 5A                    4353 	.db #0x5a	; 90	'Z'
    000010BE 00                    4354 	.db #0x00	; 0
    000010BF 00                    4355 	.db #0x00	; 0
    000010C0 27                    4356 	.db #0x27	; 39
    000010C1 29                    4357 	.db #0x29	; 41
    000010C2 00                    4358 	.db #0x00	; 0
    000010C3 27                    4359 	.db #0x27	; 39
    000010C4 77                    4360 	.db #0x77	; 119	'w'
    000010C5 02                    4361 	.db #0x02	; 2
    000010C6 5A                    4362 	.db #0x5a	; 90	'Z'
    000010C7 00                    4363 	.db #0x00	; 0
    000010C8 00                    4364 	.db #0x00	; 0
    000010C9 25                    4365 	.db #0x25	; 37
    000010CA 29                    4366 	.db #0x29	; 41
    000010CB 00                    4367 	.db #0x00	; 0
    000010CC 25                    4368 	.db #0x25	; 37
    000010CD 77                    4369 	.db #0x77	; 119	'w'
    000010CE 02                    4370 	.db #0x02	; 2
    000010CF 5A                    4371 	.db #0x5a	; 90	'Z'
    000010D0 00                    4372 	.db #0x00	; 0
    000010D1 00                    4373 	.db #0x00	; 0
    000010D2 2A                    4374 	.db #0x2a	; 42
    000010D3 29                    4375 	.db #0x29	; 41
    000010D4 00                    4376 	.db #0x00	; 0
    000010D5 2A                    4377 	.db #0x2a	; 42
    000010D6 77                    4378 	.db #0x77	; 119	'w'
    000010D7 02                    4379 	.db #0x02	; 2
    000010D8 5A                    4380 	.db #0x5a	; 90	'Z'
    000010D9 00                    4381 	.db #0x00	; 0
    000010DA 00                    4382 	.db #0x00	; 0
    000010DB 29                    4383 	.db #0x29	; 41
    000010DC 29                    4384 	.db #0x29	; 41
    000010DD 00                    4385 	.db #0x00	; 0
    000010DE 29                    4386 	.db #0x29	; 41
    000010DF 77                    4387 	.db #0x77	; 119	'w'
    000010E0 02                    4388 	.db #0x02	; 2
    000010E1 5A                    4389 	.db #0x5a	; 90	'Z'
    000010E2 00                    4390 	.db #0x00	; 0
    000010E3 00                    4391 	.db #0x00	; 0
    000010E4 27                    4392 	.db #0x27	; 39
    000010E5 29                    4393 	.db #0x29	; 41
    000010E6 00                    4394 	.db #0x00	; 0
    000010E7 27                    4395 	.db #0x27	; 39
    000010E8 77                    4396 	.db #0x77	; 119	'w'
    000010E9 02                    4397 	.db #0x02	; 2
    000010EA 5A                    4398 	.db #0x5a	; 90	'Z'
    000010EB 00                    4399 	.db #0x00	; 0
    000010EC 00                    4400 	.db #0x00	; 0
    000010ED 2C                    4401 	.db #0x2c	; 44
    000010EE 29                    4402 	.db #0x29	; 41
    000010EF 00                    4403 	.db #0x00	; 0
    000010F0 2C                    4404 	.db #0x2c	; 44
    000010F1 77                    4405 	.db #0x77	; 119	'w'
    000010F2 02                    4406 	.db #0x02	; 2
    000010F3 5A                    4407 	.db #0x5a	; 90	'Z'
    000010F4 00                    4408 	.db #0x00	; 0
    000010F5 00                    4409 	.db #0x00	; 0
    000010F6 2A                    4410 	.db #0x2a	; 42
    000010F7 29                    4411 	.db #0x29	; 41
    000010F8 00                    4412 	.db #0x00	; 0
    000010F9 2A                    4413 	.db #0x2a	; 42
    000010FA 77                    4414 	.db #0x77	; 119	'w'
    000010FB 02                    4415 	.db #0x02	; 2
    000010FC 5A                    4416 	.db #0x5a	; 90	'Z'
    000010FD 00                    4417 	.db #0x00	; 0
    000010FE 00                    4418 	.db #0x00	; 0
    000010FF 29                    4419 	.db #0x29	; 41
    00001100 29                    4420 	.db #0x29	; 41
    00001101 00                    4421 	.db #0x00	; 0
    00001102 29                    4422 	.db #0x29	; 41
    00001103 77                    4423 	.db #0x77	; 119	'w'
    00001104 02                    4424 	.db #0x02	; 2
    00001105 5A                    4425 	.db #0x5a	; 90	'Z'
    00001106 00                    4426 	.db #0x00	; 0
    00001107 00                    4427 	.db #0x00	; 0
    00001108 24                    4428 	.db #0x24	; 36
    00001109 29                    4429 	.db #0x29	; 41
    0000110A 00                    4430 	.db #0x00	; 0
    0000110B 24                    4431 	.db #0x24	; 36
    0000110C 77                    4432 	.db #0x77	; 119	'w'
    0000110D 02                    4433 	.db #0x02	; 2
    0000110E 5A                    4434 	.db #0x5a	; 90	'Z'
    0000110F 00                    4435 	.db #0x00	; 0
    00001110 00                    4436 	.db #0x00	; 0
    00001111 25                    4437 	.db #0x25	; 37
    00001112 29                    4438 	.db #0x29	; 41
    00001113 00                    4439 	.db #0x00	; 0
    00001114 5A                    4440 	.db #0x5a	; 90	'Z'
    00001115 00                    4441 	.db #0x00	; 0
    00001116 00                    4442 	.db #0x00	; 0
    00001117 5A                    4443 	.db #0x5a	; 90	'Z'
    00001118 00                    4444 	.db #0x00	; 0
    00001119 00                    4445 	.db #0x00	; 0
    0000111A 5A                    4446 	.db #0x5a	; 90	'Z'
    0000111B 00                    4447 	.db #0x00	; 0
    0000111C 00                    4448 	.db #0x00	; 0
    0000111D 5A                    4449 	.db #0x5a	; 90	'Z'
    0000111E 00                    4450 	.db #0x00	; 0
    0000111F 00                    4451 	.db #0x00	; 0
    00001120 5A                    4452 	.db #0x5a	; 90	'Z'
    00001121 00                    4453 	.db #0x00	; 0
    00001122 00                    4454 	.db #0x00	; 0
    00001123 5A                    4455 	.db #0x5a	; 90	'Z'
    00001124 00                    4456 	.db #0x00	; 0
    00001125 00                    4457 	.db #0x00	; 0
    00001126 5A                    4458 	.db #0x5a	; 90	'Z'
    00001127 00                    4459 	.db #0x00	; 0
    00001128 00                    4460 	.db #0x00	; 0
    00001129 5A                    4461 	.db #0x5a	; 90	'Z'
    0000112A 00                    4462 	.db #0x00	; 0
    0000112B 00                    4463 	.db #0x00	; 0
    0000112C 5A                    4464 	.db #0x5a	; 90	'Z'
    0000112D 00                    4465 	.db #0x00	; 0
    0000112E 00                    4466 	.db #0x00	; 0
    0000112F 5A                    4467 	.db #0x5a	; 90	'Z'
    00001130 00                    4468 	.db #0x00	; 0
    00001131 00                    4469 	.db #0x00	; 0
    00001132 5A                    4470 	.db #0x5a	; 90	'Z'
    00001133 00                    4471 	.db #0x00	; 0
    00001134 00                    4472 	.db #0x00	; 0
    00001135 5A                    4473 	.db #0x5a	; 90	'Z'
    00001136 00                    4474 	.db #0x00	; 0
    00001137 00                    4475 	.db #0x00	; 0
    00001138 5A                    4476 	.db #0x5a	; 90	'Z'
    00001139 00                    4477 	.db #0x00	; 0
    0000113A 00                    4478 	.db #0x00	; 0
    0000113B 5A                    4479 	.db #0x5a	; 90	'Z'
    0000113C 00                    4480 	.db #0x00	; 0
    0000113D 00                    4481 	.db #0x00	; 0
    0000113E 5A                    4482 	.db #0x5a	; 90	'Z'
    0000113F 00                    4483 	.db #0x00	; 0
    00001140 00                    4484 	.db #0x00	; 0
    00001141                       4485 _P31:
    00001141 10                    4486 	.db #0x10	; 16
    00001142 22                    4487 	.db #0x22	; 34
    00001143 C0                    4488 	.db #0xc0	; 192
    00001144 5A                    4489 	.db #0x5a	; 90	'Z'
    00001145 0C                    4490 	.db #0x0c	; 12
    00001146 00                    4491 	.db #0x00	; 0
    00001147 5A                    4492 	.db #0x5a	; 90	'Z'
    00001148 00                    4493 	.db #0x00	; 0
    00001149 00                    4494 	.db #0x00	; 0
    0000114A 5A                    4495 	.db #0x5a	; 90	'Z'
    0000114B 00                    4496 	.db #0x00	; 0
    0000114C 00                    4497 	.db #0x00	; 0
    0000114D 5A                    4498 	.db #0x5a	; 90	'Z'
    0000114E 00                    4499 	.db #0x00	; 0
    0000114F 00                    4500 	.db #0x00	; 0
    00001150 10                    4501 	.db #0x10	; 16
    00001151 22                    4502 	.db #0x22	; 34
    00001152 C0                    4503 	.db #0xc0	; 192
    00001153 5A                    4504 	.db #0x5a	; 90	'Z'
    00001154 0C                    4505 	.db #0x0c	; 12
    00001155 00                    4506 	.db #0x00	; 0
    00001156 5A                    4507 	.db #0x5a	; 90	'Z'
    00001157 00                    4508 	.db #0x00	; 0
    00001158 00                    4509 	.db #0x00	; 0
    00001159 10                    4510 	.db #0x10	; 16
    0000115A 22                    4511 	.db #0x22	; 34
    0000115B C0                    4512 	.db #0xc0	; 192
    0000115C 5A                    4513 	.db #0x5a	; 90	'Z'
    0000115D 0C                    4514 	.db #0x0c	; 12
    0000115E 00                    4515 	.db #0x00	; 0
    0000115F 5A                    4516 	.db #0x5a	; 90	'Z'
    00001160 00                    4517 	.db #0x00	; 0
    00001161 00                    4518 	.db #0x00	; 0
    00001162 5A                    4519 	.db #0x5a	; 90	'Z'
    00001163 00                    4520 	.db #0x00	; 0
    00001164 00                    4521 	.db #0x00	; 0
    00001165 10                    4522 	.db #0x10	; 16
    00001166 22                    4523 	.db #0x22	; 34
    00001167 C0                    4524 	.db #0xc0	; 192
    00001168 5A                    4525 	.db #0x5a	; 90	'Z'
    00001169 0C                    4526 	.db #0x0c	; 12
    0000116A 00                    4527 	.db #0x00	; 0
    0000116B 5A                    4528 	.db #0x5a	; 90	'Z'
    0000116C 00                    4529 	.db #0x00	; 0
    0000116D 00                    4530 	.db #0x00	; 0
    0000116E 5A                    4531 	.db #0x5a	; 90	'Z'
    0000116F 00                    4532 	.db #0x00	; 0
    00001170 00                    4533 	.db #0x00	; 0
    00001171 5A                    4534 	.db #0x5a	; 90	'Z'
    00001172 00                    4535 	.db #0x00	; 0
    00001173 00                    4536 	.db #0x00	; 0
    00001174 10                    4537 	.db #0x10	; 16
    00001175 22                    4538 	.db #0x22	; 34
    00001176 C0                    4539 	.db #0xc0	; 192
    00001177 5A                    4540 	.db #0x5a	; 90	'Z'
    00001178 0C                    4541 	.db #0x0c	; 12
    00001179 00                    4542 	.db #0x00	; 0
    0000117A 5A                    4543 	.db #0x5a	; 90	'Z'
    0000117B 00                    4544 	.db #0x00	; 0
    0000117C 00                    4545 	.db #0x00	; 0
    0000117D 10                    4546 	.db #0x10	; 16
    0000117E 22                    4547 	.db #0x22	; 34
    0000117F C0                    4548 	.db #0xc0	; 192
    00001180 5A                    4549 	.db #0x5a	; 90	'Z'
    00001181 0C                    4550 	.db #0x0c	; 12
    00001182 00                    4551 	.db #0x00	; 0
    00001183 5A                    4552 	.db #0x5a	; 90	'Z'
    00001184 00                    4553 	.db #0x00	; 0
    00001185 00                    4554 	.db #0x00	; 0
    00001186 5A                    4555 	.db #0x5a	; 90	'Z'
    00001187 00                    4556 	.db #0x00	; 0
    00001188 00                    4557 	.db #0x00	; 0
    00001189 25                    4558 	.db #0x25	; 37
    0000118A A0                    4559 	.db #0xa0	; 160
    0000118B 00                    4560 	.db #0x00	; 0
    0000118C 5A                    4561 	.db #0x5a	; 90	'Z'
    0000118D 00                    4562 	.db #0x00	; 0
    0000118E 00                    4563 	.db #0x00	; 0
    0000118F 5A                    4564 	.db #0x5a	; 90	'Z'
    00001190 0C                    4565 	.db #0x0c	; 12
    00001191 08                    4566 	.db #0x08	; 8
    00001192 2A                    4567 	.db #0x2a	; 42
    00001193 A0                    4568 	.db #0xa0	; 160
    00001194 00                    4569 	.db #0x00	; 0
    00001195 5A                    4570 	.db #0x5a	; 90	'Z'
    00001196 00                    4571 	.db #0x00	; 0
    00001197 00                    4572 	.db #0x00	; 0
    00001198 5A                    4573 	.db #0x5a	; 90	'Z'
    00001199 0C                    4574 	.db #0x0c	; 12
    0000119A 08                    4575 	.db #0x08	; 8
    0000119B 29                    4576 	.db #0x29	; 41
    0000119C A0                    4577 	.db #0xa0	; 160
    0000119D 00                    4578 	.db #0x00	; 0
    0000119E 5A                    4579 	.db #0x5a	; 90	'Z'
    0000119F 00                    4580 	.db #0x00	; 0
    000011A0 00                    4581 	.db #0x00	; 0
    000011A1 5A                    4582 	.db #0x5a	; 90	'Z'
    000011A2 0C                    4583 	.db #0x0c	; 12
    000011A3 08                    4584 	.db #0x08	; 8
    000011A4 27                    4585 	.db #0x27	; 39
    000011A5 A0                    4586 	.db #0xa0	; 160
    000011A6 00                    4587 	.db #0x00	; 0
    000011A7 5A                    4588 	.db #0x5a	; 90	'Z'
    000011A8 00                    4589 	.db #0x00	; 0
    000011A9 00                    4590 	.db #0x00	; 0
    000011AA 5A                    4591 	.db #0x5a	; 90	'Z'
    000011AB 0C                    4592 	.db #0x0c	; 12
    000011AC 08                    4593 	.db #0x08	; 8
    000011AD 2C                    4594 	.db #0x2c	; 44
    000011AE A0                    4595 	.db #0xa0	; 160
    000011AF 00                    4596 	.db #0x00	; 0
    000011B0 5A                    4597 	.db #0x5a	; 90	'Z'
    000011B1 00                    4598 	.db #0x00	; 0
    000011B2 00                    4599 	.db #0x00	; 0
    000011B3 5A                    4600 	.db #0x5a	; 90	'Z'
    000011B4 0C                    4601 	.db #0x0c	; 12
    000011B5 08                    4602 	.db #0x08	; 8
    000011B6 2A                    4603 	.db #0x2a	; 42
    000011B7 A0                    4604 	.db #0xa0	; 160
    000011B8 00                    4605 	.db #0x00	; 0
    000011B9 5A                    4606 	.db #0x5a	; 90	'Z'
    000011BA 00                    4607 	.db #0x00	; 0
    000011BB 00                    4608 	.db #0x00	; 0
    000011BC 5A                    4609 	.db #0x5a	; 90	'Z'
    000011BD 0C                    4610 	.db #0x0c	; 12
    000011BE 08                    4611 	.db #0x08	; 8
    000011BF 29                    4612 	.db #0x29	; 41
    000011C0 A0                    4613 	.db #0xa0	; 160
    000011C1 00                    4614 	.db #0x00	; 0
    000011C2 5A                    4615 	.db #0x5a	; 90	'Z'
    000011C3 00                    4616 	.db #0x00	; 0
    000011C4 00                    4617 	.db #0x00	; 0
    000011C5 5A                    4618 	.db #0x5a	; 90	'Z'
    000011C6 0C                    4619 	.db #0x0c	; 12
    000011C7 08                    4620 	.db #0x08	; 8
    000011C8 24                    4621 	.db #0x24	; 36
    000011C9 A0                    4622 	.db #0xa0	; 160
    000011CA 00                    4623 	.db #0x00	; 0
    000011CB 5A                    4624 	.db #0x5a	; 90	'Z'
    000011CC 00                    4625 	.db #0x00	; 0
    000011CD 00                    4626 	.db #0x00	; 0
    000011CE 5A                    4627 	.db #0x5a	; 90	'Z'
    000011CF 0C                    4628 	.db #0x0c	; 12
    000011D0 08                    4629 	.db #0x08	; 8
    000011D1 25                    4630 	.db #0x25	; 37
    000011D2 A0                    4631 	.db #0xa0	; 160
    000011D3 00                    4632 	.db #0x00	; 0
    000011D4 5A                    4633 	.db #0x5a	; 90	'Z'
    000011D5 00                    4634 	.db #0x00	; 0
    000011D6 00                    4635 	.db #0x00	; 0
    000011D7 5A                    4636 	.db #0x5a	; 90	'Z'
    000011D8 00                    4637 	.db #0x00	; 0
    000011D9 00                    4638 	.db #0x00	; 0
    000011DA 5A                    4639 	.db #0x5a	; 90	'Z'
    000011DB 0C                    4640 	.db #0x0c	; 12
    000011DC 08                    4641 	.db #0x08	; 8
    000011DD 5A                    4642 	.db #0x5a	; 90	'Z'
    000011DE 00                    4643 	.db #0x00	; 0
    000011DF 00                    4644 	.db #0x00	; 0
    000011E0 5A                    4645 	.db #0x5a	; 90	'Z'
    000011E1 0C                    4646 	.db #0x0c	; 12
    000011E2 05                    4647 	.db #0x05	; 5
    000011E3 5A                    4648 	.db #0x5a	; 90	'Z'
    000011E4 00                    4649 	.db #0x00	; 0
    000011E5 00                    4650 	.db #0x00	; 0
    000011E6 5A                    4651 	.db #0x5a	; 90	'Z'
    000011E7 0C                    4652 	.db #0x0c	; 12
    000011E8 03                    4653 	.db #0x03	; 3
    000011E9 5A                    4654 	.db #0x5a	; 90	'Z'
    000011EA 00                    4655 	.db #0x00	; 0
    000011EB 00                    4656 	.db #0x00	; 0
    000011EC 5A                    4657 	.db #0x5a	; 90	'Z'
    000011ED 0C                    4658 	.db #0x0c	; 12
    000011EE 01                    4659 	.db #0x01	; 1
    000011EF 5A                    4660 	.db #0x5a	; 90	'Z'
    000011F0 0C                    4661 	.db #0x0c	; 12
    000011F1 00                    4662 	.db #0x00	; 0
    000011F2 5A                    4663 	.db #0x5a	; 90	'Z'
    000011F3 00                    4664 	.db #0x00	; 0
    000011F4 00                    4665 	.db #0x00	; 0
    000011F5 5A                    4666 	.db #0x5a	; 90	'Z'
    000011F6 00                    4667 	.db #0x00	; 0
    000011F7 00                    4668 	.db #0x00	; 0
    000011F8 5A                    4669 	.db #0x5a	; 90	'Z'
    000011F9 00                    4670 	.db #0x00	; 0
    000011FA 00                    4671 	.db #0x00	; 0
    000011FB 5A                    4672 	.db #0x5a	; 90	'Z'
    000011FC 00                    4673 	.db #0x00	; 0
    000011FD 00                    4674 	.db #0x00	; 0
    000011FE 5A                    4675 	.db #0x5a	; 90	'Z'
    000011FF 00                    4676 	.db #0x00	; 0
    00001200 00                    4677 	.db #0x00	; 0
    00001201                       4678 _P32:
    00001201 0D                    4679 	.db #0x0d	; 13
    00001202 A0                    4680 	.db #0xa0	; 160
    00001203 00                    4681 	.db #0x00	; 0
    00001204 14                    4682 	.db #0x14	; 20
    00001205 A0                    4683 	.db #0xa0	; 160
    00001206 00                    4684 	.db #0x00	; 0
    00001207 19                    4685 	.db #0x19	; 25
    00001208 A0                    4686 	.db #0xa0	; 160
    00001209 00                    4687 	.db #0x00	; 0
    0000120A 0D                    4688 	.db #0x0d	; 13
    0000120B A0                    4689 	.db #0xa0	; 160
    0000120C 00                    4690 	.db #0x00	; 0
    0000120D 14                    4691 	.db #0x14	; 20
    0000120E A0                    4692 	.db #0xa0	; 160
    0000120F 00                    4693 	.db #0x00	; 0
    00001210 19                    4694 	.db #0x19	; 25
    00001211 A0                    4695 	.db #0xa0	; 160
    00001212 00                    4696 	.db #0x00	; 0
    00001213 0D                    4697 	.db #0x0d	; 13
    00001214 A0                    4698 	.db #0xa0	; 160
    00001215 00                    4699 	.db #0x00	; 0
    00001216 14                    4700 	.db #0x14	; 20
    00001217 A0                    4701 	.db #0xa0	; 160
    00001218 00                    4702 	.db #0x00	; 0
    00001219 19                    4703 	.db #0x19	; 25
    0000121A A0                    4704 	.db #0xa0	; 160
    0000121B 00                    4705 	.db #0x00	; 0
    0000121C 0D                    4706 	.db #0x0d	; 13
    0000121D A0                    4707 	.db #0xa0	; 160
    0000121E 00                    4708 	.db #0x00	; 0
    0000121F 14                    4709 	.db #0x14	; 20
    00001220 A0                    4710 	.db #0xa0	; 160
    00001221 00                    4711 	.db #0x00	; 0
    00001222 19                    4712 	.db #0x19	; 25
    00001223 A0                    4713 	.db #0xa0	; 160
    00001224 00                    4714 	.db #0x00	; 0
    00001225 11                    4715 	.db #0x11	; 17
    00001226 A0                    4716 	.db #0xa0	; 160
    00001227 00                    4717 	.db #0x00	; 0
    00001228 14                    4718 	.db #0x14	; 20
    00001229 A0                    4719 	.db #0xa0	; 160
    0000122A 00                    4720 	.db #0x00	; 0
    0000122B 1D                    4721 	.db #0x1d	; 29
    0000122C A0                    4722 	.db #0xa0	; 160
    0000122D 00                    4723 	.db #0x00	; 0
    0000122E 11                    4724 	.db #0x11	; 17
    0000122F A0                    4725 	.db #0xa0	; 160
    00001230 00                    4726 	.db #0x00	; 0
    00001231 14                    4727 	.db #0x14	; 20
    00001232 A0                    4728 	.db #0xa0	; 160
    00001233 00                    4729 	.db #0x00	; 0
    00001234 1D                    4730 	.db #0x1d	; 29
    00001235 A0                    4731 	.db #0xa0	; 160
    00001236 00                    4732 	.db #0x00	; 0
    00001237 11                    4733 	.db #0x11	; 17
    00001238 A0                    4734 	.db #0xa0	; 160
    00001239 00                    4735 	.db #0x00	; 0
    0000123A 14                    4736 	.db #0x14	; 20
    0000123B A0                    4737 	.db #0xa0	; 160
    0000123C 00                    4738 	.db #0x00	; 0
    0000123D 1D                    4739 	.db #0x1d	; 29
    0000123E A0                    4740 	.db #0xa0	; 160
    0000123F 00                    4741 	.db #0x00	; 0
    00001240 11                    4742 	.db #0x11	; 17
    00001241 A0                    4743 	.db #0xa0	; 160
    00001242 00                    4744 	.db #0x00	; 0
    00001243 14                    4745 	.db #0x14	; 20
    00001244 A0                    4746 	.db #0xa0	; 160
    00001245 00                    4747 	.db #0x00	; 0
    00001246 1D                    4748 	.db #0x1d	; 29
    00001247 A0                    4749 	.db #0xa0	; 160
    00001248 00                    4750 	.db #0x00	; 0
    00001249 1E                    4751 	.db #0x1e	; 30
    0000124A A0                    4752 	.db #0xa0	; 160
    0000124B 00                    4753 	.db #0x00	; 0
    0000124C 5A                    4754 	.db #0x5a	; 90	'Z'
    0000124D 00                    4755 	.db #0x00	; 0
    0000124E 00                    4756 	.db #0x00	; 0
    0000124F 5A                    4757 	.db #0x5a	; 90	'Z'
    00001250 0C                    4758 	.db #0x0c	; 12
    00001251 00                    4759 	.db #0x00	; 0
    00001252 5A                    4760 	.db #0x5a	; 90	'Z'
    00001253 00                    4761 	.db #0x00	; 0
    00001254 00                    4762 	.db #0x00	; 0
    00001255 5A                    4763 	.db #0x5a	; 90	'Z'
    00001256 00                    4764 	.db #0x00	; 0
    00001257 00                    4765 	.db #0x00	; 0
    00001258 5A                    4766 	.db #0x5a	; 90	'Z'
    00001259 00                    4767 	.db #0x00	; 0
    0000125A 00                    4768 	.db #0x00	; 0
    0000125B 5A                    4769 	.db #0x5a	; 90	'Z'
    0000125C 00                    4770 	.db #0x00	; 0
    0000125D 00                    4771 	.db #0x00	; 0
    0000125E 5A                    4772 	.db #0x5a	; 90	'Z'
    0000125F 00                    4773 	.db #0x00	; 0
    00001260 00                    4774 	.db #0x00	; 0
    00001261 5A                    4775 	.db #0x5a	; 90	'Z'
    00001262 00                    4776 	.db #0x00	; 0
    00001263 00                    4777 	.db #0x00	; 0
    00001264 5A                    4778 	.db #0x5a	; 90	'Z'
    00001265 00                    4779 	.db #0x00	; 0
    00001266 00                    4780 	.db #0x00	; 0
    00001267 5A                    4781 	.db #0x5a	; 90	'Z'
    00001268 00                    4782 	.db #0x00	; 0
    00001269 00                    4783 	.db #0x00	; 0
    0000126A 1E                    4784 	.db #0x1e	; 30
    0000126B A0                    4785 	.db #0xa0	; 160
    0000126C 00                    4786 	.db #0x00	; 0
    0000126D 20                    4787 	.db #0x20	; 32
    0000126E A0                    4788 	.db #0xa0	; 160
    0000126F 00                    4789 	.db #0x00	; 0
    00001270 5A                    4790 	.db #0x5a	; 90	'Z'
    00001271 00                    4791 	.db #0x00	; 0
    00001272 00                    4792 	.db #0x00	; 0
    00001273 5A                    4793 	.db #0x5a	; 90	'Z'
    00001274 0C                    4794 	.db #0x0c	; 12
    00001275 00                    4795 	.db #0x00	; 0
    00001276 5A                    4796 	.db #0x5a	; 90	'Z'
    00001277 00                    4797 	.db #0x00	; 0
    00001278 00                    4798 	.db #0x00	; 0
    00001279 5A                    4799 	.db #0x5a	; 90	'Z'
    0000127A 00                    4800 	.db #0x00	; 0
    0000127B 00                    4801 	.db #0x00	; 0
    0000127C 5A                    4802 	.db #0x5a	; 90	'Z'
    0000127D 00                    4803 	.db #0x00	; 0
    0000127E 00                    4804 	.db #0x00	; 0
    0000127F 5A                    4805 	.db #0x5a	; 90	'Z'
    00001280 00                    4806 	.db #0x00	; 0
    00001281 00                    4807 	.db #0x00	; 0
    00001282 5A                    4808 	.db #0x5a	; 90	'Z'
    00001283 00                    4809 	.db #0x00	; 0
    00001284 00                    4810 	.db #0x00	; 0
    00001285 5A                    4811 	.db #0x5a	; 90	'Z'
    00001286 00                    4812 	.db #0x00	; 0
    00001287 00                    4813 	.db #0x00	; 0
    00001288 5A                    4814 	.db #0x5a	; 90	'Z'
    00001289 00                    4815 	.db #0x00	; 0
    0000128A 00                    4816 	.db #0x00	; 0
    0000128B 5A                    4817 	.db #0x5a	; 90	'Z'
    0000128C 00                    4818 	.db #0x00	; 0
    0000128D 00                    4819 	.db #0x00	; 0
    0000128E 5A                    4820 	.db #0x5a	; 90	'Z'
    0000128F 00                    4821 	.db #0x00	; 0
    00001290 00                    4822 	.db #0x00	; 0
    00001291 19                    4823 	.db #0x19	; 25
    00001292 A0                    4824 	.db #0xa0	; 160
    00001293 00                    4825 	.db #0x00	; 0
    00001294 5A                    4826 	.db #0x5a	; 90	'Z'
    00001295 00                    4827 	.db #0x00	; 0
    00001296 00                    4828 	.db #0x00	; 0
    00001297 5A                    4829 	.db #0x5a	; 90	'Z'
    00001298 00                    4830 	.db #0x00	; 0
    00001299 00                    4831 	.db #0x00	; 0
    0000129A 5A                    4832 	.db #0x5a	; 90	'Z'
    0000129B 0C                    4833 	.db #0x0c	; 12
    0000129C 00                    4834 	.db #0x00	; 0
    0000129D 5A                    4835 	.db #0x5a	; 90	'Z'
    0000129E 00                    4836 	.db #0x00	; 0
    0000129F 00                    4837 	.db #0x00	; 0
    000012A0 5A                    4838 	.db #0x5a	; 90	'Z'
    000012A1 00                    4839 	.db #0x00	; 0
    000012A2 00                    4840 	.db #0x00	; 0
    000012A3 5A                    4841 	.db #0x5a	; 90	'Z'
    000012A4 00                    4842 	.db #0x00	; 0
    000012A5 00                    4843 	.db #0x00	; 0
    000012A6 5A                    4844 	.db #0x5a	; 90	'Z'
    000012A7 00                    4845 	.db #0x00	; 0
    000012A8 00                    4846 	.db #0x00	; 0
    000012A9 5A                    4847 	.db #0x5a	; 90	'Z'
    000012AA 00                    4848 	.db #0x00	; 0
    000012AB 00                    4849 	.db #0x00	; 0
    000012AC 5A                    4850 	.db #0x5a	; 90	'Z'
    000012AD 00                    4851 	.db #0x00	; 0
    000012AE 00                    4852 	.db #0x00	; 0
    000012AF 5A                    4853 	.db #0x5a	; 90	'Z'
    000012B0 00                    4854 	.db #0x00	; 0
    000012B1 00                    4855 	.db #0x00	; 0
    000012B2 5A                    4856 	.db #0x5a	; 90	'Z'
    000012B3 00                    4857 	.db #0x00	; 0
    000012B4 00                    4858 	.db #0x00	; 0
    000012B5 5A                    4859 	.db #0x5a	; 90	'Z'
    000012B6 00                    4860 	.db #0x00	; 0
    000012B7 00                    4861 	.db #0x00	; 0
    000012B8 5A                    4862 	.db #0x5a	; 90	'Z'
    000012B9 00                    4863 	.db #0x00	; 0
    000012BA 00                    4864 	.db #0x00	; 0
    000012BB 5A                    4865 	.db #0x5a	; 90	'Z'
    000012BC 00                    4866 	.db #0x00	; 0
    000012BD 00                    4867 	.db #0x00	; 0
    000012BE 5A                    4868 	.db #0x5a	; 90	'Z'
    000012BF 00                    4869 	.db #0x00	; 0
    000012C0 00                    4870 	.db #0x00	; 0
    000012C1                       4871 _P33:
    000012C1 1D                    4872 	.db #0x1d	; 29
    000012C2 40                    4873 	.db #0x40	; 64
    000012C3 00                    4874 	.db #0x00	; 0
    000012C4 5A                    4875 	.db #0x5a	; 90	'Z'
    000012C5 00                    4876 	.db #0x00	; 0
    000012C6 00                    4877 	.db #0x00	; 0
    000012C7 5A                    4878 	.db #0x5a	; 90	'Z'
    000012C8 00                    4879 	.db #0x00	; 0
    000012C9 00                    4880 	.db #0x00	; 0
    000012CA 1F                    4881 	.db #0x1f	; 31
    000012CB 70                    4882 	.db #0x70	; 112	'p'
    000012CC 00                    4883 	.db #0x00	; 0
    000012CD 5A                    4884 	.db #0x5a	; 90	'Z'
    000012CE 00                    4885 	.db #0x00	; 0
    000012CF 00                    4886 	.db #0x00	; 0
    000012D0 15                    4887 	.db #0x15	; 21
    000012D1 10                    4888 	.db #0x10	; 16
    000012D2 00                    4889 	.db #0x00	; 0
    000012D3 15                    4890 	.db #0x15	; 21
    000012D4 10                    4891 	.db #0x10	; 16
    000012D5 00                    4892 	.db #0x00	; 0
    000012D6 5A                    4893 	.db #0x5a	; 90	'Z'
    000012D7 00                    4894 	.db #0x00	; 0
    000012D8 00                    4895 	.db #0x00	; 0
    000012D9 15                    4896 	.db #0x15	; 21
    000012DA 10                    4897 	.db #0x10	; 16
    000012DB 00                    4898 	.db #0x00	; 0
    000012DC 1F                    4899 	.db #0x1f	; 31
    000012DD 70                    4900 	.db #0x70	; 112	'p'
    000012DE 00                    4901 	.db #0x00	; 0
    000012DF 5A                    4902 	.db #0x5a	; 90	'Z'
    000012E0 00                    4903 	.db #0x00	; 0
    000012E1 00                    4904 	.db #0x00	; 0
    000012E2 15                    4905 	.db #0x15	; 21
    000012E3 10                    4906 	.db #0x10	; 16
    000012E4 00                    4907 	.db #0x00	; 0
    000012E5 1D                    4908 	.db #0x1d	; 29
    000012E6 40                    4909 	.db #0x40	; 64
    000012E7 00                    4910 	.db #0x00	; 0
    000012E8 5A                    4911 	.db #0x5a	; 90	'Z'
    000012E9 00                    4912 	.db #0x00	; 0
    000012EA 00                    4913 	.db #0x00	; 0
    000012EB 5A                    4914 	.db #0x5a	; 90	'Z'
    000012EC 00                    4915 	.db #0x00	; 0
    000012ED 00                    4916 	.db #0x00	; 0
    000012EE 1F                    4917 	.db #0x1f	; 31
    000012EF 70                    4918 	.db #0x70	; 112	'p'
    000012F0 00                    4919 	.db #0x00	; 0
    000012F1 5A                    4920 	.db #0x5a	; 90	'Z'
    000012F2 00                    4921 	.db #0x00	; 0
    000012F3 00                    4922 	.db #0x00	; 0
    000012F4 15                    4923 	.db #0x15	; 21
    000012F5 10                    4924 	.db #0x10	; 16
    000012F6 00                    4925 	.db #0x00	; 0
    000012F7 15                    4926 	.db #0x15	; 21
    000012F8 10                    4927 	.db #0x10	; 16
    000012F9 00                    4928 	.db #0x00	; 0
    000012FA 5A                    4929 	.db #0x5a	; 90	'Z'
    000012FB 00                    4930 	.db #0x00	; 0
    000012FC 00                    4931 	.db #0x00	; 0
    000012FD 15                    4932 	.db #0x15	; 21
    000012FE 10                    4933 	.db #0x10	; 16
    000012FF 00                    4934 	.db #0x00	; 0
    00001300 1F                    4935 	.db #0x1f	; 31
    00001301 70                    4936 	.db #0x70	; 112	'p'
    00001302 00                    4937 	.db #0x00	; 0
    00001303 5A                    4938 	.db #0x5a	; 90	'Z'
    00001304 00                    4939 	.db #0x00	; 0
    00001305 00                    4940 	.db #0x00	; 0
    00001306 15                    4941 	.db #0x15	; 21
    00001307 10                    4942 	.db #0x10	; 16
    00001308 00                    4943 	.db #0x00	; 0
    00001309 1D                    4944 	.db #0x1d	; 29
    0000130A 10                    4945 	.db #0x10	; 16
    0000130B 00                    4946 	.db #0x00	; 0
    0000130C 5A                    4947 	.db #0x5a	; 90	'Z'
    0000130D 00                    4948 	.db #0x00	; 0
    0000130E 00                    4949 	.db #0x00	; 0
    0000130F 1D                    4950 	.db #0x1d	; 29
    00001310 10                    4951 	.db #0x10	; 16
    00001311 00                    4952 	.db #0x00	; 0
    00001312 1D                    4953 	.db #0x1d	; 29
    00001313 10                    4954 	.db #0x10	; 16
    00001314 00                    4955 	.db #0x00	; 0
    00001315 5A                    4956 	.db #0x5a	; 90	'Z'
    00001316 00                    4957 	.db #0x00	; 0
    00001317 00                    4958 	.db #0x00	; 0
    00001318 1D                    4959 	.db #0x1d	; 29
    00001319 10                    4960 	.db #0x10	; 16
    0000131A 00                    4961 	.db #0x00	; 0
    0000131B 1D                    4962 	.db #0x1d	; 29
    0000131C 10                    4963 	.db #0x10	; 16
    0000131D 00                    4964 	.db #0x00	; 0
    0000131E 5A                    4965 	.db #0x5a	; 90	'Z'
    0000131F 00                    4966 	.db #0x00	; 0
    00001320 00                    4967 	.db #0x00	; 0
    00001321 1D                    4968 	.db #0x1d	; 29
    00001322 10                    4969 	.db #0x10	; 16
    00001323 00                    4970 	.db #0x00	; 0
    00001324 1D                    4971 	.db #0x1d	; 29
    00001325 10                    4972 	.db #0x10	; 16
    00001326 00                    4973 	.db #0x00	; 0
    00001327 5A                    4974 	.db #0x5a	; 90	'Z'
    00001328 00                    4975 	.db #0x00	; 0
    00001329 00                    4976 	.db #0x00	; 0
    0000132A 1D                    4977 	.db #0x1d	; 29
    0000132B 10                    4978 	.db #0x10	; 16
    0000132C 00                    4979 	.db #0x00	; 0
    0000132D 1D                    4980 	.db #0x1d	; 29
    0000132E 10                    4981 	.db #0x10	; 16
    0000132F 00                    4982 	.db #0x00	; 0
    00001330 5A                    4983 	.db #0x5a	; 90	'Z'
    00001331 00                    4984 	.db #0x00	; 0
    00001332 00                    4985 	.db #0x00	; 0
    00001333 1D                    4986 	.db #0x1d	; 29
    00001334 10                    4987 	.db #0x10	; 16
    00001335 00                    4988 	.db #0x00	; 0
    00001336 1D                    4989 	.db #0x1d	; 29
    00001337 10                    4990 	.db #0x10	; 16
    00001338 00                    4991 	.db #0x00	; 0
    00001339 5A                    4992 	.db #0x5a	; 90	'Z'
    0000133A 00                    4993 	.db #0x00	; 0
    0000133B 00                    4994 	.db #0x00	; 0
    0000133C 1D                    4995 	.db #0x1d	; 29
    0000133D 10                    4996 	.db #0x10	; 16
    0000133E 00                    4997 	.db #0x00	; 0
    0000133F 1D                    4998 	.db #0x1d	; 29
    00001340 10                    4999 	.db #0x10	; 16
    00001341 00                    5000 	.db #0x00	; 0
    00001342 5A                    5001 	.db #0x5a	; 90	'Z'
    00001343 00                    5002 	.db #0x00	; 0
    00001344 00                    5003 	.db #0x00	; 0
    00001345 1D                    5004 	.db #0x1d	; 29
    00001346 10                    5005 	.db #0x10	; 16
    00001347 00                    5006 	.db #0x00	; 0
    00001348 1A                    5007 	.db #0x1a	; 26
    00001349 70                    5008 	.db #0x70	; 112	'p'
    0000134A 00                    5009 	.db #0x00	; 0
    0000134B 5A                    5010 	.db #0x5a	; 90	'Z'
    0000134C 00                    5011 	.db #0x00	; 0
    0000134D 00                    5012 	.db #0x00	; 0
    0000134E 5A                    5013 	.db #0x5a	; 90	'Z'
    0000134F 00                    5014 	.db #0x00	; 0
    00001350 00                    5015 	.db #0x00	; 0
    00001351 1D                    5016 	.db #0x1d	; 29
    00001352 70                    5017 	.db #0x70	; 112	'p'
    00001353 00                    5018 	.db #0x00	; 0
    00001354 5A                    5019 	.db #0x5a	; 90	'Z'
    00001355 00                    5020 	.db #0x00	; 0
    00001356 00                    5021 	.db #0x00	; 0
    00001357 5A                    5022 	.db #0x5a	; 90	'Z'
    00001358 00                    5023 	.db #0x00	; 0
    00001359 00                    5024 	.db #0x00	; 0
    0000135A 5A                    5025 	.db #0x5a	; 90	'Z'
    0000135B 00                    5026 	.db #0x00	; 0
    0000135C 00                    5027 	.db #0x00	; 0
    0000135D 5A                    5028 	.db #0x5a	; 90	'Z'
    0000135E 00                    5029 	.db #0x00	; 0
    0000135F 00                    5030 	.db #0x00	; 0
    00001360 5A                    5031 	.db #0x5a	; 90	'Z'
    00001361 00                    5032 	.db #0x00	; 0
    00001362 00                    5033 	.db #0x00	; 0
    00001363 5A                    5034 	.db #0x5a	; 90	'Z'
    00001364 00                    5035 	.db #0x00	; 0
    00001365 00                    5036 	.db #0x00	; 0
    00001366 5A                    5037 	.db #0x5a	; 90	'Z'
    00001367 00                    5038 	.db #0x00	; 0
    00001368 00                    5039 	.db #0x00	; 0
    00001369 5A                    5040 	.db #0x5a	; 90	'Z'
    0000136A 00                    5041 	.db #0x00	; 0
    0000136B 00                    5042 	.db #0x00	; 0
    0000136C 5A                    5043 	.db #0x5a	; 90	'Z'
    0000136D 00                    5044 	.db #0x00	; 0
    0000136E 00                    5045 	.db #0x00	; 0
    0000136F 5A                    5046 	.db #0x5a	; 90	'Z'
    00001370 00                    5047 	.db #0x00	; 0
    00001371 00                    5048 	.db #0x00	; 0
    00001372 5A                    5049 	.db #0x5a	; 90	'Z'
    00001373 00                    5050 	.db #0x00	; 0
    00001374 00                    5051 	.db #0x00	; 0
    00001375 5A                    5052 	.db #0x5a	; 90	'Z'
    00001376 00                    5053 	.db #0x00	; 0
    00001377 00                    5054 	.db #0x00	; 0
    00001378 5A                    5055 	.db #0x5a	; 90	'Z'
    00001379 00                    5056 	.db #0x00	; 0
    0000137A 00                    5057 	.db #0x00	; 0
    0000137B 5A                    5058 	.db #0x5a	; 90	'Z'
    0000137C 00                    5059 	.db #0x00	; 0
    0000137D 00                    5060 	.db #0x00	; 0
    0000137E 5A                    5061 	.db #0x5a	; 90	'Z'
    0000137F 00                    5062 	.db #0x00	; 0
    00001380 00                    5063 	.db #0x00	; 0
    00001381                       5064 _itSquareSP10:
    00001381 24                    5065 	.db #0x24	; 36
    00001382 00                    5066 	.db #0x00	; 0
    00001383 00                    5067 	.db #0x00	; 0
    00001384 30                    5068 	.db #0x30	; 48	'0'
    00001385 00                    5069 	.db #0x00	; 0
    00001386 00                    5070 	.db #0x00	; 0
    00001387 24                    5071 	.db #0x24	; 36
    00001388 00                    5072 	.db #0x00	; 0
    00001389 00                    5073 	.db #0x00	; 0
    0000138A 30                    5074 	.db #0x30	; 48	'0'
    0000138B 00                    5075 	.db #0x00	; 0
    0000138C 00                    5076 	.db #0x00	; 0
    0000138D 24                    5077 	.db #0x24	; 36
    0000138E 00                    5078 	.db #0x00	; 0
    0000138F 00                    5079 	.db #0x00	; 0
    00001390 30                    5080 	.db #0x30	; 48	'0'
    00001391 00                    5081 	.db #0x00	; 0
    00001392 00                    5082 	.db #0x00	; 0
    00001393 24                    5083 	.db #0x24	; 36
    00001394 00                    5084 	.db #0x00	; 0
    00001395 00                    5085 	.db #0x00	; 0
    00001396 30                    5086 	.db #0x30	; 48	'0'
    00001397 00                    5087 	.db #0x00	; 0
    00001398 00                    5088 	.db #0x00	; 0
    00001399 24                    5089 	.db #0x24	; 36
    0000139A 00                    5090 	.db #0x00	; 0
    0000139B 00                    5091 	.db #0x00	; 0
    0000139C 30                    5092 	.db #0x30	; 48	'0'
    0000139D 00                    5093 	.db #0x00	; 0
    0000139E 00                    5094 	.db #0x00	; 0
    0000139F 24                    5095 	.db #0x24	; 36
    000013A0 00                    5096 	.db #0x00	; 0
    000013A1 00                    5097 	.db #0x00	; 0
    000013A2 30                    5098 	.db #0x30	; 48	'0'
    000013A3 00                    5099 	.db #0x00	; 0
    000013A4 00                    5100 	.db #0x00	; 0
    000013A5 24                    5101 	.db #0x24	; 36
    000013A6 00                    5102 	.db #0x00	; 0
    000013A7 00                    5103 	.db #0x00	; 0
    000013A8 30                    5104 	.db #0x30	; 48	'0'
    000013A9 00                    5105 	.db #0x00	; 0
    000013AA 00                    5106 	.db #0x00	; 0
    000013AB 24                    5107 	.db #0x24	; 36
    000013AC 00                    5108 	.db #0x00	; 0
    000013AD 00                    5109 	.db #0x00	; 0
    000013AE 30                    5110 	.db #0x30	; 48	'0'
    000013AF 00                    5111 	.db #0x00	; 0
    000013B0 00                    5112 	.db #0x00	; 0
    000013B1 24                    5113 	.db #0x24	; 36
    000013B2 00                    5114 	.db #0x00	; 0
    000013B3 00                    5115 	.db #0x00	; 0
    000013B4 30                    5116 	.db #0x30	; 48	'0'
    000013B5 00                    5117 	.db #0x00	; 0
    000013B6 00                    5118 	.db #0x00	; 0
    000013B7 24                    5119 	.db #0x24	; 36
    000013B8 00                    5120 	.db #0x00	; 0
    000013B9 00                    5121 	.db #0x00	; 0
    000013BA 30                    5122 	.db #0x30	; 48	'0'
    000013BB 00                    5123 	.db #0x00	; 0
    000013BC 00                    5124 	.db #0x00	; 0
    000013BD 24                    5125 	.db #0x24	; 36
    000013BE 00                    5126 	.db #0x00	; 0
    000013BF 00                    5127 	.db #0x00	; 0
    000013C0 30                    5128 	.db #0x30	; 48	'0'
    000013C1 00                    5129 	.db #0x00	; 0
    000013C2 00                    5130 	.db #0x00	; 0
    000013C3 24                    5131 	.db #0x24	; 36
    000013C4 00                    5132 	.db #0x00	; 0
    000013C5 00                    5133 	.db #0x00	; 0
    000013C6 30                    5134 	.db #0x30	; 48	'0'
    000013C7 00                    5135 	.db #0x00	; 0
    000013C8 00                    5136 	.db #0x00	; 0
    000013C9 24                    5137 	.db #0x24	; 36
    000013CA 00                    5138 	.db #0x00	; 0
    000013CB 00                    5139 	.db #0x00	; 0
    000013CC 30                    5140 	.db #0x30	; 48	'0'
    000013CD 00                    5141 	.db #0x00	; 0
    000013CE 00                    5142 	.db #0x00	; 0
    000013CF 24                    5143 	.db #0x24	; 36
    000013D0 00                    5144 	.db #0x00	; 0
    000013D1 00                    5145 	.db #0x00	; 0
    000013D2 30                    5146 	.db #0x30	; 48	'0'
    000013D3 00                    5147 	.db #0x00	; 0
    000013D4 00                    5148 	.db #0x00	; 0
    000013D5 24                    5149 	.db #0x24	; 36
    000013D6 00                    5150 	.db #0x00	; 0
    000013D7 00                    5151 	.db #0x00	; 0
    000013D8 30                    5152 	.db #0x30	; 48	'0'
    000013D9 00                    5153 	.db #0x00	; 0
    000013DA 00                    5154 	.db #0x00	; 0
    000013DB 24                    5155 	.db #0x24	; 36
    000013DC 00                    5156 	.db #0x00	; 0
    000013DD 00                    5157 	.db #0x00	; 0
    000013DE 30                    5158 	.db #0x30	; 48	'0'
    000013DF 10                    5159 	.db #0x10	; 16
    000013E0 00                    5160 	.db #0x00	; 0
    000013E1                       5161 _itWaveSP10:
    000013E1 5A                    5162 	.db #0x5a	; 90	'Z'
    000013E2 00                    5163 	.db #0x00	; 0
    000013E3 00                    5164 	.db #0x00	; 0
    000013E4 5A                    5165 	.db #0x5a	; 90	'Z'
    000013E5 0C                    5166 	.db #0x0c	; 12
    000013E6 08                    5167 	.db #0x08	; 8
    000013E7 5A                    5168 	.db #0x5a	; 90	'Z'
    000013E8 00                    5169 	.db #0x00	; 0
    000013E9 00                    5170 	.db #0x00	; 0
    000013EA 5A                    5171 	.db #0x5a	; 90	'Z'
    000013EB 0C                    5172 	.db #0x0c	; 12
    000013EC 04                    5173 	.db #0x04	; 4
    000013ED 5A                    5174 	.db #0x5a	; 90	'Z'
    000013EE 00                    5175 	.db #0x00	; 0
    000013EF 00                    5176 	.db #0x00	; 0
    000013F0 5A                    5177 	.db #0x5a	; 90	'Z'
    000013F1 00                    5178 	.db #0x00	; 0
    000013F2 00                    5179 	.db #0x00	; 0
    000013F3 5A                    5180 	.db #0x5a	; 90	'Z'
    000013F4 00                    5181 	.db #0x00	; 0
    000013F5 00                    5182 	.db #0x00	; 0
    000013F6 5A                    5183 	.db #0x5a	; 90	'Z'
    000013F7 00                    5184 	.db #0x00	; 0
    000013F8 00                    5185 	.db #0x00	; 0
    000013F9 5A                    5186 	.db #0x5a	; 90	'Z'
    000013FA 00                    5187 	.db #0x00	; 0
    000013FB 00                    5188 	.db #0x00	; 0
    000013FC 5A                    5189 	.db #0x5a	; 90	'Z'
    000013FD 00                    5190 	.db #0x00	; 0
    000013FE 00                    5191 	.db #0x00	; 0
    000013FF 5A                    5192 	.db #0x5a	; 90	'Z'
    00001400 00                    5193 	.db #0x00	; 0
    00001401 00                    5194 	.db #0x00	; 0
    00001402 5A                    5195 	.db #0x5a	; 90	'Z'
    00001403 00                    5196 	.db #0x00	; 0
    00001404 00                    5197 	.db #0x00	; 0
    00001405 5A                    5198 	.db #0x5a	; 90	'Z'
    00001406 00                    5199 	.db #0x00	; 0
    00001407 00                    5200 	.db #0x00	; 0
    00001408 5A                    5201 	.db #0x5a	; 90	'Z'
    00001409 00                    5202 	.db #0x00	; 0
    0000140A 00                    5203 	.db #0x00	; 0
    0000140B 5A                    5204 	.db #0x5a	; 90	'Z'
    0000140C 00                    5205 	.db #0x00	; 0
    0000140D 00                    5206 	.db #0x00	; 0
    0000140E 5A                    5207 	.db #0x5a	; 90	'Z'
    0000140F 00                    5208 	.db #0x00	; 0
    00001410 00                    5209 	.db #0x00	; 0
    00001411 5A                    5210 	.db #0x5a	; 90	'Z'
    00001412 00                    5211 	.db #0x00	; 0
    00001413 00                    5212 	.db #0x00	; 0
    00001414 5A                    5213 	.db #0x5a	; 90	'Z'
    00001415 00                    5214 	.db #0x00	; 0
    00001416 00                    5215 	.db #0x00	; 0
    00001417 5A                    5216 	.db #0x5a	; 90	'Z'
    00001418 00                    5217 	.db #0x00	; 0
    00001419 00                    5218 	.db #0x00	; 0
    0000141A 5A                    5219 	.db #0x5a	; 90	'Z'
    0000141B 00                    5220 	.db #0x00	; 0
    0000141C 00                    5221 	.db #0x00	; 0
    0000141D 5A                    5222 	.db #0x5a	; 90	'Z'
    0000141E 00                    5223 	.db #0x00	; 0
    0000141F 00                    5224 	.db #0x00	; 0
    00001420 5A                    5225 	.db #0x5a	; 90	'Z'
    00001421 00                    5226 	.db #0x00	; 0
    00001422 00                    5227 	.db #0x00	; 0
    00001423 5A                    5228 	.db #0x5a	; 90	'Z'
    00001424 00                    5229 	.db #0x00	; 0
    00001425 00                    5230 	.db #0x00	; 0
    00001426 5A                    5231 	.db #0x5a	; 90	'Z'
    00001427 00                    5232 	.db #0x00	; 0
    00001428 00                    5233 	.db #0x00	; 0
    00001429 5A                    5234 	.db #0x5a	; 90	'Z'
    0000142A 00                    5235 	.db #0x00	; 0
    0000142B 00                    5236 	.db #0x00	; 0
    0000142C 5A                    5237 	.db #0x5a	; 90	'Z'
    0000142D 00                    5238 	.db #0x00	; 0
    0000142E 00                    5239 	.db #0x00	; 0
    0000142F 5A                    5240 	.db #0x5a	; 90	'Z'
    00001430 00                    5241 	.db #0x00	; 0
    00001431 00                    5242 	.db #0x00	; 0
    00001432 5A                    5243 	.db #0x5a	; 90	'Z'
    00001433 00                    5244 	.db #0x00	; 0
    00001434 00                    5245 	.db #0x00	; 0
    00001435 5A                    5246 	.db #0x5a	; 90	'Z'
    00001436 00                    5247 	.db #0x00	; 0
    00001437 00                    5248 	.db #0x00	; 0
    00001438 5A                    5249 	.db #0x5a	; 90	'Z'
    00001439 00                    5250 	.db #0x00	; 0
    0000143A 00                    5251 	.db #0x00	; 0
    0000143B 5A                    5252 	.db #0x5a	; 90	'Z'
    0000143C 00                    5253 	.db #0x00	; 0
    0000143D 00                    5254 	.db #0x00	; 0
    0000143E 5A                    5255 	.db #0x5a	; 90	'Z'
    0000143F 10                    5256 	.db #0x10	; 16
    00001440 00                    5257 	.db #0x00	; 0
    00001441                       5258 _itNoiseSP1:
    00001441 44                    5259 	.db #0x44	; 68	'D'
    00001442 00                    5260 	.db #0x00	; 0
    00001443 00                    5261 	.db #0x00	; 0
    00001444 44                    5262 	.db #0x44	; 68	'D'
    00001445 20                    5263 	.db #0x20	; 32
    00001446 00                    5264 	.db #0x00	; 0
    00001447 5A                    5265 	.db #0x5a	; 90	'Z'
    00001448 00                    5266 	.db #0x00	; 0
    00001449 00                    5267 	.db #0x00	; 0
    0000144A 5A                    5268 	.db #0x5a	; 90	'Z'
    0000144B 00                    5269 	.db #0x00	; 0
    0000144C 00                    5270 	.db #0x00	; 0
    0000144D 5A                    5271 	.db #0x5a	; 90	'Z'
    0000144E 00                    5272 	.db #0x00	; 0
    0000144F 00                    5273 	.db #0x00	; 0
    00001450 5A                    5274 	.db #0x5a	; 90	'Z'
    00001451 00                    5275 	.db #0x00	; 0
    00001452 00                    5276 	.db #0x00	; 0
    00001453 5A                    5277 	.db #0x5a	; 90	'Z'
    00001454 00                    5278 	.db #0x00	; 0
    00001455 00                    5279 	.db #0x00	; 0
    00001456 5A                    5280 	.db #0x5a	; 90	'Z'
    00001457 00                    5281 	.db #0x00	; 0
    00001458 00                    5282 	.db #0x00	; 0
    00001459 5A                    5283 	.db #0x5a	; 90	'Z'
    0000145A 00                    5284 	.db #0x00	; 0
    0000145B 00                    5285 	.db #0x00	; 0
    0000145C 5A                    5286 	.db #0x5a	; 90	'Z'
    0000145D 00                    5287 	.db #0x00	; 0
    0000145E 00                    5288 	.db #0x00	; 0
    0000145F 5A                    5289 	.db #0x5a	; 90	'Z'
    00001460 00                    5290 	.db #0x00	; 0
    00001461 00                    5291 	.db #0x00	; 0
    00001462 5A                    5292 	.db #0x5a	; 90	'Z'
    00001463 00                    5293 	.db #0x00	; 0
    00001464 00                    5294 	.db #0x00	; 0
    00001465 5A                    5295 	.db #0x5a	; 90	'Z'
    00001466 00                    5296 	.db #0x00	; 0
    00001467 00                    5297 	.db #0x00	; 0
    00001468 5A                    5298 	.db #0x5a	; 90	'Z'
    00001469 00                    5299 	.db #0x00	; 0
    0000146A 00                    5300 	.db #0x00	; 0
    0000146B 5A                    5301 	.db #0x5a	; 90	'Z'
    0000146C 00                    5302 	.db #0x00	; 0
    0000146D 00                    5303 	.db #0x00	; 0
    0000146E 5A                    5304 	.db #0x5a	; 90	'Z'
    0000146F 00                    5305 	.db #0x00	; 0
    00001470 00                    5306 	.db #0x00	; 0
    00001471 5A                    5307 	.db #0x5a	; 90	'Z'
    00001472 00                    5308 	.db #0x00	; 0
    00001473 00                    5309 	.db #0x00	; 0
    00001474 5A                    5310 	.db #0x5a	; 90	'Z'
    00001475 00                    5311 	.db #0x00	; 0
    00001476 00                    5312 	.db #0x00	; 0
    00001477 5A                    5313 	.db #0x5a	; 90	'Z'
    00001478 00                    5314 	.db #0x00	; 0
    00001479 00                    5315 	.db #0x00	; 0
    0000147A 5A                    5316 	.db #0x5a	; 90	'Z'
    0000147B 00                    5317 	.db #0x00	; 0
    0000147C 00                    5318 	.db #0x00	; 0
    0000147D 5A                    5319 	.db #0x5a	; 90	'Z'
    0000147E 00                    5320 	.db #0x00	; 0
    0000147F 00                    5321 	.db #0x00	; 0
    00001480 5A                    5322 	.db #0x5a	; 90	'Z'
    00001481 00                    5323 	.db #0x00	; 0
    00001482 00                    5324 	.db #0x00	; 0
    00001483 5A                    5325 	.db #0x5a	; 90	'Z'
    00001484 00                    5326 	.db #0x00	; 0
    00001485 00                    5327 	.db #0x00	; 0
    00001486 5A                    5328 	.db #0x5a	; 90	'Z'
    00001487 00                    5329 	.db #0x00	; 0
    00001488 00                    5330 	.db #0x00	; 0
    00001489 5A                    5331 	.db #0x5a	; 90	'Z'
    0000148A 00                    5332 	.db #0x00	; 0
    0000148B 00                    5333 	.db #0x00	; 0
    0000148C 5A                    5334 	.db #0x5a	; 90	'Z'
    0000148D 00                    5335 	.db #0x00	; 0
    0000148E 00                    5336 	.db #0x00	; 0
    0000148F 5A                    5337 	.db #0x5a	; 90	'Z'
    00001490 00                    5338 	.db #0x00	; 0
    00001491 00                    5339 	.db #0x00	; 0
    00001492 5A                    5340 	.db #0x5a	; 90	'Z'
    00001493 00                    5341 	.db #0x00	; 0
    00001494 00                    5342 	.db #0x00	; 0
    00001495 5A                    5343 	.db #0x5a	; 90	'Z'
    00001496 00                    5344 	.db #0x00	; 0
    00001497 00                    5345 	.db #0x00	; 0
    00001498 5A                    5346 	.db #0x5a	; 90	'Z'
    00001499 00                    5347 	.db #0x00	; 0
    0000149A 00                    5348 	.db #0x00	; 0
    0000149B 5A                    5349 	.db #0x5a	; 90	'Z'
    0000149C 00                    5350 	.db #0x00	; 0
    0000149D 00                    5351 	.db #0x00	; 0
    0000149E 5A                    5352 	.db #0x5a	; 90	'Z'
    0000149F 10                    5353 	.db #0x10	; 16
    000014A0 00                    5354 	.db #0x00	; 0
    000014A1                       5355 _itNoiseSP2:
    000014A1 43                    5356 	.db #0x43	; 67	'C'
    000014A2 00                    5357 	.db #0x00	; 0
    000014A3 00                    5358 	.db #0x00	; 0
    000014A4 43                    5359 	.db #0x43	; 67	'C'
    000014A5 20                    5360 	.db #0x20	; 32
    000014A6 00                    5361 	.db #0x00	; 0
    000014A7 5A                    5362 	.db #0x5a	; 90	'Z'
    000014A8 00                    5363 	.db #0x00	; 0
    000014A9 00                    5364 	.db #0x00	; 0
    000014AA 5A                    5365 	.db #0x5a	; 90	'Z'
    000014AB 00                    5366 	.db #0x00	; 0
    000014AC 00                    5367 	.db #0x00	; 0
    000014AD 5A                    5368 	.db #0x5a	; 90	'Z'
    000014AE 00                    5369 	.db #0x00	; 0
    000014AF 00                    5370 	.db #0x00	; 0
    000014B0 5A                    5371 	.db #0x5a	; 90	'Z'
    000014B1 00                    5372 	.db #0x00	; 0
    000014B2 00                    5373 	.db #0x00	; 0
    000014B3 5A                    5374 	.db #0x5a	; 90	'Z'
    000014B4 00                    5375 	.db #0x00	; 0
    000014B5 00                    5376 	.db #0x00	; 0
    000014B6 5A                    5377 	.db #0x5a	; 90	'Z'
    000014B7 00                    5378 	.db #0x00	; 0
    000014B8 00                    5379 	.db #0x00	; 0
    000014B9 5A                    5380 	.db #0x5a	; 90	'Z'
    000014BA 00                    5381 	.db #0x00	; 0
    000014BB 00                    5382 	.db #0x00	; 0
    000014BC 5A                    5383 	.db #0x5a	; 90	'Z'
    000014BD 00                    5384 	.db #0x00	; 0
    000014BE 00                    5385 	.db #0x00	; 0
    000014BF 5A                    5386 	.db #0x5a	; 90	'Z'
    000014C0 00                    5387 	.db #0x00	; 0
    000014C1 00                    5388 	.db #0x00	; 0
    000014C2 5A                    5389 	.db #0x5a	; 90	'Z'
    000014C3 00                    5390 	.db #0x00	; 0
    000014C4 00                    5391 	.db #0x00	; 0
    000014C5 5A                    5392 	.db #0x5a	; 90	'Z'
    000014C6 00                    5393 	.db #0x00	; 0
    000014C7 00                    5394 	.db #0x00	; 0
    000014C8 5A                    5395 	.db #0x5a	; 90	'Z'
    000014C9 00                    5396 	.db #0x00	; 0
    000014CA 00                    5397 	.db #0x00	; 0
    000014CB 5A                    5398 	.db #0x5a	; 90	'Z'
    000014CC 00                    5399 	.db #0x00	; 0
    000014CD 00                    5400 	.db #0x00	; 0
    000014CE 5A                    5401 	.db #0x5a	; 90	'Z'
    000014CF 00                    5402 	.db #0x00	; 0
    000014D0 00                    5403 	.db #0x00	; 0
    000014D1 5A                    5404 	.db #0x5a	; 90	'Z'
    000014D2 00                    5405 	.db #0x00	; 0
    000014D3 00                    5406 	.db #0x00	; 0
    000014D4 5A                    5407 	.db #0x5a	; 90	'Z'
    000014D5 00                    5408 	.db #0x00	; 0
    000014D6 00                    5409 	.db #0x00	; 0
    000014D7 5A                    5410 	.db #0x5a	; 90	'Z'
    000014D8 00                    5411 	.db #0x00	; 0
    000014D9 00                    5412 	.db #0x00	; 0
    000014DA 5A                    5413 	.db #0x5a	; 90	'Z'
    000014DB 00                    5414 	.db #0x00	; 0
    000014DC 00                    5415 	.db #0x00	; 0
    000014DD 5A                    5416 	.db #0x5a	; 90	'Z'
    000014DE 00                    5417 	.db #0x00	; 0
    000014DF 00                    5418 	.db #0x00	; 0
    000014E0 5A                    5419 	.db #0x5a	; 90	'Z'
    000014E1 00                    5420 	.db #0x00	; 0
    000014E2 00                    5421 	.db #0x00	; 0
    000014E3 5A                    5422 	.db #0x5a	; 90	'Z'
    000014E4 00                    5423 	.db #0x00	; 0
    000014E5 00                    5424 	.db #0x00	; 0
    000014E6 5A                    5425 	.db #0x5a	; 90	'Z'
    000014E7 00                    5426 	.db #0x00	; 0
    000014E8 00                    5427 	.db #0x00	; 0
    000014E9 5A                    5428 	.db #0x5a	; 90	'Z'
    000014EA 00                    5429 	.db #0x00	; 0
    000014EB 00                    5430 	.db #0x00	; 0
    000014EC 5A                    5431 	.db #0x5a	; 90	'Z'
    000014ED 00                    5432 	.db #0x00	; 0
    000014EE 00                    5433 	.db #0x00	; 0
    000014EF 5A                    5434 	.db #0x5a	; 90	'Z'
    000014F0 00                    5435 	.db #0x00	; 0
    000014F1 00                    5436 	.db #0x00	; 0
    000014F2 5A                    5437 	.db #0x5a	; 90	'Z'
    000014F3 00                    5438 	.db #0x00	; 0
    000014F4 00                    5439 	.db #0x00	; 0
    000014F5 5A                    5440 	.db #0x5a	; 90	'Z'
    000014F6 00                    5441 	.db #0x00	; 0
    000014F7 00                    5442 	.db #0x00	; 0
    000014F8 5A                    5443 	.db #0x5a	; 90	'Z'
    000014F9 00                    5444 	.db #0x00	; 0
    000014FA 00                    5445 	.db #0x00	; 0
    000014FB 5A                    5446 	.db #0x5a	; 90	'Z'
    000014FC 00                    5447 	.db #0x00	; 0
    000014FD 00                    5448 	.db #0x00	; 0
    000014FE 5A                    5449 	.db #0x5a	; 90	'Z'
    000014FF 10                    5450 	.db #0x10	; 16
    00001500 00                    5451 	.db #0x00	; 0
    00001501                       5452 _itNoiseSP3:
    00001501 42                    5453 	.db #0x42	; 66	'B'
    00001502 00                    5454 	.db #0x00	; 0
    00001503 00                    5455 	.db #0x00	; 0
    00001504 41                    5456 	.db #0x41	; 65	'A'
    00001505 00                    5457 	.db #0x00	; 0
    00001506 00                    5458 	.db #0x00	; 0
    00001507 40                    5459 	.db #0x40	; 64
    00001508 00                    5460 	.db #0x00	; 0
    00001509 00                    5461 	.db #0x00	; 0
    0000150A 40                    5462 	.db #0x40	; 64
    0000150B 40                    5463 	.db #0x40	; 64
    0000150C 00                    5464 	.db #0x00	; 0
    0000150D 5A                    5465 	.db #0x5a	; 90	'Z'
    0000150E 00                    5466 	.db #0x00	; 0
    0000150F 00                    5467 	.db #0x00	; 0
    00001510 5A                    5468 	.db #0x5a	; 90	'Z'
    00001511 00                    5469 	.db #0x00	; 0
    00001512 00                    5470 	.db #0x00	; 0
    00001513 5A                    5471 	.db #0x5a	; 90	'Z'
    00001514 00                    5472 	.db #0x00	; 0
    00001515 00                    5473 	.db #0x00	; 0
    00001516 5A                    5474 	.db #0x5a	; 90	'Z'
    00001517 00                    5475 	.db #0x00	; 0
    00001518 00                    5476 	.db #0x00	; 0
    00001519 5A                    5477 	.db #0x5a	; 90	'Z'
    0000151A 00                    5478 	.db #0x00	; 0
    0000151B 00                    5479 	.db #0x00	; 0
    0000151C 5A                    5480 	.db #0x5a	; 90	'Z'
    0000151D 00                    5481 	.db #0x00	; 0
    0000151E 00                    5482 	.db #0x00	; 0
    0000151F 5A                    5483 	.db #0x5a	; 90	'Z'
    00001520 00                    5484 	.db #0x00	; 0
    00001521 00                    5485 	.db #0x00	; 0
    00001522 5A                    5486 	.db #0x5a	; 90	'Z'
    00001523 00                    5487 	.db #0x00	; 0
    00001524 00                    5488 	.db #0x00	; 0
    00001525 5A                    5489 	.db #0x5a	; 90	'Z'
    00001526 00                    5490 	.db #0x00	; 0
    00001527 00                    5491 	.db #0x00	; 0
    00001528 5A                    5492 	.db #0x5a	; 90	'Z'
    00001529 00                    5493 	.db #0x00	; 0
    0000152A 00                    5494 	.db #0x00	; 0
    0000152B 5A                    5495 	.db #0x5a	; 90	'Z'
    0000152C 00                    5496 	.db #0x00	; 0
    0000152D 00                    5497 	.db #0x00	; 0
    0000152E 5A                    5498 	.db #0x5a	; 90	'Z'
    0000152F 00                    5499 	.db #0x00	; 0
    00001530 00                    5500 	.db #0x00	; 0
    00001531 5A                    5501 	.db #0x5a	; 90	'Z'
    00001532 00                    5502 	.db #0x00	; 0
    00001533 00                    5503 	.db #0x00	; 0
    00001534 5A                    5504 	.db #0x5a	; 90	'Z'
    00001535 00                    5505 	.db #0x00	; 0
    00001536 00                    5506 	.db #0x00	; 0
    00001537 5A                    5507 	.db #0x5a	; 90	'Z'
    00001538 00                    5508 	.db #0x00	; 0
    00001539 00                    5509 	.db #0x00	; 0
    0000153A 5A                    5510 	.db #0x5a	; 90	'Z'
    0000153B 00                    5511 	.db #0x00	; 0
    0000153C 00                    5512 	.db #0x00	; 0
    0000153D 5A                    5513 	.db #0x5a	; 90	'Z'
    0000153E 00                    5514 	.db #0x00	; 0
    0000153F 00                    5515 	.db #0x00	; 0
    00001540 5A                    5516 	.db #0x5a	; 90	'Z'
    00001541 00                    5517 	.db #0x00	; 0
    00001542 00                    5518 	.db #0x00	; 0
    00001543 5A                    5519 	.db #0x5a	; 90	'Z'
    00001544 00                    5520 	.db #0x00	; 0
    00001545 00                    5521 	.db #0x00	; 0
    00001546 5A                    5522 	.db #0x5a	; 90	'Z'
    00001547 00                    5523 	.db #0x00	; 0
    00001548 00                    5524 	.db #0x00	; 0
    00001549 5A                    5525 	.db #0x5a	; 90	'Z'
    0000154A 00                    5526 	.db #0x00	; 0
    0000154B 00                    5527 	.db #0x00	; 0
    0000154C 5A                    5528 	.db #0x5a	; 90	'Z'
    0000154D 00                    5529 	.db #0x00	; 0
    0000154E 00                    5530 	.db #0x00	; 0
    0000154F 5A                    5531 	.db #0x5a	; 90	'Z'
    00001550 00                    5532 	.db #0x00	; 0
    00001551 00                    5533 	.db #0x00	; 0
    00001552 5A                    5534 	.db #0x5a	; 90	'Z'
    00001553 00                    5535 	.db #0x00	; 0
    00001554 00                    5536 	.db #0x00	; 0
    00001555 5A                    5537 	.db #0x5a	; 90	'Z'
    00001556 00                    5538 	.db #0x00	; 0
    00001557 00                    5539 	.db #0x00	; 0
    00001558 5A                    5540 	.db #0x5a	; 90	'Z'
    00001559 00                    5541 	.db #0x00	; 0
    0000155A 00                    5542 	.db #0x00	; 0
    0000155B 5A                    5543 	.db #0x5a	; 90	'Z'
    0000155C 00                    5544 	.db #0x00	; 0
    0000155D 00                    5545 	.db #0x00	; 0
    0000155E 5A                    5546 	.db #0x5a	; 90	'Z'
    0000155F 10                    5547 	.db #0x10	; 16
    00001560 00                    5548 	.db #0x00	; 0
    00001561                       5549 _itNoiseSP4:
    00001561 44                    5550 	.db #0x44	; 68	'D'
    00001562 00                    5551 	.db #0x00	; 0
    00001563 00                    5552 	.db #0x00	; 0
    00001564 44                    5553 	.db #0x44	; 68	'D'
    00001565 20                    5554 	.db #0x20	; 32
    00001566 00                    5555 	.db #0x00	; 0
    00001567 5A                    5556 	.db #0x5a	; 90	'Z'
    00001568 00                    5557 	.db #0x00	; 0
    00001569 00                    5558 	.db #0x00	; 0
    0000156A 5A                    5559 	.db #0x5a	; 90	'Z'
    0000156B 00                    5560 	.db #0x00	; 0
    0000156C 00                    5561 	.db #0x00	; 0
    0000156D 5A                    5562 	.db #0x5a	; 90	'Z'
    0000156E 00                    5563 	.db #0x00	; 0
    0000156F 00                    5564 	.db #0x00	; 0
    00001570 5A                    5565 	.db #0x5a	; 90	'Z'
    00001571 00                    5566 	.db #0x00	; 0
    00001572 00                    5567 	.db #0x00	; 0
    00001573 5A                    5568 	.db #0x5a	; 90	'Z'
    00001574 00                    5569 	.db #0x00	; 0
    00001575 00                    5570 	.db #0x00	; 0
    00001576 5A                    5571 	.db #0x5a	; 90	'Z'
    00001577 00                    5572 	.db #0x00	; 0
    00001578 00                    5573 	.db #0x00	; 0
    00001579 5A                    5574 	.db #0x5a	; 90	'Z'
    0000157A 00                    5575 	.db #0x00	; 0
    0000157B 00                    5576 	.db #0x00	; 0
    0000157C 5A                    5577 	.db #0x5a	; 90	'Z'
    0000157D 00                    5578 	.db #0x00	; 0
    0000157E 00                    5579 	.db #0x00	; 0
    0000157F 5A                    5580 	.db #0x5a	; 90	'Z'
    00001580 00                    5581 	.db #0x00	; 0
    00001581 00                    5582 	.db #0x00	; 0
    00001582 5A                    5583 	.db #0x5a	; 90	'Z'
    00001583 00                    5584 	.db #0x00	; 0
    00001584 00                    5585 	.db #0x00	; 0
    00001585 5A                    5586 	.db #0x5a	; 90	'Z'
    00001586 00                    5587 	.db #0x00	; 0
    00001587 00                    5588 	.db #0x00	; 0
    00001588 5A                    5589 	.db #0x5a	; 90	'Z'
    00001589 00                    5590 	.db #0x00	; 0
    0000158A 00                    5591 	.db #0x00	; 0
    0000158B 5A                    5592 	.db #0x5a	; 90	'Z'
    0000158C 00                    5593 	.db #0x00	; 0
    0000158D 00                    5594 	.db #0x00	; 0
    0000158E 5A                    5595 	.db #0x5a	; 90	'Z'
    0000158F 00                    5596 	.db #0x00	; 0
    00001590 00                    5597 	.db #0x00	; 0
    00001591 5A                    5598 	.db #0x5a	; 90	'Z'
    00001592 00                    5599 	.db #0x00	; 0
    00001593 00                    5600 	.db #0x00	; 0
    00001594 5A                    5601 	.db #0x5a	; 90	'Z'
    00001595 00                    5602 	.db #0x00	; 0
    00001596 00                    5603 	.db #0x00	; 0
    00001597 5A                    5604 	.db #0x5a	; 90	'Z'
    00001598 00                    5605 	.db #0x00	; 0
    00001599 00                    5606 	.db #0x00	; 0
    0000159A 5A                    5607 	.db #0x5a	; 90	'Z'
    0000159B 00                    5608 	.db #0x00	; 0
    0000159C 00                    5609 	.db #0x00	; 0
    0000159D 5A                    5610 	.db #0x5a	; 90	'Z'
    0000159E 00                    5611 	.db #0x00	; 0
    0000159F 00                    5612 	.db #0x00	; 0
    000015A0 5A                    5613 	.db #0x5a	; 90	'Z'
    000015A1 00                    5614 	.db #0x00	; 0
    000015A2 00                    5615 	.db #0x00	; 0
    000015A3 5A                    5616 	.db #0x5a	; 90	'Z'
    000015A4 00                    5617 	.db #0x00	; 0
    000015A5 00                    5618 	.db #0x00	; 0
    000015A6 5A                    5619 	.db #0x5a	; 90	'Z'
    000015A7 00                    5620 	.db #0x00	; 0
    000015A8 00                    5621 	.db #0x00	; 0
    000015A9 5A                    5622 	.db #0x5a	; 90	'Z'
    000015AA 00                    5623 	.db #0x00	; 0
    000015AB 00                    5624 	.db #0x00	; 0
    000015AC 5A                    5625 	.db #0x5a	; 90	'Z'
    000015AD 00                    5626 	.db #0x00	; 0
    000015AE 00                    5627 	.db #0x00	; 0
    000015AF 5A                    5628 	.db #0x5a	; 90	'Z'
    000015B0 00                    5629 	.db #0x00	; 0
    000015B1 00                    5630 	.db #0x00	; 0
    000015B2 5A                    5631 	.db #0x5a	; 90	'Z'
    000015B3 00                    5632 	.db #0x00	; 0
    000015B4 00                    5633 	.db #0x00	; 0
    000015B5 5A                    5634 	.db #0x5a	; 90	'Z'
    000015B6 00                    5635 	.db #0x00	; 0
    000015B7 00                    5636 	.db #0x00	; 0
    000015B8 5A                    5637 	.db #0x5a	; 90	'Z'
    000015B9 00                    5638 	.db #0x00	; 0
    000015BA 00                    5639 	.db #0x00	; 0
    000015BB 5A                    5640 	.db #0x5a	; 90	'Z'
    000015BC 00                    5641 	.db #0x00	; 0
    000015BD 00                    5642 	.db #0x00	; 0
    000015BE 5A                    5643 	.db #0x5a	; 90	'Z'
    000015BF 10                    5644 	.db #0x10	; 16
    000015C0 00                    5645 	.db #0x00	; 0
    000015C1                       5646 _itNoiseSP5:
    000015C1 3C                    5647 	.db #0x3c	; 60
    000015C2 00                    5648 	.db #0x00	; 0
    000015C3 00                    5649 	.db #0x00	; 0
    000015C4 3C                    5650 	.db #0x3c	; 60
    000015C5 20                    5651 	.db #0x20	; 32
    000015C6 00                    5652 	.db #0x00	; 0
    000015C7 5A                    5653 	.db #0x5a	; 90	'Z'
    000015C8 00                    5654 	.db #0x00	; 0
    000015C9 00                    5655 	.db #0x00	; 0
    000015CA 5A                    5656 	.db #0x5a	; 90	'Z'
    000015CB 00                    5657 	.db #0x00	; 0
    000015CC 00                    5658 	.db #0x00	; 0
    000015CD 5A                    5659 	.db #0x5a	; 90	'Z'
    000015CE 00                    5660 	.db #0x00	; 0
    000015CF 00                    5661 	.db #0x00	; 0
    000015D0 5A                    5662 	.db #0x5a	; 90	'Z'
    000015D1 00                    5663 	.db #0x00	; 0
    000015D2 00                    5664 	.db #0x00	; 0
    000015D3 5A                    5665 	.db #0x5a	; 90	'Z'
    000015D4 00                    5666 	.db #0x00	; 0
    000015D5 00                    5667 	.db #0x00	; 0
    000015D6 5A                    5668 	.db #0x5a	; 90	'Z'
    000015D7 00                    5669 	.db #0x00	; 0
    000015D8 00                    5670 	.db #0x00	; 0
    000015D9 5A                    5671 	.db #0x5a	; 90	'Z'
    000015DA 00                    5672 	.db #0x00	; 0
    000015DB 00                    5673 	.db #0x00	; 0
    000015DC 5A                    5674 	.db #0x5a	; 90	'Z'
    000015DD 00                    5675 	.db #0x00	; 0
    000015DE 00                    5676 	.db #0x00	; 0
    000015DF 5A                    5677 	.db #0x5a	; 90	'Z'
    000015E0 00                    5678 	.db #0x00	; 0
    000015E1 00                    5679 	.db #0x00	; 0
    000015E2 5A                    5680 	.db #0x5a	; 90	'Z'
    000015E3 00                    5681 	.db #0x00	; 0
    000015E4 00                    5682 	.db #0x00	; 0
    000015E5 5A                    5683 	.db #0x5a	; 90	'Z'
    000015E6 00                    5684 	.db #0x00	; 0
    000015E7 00                    5685 	.db #0x00	; 0
    000015E8 5A                    5686 	.db #0x5a	; 90	'Z'
    000015E9 00                    5687 	.db #0x00	; 0
    000015EA 00                    5688 	.db #0x00	; 0
    000015EB 5A                    5689 	.db #0x5a	; 90	'Z'
    000015EC 00                    5690 	.db #0x00	; 0
    000015ED 00                    5691 	.db #0x00	; 0
    000015EE 5A                    5692 	.db #0x5a	; 90	'Z'
    000015EF 00                    5693 	.db #0x00	; 0
    000015F0 00                    5694 	.db #0x00	; 0
    000015F1 5A                    5695 	.db #0x5a	; 90	'Z'
    000015F2 00                    5696 	.db #0x00	; 0
    000015F3 00                    5697 	.db #0x00	; 0
    000015F4 5A                    5698 	.db #0x5a	; 90	'Z'
    000015F5 00                    5699 	.db #0x00	; 0
    000015F6 00                    5700 	.db #0x00	; 0
    000015F7 5A                    5701 	.db #0x5a	; 90	'Z'
    000015F8 00                    5702 	.db #0x00	; 0
    000015F9 00                    5703 	.db #0x00	; 0
    000015FA 5A                    5704 	.db #0x5a	; 90	'Z'
    000015FB 00                    5705 	.db #0x00	; 0
    000015FC 00                    5706 	.db #0x00	; 0
    000015FD 5A                    5707 	.db #0x5a	; 90	'Z'
    000015FE 00                    5708 	.db #0x00	; 0
    000015FF 00                    5709 	.db #0x00	; 0
    00001600 5A                    5710 	.db #0x5a	; 90	'Z'
    00001601 00                    5711 	.db #0x00	; 0
    00001602 00                    5712 	.db #0x00	; 0
    00001603 5A                    5713 	.db #0x5a	; 90	'Z'
    00001604 00                    5714 	.db #0x00	; 0
    00001605 00                    5715 	.db #0x00	; 0
    00001606 5A                    5716 	.db #0x5a	; 90	'Z'
    00001607 00                    5717 	.db #0x00	; 0
    00001608 00                    5718 	.db #0x00	; 0
    00001609 5A                    5719 	.db #0x5a	; 90	'Z'
    0000160A 00                    5720 	.db #0x00	; 0
    0000160B 00                    5721 	.db #0x00	; 0
    0000160C 5A                    5722 	.db #0x5a	; 90	'Z'
    0000160D 00                    5723 	.db #0x00	; 0
    0000160E 00                    5724 	.db #0x00	; 0
    0000160F 5A                    5725 	.db #0x5a	; 90	'Z'
    00001610 00                    5726 	.db #0x00	; 0
    00001611 00                    5727 	.db #0x00	; 0
    00001612 5A                    5728 	.db #0x5a	; 90	'Z'
    00001613 00                    5729 	.db #0x00	; 0
    00001614 00                    5730 	.db #0x00	; 0
    00001615 5A                    5731 	.db #0x5a	; 90	'Z'
    00001616 00                    5732 	.db #0x00	; 0
    00001617 00                    5733 	.db #0x00	; 0
    00001618 5A                    5734 	.db #0x5a	; 90	'Z'
    00001619 00                    5735 	.db #0x00	; 0
    0000161A 00                    5736 	.db #0x00	; 0
    0000161B 5A                    5737 	.db #0x5a	; 90	'Z'
    0000161C 00                    5738 	.db #0x00	; 0
    0000161D 00                    5739 	.db #0x00	; 0
    0000161E 5A                    5740 	.db #0x5a	; 90	'Z'
    0000161F 10                    5741 	.db #0x10	; 16
    00001620 00                    5742 	.db #0x00	; 0
    00001621                       5743 _itNoiseSP6:
    00001621 34                    5744 	.db #0x34	; 52	'4'
    00001622 00                    5745 	.db #0x00	; 0
    00001623 00                    5746 	.db #0x00	; 0
    00001624 34                    5747 	.db #0x34	; 52	'4'
    00001625 20                    5748 	.db #0x20	; 32
    00001626 00                    5749 	.db #0x00	; 0
    00001627 5A                    5750 	.db #0x5a	; 90	'Z'
    00001628 00                    5751 	.db #0x00	; 0
    00001629 00                    5752 	.db #0x00	; 0
    0000162A 5A                    5753 	.db #0x5a	; 90	'Z'
    0000162B 00                    5754 	.db #0x00	; 0
    0000162C 00                    5755 	.db #0x00	; 0
    0000162D 5A                    5756 	.db #0x5a	; 90	'Z'
    0000162E 00                    5757 	.db #0x00	; 0
    0000162F 00                    5758 	.db #0x00	; 0
    00001630 5A                    5759 	.db #0x5a	; 90	'Z'
    00001631 00                    5760 	.db #0x00	; 0
    00001632 00                    5761 	.db #0x00	; 0
    00001633 5A                    5762 	.db #0x5a	; 90	'Z'
    00001634 00                    5763 	.db #0x00	; 0
    00001635 00                    5764 	.db #0x00	; 0
    00001636 5A                    5765 	.db #0x5a	; 90	'Z'
    00001637 00                    5766 	.db #0x00	; 0
    00001638 00                    5767 	.db #0x00	; 0
    00001639 5A                    5768 	.db #0x5a	; 90	'Z'
    0000163A 00                    5769 	.db #0x00	; 0
    0000163B 00                    5770 	.db #0x00	; 0
    0000163C 5A                    5771 	.db #0x5a	; 90	'Z'
    0000163D 00                    5772 	.db #0x00	; 0
    0000163E 00                    5773 	.db #0x00	; 0
    0000163F 5A                    5774 	.db #0x5a	; 90	'Z'
    00001640 00                    5775 	.db #0x00	; 0
    00001641 00                    5776 	.db #0x00	; 0
    00001642 5A                    5777 	.db #0x5a	; 90	'Z'
    00001643 00                    5778 	.db #0x00	; 0
    00001644 00                    5779 	.db #0x00	; 0
    00001645 5A                    5780 	.db #0x5a	; 90	'Z'
    00001646 00                    5781 	.db #0x00	; 0
    00001647 00                    5782 	.db #0x00	; 0
    00001648 5A                    5783 	.db #0x5a	; 90	'Z'
    00001649 00                    5784 	.db #0x00	; 0
    0000164A 00                    5785 	.db #0x00	; 0
    0000164B 5A                    5786 	.db #0x5a	; 90	'Z'
    0000164C 00                    5787 	.db #0x00	; 0
    0000164D 00                    5788 	.db #0x00	; 0
    0000164E 5A                    5789 	.db #0x5a	; 90	'Z'
    0000164F 00                    5790 	.db #0x00	; 0
    00001650 00                    5791 	.db #0x00	; 0
    00001651 5A                    5792 	.db #0x5a	; 90	'Z'
    00001652 00                    5793 	.db #0x00	; 0
    00001653 00                    5794 	.db #0x00	; 0
    00001654 5A                    5795 	.db #0x5a	; 90	'Z'
    00001655 00                    5796 	.db #0x00	; 0
    00001656 00                    5797 	.db #0x00	; 0
    00001657 5A                    5798 	.db #0x5a	; 90	'Z'
    00001658 00                    5799 	.db #0x00	; 0
    00001659 00                    5800 	.db #0x00	; 0
    0000165A 5A                    5801 	.db #0x5a	; 90	'Z'
    0000165B 00                    5802 	.db #0x00	; 0
    0000165C 00                    5803 	.db #0x00	; 0
    0000165D 5A                    5804 	.db #0x5a	; 90	'Z'
    0000165E 00                    5805 	.db #0x00	; 0
    0000165F 00                    5806 	.db #0x00	; 0
    00001660 5A                    5807 	.db #0x5a	; 90	'Z'
    00001661 00                    5808 	.db #0x00	; 0
    00001662 00                    5809 	.db #0x00	; 0
    00001663 5A                    5810 	.db #0x5a	; 90	'Z'
    00001664 00                    5811 	.db #0x00	; 0
    00001665 00                    5812 	.db #0x00	; 0
    00001666 5A                    5813 	.db #0x5a	; 90	'Z'
    00001667 00                    5814 	.db #0x00	; 0
    00001668 00                    5815 	.db #0x00	; 0
    00001669 5A                    5816 	.db #0x5a	; 90	'Z'
    0000166A 00                    5817 	.db #0x00	; 0
    0000166B 00                    5818 	.db #0x00	; 0
    0000166C 5A                    5819 	.db #0x5a	; 90	'Z'
    0000166D 00                    5820 	.db #0x00	; 0
    0000166E 00                    5821 	.db #0x00	; 0
    0000166F 5A                    5822 	.db #0x5a	; 90	'Z'
    00001670 00                    5823 	.db #0x00	; 0
    00001671 00                    5824 	.db #0x00	; 0
    00001672 5A                    5825 	.db #0x5a	; 90	'Z'
    00001673 00                    5826 	.db #0x00	; 0
    00001674 00                    5827 	.db #0x00	; 0
    00001675 5A                    5828 	.db #0x5a	; 90	'Z'
    00001676 00                    5829 	.db #0x00	; 0
    00001677 00                    5830 	.db #0x00	; 0
    00001678 5A                    5831 	.db #0x5a	; 90	'Z'
    00001679 00                    5832 	.db #0x00	; 0
    0000167A 00                    5833 	.db #0x00	; 0
    0000167B 5A                    5834 	.db #0x5a	; 90	'Z'
    0000167C 00                    5835 	.db #0x00	; 0
    0000167D 00                    5836 	.db #0x00	; 0
    0000167E 5A                    5837 	.db #0x5a	; 90	'Z'
    0000167F 10                    5838 	.db #0x10	; 16
    00001680 00                    5839 	.db #0x00	; 0
    00001681                       5840 _itNoiseSP7:
    00001681 3C                    5841 	.db #0x3c	; 60
    00001682 00                    5842 	.db #0x00	; 0
    00001683 00                    5843 	.db #0x00	; 0
    00001684 3C                    5844 	.db #0x3c	; 60
    00001685 20                    5845 	.db #0x20	; 32
    00001686 00                    5846 	.db #0x00	; 0
    00001687 5A                    5847 	.db #0x5a	; 90	'Z'
    00001688 00                    5848 	.db #0x00	; 0
    00001689 00                    5849 	.db #0x00	; 0
    0000168A 5A                    5850 	.db #0x5a	; 90	'Z'
    0000168B 00                    5851 	.db #0x00	; 0
    0000168C 00                    5852 	.db #0x00	; 0
    0000168D 5A                    5853 	.db #0x5a	; 90	'Z'
    0000168E 00                    5854 	.db #0x00	; 0
    0000168F 00                    5855 	.db #0x00	; 0
    00001690 5A                    5856 	.db #0x5a	; 90	'Z'
    00001691 00                    5857 	.db #0x00	; 0
    00001692 00                    5858 	.db #0x00	; 0
    00001693 5A                    5859 	.db #0x5a	; 90	'Z'
    00001694 00                    5860 	.db #0x00	; 0
    00001695 00                    5861 	.db #0x00	; 0
    00001696 5A                    5862 	.db #0x5a	; 90	'Z'
    00001697 00                    5863 	.db #0x00	; 0
    00001698 00                    5864 	.db #0x00	; 0
    00001699 5A                    5865 	.db #0x5a	; 90	'Z'
    0000169A 00                    5866 	.db #0x00	; 0
    0000169B 00                    5867 	.db #0x00	; 0
    0000169C 5A                    5868 	.db #0x5a	; 90	'Z'
    0000169D 00                    5869 	.db #0x00	; 0
    0000169E 00                    5870 	.db #0x00	; 0
    0000169F 5A                    5871 	.db #0x5a	; 90	'Z'
    000016A0 00                    5872 	.db #0x00	; 0
    000016A1 00                    5873 	.db #0x00	; 0
    000016A2 5A                    5874 	.db #0x5a	; 90	'Z'
    000016A3 00                    5875 	.db #0x00	; 0
    000016A4 00                    5876 	.db #0x00	; 0
    000016A5 5A                    5877 	.db #0x5a	; 90	'Z'
    000016A6 00                    5878 	.db #0x00	; 0
    000016A7 00                    5879 	.db #0x00	; 0
    000016A8 5A                    5880 	.db #0x5a	; 90	'Z'
    000016A9 00                    5881 	.db #0x00	; 0
    000016AA 00                    5882 	.db #0x00	; 0
    000016AB 5A                    5883 	.db #0x5a	; 90	'Z'
    000016AC 00                    5884 	.db #0x00	; 0
    000016AD 00                    5885 	.db #0x00	; 0
    000016AE 5A                    5886 	.db #0x5a	; 90	'Z'
    000016AF 00                    5887 	.db #0x00	; 0
    000016B0 00                    5888 	.db #0x00	; 0
    000016B1 5A                    5889 	.db #0x5a	; 90	'Z'
    000016B2 00                    5890 	.db #0x00	; 0
    000016B3 00                    5891 	.db #0x00	; 0
    000016B4 5A                    5892 	.db #0x5a	; 90	'Z'
    000016B5 00                    5893 	.db #0x00	; 0
    000016B6 00                    5894 	.db #0x00	; 0
    000016B7 5A                    5895 	.db #0x5a	; 90	'Z'
    000016B8 00                    5896 	.db #0x00	; 0
    000016B9 00                    5897 	.db #0x00	; 0
    000016BA 5A                    5898 	.db #0x5a	; 90	'Z'
    000016BB 00                    5899 	.db #0x00	; 0
    000016BC 00                    5900 	.db #0x00	; 0
    000016BD 5A                    5901 	.db #0x5a	; 90	'Z'
    000016BE 00                    5902 	.db #0x00	; 0
    000016BF 00                    5903 	.db #0x00	; 0
    000016C0 5A                    5904 	.db #0x5a	; 90	'Z'
    000016C1 00                    5905 	.db #0x00	; 0
    000016C2 00                    5906 	.db #0x00	; 0
    000016C3 5A                    5907 	.db #0x5a	; 90	'Z'
    000016C4 00                    5908 	.db #0x00	; 0
    000016C5 00                    5909 	.db #0x00	; 0
    000016C6 5A                    5910 	.db #0x5a	; 90	'Z'
    000016C7 00                    5911 	.db #0x00	; 0
    000016C8 00                    5912 	.db #0x00	; 0
    000016C9 5A                    5913 	.db #0x5a	; 90	'Z'
    000016CA 00                    5914 	.db #0x00	; 0
    000016CB 00                    5915 	.db #0x00	; 0
    000016CC 5A                    5916 	.db #0x5a	; 90	'Z'
    000016CD 00                    5917 	.db #0x00	; 0
    000016CE 00                    5918 	.db #0x00	; 0
    000016CF 5A                    5919 	.db #0x5a	; 90	'Z'
    000016D0 00                    5920 	.db #0x00	; 0
    000016D1 00                    5921 	.db #0x00	; 0
    000016D2 5A                    5922 	.db #0x5a	; 90	'Z'
    000016D3 00                    5923 	.db #0x00	; 0
    000016D4 00                    5924 	.db #0x00	; 0
    000016D5 5A                    5925 	.db #0x5a	; 90	'Z'
    000016D6 00                    5926 	.db #0x00	; 0
    000016D7 00                    5927 	.db #0x00	; 0
    000016D8 5A                    5928 	.db #0x5a	; 90	'Z'
    000016D9 00                    5929 	.db #0x00	; 0
    000016DA 00                    5930 	.db #0x00	; 0
    000016DB 5A                    5931 	.db #0x5a	; 90	'Z'
    000016DC 00                    5932 	.db #0x00	; 0
    000016DD 00                    5933 	.db #0x00	; 0
    000016DE 5A                    5934 	.db #0x5a	; 90	'Z'
    000016DF 10                    5935 	.db #0x10	; 16
    000016E0 00                    5936 	.db #0x00	; 0
    000016E1                       5937 _order1:
    000016E1rC1r00                 5938 	.dw _P1
    000016E3rC1r03                 5939 	.dw _P5
    000016E5rC1r00                 5940 	.dw _P1
    000016E7r81r0A                 5941 	.dw _P21
    000016E9r01r09                 5942 	.dw _P18
    000016EBr01r09                 5943 	.dw _P18
    000016EDr01r09                 5944 	.dw _P18
    000016EFr01r09                 5945 	.dw _P18
    000016F1r01r09                 5946 	.dw _P18
    000016F3r01r09                 5947 	.dw _P18
    000016F5r01r09                 5948 	.dw _P18
    000016F7r01r09                 5949 	.dw _P18
    000016F9r01r09                 5950 	.dw _P18
    000016FBr01r09                 5951 	.dw _P18
    000016FDr01r09                 5952 	.dw _P18
    000016FFr41r11                 5953 	.dw _P31
    00001701                       5954 _order2:
    00001701r01r00                 5955 	.dw _P0
    00001703r01r03                 5956 	.dw _P4
    00001705r41r05                 5957 	.dw _P8
    00001707rC1r06                 5958 	.dw _P11
    00001709r41r08                 5959 	.dw _P17
    0000170Br41r0B                 5960 	.dw _P22
    0000170Dr01r0C                 5961 	.dw _P24
    0000170FrC1r0C                 5962 	.dw _P25
    00001711rC1r0C                 5963 	.dw _P25
    00001713r81r0D                 5964 	.dw _P26
    00001715r41r0E                 5965 	.dw _P27
    00001717r01r0F                 5966 	.dw _P28
    00001719rC1r0F                 5967 	.dw _P29
    0000171BrC1r0F                 5968 	.dw _P29
    0000171Dr81r10                 5969 	.dw _P30
    0000171Fr81r10                 5970 	.dw _P30
    00001721                       5971 _order3:
    00001721r81r01                 5972 	.dw _P2
    00001723r81r01                 5973 	.dw _P2
    00001725r81r01                 5974 	.dw _P2
    00001727r81r01                 5975 	.dw _P2
    00001729r81r01                 5976 	.dw _P2
    0000172Br81r01                 5977 	.dw _P2
    0000172Dr81r01                 5978 	.dw _P2
    0000172Fr81r01                 5979 	.dw _P2
    00001731r81r01                 5980 	.dw _P2
    00001733r81r01                 5981 	.dw _P2
    00001735r81r01                 5982 	.dw _P2
    00001737r81r01                 5983 	.dw _P2
    00001739r81r01                 5984 	.dw _P2
    0000173Br81r01                 5985 	.dw _P2
    0000173Dr81r01                 5986 	.dw _P2
    0000173Fr01r12                 5987 	.dw _P32
    00001741                       5988 _order4:
    00001741r41r02                 5989 	.dw _P3
    00001743r81r04                 5990 	.dw _P7
    00001745r01r06                 5991 	.dw _P9
    00001747r81r07                 5992 	.dw _P12
    00001749rC1r09                 5993 	.dw _P20
    0000174BrC1r09                 5994 	.dw _P20
    0000174DrC1r09                 5995 	.dw _P20
    0000174FrC1r09                 5996 	.dw _P20
    00001751rC1r09                 5997 	.dw _P20
    00001753rC1r09                 5998 	.dw _P20
    00001755rC1r09                 5999 	.dw _P20
    00001757rC1r09                 6000 	.dw _P20
    00001759rC1r09                 6001 	.dw _P20
    0000175BrC1r09                 6002 	.dw _P20
    0000175DrC1r09                 6003 	.dw _P20
    0000175FrC1r12                 6004 	.dw _P33
    00001761                       6005 _duty_instruments:
    00001761 00                    6006 	.db #0x00	; 0
    00001762 40                    6007 	.db #0x40	; 64
    00001763 B2                    6008 	.db #0xb2	; 178
    00001764 00 00                 6009 	.dw #0x0000
    00001766 80                    6010 	.db #0x80	; 128
    00001767 00                    6011 	.db #0x00	; 0
    00001768 80                    6012 	.db #0x80	; 128
    00001769 B2                    6013 	.db #0xb2	; 178
    0000176A 00 00                 6014 	.dw #0x0000
    0000176C 80                    6015 	.db #0x80	; 128
    0000176D 00                    6016 	.db #0x00	; 0
    0000176E 00                    6017 	.db #0x00	; 0
    0000176F 09                    6018 	.db #0x09	; 9
    00001770 00 00                 6019 	.dw #0x0000
    00001772 C0                    6020 	.db #0xc0	; 192
    00001773 00                    6021 	.db #0x00	; 0
    00001774 30                    6022 	.db #0x30	; 48	'0'
    00001775 B8                    6023 	.db #0xb8	; 184
    00001776 00 00                 6024 	.dw #0x0000
    00001778 C0                    6025 	.db #0xc0	; 192
    00001779 00                    6026 	.db #0x00	; 0
    0000177A 70                    6027 	.db #0x70	; 112	'p'
    0000177B B8                    6028 	.db #0xb8	; 184
    0000177C 00 00                 6029 	.dw #0x0000
    0000177E C0                    6030 	.db #0xc0	; 192
    0000177F 00                    6031 	.db #0x00	; 0
    00001780 A5                    6032 	.db #0xa5	; 165
    00001781 B8                    6033 	.db #0xb8	; 184
    00001782 00 00                 6034 	.dw #0x0000
    00001784 C0                    6035 	.db #0xc0	; 192
    00001785 00                    6036 	.db #0x00	; 0
    00001786 00                    6037 	.db #0x00	; 0
    00001787 B8                    6038 	.db #0xb8	; 184
    00001788 00 00                 6039 	.dw #0x0000
    0000178A 80                    6040 	.db #0x80	; 128
    0000178B 00                    6041 	.db #0x00	; 0
    0000178C 40                    6042 	.db #0x40	; 64
    0000178D B8                    6043 	.db #0xb8	; 184
    0000178E 00 00                 6044 	.dw #0x0000
    00001790 80                    6045 	.db #0x80	; 128
    00001791 00                    6046 	.db #0x00	; 0
    00001792 96                    6047 	.db #0x96	; 150
    00001793 B8                    6048 	.db #0xb8	; 184
    00001794 00 00                 6049 	.dw #0x0000
    00001796 80                    6050 	.db #0x80	; 128
    00001797 00                    6051 	.db #0x00	; 0
    00001798 80                    6052 	.db #0x80	; 128
    00001799 B8                    6053 	.db #0xb8	; 184
    0000179Ar81r13                 6054 	.dw _itSquareSP10
    0000179C 80                    6055 	.db #0x80	; 128
    0000179D 1C                    6056 	.db #0x1c	; 28
    0000179E 80                    6057 	.db #0x80	; 128
    0000179F B2                    6058 	.db #0xb2	; 178
    000017A0 00 00                 6059 	.dw #0x0000
    000017A2 C0                    6060 	.db #0xc0	; 192
    000017A3                       6061 _wave_instruments:
    000017A3 3F                    6062 	.db #0x3f	; 63
    000017A4 20                    6063 	.db #0x20	; 32
    000017A5 01                    6064 	.db #0x01	; 1
    000017A6 00 00                 6065 	.dw #0x0000
    000017A8 C0                    6066 	.db #0xc0	; 192
    000017A9 80                    6067 	.db #0x80	; 128
    000017AA 20                    6068 	.db #0x20	; 32
    000017AB 02                    6069 	.db #0x02	; 2
    000017AC 00 00                 6070 	.dw #0x0000
    000017AE C0                    6071 	.db #0xc0	; 192
    000017AF 80                    6072 	.db #0x80	; 128
    000017B0 20                    6073 	.db #0x20	; 32
    000017B1 03                    6074 	.db #0x03	; 3
    000017B2 00 00                 6075 	.dw #0x0000
    000017B4 C0                    6076 	.db #0xc0	; 192
    000017B5 80                    6077 	.db #0x80	; 128
    000017B6 20                    6078 	.db #0x20	; 32
    000017B7 04                    6079 	.db #0x04	; 4
    000017B8 00 00                 6080 	.dw #0x0000
    000017BA C0                    6081 	.db #0xc0	; 192
    000017BB 80                    6082 	.db #0x80	; 128
    000017BC 20                    6083 	.db #0x20	; 32
    000017BD 05                    6084 	.db #0x05	; 5
    000017BE 00 00                 6085 	.dw #0x0000
    000017C0 C0                    6086 	.db #0xc0	; 192
    000017C1 80                    6087 	.db #0x80	; 128
    000017C2 20                    6088 	.db #0x20	; 32
    000017C3 06                    6089 	.db #0x06	; 6
    000017C4 00 00                 6090 	.dw #0x0000
    000017C6 C0                    6091 	.db #0xc0	; 192
    000017C7 00                    6092 	.db #0x00	; 0
    000017C8 20                    6093 	.db #0x20	; 32
    000017C9 07                    6094 	.db #0x07	; 7
    000017CA 00 00                 6095 	.dw #0x0000
    000017CC 80                    6096 	.db #0x80	; 128
    000017CD 00                    6097 	.db #0x00	; 0
    000017CE 20                    6098 	.db #0x20	; 32
    000017CF 08                    6099 	.db #0x08	; 8
    000017D0 00 00                 6100 	.dw #0x0000
    000017D2 80                    6101 	.db #0x80	; 128
    000017D3 00                    6102 	.db #0x00	; 0
    000017D4 20                    6103 	.db #0x20	; 32
    000017D5 09                    6104 	.db #0x09	; 9
    000017D6 00 00                 6105 	.dw #0x0000
    000017D8 80                    6106 	.db #0x80	; 128
    000017D9 00                    6107 	.db #0x00	; 0
    000017DA 20                    6108 	.db #0x20	; 32
    000017DB 0A                    6109 	.db #0x0a	; 10
    000017DCrE1r13                 6110 	.dw _itWaveSP10
    000017DE 80                    6111 	.db #0x80	; 128
    000017DF                       6112 _noise_instruments:
    000017DF 91                    6113 	.db #0x91	; 145
    000017E0r41r14                 6114 	.dw _itNoiseSP1
    000017E2 70                    6115 	.db #0x70	; 112	'p'
    000017E3 00                    6116 	.db #0x00	; 0
    000017E4 00                    6117 	.db #0x00	; 0
    000017E5 91                    6118 	.db #0x91	; 145
    000017E6rA1r14                 6119 	.dw _itNoiseSP2
    000017E8 60                    6120 	.db #0x60	; 96
    000017E9 00                    6121 	.db #0x00	; 0
    000017EA 00                    6122 	.db #0x00	; 0
    000017EB 91                    6123 	.db #0x91	; 145
    000017ECr01r15                 6124 	.dw _itNoiseSP3
    000017EE 00                    6125 	.db #0x00	; 0
    000017EF 00                    6126 	.db #0x00	; 0
    000017F0 00                    6127 	.db #0x00	; 0
    000017F1 92                    6128 	.db #0x92	; 146
    000017F2r61r15                 6129 	.dw _itNoiseSP4
    000017F4 00                    6130 	.db #0x00	; 0
    000017F5 00                    6131 	.db #0x00	; 0
    000017F6 00                    6132 	.db #0x00	; 0
    000017F7 94                    6133 	.db #0x94	; 148
    000017F8rC1r15                 6134 	.dw _itNoiseSP5
    000017FA 00                    6135 	.db #0x00	; 0
    000017FB 00                    6136 	.db #0x00	; 0
    000017FC 00                    6137 	.db #0x00	; 0
    000017FD 94                    6138 	.db #0x94	; 148
    000017FEr21r16                 6139 	.dw _itNoiseSP6
    00001800 00                    6140 	.db #0x00	; 0
    00001801 00                    6141 	.db #0x00	; 0
    00001802 00                    6142 	.db #0x00	; 0
    00001803 B1                    6143 	.db #0xb1	; 177
    00001804r81r16                 6144 	.dw _itNoiseSP7
    00001806 00                    6145 	.db #0x00	; 0
    00001807 00                    6146 	.db #0x00	; 0
    00001808 00                    6147 	.db #0x00	; 0
    00001809                       6148 _waves:
    00001809 88                    6149 	.db #0x88	; 136
    0000180A 88                    6150 	.db #0x88	; 136
    0000180B 88                    6151 	.db #0x88	; 136
    0000180C 88                    6152 	.db #0x88	; 136
    0000180D 88                    6153 	.db #0x88	; 136
    0000180E 88                    6154 	.db #0x88	; 136
    0000180F 88                    6155 	.db #0x88	; 136
    00001810 88                    6156 	.db #0x88	; 136
    00001811 88                    6157 	.db #0x88	; 136
    00001812 88                    6158 	.db #0x88	; 136
    00001813 88                    6159 	.db #0x88	; 136
    00001814 88                    6160 	.db #0x88	; 136
    00001815 88                    6161 	.db #0x88	; 136
    00001816 88                    6162 	.db #0x88	; 136
    00001817 88                    6163 	.db #0x88	; 136
    00001818 88                    6164 	.db #0x88	; 136
    00001819 FF                    6165 	.db #0xff	; 255
    0000181A FF                    6166 	.db #0xff	; 255
    0000181B 00                    6167 	.db #0x00	; 0
    0000181C 00                    6168 	.db #0x00	; 0
    0000181D 00                    6169 	.db #0x00	; 0
    0000181E 00                    6170 	.db #0x00	; 0
    0000181F 00                    6171 	.db #0x00	; 0
    00001820 00                    6172 	.db #0x00	; 0
    00001821 00                    6173 	.db #0x00	; 0
    00001822 00                    6174 	.db #0x00	; 0
    00001823 00                    6175 	.db #0x00	; 0
    00001824 00                    6176 	.db #0x00	; 0
    00001825 00                    6177 	.db #0x00	; 0
    00001826 00                    6178 	.db #0x00	; 0
    00001827 00                    6179 	.db #0x00	; 0
    00001828 00                    6180 	.db #0x00	; 0
    00001829 FF                    6181 	.db #0xff	; 255
    0000182A FF                    6182 	.db #0xff	; 255
    0000182B FF                    6183 	.db #0xff	; 255
    0000182C FF                    6184 	.db #0xff	; 255
    0000182D 00                    6185 	.db #0x00	; 0
    0000182E 00                    6186 	.db #0x00	; 0
    0000182F 00                    6187 	.db #0x00	; 0
    00001830 00                    6188 	.db #0x00	; 0
    00001831 00                    6189 	.db #0x00	; 0
    00001832 00                    6190 	.db #0x00	; 0
    00001833 00                    6191 	.db #0x00	; 0
    00001834 00                    6192 	.db #0x00	; 0
    00001835 00                    6193 	.db #0x00	; 0
    00001836 00                    6194 	.db #0x00	; 0
    00001837 00                    6195 	.db #0x00	; 0
    00001838 00                    6196 	.db #0x00	; 0
    00001839 FF                    6197 	.db #0xff	; 255
    0000183A FF                    6198 	.db #0xff	; 255
    0000183B FF                    6199 	.db #0xff	; 255
    0000183C FF                    6200 	.db #0xff	; 255
    0000183D FF                    6201 	.db #0xff	; 255
    0000183E 00                    6202 	.db #0x00	; 0
    0000183F 00                    6203 	.db #0x00	; 0
    00001840 00                    6204 	.db #0x00	; 0
    00001841 00                    6205 	.db #0x00	; 0
    00001842 00                    6206 	.db #0x00	; 0
    00001843 00                    6207 	.db #0x00	; 0
    00001844 00                    6208 	.db #0x00	; 0
    00001845 00                    6209 	.db #0x00	; 0
    00001846 00                    6210 	.db #0x00	; 0
    00001847 00                    6211 	.db #0x00	; 0
    00001848 00                    6212 	.db #0x00	; 0
    00001849 FF                    6213 	.db #0xff	; 255
    0000184A FF                    6214 	.db #0xff	; 255
    0000184B FF                    6215 	.db #0xff	; 255
    0000184C FF                    6216 	.db #0xff	; 255
    0000184D FF                    6217 	.db #0xff	; 255
    0000184E FF                    6218 	.db #0xff	; 255
    0000184F 00                    6219 	.db #0x00	; 0
    00001850 00                    6220 	.db #0x00	; 0
    00001851 00                    6221 	.db #0x00	; 0
    00001852 00                    6222 	.db #0x00	; 0
    00001853 00                    6223 	.db #0x00	; 0
    00001854 00                    6224 	.db #0x00	; 0
    00001855 00                    6225 	.db #0x00	; 0
    00001856 00                    6226 	.db #0x00	; 0
    00001857 00                    6227 	.db #0x00	; 0
    00001858 00                    6228 	.db #0x00	; 0
    00001859 FF                    6229 	.db #0xff	; 255
    0000185A FF                    6230 	.db #0xff	; 255
    0000185B FF                    6231 	.db #0xff	; 255
    0000185C FF                    6232 	.db #0xff	; 255
    0000185D FF                    6233 	.db #0xff	; 255
    0000185E FF                    6234 	.db #0xff	; 255
    0000185F FF                    6235 	.db #0xff	; 255
    00001860 00                    6236 	.db #0x00	; 0
    00001861 00                    6237 	.db #0x00	; 0
    00001862 00                    6238 	.db #0x00	; 0
    00001863 00                    6239 	.db #0x00	; 0
    00001864 00                    6240 	.db #0x00	; 0
    00001865 00                    6241 	.db #0x00	; 0
    00001866 00                    6242 	.db #0x00	; 0
    00001867 00                    6243 	.db #0x00	; 0
    00001868 00                    6244 	.db #0x00	; 0
    00001869 FF                    6245 	.db #0xff	; 255
    0000186A FF                    6246 	.db #0xff	; 255
    0000186B FF                    6247 	.db #0xff	; 255
    0000186C FF                    6248 	.db #0xff	; 255
    0000186D FF                    6249 	.db #0xff	; 255
    0000186E FF                    6250 	.db #0xff	; 255
    0000186F FF                    6251 	.db #0xff	; 255
    00001870 FF                    6252 	.db #0xff	; 255
    00001871 00                    6253 	.db #0x00	; 0
    00001872 00                    6254 	.db #0x00	; 0
    00001873 00                    6255 	.db #0x00	; 0
    00001874 00                    6256 	.db #0x00	; 0
    00001875 00                    6257 	.db #0x00	; 0
    00001876 00                    6258 	.db #0x00	; 0
    00001877 00                    6259 	.db #0x00	; 0
    00001878 00                    6260 	.db #0x00	; 0
    00001879 CC                    6261 	.db #0xcc	; 204
    0000187A CC                    6262 	.db #0xcc	; 204
    0000187B CC                    6263 	.db #0xcc	; 204
    0000187C CC                    6264 	.db #0xcc	; 204
    0000187D CC                    6265 	.db #0xcc	; 204
    0000187E CC                    6266 	.db #0xcc	; 204
    0000187F CC                    6267 	.db #0xcc	; 204
    00001880 CC                    6268 	.db #0xcc	; 204
    00001881 33                    6269 	.db #0x33	; 51	'3'
    00001882 33                    6270 	.db #0x33	; 51	'3'
    00001883 33                    6271 	.db #0x33	; 51	'3'
    00001884 33                    6272 	.db #0x33	; 51	'3'
    00001885 33                    6273 	.db #0x33	; 51	'3'
    00001886 33                    6274 	.db #0x33	; 51	'3'
    00001887 33                    6275 	.db #0x33	; 51	'3'
    00001888 33                    6276 	.db #0x33	; 51	'3'
    00001889 AA                    6277 	.db #0xaa	; 170
    0000188A AA                    6278 	.db #0xaa	; 170
    0000188B AA                    6279 	.db #0xaa	; 170
    0000188C AA                    6280 	.db #0xaa	; 170
    0000188D AA                    6281 	.db #0xaa	; 170
    0000188E AA                    6282 	.db #0xaa	; 170
    0000188F AA                    6283 	.db #0xaa	; 170
    00001890 AA                    6284 	.db #0xaa	; 170
    00001891 55                    6285 	.db #0x55	; 85	'U'
    00001892 55                    6286 	.db #0x55	; 85	'U'
    00001893 55                    6287 	.db #0x55	; 85	'U'
    00001894 55                    6288 	.db #0x55	; 85	'U'
    00001895 55                    6289 	.db #0x55	; 85	'U'
    00001896 55                    6290 	.db #0x55	; 85	'U'
    00001897 55                    6291 	.db #0x55	; 85	'U'
    00001898 55                    6292 	.db #0x55	; 85	'U'
    00001899 88                    6293 	.db #0x88	; 136
    0000189A 88                    6294 	.db #0x88	; 136
    0000189B 88                    6295 	.db #0x88	; 136
    0000189C 88                    6296 	.db #0x88	; 136
    0000189D 88                    6297 	.db #0x88	; 136
    0000189E 88                    6298 	.db #0x88	; 136
    0000189F 88                    6299 	.db #0x88	; 136
    000018A0 88                    6300 	.db #0x88	; 136
    000018A1 77                    6301 	.db #0x77	; 119	'w'
    000018A2 77                    6302 	.db #0x77	; 119	'w'
    000018A3 77                    6303 	.db #0x77	; 119	'w'
    000018A4 77                    6304 	.db #0x77	; 119	'w'
    000018A5 77                    6305 	.db #0x77	; 119	'w'
    000018A6 77                    6306 	.db #0x77	; 119	'w'
    000018A7 77                    6307 	.db #0x77	; 119	'w'
    000018A8 77                    6308 	.db #0x77	; 119	'w'
    000018A9 55                    6309 	.db #0x55	; 85	'U'
    000018AA BB                    6310 	.db #0xbb	; 187
    000018AB A8                    6311 	.db #0xa8	; 168
    000018AC 8D                    6312 	.db #0x8d	; 141
    000018AD DD                    6313 	.db #0xdd	; 221
    000018AE DD                    6314 	.db #0xdd	; 221
    000018AF D5                    6315 	.db #0xd5	; 213
    000018B0 33                    6316 	.db #0x33	; 51	'3'
    000018B1 34                    6317 	.db #0x34	; 52	'4'
    000018B2 44                    6318 	.db #0x44	; 68	'D'
    000018B3 33                    6319 	.db #0x33	; 51	'3'
    000018B4 33                    6320 	.db #0x33	; 51	'3'
    000018B5 33                    6321 	.db #0x33	; 51	'3'
    000018B6 33                    6322 	.db #0x33	; 51	'3'
    000018B7 33                    6323 	.db #0x33	; 51	'3'
    000018B8 33                    6324 	.db #0x33	; 51	'3'
    000018B9                       6325 _jumper:
    000018B9 04                    6326 	.db #0x04	; 4
    000018BAr00r00                 6327 	.dw _order_cnt
    000018BCrE1r16                 6328 	.dw _order1
    000018BEr01r17                 6329 	.dw _order2
    000018C0r21r17                 6330 	.dw _order3
    000018C2r41r17                 6331 	.dw _order4
    000018C4r61r17                 6332 	.dw _duty_instruments
    000018C6rA3r17                 6333 	.dw _wave_instruments
    000018C8rDFr17                 6334 	.dw _noise_instruments
    000018CA 00 00                 6335 	.dw #0x0000
    000018CCr09r18                 6336 	.dw _waves
                                   6337 	.area _INITIALIZER
                                   6338 	.area _CABS (ABS)
