                                      1 ;--------------------------------------------------------
                                      2 ; File Created by SDCC : free open source ISO C Compiler
                                      3 ; Version 4.5.1 #15267 (MINGW64)
                                      4 ;--------------------------------------------------------
                                      5 	.module menuloop
                                      6 	
                                      7 ;--------------------------------------------------------
                                      8 ; Public variables in this module
                                      9 ;--------------------------------------------------------
                                     10 	.globl _menuloop
                                     11 ;--------------------------------------------------------
                                     12 ; special function registers
                                     13 ;--------------------------------------------------------
                                     14 	.area _HRAM
                                     15 ;--------------------------------------------------------
                                     16 ; ram data
                                     17 ;--------------------------------------------------------
                                     18 	.area _DATA
                                     19 ;--------------------------------------------------------
                                     20 ; ram data
                                     21 ;--------------------------------------------------------
                                     22 	.area _INITIALIZED
                                     23 ;--------------------------------------------------------
                                     24 ; absolute external ram data
                                     25 ;--------------------------------------------------------
                                     26 	.area _DABS (ABS)
                                     27 ;--------------------------------------------------------
                                     28 ; global & static initialisations
                                     29 ;--------------------------------------------------------
                                     30 	.area _HOME
                                     31 	.area _GSINIT
                                     32 	.area _GSFINAL
                                     33 	.area _GSINIT
                                     34 ;--------------------------------------------------------
                                     35 ; Home
                                     36 ;--------------------------------------------------------
                                     37 	.area _HOME
                                     38 	.area _HOME
                                     39 ;--------------------------------------------------------
                                     40 ; code
                                     41 ;--------------------------------------------------------
                                     42 	.area _CODE_1
                                     43 	.area _CODE_1
    00000000                         44 _order_cnt:
    00000000 08                      45 	.db #0x08	; 8
    00000001                         46 _P0:
    00000001 0C                      47 	.db #0x0c	; 12
    00000002 1C                      48 	.db #0x1c	; 28
    00000003 1F                      49 	.db #0x1f	; 31
    00000004 5A                      50 	.db #0x5a	; 90	'Z'
    00000005 00                      51 	.db #0x00	; 0
    00000006 00                      52 	.db #0x00	; 0
    00000007 18                      53 	.db #0x18	; 24
    00000008 10                      54 	.db #0x10	; 16
    00000009 00                      55 	.db #0x00	; 0
    0000000A 5A                      56 	.db #0x5a	; 90	'Z'
    0000000B 00                      57 	.db #0x00	; 0
    0000000C 00                      58 	.db #0x00	; 0
    0000000D 00                      59 	.db #0x00	; 0
    0000000E 10                      60 	.db #0x10	; 16
    0000000F 00                      61 	.db #0x00	; 0
    00000010 5A                      62 	.db #0x5a	; 90	'Z'
    00000011 00                      63 	.db #0x00	; 0
    00000012 00                      64 	.db #0x00	; 0
    00000013 0C                      65 	.db #0x0c	; 12
    00000014 10                      66 	.db #0x10	; 16
    00000015 00                      67 	.db #0x00	; 0
    00000016 5A                      68 	.db #0x5a	; 90	'Z'
    00000017 00                      69 	.db #0x00	; 0
    00000018 00                      70 	.db #0x00	; 0
    00000019 5A                      71 	.db #0x5a	; 90	'Z'
    0000001A 00                      72 	.db #0x00	; 0
    0000001B 00                      73 	.db #0x00	; 0
    0000001C 5A                      74 	.db #0x5a	; 90	'Z'
    0000001D 00                      75 	.db #0x00	; 0
    0000001E 00                      76 	.db #0x00	; 0
    0000001F 5A                      77 	.db #0x5a	; 90	'Z'
    00000020 00                      78 	.db #0x00	; 0
    00000021 00                      79 	.db #0x00	; 0
    00000022 0C                      80 	.db #0x0c	; 12
    00000023 2C                      81 	.db #0x2c	; 44
    00000024 00                      82 	.db #0x00	; 0
    00000025 5A                      83 	.db #0x5a	; 90	'Z'
    00000026 00                      84 	.db #0x00	; 0
    00000027 00                      85 	.db #0x00	; 0
    00000028 5A                      86 	.db #0x5a	; 90	'Z'
    00000029 00                      87 	.db #0x00	; 0
    0000002A 00                      88 	.db #0x00	; 0
    0000002B 5A                      89 	.db #0x5a	; 90	'Z'
    0000002C 00                      90 	.db #0x00	; 0
    0000002D 00                      91 	.db #0x00	; 0
    0000002E 5A                      92 	.db #0x5a	; 90	'Z'
    0000002F 00                      93 	.db #0x00	; 0
    00000030 00                      94 	.db #0x00	; 0
    00000031 13                      95 	.db #0x13	; 19
    00000032 10                      96 	.db #0x10	; 16
    00000033 00                      97 	.db #0x00	; 0
    00000034 5A                      98 	.db #0x5a	; 90	'Z'
    00000035 00                      99 	.db #0x00	; 0
    00000036 00                     100 	.db #0x00	; 0
    00000037 1F                     101 	.db #0x1f	; 31
    00000038 10                     102 	.db #0x10	; 16
    00000039 00                     103 	.db #0x00	; 0
    0000003A 5A                     104 	.db #0x5a	; 90	'Z'
    0000003B 00                     105 	.db #0x00	; 0
    0000003C 00                     106 	.db #0x00	; 0
    0000003D 07                     107 	.db #0x07	; 7
    0000003E 10                     108 	.db #0x10	; 16
    0000003F 00                     109 	.db #0x00	; 0
    00000040 5A                     110 	.db #0x5a	; 90	'Z'
    00000041 00                     111 	.db #0x00	; 0
    00000042 00                     112 	.db #0x00	; 0
    00000043 13                     113 	.db #0x13	; 19
    00000044 10                     114 	.db #0x10	; 16
    00000045 00                     115 	.db #0x00	; 0
    00000046 5A                     116 	.db #0x5a	; 90	'Z'
    00000047 00                     117 	.db #0x00	; 0
    00000048 00                     118 	.db #0x00	; 0
    00000049 5A                     119 	.db #0x5a	; 90	'Z'
    0000004A 00                     120 	.db #0x00	; 0
    0000004B 00                     121 	.db #0x00	; 0
    0000004C 5A                     122 	.db #0x5a	; 90	'Z'
    0000004D 00                     123 	.db #0x00	; 0
    0000004E 00                     124 	.db #0x00	; 0
    0000004F 5A                     125 	.db #0x5a	; 90	'Z'
    00000050 00                     126 	.db #0x00	; 0
    00000051 00                     127 	.db #0x00	; 0
    00000052 0C                     128 	.db #0x0c	; 12
    00000053 2C                     129 	.db #0x2c	; 44
    00000054 00                     130 	.db #0x00	; 0
    00000055 5A                     131 	.db #0x5a	; 90	'Z'
    00000056 00                     132 	.db #0x00	; 0
    00000057 00                     133 	.db #0x00	; 0
    00000058 5A                     134 	.db #0x5a	; 90	'Z'
    00000059 00                     135 	.db #0x00	; 0
    0000005A 00                     136 	.db #0x00	; 0
    0000005B 5A                     137 	.db #0x5a	; 90	'Z'
    0000005C 00                     138 	.db #0x00	; 0
    0000005D 00                     139 	.db #0x00	; 0
    0000005E 5A                     140 	.db #0x5a	; 90	'Z'
    0000005F 00                     141 	.db #0x00	; 0
    00000060 00                     142 	.db #0x00	; 0
    00000061 11                     143 	.db #0x11	; 17
    00000062 10                     144 	.db #0x10	; 16
    00000063 00                     145 	.db #0x00	; 0
    00000064 5A                     146 	.db #0x5a	; 90	'Z'
    00000065 00                     147 	.db #0x00	; 0
    00000066 00                     148 	.db #0x00	; 0
    00000067 1D                     149 	.db #0x1d	; 29
    00000068 10                     150 	.db #0x10	; 16
    00000069 00                     151 	.db #0x00	; 0
    0000006A 5A                     152 	.db #0x5a	; 90	'Z'
    0000006B 00                     153 	.db #0x00	; 0
    0000006C 00                     154 	.db #0x00	; 0
    0000006D 05                     155 	.db #0x05	; 5
    0000006E 10                     156 	.db #0x10	; 16
    0000006F 00                     157 	.db #0x00	; 0
    00000070 5A                     158 	.db #0x5a	; 90	'Z'
    00000071 00                     159 	.db #0x00	; 0
    00000072 00                     160 	.db #0x00	; 0
    00000073 11                     161 	.db #0x11	; 17
    00000074 10                     162 	.db #0x10	; 16
    00000075 00                     163 	.db #0x00	; 0
    00000076 5A                     164 	.db #0x5a	; 90	'Z'
    00000077 00                     165 	.db #0x00	; 0
    00000078 00                     166 	.db #0x00	; 0
    00000079 5A                     167 	.db #0x5a	; 90	'Z'
    0000007A 00                     168 	.db #0x00	; 0
    0000007B 00                     169 	.db #0x00	; 0
    0000007C 5A                     170 	.db #0x5a	; 90	'Z'
    0000007D 00                     171 	.db #0x00	; 0
    0000007E 00                     172 	.db #0x00	; 0
    0000007F 5A                     173 	.db #0x5a	; 90	'Z'
    00000080 00                     174 	.db #0x00	; 0
    00000081 00                     175 	.db #0x00	; 0
    00000082 0C                     176 	.db #0x0c	; 12
    00000083 2C                     177 	.db #0x2c	; 44
    00000084 00                     178 	.db #0x00	; 0
    00000085 5A                     179 	.db #0x5a	; 90	'Z'
    00000086 00                     180 	.db #0x00	; 0
    00000087 00                     181 	.db #0x00	; 0
    00000088 5A                     182 	.db #0x5a	; 90	'Z'
    00000089 00                     183 	.db #0x00	; 0
    0000008A 00                     184 	.db #0x00	; 0
    0000008B 5A                     185 	.db #0x5a	; 90	'Z'
    0000008C 00                     186 	.db #0x00	; 0
    0000008D 00                     187 	.db #0x00	; 0
    0000008E 5A                     188 	.db #0x5a	; 90	'Z'
    0000008F 00                     189 	.db #0x00	; 0
    00000090 00                     190 	.db #0x00	; 0
    00000091 0F                     191 	.db #0x0f	; 15
    00000092 10                     192 	.db #0x10	; 16
    00000093 00                     193 	.db #0x00	; 0
    00000094 5A                     194 	.db #0x5a	; 90	'Z'
    00000095 00                     195 	.db #0x00	; 0
    00000096 00                     196 	.db #0x00	; 0
    00000097 1B                     197 	.db #0x1b	; 27
    00000098 10                     198 	.db #0x10	; 16
    00000099 00                     199 	.db #0x00	; 0
    0000009A 5A                     200 	.db #0x5a	; 90	'Z'
    0000009B 00                     201 	.db #0x00	; 0
    0000009C 00                     202 	.db #0x00	; 0
    0000009D 03                     203 	.db #0x03	; 3
    0000009E 10                     204 	.db #0x10	; 16
    0000009F 00                     205 	.db #0x00	; 0
    000000A0 5A                     206 	.db #0x5a	; 90	'Z'
    000000A1 00                     207 	.db #0x00	; 0
    000000A2 00                     208 	.db #0x00	; 0
    000000A3 0F                     209 	.db #0x0f	; 15
    000000A4 10                     210 	.db #0x10	; 16
    000000A5 00                     211 	.db #0x00	; 0
    000000A6 5A                     212 	.db #0x5a	; 90	'Z'
    000000A7 00                     213 	.db #0x00	; 0
    000000A8 00                     214 	.db #0x00	; 0
    000000A9 0E                     215 	.db #0x0e	; 14
    000000AA 10                     216 	.db #0x10	; 16
    000000AB 00                     217 	.db #0x00	; 0
    000000AC 5A                     218 	.db #0x5a	; 90	'Z'
    000000AD 00                     219 	.db #0x00	; 0
    000000AE 00                     220 	.db #0x00	; 0
    000000AF 1A                     221 	.db #0x1a	; 26
    000000B0 10                     222 	.db #0x10	; 16
    000000B1 00                     223 	.db #0x00	; 0
    000000B2 5A                     224 	.db #0x5a	; 90	'Z'
    000000B3 00                     225 	.db #0x00	; 0
    000000B4 00                     226 	.db #0x00	; 0
    000000B5 02                     227 	.db #0x02	; 2
    000000B6 10                     228 	.db #0x10	; 16
    000000B7 00                     229 	.db #0x00	; 0
    000000B8 5A                     230 	.db #0x5a	; 90	'Z'
    000000B9 00                     231 	.db #0x00	; 0
    000000BA 00                     232 	.db #0x00	; 0
    000000BB 0E                     233 	.db #0x0e	; 14
    000000BC 10                     234 	.db #0x10	; 16
    000000BD 00                     235 	.db #0x00	; 0
    000000BE 5A                     236 	.db #0x5a	; 90	'Z'
    000000BF 00                     237 	.db #0x00	; 0
    000000C0 00                     238 	.db #0x00	; 0
    000000C1                        239 _P2:
    000000C1 18                     240 	.db #0x18	; 24
    000000C2 42                     241 	.db #0x42	; 66	'B'
    000000C3 99                     242 	.db #0x99	; 153
    000000C4 0C                     243 	.db #0x0c	; 12
    000000C5 50                     244 	.db #0x50	; 80	'P'
    000000C6 00                     245 	.db #0x00	; 0
    000000C7 5A                     246 	.db #0x5a	; 90	'Z'
    000000C8 00                     247 	.db #0x00	; 0
    000000C9 00                     248 	.db #0x00	; 0
    000000CA 5A                     249 	.db #0x5a	; 90	'Z'
    000000CB 00                     250 	.db #0x00	; 0
    000000CC 00                     251 	.db #0x00	; 0
    000000CD 5A                     252 	.db #0x5a	; 90	'Z'
    000000CE 00                     253 	.db #0x00	; 0
    000000CF 00                     254 	.db #0x00	; 0
    000000D0 5A                     255 	.db #0x5a	; 90	'Z'
    000000D1 00                     256 	.db #0x00	; 0
    000000D2 00                     257 	.db #0x00	; 0
    000000D3 5A                     258 	.db #0x5a	; 90	'Z'
    000000D4 00                     259 	.db #0x00	; 0
    000000D5 00                     260 	.db #0x00	; 0
    000000D6 18                     261 	.db #0x18	; 24
    000000D7 42                     262 	.db #0x42	; 66	'B'
    000000D8 99                     263 	.db #0x99	; 153
    000000D9 0C                     264 	.db #0x0c	; 12
    000000DA 50                     265 	.db #0x50	; 80	'P'
    000000DB 00                     266 	.db #0x00	; 0
    000000DC 18                     267 	.db #0x18	; 24
    000000DD 42                     268 	.db #0x42	; 66	'B'
    000000DE 99                     269 	.db #0x99	; 153
    000000DF 18                     270 	.db #0x18	; 24
    000000E0 42                     271 	.db #0x42	; 66	'B'
    000000E1 99                     272 	.db #0x99	; 153
    000000E2 0C                     273 	.db #0x0c	; 12
    000000E3 50                     274 	.db #0x50	; 80	'P'
    000000E4 00                     275 	.db #0x00	; 0
    000000E5 5A                     276 	.db #0x5a	; 90	'Z'
    000000E6 00                     277 	.db #0x00	; 0
    000000E7 00                     278 	.db #0x00	; 0
    000000E8 5A                     279 	.db #0x5a	; 90	'Z'
    000000E9 00                     280 	.db #0x00	; 0
    000000EA 00                     281 	.db #0x00	; 0
    000000EB 5A                     282 	.db #0x5a	; 90	'Z'
    000000EC 00                     283 	.db #0x00	; 0
    000000ED 00                     284 	.db #0x00	; 0
    000000EE 5A                     285 	.db #0x5a	; 90	'Z'
    000000EF 00                     286 	.db #0x00	; 0
    000000F0 00                     287 	.db #0x00	; 0
    000000F1 18                     288 	.db #0x18	; 24
    000000F2 42                     289 	.db #0x42	; 66	'B'
    000000F3 99                     290 	.db #0x99	; 153
    000000F4 13                     291 	.db #0x13	; 19
    000000F5 50                     292 	.db #0x50	; 80	'P'
    000000F6 00                     293 	.db #0x00	; 0
    000000F7 18                     294 	.db #0x18	; 24
    000000F8 42                     295 	.db #0x42	; 66	'B'
    000000F9 99                     296 	.db #0x99	; 153
    000000FA 13                     297 	.db #0x13	; 19
    000000FB 50                     298 	.db #0x50	; 80	'P'
    000000FC 00                     299 	.db #0x00	; 0
    000000FD 5A                     300 	.db #0x5a	; 90	'Z'
    000000FE 00                     301 	.db #0x00	; 0
    000000FF 00                     302 	.db #0x00	; 0
    00000100 5A                     303 	.db #0x5a	; 90	'Z'
    00000101 00                     304 	.db #0x00	; 0
    00000102 00                     305 	.db #0x00	; 0
    00000103 18                     306 	.db #0x18	; 24
    00000104 42                     307 	.db #0x42	; 66	'B'
    00000105 99                     308 	.db #0x99	; 153
    00000106 13                     309 	.db #0x13	; 19
    00000107 50                     310 	.db #0x50	; 80	'P'
    00000108 00                     311 	.db #0x00	; 0
    00000109 5A                     312 	.db #0x5a	; 90	'Z'
    0000010A 00                     313 	.db #0x00	; 0
    0000010B 00                     314 	.db #0x00	; 0
    0000010C 5A                     315 	.db #0x5a	; 90	'Z'
    0000010D 00                     316 	.db #0x00	; 0
    0000010E 00                     317 	.db #0x00	; 0
    0000010F 18                     318 	.db #0x18	; 24
    00000110 42                     319 	.db #0x42	; 66	'B'
    00000111 99                     320 	.db #0x99	; 153
    00000112 13                     321 	.db #0x13	; 19
    00000113 50                     322 	.db #0x50	; 80	'P'
    00000114 00                     323 	.db #0x00	; 0
    00000115 5A                     324 	.db #0x5a	; 90	'Z'
    00000116 00                     325 	.db #0x00	; 0
    00000117 00                     326 	.db #0x00	; 0
    00000118 5A                     327 	.db #0x5a	; 90	'Z'
    00000119 00                     328 	.db #0x00	; 0
    0000011A 00                     329 	.db #0x00	; 0
    0000011B 5A                     330 	.db #0x5a	; 90	'Z'
    0000011C 00                     331 	.db #0x00	; 0
    0000011D 00                     332 	.db #0x00	; 0
    0000011E 5A                     333 	.db #0x5a	; 90	'Z'
    0000011F 00                     334 	.db #0x00	; 0
    00000120 00                     335 	.db #0x00	; 0
    00000121 18                     336 	.db #0x18	; 24
    00000122 42                     337 	.db #0x42	; 66	'B'
    00000123 99                     338 	.db #0x99	; 153
    00000124 11                     339 	.db #0x11	; 17
    00000125 50                     340 	.db #0x50	; 80	'P'
    00000126 00                     341 	.db #0x00	; 0
    00000127 5A                     342 	.db #0x5a	; 90	'Z'
    00000128 00                     343 	.db #0x00	; 0
    00000129 00                     344 	.db #0x00	; 0
    0000012A 5A                     345 	.db #0x5a	; 90	'Z'
    0000012B 00                     346 	.db #0x00	; 0
    0000012C 00                     347 	.db #0x00	; 0
    0000012D 5A                     348 	.db #0x5a	; 90	'Z'
    0000012E 00                     349 	.db #0x00	; 0
    0000012F 00                     350 	.db #0x00	; 0
    00000130 5A                     351 	.db #0x5a	; 90	'Z'
    00000131 00                     352 	.db #0x00	; 0
    00000132 00                     353 	.db #0x00	; 0
    00000133 5A                     354 	.db #0x5a	; 90	'Z'
    00000134 00                     355 	.db #0x00	; 0
    00000135 00                     356 	.db #0x00	; 0
    00000136 18                     357 	.db #0x18	; 24
    00000137 42                     358 	.db #0x42	; 66	'B'
    00000138 99                     359 	.db #0x99	; 153
    00000139 11                     360 	.db #0x11	; 17
    0000013A 50                     361 	.db #0x50	; 80	'P'
    0000013B 00                     362 	.db #0x00	; 0
    0000013C 18                     363 	.db #0x18	; 24
    0000013D 42                     364 	.db #0x42	; 66	'B'
    0000013E 99                     365 	.db #0x99	; 153
    0000013F 18                     366 	.db #0x18	; 24
    00000140 42                     367 	.db #0x42	; 66	'B'
    00000141 99                     368 	.db #0x99	; 153
    00000142 11                     369 	.db #0x11	; 17
    00000143 50                     370 	.db #0x50	; 80	'P'
    00000144 00                     371 	.db #0x00	; 0
    00000145 5A                     372 	.db #0x5a	; 90	'Z'
    00000146 00                     373 	.db #0x00	; 0
    00000147 00                     374 	.db #0x00	; 0
    00000148 5A                     375 	.db #0x5a	; 90	'Z'
    00000149 00                     376 	.db #0x00	; 0
    0000014A 00                     377 	.db #0x00	; 0
    0000014B 5A                     378 	.db #0x5a	; 90	'Z'
    0000014C 00                     379 	.db #0x00	; 0
    0000014D 00                     380 	.db #0x00	; 0
    0000014E 5A                     381 	.db #0x5a	; 90	'Z'
    0000014F 00                     382 	.db #0x00	; 0
    00000150 00                     383 	.db #0x00	; 0
    00000151 18                     384 	.db #0x18	; 24
    00000152 42                     385 	.db #0x42	; 66	'B'
    00000153 99                     386 	.db #0x99	; 153
    00000154 0F                     387 	.db #0x0f	; 15
    00000155 50                     388 	.db #0x50	; 80	'P'
    00000156 00                     389 	.db #0x00	; 0
    00000157 18                     390 	.db #0x18	; 24
    00000158 42                     391 	.db #0x42	; 66	'B'
    00000159 99                     392 	.db #0x99	; 153
    0000015A 0F                     393 	.db #0x0f	; 15
    0000015B 50                     394 	.db #0x50	; 80	'P'
    0000015C 00                     395 	.db #0x00	; 0
    0000015D 5A                     396 	.db #0x5a	; 90	'Z'
    0000015E 00                     397 	.db #0x00	; 0
    0000015F 00                     398 	.db #0x00	; 0
    00000160 5A                     399 	.db #0x5a	; 90	'Z'
    00000161 00                     400 	.db #0x00	; 0
    00000162 00                     401 	.db #0x00	; 0
    00000163 1B                     402 	.db #0x1b	; 27
    00000164 42                     403 	.db #0x42	; 66	'B'
    00000165 99                     404 	.db #0x99	; 153
    00000166 0F                     405 	.db #0x0f	; 15
    00000167 50                     406 	.db #0x50	; 80	'P'
    00000168 00                     407 	.db #0x00	; 0
    00000169 5A                     408 	.db #0x5a	; 90	'Z'
    0000016A 00                     409 	.db #0x00	; 0
    0000016B 00                     410 	.db #0x00	; 0
    0000016C 5A                     411 	.db #0x5a	; 90	'Z'
    0000016D 00                     412 	.db #0x00	; 0
    0000016E 00                     413 	.db #0x00	; 0
    0000016F 1A                     414 	.db #0x1a	; 26
    00000170 42                     415 	.db #0x42	; 66	'B'
    00000171 99                     416 	.db #0x99	; 153
    00000172 0E                     417 	.db #0x0e	; 14
    00000173 50                     418 	.db #0x50	; 80	'P'
    00000174 00                     419 	.db #0x00	; 0
    00000175 5A                     420 	.db #0x5a	; 90	'Z'
    00000176 00                     421 	.db #0x00	; 0
    00000177 00                     422 	.db #0x00	; 0
    00000178 5A                     423 	.db #0x5a	; 90	'Z'
    00000179 00                     424 	.db #0x00	; 0
    0000017A 00                     425 	.db #0x00	; 0
    0000017B 5A                     426 	.db #0x5a	; 90	'Z'
    0000017C 00                     427 	.db #0x00	; 0
    0000017D 00                     428 	.db #0x00	; 0
    0000017E 5A                     429 	.db #0x5a	; 90	'Z'
    0000017F 00                     430 	.db #0x00	; 0
    00000180 00                     431 	.db #0x00	; 0
    00000181                        432 _P4:
    00000181 5A                     433 	.db #0x5a	; 90	'Z'
    00000182 0C                     434 	.db #0x0c	; 12
    00000183 0F                     435 	.db #0x0f	; 15
    00000184 18                     436 	.db #0x18	; 24
    00000185 10                     437 	.db #0x10	; 16
    00000186 00                     438 	.db #0x00	; 0
    00000187 5A                     439 	.db #0x5a	; 90	'Z'
    00000188 00                     440 	.db #0x00	; 0
    00000189 00                     441 	.db #0x00	; 0
    0000018A 18                     442 	.db #0x18	; 24
    0000018B 10                     443 	.db #0x10	; 16
    0000018C 00                     444 	.db #0x00	; 0
    0000018D 5A                     445 	.db #0x5a	; 90	'Z'
    0000018E 00                     446 	.db #0x00	; 0
    0000018F 00                     447 	.db #0x00	; 0
    00000190 18                     448 	.db #0x18	; 24
    00000191 10                     449 	.db #0x10	; 16
    00000192 00                     450 	.db #0x00	; 0
    00000193 5A                     451 	.db #0x5a	; 90	'Z'
    00000194 00                     452 	.db #0x00	; 0
    00000195 00                     453 	.db #0x00	; 0
    00000196 30                     454 	.db #0x30	; 48	'0'
    00000197 20                     455 	.db #0x20	; 32
    00000198 00                     456 	.db #0x00	; 0
    00000199 5A                     457 	.db #0x5a	; 90	'Z'
    0000019A 00                     458 	.db #0x00	; 0
    0000019B 00                     459 	.db #0x00	; 0
    0000019C 5A                     460 	.db #0x5a	; 90	'Z'
    0000019D 00                     461 	.db #0x00	; 0
    0000019E 00                     462 	.db #0x00	; 0
    0000019F 30                     463 	.db #0x30	; 48	'0'
    000001A0 2C                     464 	.db #0x2c	; 44
    000001A1 09                     465 	.db #0x09	; 9
    000001A2 5A                     466 	.db #0x5a	; 90	'Z'
    000001A3 00                     467 	.db #0x00	; 0
    000001A4 00                     468 	.db #0x00	; 0
    000001A5 5A                     469 	.db #0x5a	; 90	'Z'
    000001A6 00                     470 	.db #0x00	; 0
    000001A7 00                     471 	.db #0x00	; 0
    000001A8 5A                     472 	.db #0x5a	; 90	'Z'
    000001A9 00                     473 	.db #0x00	; 0
    000001AA 00                     474 	.db #0x00	; 0
    000001AB 30                     475 	.db #0x30	; 48	'0'
    000001AC 2C                     476 	.db #0x2c	; 44
    000001AD 04                     477 	.db #0x04	; 4
    000001AE 5A                     478 	.db #0x5a	; 90	'Z'
    000001AF 00                     479 	.db #0x00	; 0
    000001B0 00                     480 	.db #0x00	; 0
    000001B1 5A                     481 	.db #0x5a	; 90	'Z'
    000001B2 00                     482 	.db #0x00	; 0
    000001B3 00                     483 	.db #0x00	; 0
    000001B4 1F                     484 	.db #0x1f	; 31
    000001B5 10                     485 	.db #0x10	; 16
    000001B6 00                     486 	.db #0x00	; 0
    000001B7 5A                     487 	.db #0x5a	; 90	'Z'
    000001B8 00                     488 	.db #0x00	; 0
    000001B9 00                     489 	.db #0x00	; 0
    000001BA 1F                     490 	.db #0x1f	; 31
    000001BB 10                     491 	.db #0x10	; 16
    000001BC 00                     492 	.db #0x00	; 0
    000001BD 5A                     493 	.db #0x5a	; 90	'Z'
    000001BE 00                     494 	.db #0x00	; 0
    000001BF 00                     495 	.db #0x00	; 0
    000001C0 1F                     496 	.db #0x1f	; 31
    000001C1 10                     497 	.db #0x10	; 16
    000001C2 00                     498 	.db #0x00	; 0
    000001C3 5A                     499 	.db #0x5a	; 90	'Z'
    000001C4 00                     500 	.db #0x00	; 0
    000001C5 00                     501 	.db #0x00	; 0
    000001C6 37                     502 	.db #0x37	; 55	'7'
    000001C7 20                     503 	.db #0x20	; 32
    000001C8 00                     504 	.db #0x00	; 0
    000001C9 5A                     505 	.db #0x5a	; 90	'Z'
    000001CA 00                     506 	.db #0x00	; 0
    000001CB 00                     507 	.db #0x00	; 0
    000001CC 5A                     508 	.db #0x5a	; 90	'Z'
    000001CD 00                     509 	.db #0x00	; 0
    000001CE 00                     510 	.db #0x00	; 0
    000001CF 37                     511 	.db #0x37	; 55	'7'
    000001D0 2C                     512 	.db #0x2c	; 44
    000001D1 09                     513 	.db #0x09	; 9
    000001D2 5A                     514 	.db #0x5a	; 90	'Z'
    000001D3 00                     515 	.db #0x00	; 0
    000001D4 00                     516 	.db #0x00	; 0
    000001D5 5A                     517 	.db #0x5a	; 90	'Z'
    000001D6 00                     518 	.db #0x00	; 0
    000001D7 00                     519 	.db #0x00	; 0
    000001D8 5A                     520 	.db #0x5a	; 90	'Z'
    000001D9 00                     521 	.db #0x00	; 0
    000001DA 00                     522 	.db #0x00	; 0
    000001DB 37                     523 	.db #0x37	; 55	'7'
    000001DC 2C                     524 	.db #0x2c	; 44
    000001DD 04                     525 	.db #0x04	; 4
    000001DE 5A                     526 	.db #0x5a	; 90	'Z'
    000001DF 00                     527 	.db #0x00	; 0
    000001E0 00                     528 	.db #0x00	; 0
    000001E1 5A                     529 	.db #0x5a	; 90	'Z'
    000001E2 00                     530 	.db #0x00	; 0
    000001E3 00                     531 	.db #0x00	; 0
    000001E4 1D                     532 	.db #0x1d	; 29
    000001E5 10                     533 	.db #0x10	; 16
    000001E6 00                     534 	.db #0x00	; 0
    000001E7 5A                     535 	.db #0x5a	; 90	'Z'
    000001E8 00                     536 	.db #0x00	; 0
    000001E9 00                     537 	.db #0x00	; 0
    000001EA 1D                     538 	.db #0x1d	; 29
    000001EB 10                     539 	.db #0x10	; 16
    000001EC 00                     540 	.db #0x00	; 0
    000001ED 5A                     541 	.db #0x5a	; 90	'Z'
    000001EE 00                     542 	.db #0x00	; 0
    000001EF 00                     543 	.db #0x00	; 0
    000001F0 1D                     544 	.db #0x1d	; 29
    000001F1 10                     545 	.db #0x10	; 16
    000001F2 00                     546 	.db #0x00	; 0
    000001F3 5A                     547 	.db #0x5a	; 90	'Z'
    000001F4 00                     548 	.db #0x00	; 0
    000001F5 00                     549 	.db #0x00	; 0
    000001F6 35                     550 	.db #0x35	; 53	'5'
    000001F7 20                     551 	.db #0x20	; 32
    000001F8 00                     552 	.db #0x00	; 0
    000001F9 5A                     553 	.db #0x5a	; 90	'Z'
    000001FA 00                     554 	.db #0x00	; 0
    000001FB 00                     555 	.db #0x00	; 0
    000001FC 5A                     556 	.db #0x5a	; 90	'Z'
    000001FD 00                     557 	.db #0x00	; 0
    000001FE 00                     558 	.db #0x00	; 0
    000001FF 35                     559 	.db #0x35	; 53	'5'
    00000200 2C                     560 	.db #0x2c	; 44
    00000201 09                     561 	.db #0x09	; 9
    00000202 5A                     562 	.db #0x5a	; 90	'Z'
    00000203 00                     563 	.db #0x00	; 0
    00000204 00                     564 	.db #0x00	; 0
    00000205 5A                     565 	.db #0x5a	; 90	'Z'
    00000206 00                     566 	.db #0x00	; 0
    00000207 00                     567 	.db #0x00	; 0
    00000208 5A                     568 	.db #0x5a	; 90	'Z'
    00000209 00                     569 	.db #0x00	; 0
    0000020A 00                     570 	.db #0x00	; 0
    0000020B 35                     571 	.db #0x35	; 53	'5'
    0000020C 2C                     572 	.db #0x2c	; 44
    0000020D 04                     573 	.db #0x04	; 4
    0000020E 5A                     574 	.db #0x5a	; 90	'Z'
    0000020F 00                     575 	.db #0x00	; 0
    00000210 00                     576 	.db #0x00	; 0
    00000211 5A                     577 	.db #0x5a	; 90	'Z'
    00000212 00                     578 	.db #0x00	; 0
    00000213 00                     579 	.db #0x00	; 0
    00000214 1B                     580 	.db #0x1b	; 27
    00000215 10                     581 	.db #0x10	; 16
    00000216 00                     582 	.db #0x00	; 0
    00000217 5A                     583 	.db #0x5a	; 90	'Z'
    00000218 00                     584 	.db #0x00	; 0
    00000219 00                     585 	.db #0x00	; 0
    0000021A 1B                     586 	.db #0x1b	; 27
    0000021B 10                     587 	.db #0x10	; 16
    0000021C 00                     588 	.db #0x00	; 0
    0000021D 5A                     589 	.db #0x5a	; 90	'Z'
    0000021E 00                     590 	.db #0x00	; 0
    0000021F 00                     591 	.db #0x00	; 0
    00000220 1B                     592 	.db #0x1b	; 27
    00000221 10                     593 	.db #0x10	; 16
    00000222 00                     594 	.db #0x00	; 0
    00000223 5A                     595 	.db #0x5a	; 90	'Z'
    00000224 00                     596 	.db #0x00	; 0
    00000225 00                     597 	.db #0x00	; 0
    00000226 33                     598 	.db #0x33	; 51	'3'
    00000227 20                     599 	.db #0x20	; 32
    00000228 00                     600 	.db #0x00	; 0
    00000229 5A                     601 	.db #0x5a	; 90	'Z'
    0000022A 00                     602 	.db #0x00	; 0
    0000022B 00                     603 	.db #0x00	; 0
    0000022C 5A                     604 	.db #0x5a	; 90	'Z'
    0000022D 0C                     605 	.db #0x0c	; 12
    0000022E 09                     606 	.db #0x09	; 9
    0000022F 5A                     607 	.db #0x5a	; 90	'Z'
    00000230 0C                     608 	.db #0x0c	; 12
    00000231 04                     609 	.db #0x04	; 4
    00000232 1A                     610 	.db #0x1a	; 26
    00000233 10                     611 	.db #0x10	; 16
    00000234 00                     612 	.db #0x00	; 0
    00000235 5A                     613 	.db #0x5a	; 90	'Z'
    00000236 00                     614 	.db #0x00	; 0
    00000237 00                     615 	.db #0x00	; 0
    00000238 1A                     616 	.db #0x1a	; 26
    00000239 10                     617 	.db #0x10	; 16
    0000023A 00                     618 	.db #0x00	; 0
    0000023B 5A                     619 	.db #0x5a	; 90	'Z'
    0000023C 00                     620 	.db #0x00	; 0
    0000023D 00                     621 	.db #0x00	; 0
    0000023E 5A                     622 	.db #0x5a	; 90	'Z'
    0000023F 00                     623 	.db #0x00	; 0
    00000240 00                     624 	.db #0x00	; 0
    00000241                        625 _P6:
    00000241 3D                     626 	.db #0x3d	; 61
    00000242 10                     627 	.db #0x10	; 16
    00000243 00                     628 	.db #0x00	; 0
    00000244 3D                     629 	.db #0x3d	; 61
    00000245 10                     630 	.db #0x10	; 16
    00000246 00                     631 	.db #0x00	; 0
    00000247 3D                     632 	.db #0x3d	; 61
    00000248 10                     633 	.db #0x10	; 16
    00000249 00                     634 	.db #0x00	; 0
    0000024A 3D                     635 	.db #0x3d	; 61
    0000024B 10                     636 	.db #0x10	; 16
    0000024C 00                     637 	.db #0x00	; 0
    0000024D 3D                     638 	.db #0x3d	; 61
    0000024E 20                     639 	.db #0x20	; 32
    0000024F 00                     640 	.db #0x00	; 0
    00000250 5A                     641 	.db #0x5a	; 90	'Z'
    00000251 00                     642 	.db #0x00	; 0
    00000252 00                     643 	.db #0x00	; 0
    00000253 3D                     644 	.db #0x3d	; 61
    00000254 10                     645 	.db #0x10	; 16
    00000255 00                     646 	.db #0x00	; 0
    00000256 3D                     647 	.db #0x3d	; 61
    00000257 10                     648 	.db #0x10	; 16
    00000258 00                     649 	.db #0x00	; 0
    00000259 5A                     650 	.db #0x5a	; 90	'Z'
    0000025A 00                     651 	.db #0x00	; 0
    0000025B 00                     652 	.db #0x00	; 0
    0000025C 3D                     653 	.db #0x3d	; 61
    0000025D 10                     654 	.db #0x10	; 16
    0000025E 00                     655 	.db #0x00	; 0
    0000025F 3D                     656 	.db #0x3d	; 61
    00000260 10                     657 	.db #0x10	; 16
    00000261 00                     658 	.db #0x00	; 0
    00000262 5A                     659 	.db #0x5a	; 90	'Z'
    00000263 00                     660 	.db #0x00	; 0
    00000264 00                     661 	.db #0x00	; 0
    00000265 3D                     662 	.db #0x3d	; 61
    00000266 20                     663 	.db #0x20	; 32
    00000267 00                     664 	.db #0x00	; 0
    00000268 5A                     665 	.db #0x5a	; 90	'Z'
    00000269 00                     666 	.db #0x00	; 0
    0000026A 00                     667 	.db #0x00	; 0
    0000026B 3D                     668 	.db #0x3d	; 61
    0000026C 10                     669 	.db #0x10	; 16
    0000026D 00                     670 	.db #0x00	; 0
    0000026E 5A                     671 	.db #0x5a	; 90	'Z'
    0000026F 00                     672 	.db #0x00	; 0
    00000270 00                     673 	.db #0x00	; 0
    00000271 3D                     674 	.db #0x3d	; 61
    00000272 10                     675 	.db #0x10	; 16
    00000273 00                     676 	.db #0x00	; 0
    00000274 3D                     677 	.db #0x3d	; 61
    00000275 10                     678 	.db #0x10	; 16
    00000276 00                     679 	.db #0x00	; 0
    00000277 3D                     680 	.db #0x3d	; 61
    00000278 10                     681 	.db #0x10	; 16
    00000279 00                     682 	.db #0x00	; 0
    0000027A 3D                     683 	.db #0x3d	; 61
    0000027B 10                     684 	.db #0x10	; 16
    0000027C 00                     685 	.db #0x00	; 0
    0000027D 3D                     686 	.db #0x3d	; 61
    0000027E 20                     687 	.db #0x20	; 32
    0000027F 00                     688 	.db #0x00	; 0
    00000280 3D                     689 	.db #0x3d	; 61
    00000281 10                     690 	.db #0x10	; 16
    00000282 00                     691 	.db #0x00	; 0
    00000283 3D                     692 	.db #0x3d	; 61
    00000284 10                     693 	.db #0x10	; 16
    00000285 00                     694 	.db #0x00	; 0
    00000286 3D                     695 	.db #0x3d	; 61
    00000287 20                     696 	.db #0x20	; 32
    00000288 00                     697 	.db #0x00	; 0
    00000289 5A                     698 	.db #0x5a	; 90	'Z'
    0000028A 00                     699 	.db #0x00	; 0
    0000028B 00                     700 	.db #0x00	; 0
    0000028C 3D                     701 	.db #0x3d	; 61
    0000028D 10                     702 	.db #0x10	; 16
    0000028E 00                     703 	.db #0x00	; 0
    0000028F 3D                     704 	.db #0x3d	; 61
    00000290 10                     705 	.db #0x10	; 16
    00000291 00                     706 	.db #0x00	; 0
    00000292 5A                     707 	.db #0x5a	; 90	'Z'
    00000293 00                     708 	.db #0x00	; 0
    00000294 00                     709 	.db #0x00	; 0
    00000295 3D                     710 	.db #0x3d	; 61
    00000296 20                     711 	.db #0x20	; 32
    00000297 00                     712 	.db #0x00	; 0
    00000298 3D                     713 	.db #0x3d	; 61
    00000299 20                     714 	.db #0x20	; 32
    0000029A 00                     715 	.db #0x00	; 0
    0000029B 3D                     716 	.db #0x3d	; 61
    0000029C 20                     717 	.db #0x20	; 32
    0000029D 00                     718 	.db #0x00	; 0
    0000029E 3D                     719 	.db #0x3d	; 61
    0000029F 20                     720 	.db #0x20	; 32
    000002A0 00                     721 	.db #0x00	; 0
    000002A1 3D                     722 	.db #0x3d	; 61
    000002A2 10                     723 	.db #0x10	; 16
    000002A3 00                     724 	.db #0x00	; 0
    000002A4 3D                     725 	.db #0x3d	; 61
    000002A5 10                     726 	.db #0x10	; 16
    000002A6 00                     727 	.db #0x00	; 0
    000002A7 3D                     728 	.db #0x3d	; 61
    000002A8 10                     729 	.db #0x10	; 16
    000002A9 00                     730 	.db #0x00	; 0
    000002AA 3D                     731 	.db #0x3d	; 61
    000002AB 10                     732 	.db #0x10	; 16
    000002AC 00                     733 	.db #0x00	; 0
    000002AD 3D                     734 	.db #0x3d	; 61
    000002AE 20                     735 	.db #0x20	; 32
    000002AF 00                     736 	.db #0x00	; 0
    000002B0 5A                     737 	.db #0x5a	; 90	'Z'
    000002B1 00                     738 	.db #0x00	; 0
    000002B2 00                     739 	.db #0x00	; 0
    000002B3 3D                     740 	.db #0x3d	; 61
    000002B4 10                     741 	.db #0x10	; 16
    000002B5 00                     742 	.db #0x00	; 0
    000002B6 3D                     743 	.db #0x3d	; 61
    000002B7 10                     744 	.db #0x10	; 16
    000002B8 00                     745 	.db #0x00	; 0
    000002B9 5A                     746 	.db #0x5a	; 90	'Z'
    000002BA 00                     747 	.db #0x00	; 0
    000002BB 00                     748 	.db #0x00	; 0
    000002BC 3D                     749 	.db #0x3d	; 61
    000002BD 10                     750 	.db #0x10	; 16
    000002BE 00                     751 	.db #0x00	; 0
    000002BF 3D                     752 	.db #0x3d	; 61
    000002C0 10                     753 	.db #0x10	; 16
    000002C1 00                     754 	.db #0x00	; 0
    000002C2 5A                     755 	.db #0x5a	; 90	'Z'
    000002C3 00                     756 	.db #0x00	; 0
    000002C4 00                     757 	.db #0x00	; 0
    000002C5 3D                     758 	.db #0x3d	; 61
    000002C6 20                     759 	.db #0x20	; 32
    000002C7 00                     760 	.db #0x00	; 0
    000002C8 5A                     761 	.db #0x5a	; 90	'Z'
    000002C9 00                     762 	.db #0x00	; 0
    000002CA 00                     763 	.db #0x00	; 0
    000002CB 3D                     764 	.db #0x3d	; 61
    000002CC 10                     765 	.db #0x10	; 16
    000002CD 00                     766 	.db #0x00	; 0
    000002CE 5A                     767 	.db #0x5a	; 90	'Z'
    000002CF 00                     768 	.db #0x00	; 0
    000002D0 00                     769 	.db #0x00	; 0
    000002D1 3D                     770 	.db #0x3d	; 61
    000002D2 10                     771 	.db #0x10	; 16
    000002D3 00                     772 	.db #0x00	; 0
    000002D4 3D                     773 	.db #0x3d	; 61
    000002D5 10                     774 	.db #0x10	; 16
    000002D6 00                     775 	.db #0x00	; 0
    000002D7 3D                     776 	.db #0x3d	; 61
    000002D8 10                     777 	.db #0x10	; 16
    000002D9 00                     778 	.db #0x00	; 0
    000002DA 3D                     779 	.db #0x3d	; 61
    000002DB 10                     780 	.db #0x10	; 16
    000002DC 00                     781 	.db #0x00	; 0
    000002DD 3D                     782 	.db #0x3d	; 61
    000002DE 20                     783 	.db #0x20	; 32
    000002DF 00                     784 	.db #0x00	; 0
    000002E0 3D                     785 	.db #0x3d	; 61
    000002E1 10                     786 	.db #0x10	; 16
    000002E2 00                     787 	.db #0x00	; 0
    000002E3 3D                     788 	.db #0x3d	; 61
    000002E4 10                     789 	.db #0x10	; 16
    000002E5 00                     790 	.db #0x00	; 0
    000002E6 3D                     791 	.db #0x3d	; 61
    000002E7 20                     792 	.db #0x20	; 32
    000002E8 00                     793 	.db #0x00	; 0
    000002E9 5A                     794 	.db #0x5a	; 90	'Z'
    000002EA 00                     795 	.db #0x00	; 0
    000002EB 00                     796 	.db #0x00	; 0
    000002EC 3D                     797 	.db #0x3d	; 61
    000002ED 10                     798 	.db #0x10	; 16
    000002EE 00                     799 	.db #0x00	; 0
    000002EF 3D                     800 	.db #0x3d	; 61
    000002F0 10                     801 	.db #0x10	; 16
    000002F1 00                     802 	.db #0x00	; 0
    000002F2 5A                     803 	.db #0x5a	; 90	'Z'
    000002F3 00                     804 	.db #0x00	; 0
    000002F4 00                     805 	.db #0x00	; 0
    000002F5 3D                     806 	.db #0x3d	; 61
    000002F6 20                     807 	.db #0x20	; 32
    000002F7 00                     808 	.db #0x00	; 0
    000002F8 3D                     809 	.db #0x3d	; 61
    000002F9 20                     810 	.db #0x20	; 32
    000002FA 00                     811 	.db #0x00	; 0
    000002FB 3D                     812 	.db #0x3d	; 61
    000002FC 20                     813 	.db #0x20	; 32
    000002FD 00                     814 	.db #0x00	; 0
    000002FE 3D                     815 	.db #0x3d	; 61
    000002FF 20                     816 	.db #0x20	; 32
    00000300 00                     817 	.db #0x00	; 0
    00000301                        818 _P1:
    00000301 0C                     819 	.db #0x0c	; 12
    00000302 1C                     820 	.db #0x1c	; 28
    00000303 1F                     821 	.db #0x1f	; 31
    00000304 5A                     822 	.db #0x5a	; 90	'Z'
    00000305 00                     823 	.db #0x00	; 0
    00000306 00                     824 	.db #0x00	; 0
    00000307 18                     825 	.db #0x18	; 24
    00000308 10                     826 	.db #0x10	; 16
    00000309 00                     827 	.db #0x00	; 0
    0000030A 5A                     828 	.db #0x5a	; 90	'Z'
    0000030B 00                     829 	.db #0x00	; 0
    0000030C 00                     830 	.db #0x00	; 0
    0000030D 00                     831 	.db #0x00	; 0
    0000030E 10                     832 	.db #0x10	; 16
    0000030F 00                     833 	.db #0x00	; 0
    00000310 5A                     834 	.db #0x5a	; 90	'Z'
    00000311 00                     835 	.db #0x00	; 0
    00000312 00                     836 	.db #0x00	; 0
    00000313 0C                     837 	.db #0x0c	; 12
    00000314 10                     838 	.db #0x10	; 16
    00000315 00                     839 	.db #0x00	; 0
    00000316 5A                     840 	.db #0x5a	; 90	'Z'
    00000317 00                     841 	.db #0x00	; 0
    00000318 00                     842 	.db #0x00	; 0
    00000319 5A                     843 	.db #0x5a	; 90	'Z'
    0000031A 00                     844 	.db #0x00	; 0
    0000031B 00                     845 	.db #0x00	; 0
    0000031C 5A                     846 	.db #0x5a	; 90	'Z'
    0000031D 00                     847 	.db #0x00	; 0
    0000031E 00                     848 	.db #0x00	; 0
    0000031F 5A                     849 	.db #0x5a	; 90	'Z'
    00000320 00                     850 	.db #0x00	; 0
    00000321 00                     851 	.db #0x00	; 0
    00000322 0C                     852 	.db #0x0c	; 12
    00000323 2C                     853 	.db #0x2c	; 44
    00000324 00                     854 	.db #0x00	; 0
    00000325 5A                     855 	.db #0x5a	; 90	'Z'
    00000326 00                     856 	.db #0x00	; 0
    00000327 00                     857 	.db #0x00	; 0
    00000328 5A                     858 	.db #0x5a	; 90	'Z'
    00000329 00                     859 	.db #0x00	; 0
    0000032A 00                     860 	.db #0x00	; 0
    0000032B 5A                     861 	.db #0x5a	; 90	'Z'
    0000032C 00                     862 	.db #0x00	; 0
    0000032D 00                     863 	.db #0x00	; 0
    0000032E 5A                     864 	.db #0x5a	; 90	'Z'
    0000032F 00                     865 	.db #0x00	; 0
    00000330 00                     866 	.db #0x00	; 0
    00000331 13                     867 	.db #0x13	; 19
    00000332 10                     868 	.db #0x10	; 16
    00000333 00                     869 	.db #0x00	; 0
    00000334 5A                     870 	.db #0x5a	; 90	'Z'
    00000335 00                     871 	.db #0x00	; 0
    00000336 00                     872 	.db #0x00	; 0
    00000337 1F                     873 	.db #0x1f	; 31
    00000338 10                     874 	.db #0x10	; 16
    00000339 00                     875 	.db #0x00	; 0
    0000033A 5A                     876 	.db #0x5a	; 90	'Z'
    0000033B 00                     877 	.db #0x00	; 0
    0000033C 00                     878 	.db #0x00	; 0
    0000033D 07                     879 	.db #0x07	; 7
    0000033E 10                     880 	.db #0x10	; 16
    0000033F 00                     881 	.db #0x00	; 0
    00000340 5A                     882 	.db #0x5a	; 90	'Z'
    00000341 00                     883 	.db #0x00	; 0
    00000342 00                     884 	.db #0x00	; 0
    00000343 13                     885 	.db #0x13	; 19
    00000344 10                     886 	.db #0x10	; 16
    00000345 00                     887 	.db #0x00	; 0
    00000346 5A                     888 	.db #0x5a	; 90	'Z'
    00000347 00                     889 	.db #0x00	; 0
    00000348 00                     890 	.db #0x00	; 0
    00000349 5A                     891 	.db #0x5a	; 90	'Z'
    0000034A 00                     892 	.db #0x00	; 0
    0000034B 00                     893 	.db #0x00	; 0
    0000034C 5A                     894 	.db #0x5a	; 90	'Z'
    0000034D 00                     895 	.db #0x00	; 0
    0000034E 00                     896 	.db #0x00	; 0
    0000034F 5A                     897 	.db #0x5a	; 90	'Z'
    00000350 00                     898 	.db #0x00	; 0
    00000351 00                     899 	.db #0x00	; 0
    00000352 0C                     900 	.db #0x0c	; 12
    00000353 2C                     901 	.db #0x2c	; 44
    00000354 00                     902 	.db #0x00	; 0
    00000355 5A                     903 	.db #0x5a	; 90	'Z'
    00000356 00                     904 	.db #0x00	; 0
    00000357 00                     905 	.db #0x00	; 0
    00000358 5A                     906 	.db #0x5a	; 90	'Z'
    00000359 00                     907 	.db #0x00	; 0
    0000035A 00                     908 	.db #0x00	; 0
    0000035B 5A                     909 	.db #0x5a	; 90	'Z'
    0000035C 00                     910 	.db #0x00	; 0
    0000035D 00                     911 	.db #0x00	; 0
    0000035E 5A                     912 	.db #0x5a	; 90	'Z'
    0000035F 00                     913 	.db #0x00	; 0
    00000360 00                     914 	.db #0x00	; 0
    00000361 0F                     915 	.db #0x0f	; 15
    00000362 10                     916 	.db #0x10	; 16
    00000363 00                     917 	.db #0x00	; 0
    00000364 5A                     918 	.db #0x5a	; 90	'Z'
    00000365 00                     919 	.db #0x00	; 0
    00000366 00                     920 	.db #0x00	; 0
    00000367 1B                     921 	.db #0x1b	; 27
    00000368 10                     922 	.db #0x10	; 16
    00000369 00                     923 	.db #0x00	; 0
    0000036A 5A                     924 	.db #0x5a	; 90	'Z'
    0000036B 00                     925 	.db #0x00	; 0
    0000036C 00                     926 	.db #0x00	; 0
    0000036D 03                     927 	.db #0x03	; 3
    0000036E 10                     928 	.db #0x10	; 16
    0000036F 00                     929 	.db #0x00	; 0
    00000370 5A                     930 	.db #0x5a	; 90	'Z'
    00000371 00                     931 	.db #0x00	; 0
    00000372 00                     932 	.db #0x00	; 0
    00000373 0F                     933 	.db #0x0f	; 15
    00000374 10                     934 	.db #0x10	; 16
    00000375 00                     935 	.db #0x00	; 0
    00000376 5A                     936 	.db #0x5a	; 90	'Z'
    00000377 00                     937 	.db #0x00	; 0
    00000378 00                     938 	.db #0x00	; 0
    00000379 5A                     939 	.db #0x5a	; 90	'Z'
    0000037A 00                     940 	.db #0x00	; 0
    0000037B 00                     941 	.db #0x00	; 0
    0000037C 5A                     942 	.db #0x5a	; 90	'Z'
    0000037D 00                     943 	.db #0x00	; 0
    0000037E 00                     944 	.db #0x00	; 0
    0000037F 5A                     945 	.db #0x5a	; 90	'Z'
    00000380 00                     946 	.db #0x00	; 0
    00000381 00                     947 	.db #0x00	; 0
    00000382 0C                     948 	.db #0x0c	; 12
    00000383 2C                     949 	.db #0x2c	; 44
    00000384 00                     950 	.db #0x00	; 0
    00000385 5A                     951 	.db #0x5a	; 90	'Z'
    00000386 00                     952 	.db #0x00	; 0
    00000387 00                     953 	.db #0x00	; 0
    00000388 5A                     954 	.db #0x5a	; 90	'Z'
    00000389 00                     955 	.db #0x00	; 0
    0000038A 00                     956 	.db #0x00	; 0
    0000038B 5A                     957 	.db #0x5a	; 90	'Z'
    0000038C 00                     958 	.db #0x00	; 0
    0000038D 00                     959 	.db #0x00	; 0
    0000038E 5A                     960 	.db #0x5a	; 90	'Z'
    0000038F 00                     961 	.db #0x00	; 0
    00000390 00                     962 	.db #0x00	; 0
    00000391 0E                     963 	.db #0x0e	; 14
    00000392 24                     964 	.db #0x24	; 36
    00000393 64                     965 	.db #0x64	; 100	'd'
    00000394 5A                     966 	.db #0x5a	; 90	'Z'
    00000395 04                     967 	.db #0x04	; 4
    00000396 64                     968 	.db #0x64	; 100	'd'
    00000397 5A                     969 	.db #0x5a	; 90	'Z'
    00000398 04                     970 	.db #0x04	; 4
    00000399 64                     971 	.db #0x64	; 100	'd'
    0000039A 5A                     972 	.db #0x5a	; 90	'Z'
    0000039B 04                     973 	.db #0x04	; 4
    0000039C 64                     974 	.db #0x64	; 100	'd'
    0000039D 5A                     975 	.db #0x5a	; 90	'Z'
    0000039E 04                     976 	.db #0x04	; 4
    0000039F 64                     977 	.db #0x64	; 100	'd'
    000003A0 5A                     978 	.db #0x5a	; 90	'Z'
    000003A1 04                     979 	.db #0x04	; 4
    000003A2 64                     980 	.db #0x64	; 100	'd'
    000003A3 5A                     981 	.db #0x5a	; 90	'Z'
    000003A4 04                     982 	.db #0x04	; 4
    000003A5 64                     983 	.db #0x64	; 100	'd'
    000003A6 5A                     984 	.db #0x5a	; 90	'Z'
    000003A7 04                     985 	.db #0x04	; 4
    000003A8 64                     986 	.db #0x64	; 100	'd'
    000003A9 0E                     987 	.db #0x0e	; 14
    000003AA 34                     988 	.db #0x34	; 52	'4'
    000003AB 64                     989 	.db #0x64	; 100	'd'
    000003AC 5A                     990 	.db #0x5a	; 90	'Z'
    000003AD 04                     991 	.db #0x04	; 4
    000003AE 64                     992 	.db #0x64	; 100	'd'
    000003AF 5A                     993 	.db #0x5a	; 90	'Z'
    000003B0 04                     994 	.db #0x04	; 4
    000003B1 64                     995 	.db #0x64	; 100	'd'
    000003B2 5A                     996 	.db #0x5a	; 90	'Z'
    000003B3 04                     997 	.db #0x04	; 4
    000003B4 64                     998 	.db #0x64	; 100	'd'
    000003B5 5A                     999 	.db #0x5a	; 90	'Z'
    000003B6 04                    1000 	.db #0x04	; 4
    000003B7 64                    1001 	.db #0x64	; 100	'd'
    000003B8 5A                    1002 	.db #0x5a	; 90	'Z'
    000003B9 04                    1003 	.db #0x04	; 4
    000003BA 64                    1004 	.db #0x64	; 100	'd'
    000003BB 5A                    1005 	.db #0x5a	; 90	'Z'
    000003BC 04                    1006 	.db #0x04	; 4
    000003BD 64                    1007 	.db #0x64	; 100	'd'
    000003BE 5A                    1008 	.db #0x5a	; 90	'Z'
    000003BF 00                    1009 	.db #0x00	; 0
    000003C0 00                    1010 	.db #0x00	; 0
    000003C1                       1011 _P3:
    000003C1 18                    1012 	.db #0x18	; 24
    000003C2 42                    1013 	.db #0x42	; 66	'B'
    000003C3 99                    1014 	.db #0x99	; 153
    000003C4 0C                    1015 	.db #0x0c	; 12
    000003C5 50                    1016 	.db #0x50	; 80	'P'
    000003C6 00                    1017 	.db #0x00	; 0
    000003C7 5A                    1018 	.db #0x5a	; 90	'Z'
    000003C8 00                    1019 	.db #0x00	; 0
    000003C9 00                    1020 	.db #0x00	; 0
    000003CA 5A                    1021 	.db #0x5a	; 90	'Z'
    000003CB 00                    1022 	.db #0x00	; 0
    000003CC 00                    1023 	.db #0x00	; 0
    000003CD 5A                    1024 	.db #0x5a	; 90	'Z'
    000003CE 00                    1025 	.db #0x00	; 0
    000003CF 00                    1026 	.db #0x00	; 0
    000003D0 5A                    1027 	.db #0x5a	; 90	'Z'
    000003D1 00                    1028 	.db #0x00	; 0
    000003D2 00                    1029 	.db #0x00	; 0
    000003D3 5A                    1030 	.db #0x5a	; 90	'Z'
    000003D4 00                    1031 	.db #0x00	; 0
    000003D5 00                    1032 	.db #0x00	; 0
    000003D6 18                    1033 	.db #0x18	; 24
    000003D7 42                    1034 	.db #0x42	; 66	'B'
    000003D8 99                    1035 	.db #0x99	; 153
    000003D9 0C                    1036 	.db #0x0c	; 12
    000003DA 50                    1037 	.db #0x50	; 80	'P'
    000003DB 00                    1038 	.db #0x00	; 0
    000003DC 18                    1039 	.db #0x18	; 24
    000003DD 42                    1040 	.db #0x42	; 66	'B'
    000003DE 99                    1041 	.db #0x99	; 153
    000003DF 18                    1042 	.db #0x18	; 24
    000003E0 42                    1043 	.db #0x42	; 66	'B'
    000003E1 99                    1044 	.db #0x99	; 153
    000003E2 0C                    1045 	.db #0x0c	; 12
    000003E3 50                    1046 	.db #0x50	; 80	'P'
    000003E4 00                    1047 	.db #0x00	; 0
    000003E5 5A                    1048 	.db #0x5a	; 90	'Z'
    000003E6 00                    1049 	.db #0x00	; 0
    000003E7 00                    1050 	.db #0x00	; 0
    000003E8 5A                    1051 	.db #0x5a	; 90	'Z'
    000003E9 00                    1052 	.db #0x00	; 0
    000003EA 00                    1053 	.db #0x00	; 0
    000003EB 5A                    1054 	.db #0x5a	; 90	'Z'
    000003EC 00                    1055 	.db #0x00	; 0
    000003ED 00                    1056 	.db #0x00	; 0
    000003EE 5A                    1057 	.db #0x5a	; 90	'Z'
    000003EF 00                    1058 	.db #0x00	; 0
    000003F0 00                    1059 	.db #0x00	; 0
    000003F1 18                    1060 	.db #0x18	; 24
    000003F2 42                    1061 	.db #0x42	; 66	'B'
    000003F3 99                    1062 	.db #0x99	; 153
    000003F4 13                    1063 	.db #0x13	; 19
    000003F5 50                    1064 	.db #0x50	; 80	'P'
    000003F6 00                    1065 	.db #0x00	; 0
    000003F7 18                    1066 	.db #0x18	; 24
    000003F8 42                    1067 	.db #0x42	; 66	'B'
    000003F9 99                    1068 	.db #0x99	; 153
    000003FA 13                    1069 	.db #0x13	; 19
    000003FB 50                    1070 	.db #0x50	; 80	'P'
    000003FC 00                    1071 	.db #0x00	; 0
    000003FD 5A                    1072 	.db #0x5a	; 90	'Z'
    000003FE 00                    1073 	.db #0x00	; 0
    000003FF 00                    1074 	.db #0x00	; 0
    00000400 5A                    1075 	.db #0x5a	; 90	'Z'
    00000401 00                    1076 	.db #0x00	; 0
    00000402 00                    1077 	.db #0x00	; 0
    00000403 18                    1078 	.db #0x18	; 24
    00000404 42                    1079 	.db #0x42	; 66	'B'
    00000405 99                    1080 	.db #0x99	; 153
    00000406 13                    1081 	.db #0x13	; 19
    00000407 50                    1082 	.db #0x50	; 80	'P'
    00000408 00                    1083 	.db #0x00	; 0
    00000409 5A                    1084 	.db #0x5a	; 90	'Z'
    0000040A 00                    1085 	.db #0x00	; 0
    0000040B 00                    1086 	.db #0x00	; 0
    0000040C 5A                    1087 	.db #0x5a	; 90	'Z'
    0000040D 00                    1088 	.db #0x00	; 0
    0000040E 00                    1089 	.db #0x00	; 0
    0000040F 18                    1090 	.db #0x18	; 24
    00000410 42                    1091 	.db #0x42	; 66	'B'
    00000411 99                    1092 	.db #0x99	; 153
    00000412 13                    1093 	.db #0x13	; 19
    00000413 50                    1094 	.db #0x50	; 80	'P'
    00000414 00                    1095 	.db #0x00	; 0
    00000415 5A                    1096 	.db #0x5a	; 90	'Z'
    00000416 00                    1097 	.db #0x00	; 0
    00000417 00                    1098 	.db #0x00	; 0
    00000418 5A                    1099 	.db #0x5a	; 90	'Z'
    00000419 00                    1100 	.db #0x00	; 0
    0000041A 00                    1101 	.db #0x00	; 0
    0000041B 5A                    1102 	.db #0x5a	; 90	'Z'
    0000041C 00                    1103 	.db #0x00	; 0
    0000041D 00                    1104 	.db #0x00	; 0
    0000041E 5A                    1105 	.db #0x5a	; 90	'Z'
    0000041F 00                    1106 	.db #0x00	; 0
    00000420 00                    1107 	.db #0x00	; 0
    00000421 18                    1108 	.db #0x18	; 24
    00000422 42                    1109 	.db #0x42	; 66	'B'
    00000423 99                    1110 	.db #0x99	; 153
    00000424 0F                    1111 	.db #0x0f	; 15
    00000425 50                    1112 	.db #0x50	; 80	'P'
    00000426 00                    1113 	.db #0x00	; 0
    00000427 5A                    1114 	.db #0x5a	; 90	'Z'
    00000428 00                    1115 	.db #0x00	; 0
    00000429 00                    1116 	.db #0x00	; 0
    0000042A 5A                    1117 	.db #0x5a	; 90	'Z'
    0000042B 00                    1118 	.db #0x00	; 0
    0000042C 00                    1119 	.db #0x00	; 0
    0000042D 5A                    1120 	.db #0x5a	; 90	'Z'
    0000042E 00                    1121 	.db #0x00	; 0
    0000042F 00                    1122 	.db #0x00	; 0
    00000430 5A                    1123 	.db #0x5a	; 90	'Z'
    00000431 00                    1124 	.db #0x00	; 0
    00000432 00                    1125 	.db #0x00	; 0
    00000433 5A                    1126 	.db #0x5a	; 90	'Z'
    00000434 00                    1127 	.db #0x00	; 0
    00000435 00                    1128 	.db #0x00	; 0
    00000436 18                    1129 	.db #0x18	; 24
    00000437 42                    1130 	.db #0x42	; 66	'B'
    00000438 99                    1131 	.db #0x99	; 153
    00000439 0F                    1132 	.db #0x0f	; 15
    0000043A 50                    1133 	.db #0x50	; 80	'P'
    0000043B 00                    1134 	.db #0x00	; 0
    0000043C 18                    1135 	.db #0x18	; 24
    0000043D 42                    1136 	.db #0x42	; 66	'B'
    0000043E 99                    1137 	.db #0x99	; 153
    0000043F 18                    1138 	.db #0x18	; 24
    00000440 42                    1139 	.db #0x42	; 66	'B'
    00000441 99                    1140 	.db #0x99	; 153
    00000442 0F                    1141 	.db #0x0f	; 15
    00000443 50                    1142 	.db #0x50	; 80	'P'
    00000444 00                    1143 	.db #0x00	; 0
    00000445 5A                    1144 	.db #0x5a	; 90	'Z'
    00000446 00                    1145 	.db #0x00	; 0
    00000447 00                    1146 	.db #0x00	; 0
    00000448 5A                    1147 	.db #0x5a	; 90	'Z'
    00000449 00                    1148 	.db #0x00	; 0
    0000044A 00                    1149 	.db #0x00	; 0
    0000044B 5A                    1150 	.db #0x5a	; 90	'Z'
    0000044C 00                    1151 	.db #0x00	; 0
    0000044D 00                    1152 	.db #0x00	; 0
    0000044E 5A                    1153 	.db #0x5a	; 90	'Z'
    0000044F 00                    1154 	.db #0x00	; 0
    00000450 00                    1155 	.db #0x00	; 0
    00000451 0E                    1156 	.db #0x0e	; 14
    00000452 50                    1157 	.db #0x50	; 80	'P'
    00000453 00                    1158 	.db #0x00	; 0
    00000454 5A                    1159 	.db #0x5a	; 90	'Z'
    00000455 00                    1160 	.db #0x00	; 0
    00000456 00                    1161 	.db #0x00	; 0
    00000457 5A                    1162 	.db #0x5a	; 90	'Z'
    00000458 00                    1163 	.db #0x00	; 0
    00000459 00                    1164 	.db #0x00	; 0
    0000045A 5A                    1165 	.db #0x5a	; 90	'Z'
    0000045B 00                    1166 	.db #0x00	; 0
    0000045C 00                    1167 	.db #0x00	; 0
    0000045D 5A                    1168 	.db #0x5a	; 90	'Z'
    0000045E 00                    1169 	.db #0x00	; 0
    0000045F 00                    1170 	.db #0x00	; 0
    00000460 5A                    1171 	.db #0x5a	; 90	'Z'
    00000461 00                    1172 	.db #0x00	; 0
    00000462 00                    1173 	.db #0x00	; 0
    00000463 5A                    1174 	.db #0x5a	; 90	'Z'
    00000464 00                    1175 	.db #0x00	; 0
    00000465 00                    1176 	.db #0x00	; 0
    00000466 5A                    1177 	.db #0x5a	; 90	'Z'
    00000467 00                    1178 	.db #0x00	; 0
    00000468 00                    1179 	.db #0x00	; 0
    00000469 5A                    1180 	.db #0x5a	; 90	'Z'
    0000046A 00                    1181 	.db #0x00	; 0
    0000046B 00                    1182 	.db #0x00	; 0
    0000046C 5A                    1183 	.db #0x5a	; 90	'Z'
    0000046D 00                    1184 	.db #0x00	; 0
    0000046E 00                    1185 	.db #0x00	; 0
    0000046F 5A                    1186 	.db #0x5a	; 90	'Z'
    00000470 00                    1187 	.db #0x00	; 0
    00000471 00                    1188 	.db #0x00	; 0
    00000472 5A                    1189 	.db #0x5a	; 90	'Z'
    00000473 00                    1190 	.db #0x00	; 0
    00000474 00                    1191 	.db #0x00	; 0
    00000475 5A                    1192 	.db #0x5a	; 90	'Z'
    00000476 00                    1193 	.db #0x00	; 0
    00000477 00                    1194 	.db #0x00	; 0
    00000478 5A                    1195 	.db #0x5a	; 90	'Z'
    00000479 00                    1196 	.db #0x00	; 0
    0000047A 00                    1197 	.db #0x00	; 0
    0000047B 5A                    1198 	.db #0x5a	; 90	'Z'
    0000047C 00                    1199 	.db #0x00	; 0
    0000047D 00                    1200 	.db #0x00	; 0
    0000047E 5A                    1201 	.db #0x5a	; 90	'Z'
    0000047F 00                    1202 	.db #0x00	; 0
    00000480 00                    1203 	.db #0x00	; 0
    00000481                       1204 _P5:
    00000481 5A                    1205 	.db #0x5a	; 90	'Z'
    00000482 0C                    1206 	.db #0x0c	; 12
    00000483 0F                    1207 	.db #0x0f	; 15
    00000484 18                    1208 	.db #0x18	; 24
    00000485 10                    1209 	.db #0x10	; 16
    00000486 00                    1210 	.db #0x00	; 0
    00000487 5A                    1211 	.db #0x5a	; 90	'Z'
    00000488 00                    1212 	.db #0x00	; 0
    00000489 00                    1213 	.db #0x00	; 0
    0000048A 18                    1214 	.db #0x18	; 24
    0000048B 10                    1215 	.db #0x10	; 16
    0000048C 00                    1216 	.db #0x00	; 0
    0000048D 5A                    1217 	.db #0x5a	; 90	'Z'
    0000048E 00                    1218 	.db #0x00	; 0
    0000048F 00                    1219 	.db #0x00	; 0
    00000490 18                    1220 	.db #0x18	; 24
    00000491 10                    1221 	.db #0x10	; 16
    00000492 00                    1222 	.db #0x00	; 0
    00000493 5A                    1223 	.db #0x5a	; 90	'Z'
    00000494 00                    1224 	.db #0x00	; 0
    00000495 00                    1225 	.db #0x00	; 0
    00000496 30                    1226 	.db #0x30	; 48	'0'
    00000497 20                    1227 	.db #0x20	; 32
    00000498 00                    1228 	.db #0x00	; 0
    00000499 5A                    1229 	.db #0x5a	; 90	'Z'
    0000049A 00                    1230 	.db #0x00	; 0
    0000049B 00                    1231 	.db #0x00	; 0
    0000049C 5A                    1232 	.db #0x5a	; 90	'Z'
    0000049D 00                    1233 	.db #0x00	; 0
    0000049E 00                    1234 	.db #0x00	; 0
    0000049F 30                    1235 	.db #0x30	; 48	'0'
    000004A0 2C                    1236 	.db #0x2c	; 44
    000004A1 09                    1237 	.db #0x09	; 9
    000004A2 5A                    1238 	.db #0x5a	; 90	'Z'
    000004A3 00                    1239 	.db #0x00	; 0
    000004A4 00                    1240 	.db #0x00	; 0
    000004A5 5A                    1241 	.db #0x5a	; 90	'Z'
    000004A6 00                    1242 	.db #0x00	; 0
    000004A7 00                    1243 	.db #0x00	; 0
    000004A8 5A                    1244 	.db #0x5a	; 90	'Z'
    000004A9 00                    1245 	.db #0x00	; 0
    000004AA 00                    1246 	.db #0x00	; 0
    000004AB 30                    1247 	.db #0x30	; 48	'0'
    000004AC 2C                    1248 	.db #0x2c	; 44
    000004AD 04                    1249 	.db #0x04	; 4
    000004AE 5A                    1250 	.db #0x5a	; 90	'Z'
    000004AF 00                    1251 	.db #0x00	; 0
    000004B0 00                    1252 	.db #0x00	; 0
    000004B1 5A                    1253 	.db #0x5a	; 90	'Z'
    000004B2 00                    1254 	.db #0x00	; 0
    000004B3 00                    1255 	.db #0x00	; 0
    000004B4 1F                    1256 	.db #0x1f	; 31
    000004B5 10                    1257 	.db #0x10	; 16
    000004B6 00                    1258 	.db #0x00	; 0
    000004B7 5A                    1259 	.db #0x5a	; 90	'Z'
    000004B8 00                    1260 	.db #0x00	; 0
    000004B9 00                    1261 	.db #0x00	; 0
    000004BA 1F                    1262 	.db #0x1f	; 31
    000004BB 10                    1263 	.db #0x10	; 16
    000004BC 00                    1264 	.db #0x00	; 0
    000004BD 5A                    1265 	.db #0x5a	; 90	'Z'
    000004BE 00                    1266 	.db #0x00	; 0
    000004BF 00                    1267 	.db #0x00	; 0
    000004C0 1F                    1268 	.db #0x1f	; 31
    000004C1 10                    1269 	.db #0x10	; 16
    000004C2 00                    1270 	.db #0x00	; 0
    000004C3 5A                    1271 	.db #0x5a	; 90	'Z'
    000004C4 00                    1272 	.db #0x00	; 0
    000004C5 00                    1273 	.db #0x00	; 0
    000004C6 37                    1274 	.db #0x37	; 55	'7'
    000004C7 20                    1275 	.db #0x20	; 32
    000004C8 00                    1276 	.db #0x00	; 0
    000004C9 5A                    1277 	.db #0x5a	; 90	'Z'
    000004CA 00                    1278 	.db #0x00	; 0
    000004CB 00                    1279 	.db #0x00	; 0
    000004CC 5A                    1280 	.db #0x5a	; 90	'Z'
    000004CD 00                    1281 	.db #0x00	; 0
    000004CE 00                    1282 	.db #0x00	; 0
    000004CF 37                    1283 	.db #0x37	; 55	'7'
    000004D0 2C                    1284 	.db #0x2c	; 44
    000004D1 09                    1285 	.db #0x09	; 9
    000004D2 5A                    1286 	.db #0x5a	; 90	'Z'
    000004D3 00                    1287 	.db #0x00	; 0
    000004D4 00                    1288 	.db #0x00	; 0
    000004D5 5A                    1289 	.db #0x5a	; 90	'Z'
    000004D6 00                    1290 	.db #0x00	; 0
    000004D7 00                    1291 	.db #0x00	; 0
    000004D8 5A                    1292 	.db #0x5a	; 90	'Z'
    000004D9 00                    1293 	.db #0x00	; 0
    000004DA 00                    1294 	.db #0x00	; 0
    000004DB 37                    1295 	.db #0x37	; 55	'7'
    000004DC 2C                    1296 	.db #0x2c	; 44
    000004DD 04                    1297 	.db #0x04	; 4
    000004DE 5A                    1298 	.db #0x5a	; 90	'Z'
    000004DF 00                    1299 	.db #0x00	; 0
    000004E0 00                    1300 	.db #0x00	; 0
    000004E1 5A                    1301 	.db #0x5a	; 90	'Z'
    000004E2 00                    1302 	.db #0x00	; 0
    000004E3 00                    1303 	.db #0x00	; 0
    000004E4 1B                    1304 	.db #0x1b	; 27
    000004E5 10                    1305 	.db #0x10	; 16
    000004E6 00                    1306 	.db #0x00	; 0
    000004E7 5A                    1307 	.db #0x5a	; 90	'Z'
    000004E8 00                    1308 	.db #0x00	; 0
    000004E9 00                    1309 	.db #0x00	; 0
    000004EA 1B                    1310 	.db #0x1b	; 27
    000004EB 10                    1311 	.db #0x10	; 16
    000004EC 00                    1312 	.db #0x00	; 0
    000004ED 5A                    1313 	.db #0x5a	; 90	'Z'
    000004EE 00                    1314 	.db #0x00	; 0
    000004EF 00                    1315 	.db #0x00	; 0
    000004F0 1B                    1316 	.db #0x1b	; 27
    000004F1 10                    1317 	.db #0x10	; 16
    000004F2 00                    1318 	.db #0x00	; 0
    000004F3 5A                    1319 	.db #0x5a	; 90	'Z'
    000004F4 00                    1320 	.db #0x00	; 0
    000004F5 00                    1321 	.db #0x00	; 0
    000004F6 33                    1322 	.db #0x33	; 51	'3'
    000004F7 20                    1323 	.db #0x20	; 32
    000004F8 00                    1324 	.db #0x00	; 0
    000004F9 5A                    1325 	.db #0x5a	; 90	'Z'
    000004FA 00                    1326 	.db #0x00	; 0
    000004FB 00                    1327 	.db #0x00	; 0
    000004FC 5A                    1328 	.db #0x5a	; 90	'Z'
    000004FD 00                    1329 	.db #0x00	; 0
    000004FE 00                    1330 	.db #0x00	; 0
    000004FF 33                    1331 	.db #0x33	; 51	'3'
    00000500 2C                    1332 	.db #0x2c	; 44
    00000501 09                    1333 	.db #0x09	; 9
    00000502 5A                    1334 	.db #0x5a	; 90	'Z'
    00000503 00                    1335 	.db #0x00	; 0
    00000504 00                    1336 	.db #0x00	; 0
    00000505 5A                    1337 	.db #0x5a	; 90	'Z'
    00000506 00                    1338 	.db #0x00	; 0
    00000507 00                    1339 	.db #0x00	; 0
    00000508 5A                    1340 	.db #0x5a	; 90	'Z'
    00000509 00                    1341 	.db #0x00	; 0
    0000050A 00                    1342 	.db #0x00	; 0
    0000050B 33                    1343 	.db #0x33	; 51	'3'
    0000050C 2C                    1344 	.db #0x2c	; 44
    0000050D 04                    1345 	.db #0x04	; 4
    0000050E 5A                    1346 	.db #0x5a	; 90	'Z'
    0000050F 00                    1347 	.db #0x00	; 0
    00000510 00                    1348 	.db #0x00	; 0
    00000511 1A                    1349 	.db #0x1a	; 26
    00000512 34                    1350 	.db #0x34	; 52	'4'
    00000513 64                    1351 	.db #0x64	; 100	'd'
    00000514 5A                    1352 	.db #0x5a	; 90	'Z'
    00000515 04                    1353 	.db #0x04	; 4
    00000516 64                    1354 	.db #0x64	; 100	'd'
    00000517 5A                    1355 	.db #0x5a	; 90	'Z'
    00000518 04                    1356 	.db #0x04	; 4
    00000519 64                    1357 	.db #0x64	; 100	'd'
    0000051A 5A                    1358 	.db #0x5a	; 90	'Z'
    0000051B 04                    1359 	.db #0x04	; 4
    0000051C 64                    1360 	.db #0x64	; 100	'd'
    0000051D 5A                    1361 	.db #0x5a	; 90	'Z'
    0000051E 04                    1362 	.db #0x04	; 4
    0000051F 64                    1363 	.db #0x64	; 100	'd'
    00000520 5A                    1364 	.db #0x5a	; 90	'Z'
    00000521 04                    1365 	.db #0x04	; 4
    00000522 64                    1366 	.db #0x64	; 100	'd'
    00000523 5A                    1367 	.db #0x5a	; 90	'Z'
    00000524 04                    1368 	.db #0x04	; 4
    00000525 64                    1369 	.db #0x64	; 100	'd'
    00000526 5A                    1370 	.db #0x5a	; 90	'Z'
    00000527 04                    1371 	.db #0x04	; 4
    00000528 64                    1372 	.db #0x64	; 100	'd'
    00000529 5A                    1373 	.db #0x5a	; 90	'Z'
    0000052A 04                    1374 	.db #0x04	; 4
    0000052B 64                    1375 	.db #0x64	; 100	'd'
    0000052C 5A                    1376 	.db #0x5a	; 90	'Z'
    0000052D 04                    1377 	.db #0x04	; 4
    0000052E 64                    1378 	.db #0x64	; 100	'd'
    0000052F 5A                    1379 	.db #0x5a	; 90	'Z'
    00000530 04                    1380 	.db #0x04	; 4
    00000531 64                    1381 	.db #0x64	; 100	'd'
    00000532 5A                    1382 	.db #0x5a	; 90	'Z'
    00000533 04                    1383 	.db #0x04	; 4
    00000534 64                    1384 	.db #0x64	; 100	'd'
    00000535 5A                    1385 	.db #0x5a	; 90	'Z'
    00000536 04                    1386 	.db #0x04	; 4
    00000537 64                    1387 	.db #0x64	; 100	'd'
    00000538 5A                    1388 	.db #0x5a	; 90	'Z'
    00000539 04                    1389 	.db #0x04	; 4
    0000053A 64                    1390 	.db #0x64	; 100	'd'
    0000053B 5A                    1391 	.db #0x5a	; 90	'Z'
    0000053C 04                    1392 	.db #0x04	; 4
    0000053D 64                    1393 	.db #0x64	; 100	'd'
    0000053E 5A                    1394 	.db #0x5a	; 90	'Z'
    0000053F 00                    1395 	.db #0x00	; 0
    00000540 00                    1396 	.db #0x00	; 0
    00000541                       1397 _P7:
    00000541 3D                    1398 	.db #0x3d	; 61
    00000542 10                    1399 	.db #0x10	; 16
    00000543 00                    1400 	.db #0x00	; 0
    00000544 3D                    1401 	.db #0x3d	; 61
    00000545 10                    1402 	.db #0x10	; 16
    00000546 00                    1403 	.db #0x00	; 0
    00000547 3D                    1404 	.db #0x3d	; 61
    00000548 10                    1405 	.db #0x10	; 16
    00000549 00                    1406 	.db #0x00	; 0
    0000054A 3D                    1407 	.db #0x3d	; 61
    0000054B 10                    1408 	.db #0x10	; 16
    0000054C 00                    1409 	.db #0x00	; 0
    0000054D 3D                    1410 	.db #0x3d	; 61
    0000054E 20                    1411 	.db #0x20	; 32
    0000054F 00                    1412 	.db #0x00	; 0
    00000550 5A                    1413 	.db #0x5a	; 90	'Z'
    00000551 00                    1414 	.db #0x00	; 0
    00000552 00                    1415 	.db #0x00	; 0
    00000553 3D                    1416 	.db #0x3d	; 61
    00000554 10                    1417 	.db #0x10	; 16
    00000555 00                    1418 	.db #0x00	; 0
    00000556 3D                    1419 	.db #0x3d	; 61
    00000557 10                    1420 	.db #0x10	; 16
    00000558 00                    1421 	.db #0x00	; 0
    00000559 5A                    1422 	.db #0x5a	; 90	'Z'
    0000055A 00                    1423 	.db #0x00	; 0
    0000055B 00                    1424 	.db #0x00	; 0
    0000055C 3D                    1425 	.db #0x3d	; 61
    0000055D 10                    1426 	.db #0x10	; 16
    0000055E 00                    1427 	.db #0x00	; 0
    0000055F 3D                    1428 	.db #0x3d	; 61
    00000560 10                    1429 	.db #0x10	; 16
    00000561 00                    1430 	.db #0x00	; 0
    00000562 5A                    1431 	.db #0x5a	; 90	'Z'
    00000563 00                    1432 	.db #0x00	; 0
    00000564 00                    1433 	.db #0x00	; 0
    00000565 3D                    1434 	.db #0x3d	; 61
    00000566 20                    1435 	.db #0x20	; 32
    00000567 00                    1436 	.db #0x00	; 0
    00000568 5A                    1437 	.db #0x5a	; 90	'Z'
    00000569 00                    1438 	.db #0x00	; 0
    0000056A 00                    1439 	.db #0x00	; 0
    0000056B 3D                    1440 	.db #0x3d	; 61
    0000056C 10                    1441 	.db #0x10	; 16
    0000056D 00                    1442 	.db #0x00	; 0
    0000056E 5A                    1443 	.db #0x5a	; 90	'Z'
    0000056F 00                    1444 	.db #0x00	; 0
    00000570 00                    1445 	.db #0x00	; 0
    00000571 3D                    1446 	.db #0x3d	; 61
    00000572 10                    1447 	.db #0x10	; 16
    00000573 00                    1448 	.db #0x00	; 0
    00000574 3D                    1449 	.db #0x3d	; 61
    00000575 10                    1450 	.db #0x10	; 16
    00000576 00                    1451 	.db #0x00	; 0
    00000577 3D                    1452 	.db #0x3d	; 61
    00000578 10                    1453 	.db #0x10	; 16
    00000579 00                    1454 	.db #0x00	; 0
    0000057A 3D                    1455 	.db #0x3d	; 61
    0000057B 10                    1456 	.db #0x10	; 16
    0000057C 00                    1457 	.db #0x00	; 0
    0000057D 3D                    1458 	.db #0x3d	; 61
    0000057E 20                    1459 	.db #0x20	; 32
    0000057F 00                    1460 	.db #0x00	; 0
    00000580 3D                    1461 	.db #0x3d	; 61
    00000581 10                    1462 	.db #0x10	; 16
    00000582 00                    1463 	.db #0x00	; 0
    00000583 3D                    1464 	.db #0x3d	; 61
    00000584 10                    1465 	.db #0x10	; 16
    00000585 00                    1466 	.db #0x00	; 0
    00000586 3D                    1467 	.db #0x3d	; 61
    00000587 20                    1468 	.db #0x20	; 32
    00000588 00                    1469 	.db #0x00	; 0
    00000589 5A                    1470 	.db #0x5a	; 90	'Z'
    0000058A 00                    1471 	.db #0x00	; 0
    0000058B 00                    1472 	.db #0x00	; 0
    0000058C 3D                    1473 	.db #0x3d	; 61
    0000058D 10                    1474 	.db #0x10	; 16
    0000058E 00                    1475 	.db #0x00	; 0
    0000058F 3D                    1476 	.db #0x3d	; 61
    00000590 10                    1477 	.db #0x10	; 16
    00000591 00                    1478 	.db #0x00	; 0
    00000592 5A                    1479 	.db #0x5a	; 90	'Z'
    00000593 00                    1480 	.db #0x00	; 0
    00000594 00                    1481 	.db #0x00	; 0
    00000595 3D                    1482 	.db #0x3d	; 61
    00000596 20                    1483 	.db #0x20	; 32
    00000597 00                    1484 	.db #0x00	; 0
    00000598 3D                    1485 	.db #0x3d	; 61
    00000599 20                    1486 	.db #0x20	; 32
    0000059A 00                    1487 	.db #0x00	; 0
    0000059B 3D                    1488 	.db #0x3d	; 61
    0000059C 20                    1489 	.db #0x20	; 32
    0000059D 00                    1490 	.db #0x00	; 0
    0000059E 3D                    1491 	.db #0x3d	; 61
    0000059F 20                    1492 	.db #0x20	; 32
    000005A0 00                    1493 	.db #0x00	; 0
    000005A1 3D                    1494 	.db #0x3d	; 61
    000005A2 10                    1495 	.db #0x10	; 16
    000005A3 00                    1496 	.db #0x00	; 0
    000005A4 3D                    1497 	.db #0x3d	; 61
    000005A5 10                    1498 	.db #0x10	; 16
    000005A6 00                    1499 	.db #0x00	; 0
    000005A7 3D                    1500 	.db #0x3d	; 61
    000005A8 10                    1501 	.db #0x10	; 16
    000005A9 00                    1502 	.db #0x00	; 0
    000005AA 3D                    1503 	.db #0x3d	; 61
    000005AB 10                    1504 	.db #0x10	; 16
    000005AC 00                    1505 	.db #0x00	; 0
    000005AD 3D                    1506 	.db #0x3d	; 61
    000005AE 20                    1507 	.db #0x20	; 32
    000005AF 00                    1508 	.db #0x00	; 0
    000005B0 5A                    1509 	.db #0x5a	; 90	'Z'
    000005B1 00                    1510 	.db #0x00	; 0
    000005B2 00                    1511 	.db #0x00	; 0
    000005B3 3D                    1512 	.db #0x3d	; 61
    000005B4 10                    1513 	.db #0x10	; 16
    000005B5 00                    1514 	.db #0x00	; 0
    000005B6 3D                    1515 	.db #0x3d	; 61
    000005B7 10                    1516 	.db #0x10	; 16
    000005B8 00                    1517 	.db #0x00	; 0
    000005B9 5A                    1518 	.db #0x5a	; 90	'Z'
    000005BA 00                    1519 	.db #0x00	; 0
    000005BB 00                    1520 	.db #0x00	; 0
    000005BC 3D                    1521 	.db #0x3d	; 61
    000005BD 10                    1522 	.db #0x10	; 16
    000005BE 00                    1523 	.db #0x00	; 0
    000005BF 3D                    1524 	.db #0x3d	; 61
    000005C0 10                    1525 	.db #0x10	; 16
    000005C1 00                    1526 	.db #0x00	; 0
    000005C2 5A                    1527 	.db #0x5a	; 90	'Z'
    000005C3 00                    1528 	.db #0x00	; 0
    000005C4 00                    1529 	.db #0x00	; 0
    000005C5 3D                    1530 	.db #0x3d	; 61
    000005C6 20                    1531 	.db #0x20	; 32
    000005C7 00                    1532 	.db #0x00	; 0
    000005C8 5A                    1533 	.db #0x5a	; 90	'Z'
    000005C9 00                    1534 	.db #0x00	; 0
    000005CA 00                    1535 	.db #0x00	; 0
    000005CB 3D                    1536 	.db #0x3d	; 61
    000005CC 10                    1537 	.db #0x10	; 16
    000005CD 00                    1538 	.db #0x00	; 0
    000005CE 5A                    1539 	.db #0x5a	; 90	'Z'
    000005CF 00                    1540 	.db #0x00	; 0
    000005D0 00                    1541 	.db #0x00	; 0
    000005D1 3D                    1542 	.db #0x3d	; 61
    000005D2 10                    1543 	.db #0x10	; 16
    000005D3 00                    1544 	.db #0x00	; 0
    000005D4 5A                    1545 	.db #0x5a	; 90	'Z'
    000005D5 00                    1546 	.db #0x00	; 0
    000005D6 00                    1547 	.db #0x00	; 0
    000005D7 3D                    1548 	.db #0x3d	; 61
    000005D8 20                    1549 	.db #0x20	; 32
    000005D9 00                    1550 	.db #0x00	; 0
    000005DA 5A                    1551 	.db #0x5a	; 90	'Z'
    000005DB 00                    1552 	.db #0x00	; 0
    000005DC 00                    1553 	.db #0x00	; 0
    000005DD 5A                    1554 	.db #0x5a	; 90	'Z'
    000005DE 00                    1555 	.db #0x00	; 0
    000005DF 00                    1556 	.db #0x00	; 0
    000005E0 5A                    1557 	.db #0x5a	; 90	'Z'
    000005E1 00                    1558 	.db #0x00	; 0
    000005E2 00                    1559 	.db #0x00	; 0
    000005E3 3D                    1560 	.db #0x3d	; 61
    000005E4 20                    1561 	.db #0x20	; 32
    000005E5 00                    1562 	.db #0x00	; 0
    000005E6 5A                    1563 	.db #0x5a	; 90	'Z'
    000005E7 00                    1564 	.db #0x00	; 0
    000005E8 00                    1565 	.db #0x00	; 0
    000005E9 5A                    1566 	.db #0x5a	; 90	'Z'
    000005EA 00                    1567 	.db #0x00	; 0
    000005EB 00                    1568 	.db #0x00	; 0
    000005EC 5A                    1569 	.db #0x5a	; 90	'Z'
    000005ED 00                    1570 	.db #0x00	; 0
    000005EE 00                    1571 	.db #0x00	; 0
    000005EF 3D                    1572 	.db #0x3d	; 61
    000005F0 10                    1573 	.db #0x10	; 16
    000005F1 00                    1574 	.db #0x00	; 0
    000005F2 5A                    1575 	.db #0x5a	; 90	'Z'
    000005F3 00                    1576 	.db #0x00	; 0
    000005F4 00                    1577 	.db #0x00	; 0
    000005F5 3D                    1578 	.db #0x3d	; 61
    000005F6 10                    1579 	.db #0x10	; 16
    000005F7 00                    1580 	.db #0x00	; 0
    000005F8 5A                    1581 	.db #0x5a	; 90	'Z'
    000005F9 00                    1582 	.db #0x00	; 0
    000005FA 00                    1583 	.db #0x00	; 0
    000005FB 3D                    1584 	.db #0x3d	; 61
    000005FC 10                    1585 	.db #0x10	; 16
    000005FD 00                    1586 	.db #0x00	; 0
    000005FE 5A                    1587 	.db #0x5a	; 90	'Z'
    000005FF 00                    1588 	.db #0x00	; 0
    00000600 00                    1589 	.db #0x00	; 0
    00000601                       1590 _itSquareSP1:
    00000601 5A                    1591 	.db #0x5a	; 90	'Z'
    00000602 0C                    1592 	.db #0x0c	; 12
    00000603 05                    1593 	.db #0x05	; 5
    00000604 5A                    1594 	.db #0x5a	; 90	'Z'
    00000605 0C                    1595 	.db #0x0c	; 12
    00000606 0A                    1596 	.db #0x0a	; 10
    00000607 5A                    1597 	.db #0x5a	; 90	'Z'
    00000608 00                    1598 	.db #0x00	; 0
    00000609 00                    1599 	.db #0x00	; 0
    0000060A 5A                    1600 	.db #0x5a	; 90	'Z'
    0000060B 00                    1601 	.db #0x00	; 0
    0000060C 00                    1602 	.db #0x00	; 0
    0000060D 5A                    1603 	.db #0x5a	; 90	'Z'
    0000060E 00                    1604 	.db #0x00	; 0
    0000060F 00                    1605 	.db #0x00	; 0
    00000610 5A                    1606 	.db #0x5a	; 90	'Z'
    00000611 00                    1607 	.db #0x00	; 0
    00000612 00                    1608 	.db #0x00	; 0
    00000613 5A                    1609 	.db #0x5a	; 90	'Z'
    00000614 00                    1610 	.db #0x00	; 0
    00000615 00                    1611 	.db #0x00	; 0
    00000616 5A                    1612 	.db #0x5a	; 90	'Z'
    00000617 00                    1613 	.db #0x00	; 0
    00000618 00                    1614 	.db #0x00	; 0
    00000619 5A                    1615 	.db #0x5a	; 90	'Z'
    0000061A 00                    1616 	.db #0x00	; 0
    0000061B 00                    1617 	.db #0x00	; 0
    0000061C 5A                    1618 	.db #0x5a	; 90	'Z'
    0000061D 00                    1619 	.db #0x00	; 0
    0000061E 00                    1620 	.db #0x00	; 0
    0000061F 5A                    1621 	.db #0x5a	; 90	'Z'
    00000620 00                    1622 	.db #0x00	; 0
    00000621 00                    1623 	.db #0x00	; 0
    00000622 5A                    1624 	.db #0x5a	; 90	'Z'
    00000623 00                    1625 	.db #0x00	; 0
    00000624 00                    1626 	.db #0x00	; 0
    00000625 5A                    1627 	.db #0x5a	; 90	'Z'
    00000626 00                    1628 	.db #0x00	; 0
    00000627 00                    1629 	.db #0x00	; 0
    00000628 5A                    1630 	.db #0x5a	; 90	'Z'
    00000629 00                    1631 	.db #0x00	; 0
    0000062A 00                    1632 	.db #0x00	; 0
    0000062B 5A                    1633 	.db #0x5a	; 90	'Z'
    0000062C 00                    1634 	.db #0x00	; 0
    0000062D 00                    1635 	.db #0x00	; 0
    0000062E 5A                    1636 	.db #0x5a	; 90	'Z'
    0000062F 00                    1637 	.db #0x00	; 0
    00000630 00                    1638 	.db #0x00	; 0
    00000631 5A                    1639 	.db #0x5a	; 90	'Z'
    00000632 00                    1640 	.db #0x00	; 0
    00000633 00                    1641 	.db #0x00	; 0
    00000634 5A                    1642 	.db #0x5a	; 90	'Z'
    00000635 00                    1643 	.db #0x00	; 0
    00000636 00                    1644 	.db #0x00	; 0
    00000637 5A                    1645 	.db #0x5a	; 90	'Z'
    00000638 00                    1646 	.db #0x00	; 0
    00000639 00                    1647 	.db #0x00	; 0
    0000063A 5A                    1648 	.db #0x5a	; 90	'Z'
    0000063B 00                    1649 	.db #0x00	; 0
    0000063C 00                    1650 	.db #0x00	; 0
    0000063D 5A                    1651 	.db #0x5a	; 90	'Z'
    0000063E 00                    1652 	.db #0x00	; 0
    0000063F 00                    1653 	.db #0x00	; 0
    00000640 5A                    1654 	.db #0x5a	; 90	'Z'
    00000641 00                    1655 	.db #0x00	; 0
    00000642 00                    1656 	.db #0x00	; 0
    00000643 5A                    1657 	.db #0x5a	; 90	'Z'
    00000644 00                    1658 	.db #0x00	; 0
    00000645 00                    1659 	.db #0x00	; 0
    00000646 5A                    1660 	.db #0x5a	; 90	'Z'
    00000647 00                    1661 	.db #0x00	; 0
    00000648 00                    1662 	.db #0x00	; 0
    00000649 5A                    1663 	.db #0x5a	; 90	'Z'
    0000064A 00                    1664 	.db #0x00	; 0
    0000064B 00                    1665 	.db #0x00	; 0
    0000064C 5A                    1666 	.db #0x5a	; 90	'Z'
    0000064D 00                    1667 	.db #0x00	; 0
    0000064E 00                    1668 	.db #0x00	; 0
    0000064F 5A                    1669 	.db #0x5a	; 90	'Z'
    00000650 00                    1670 	.db #0x00	; 0
    00000651 00                    1671 	.db #0x00	; 0
    00000652 5A                    1672 	.db #0x5a	; 90	'Z'
    00000653 00                    1673 	.db #0x00	; 0
    00000654 00                    1674 	.db #0x00	; 0
    00000655 5A                    1675 	.db #0x5a	; 90	'Z'
    00000656 00                    1676 	.db #0x00	; 0
    00000657 00                    1677 	.db #0x00	; 0
    00000658 5A                    1678 	.db #0x5a	; 90	'Z'
    00000659 00                    1679 	.db #0x00	; 0
    0000065A 00                    1680 	.db #0x00	; 0
    0000065B 5A                    1681 	.db #0x5a	; 90	'Z'
    0000065C 00                    1682 	.db #0x00	; 0
    0000065D 00                    1683 	.db #0x00	; 0
    0000065E 5A                    1684 	.db #0x5a	; 90	'Z'
    0000065F 10                    1685 	.db #0x10	; 16
    00000660 00                    1686 	.db #0x00	; 0
    00000661                       1687 _itSquareSP4:
    00000661 5A                    1688 	.db #0x5a	; 90	'Z'
    00000662 09                    1689 	.db #0x09	; 9
    00000663 40                    1690 	.db #0x40	; 64
    00000664 5A                    1691 	.db #0x5a	; 90	'Z'
    00000665 09                    1692 	.db #0x09	; 9
    00000666 80                    1693 	.db #0x80	; 128
    00000667 5A                    1694 	.db #0x5a	; 90	'Z'
    00000668 00                    1695 	.db #0x00	; 0
    00000669 00                    1696 	.db #0x00	; 0
    0000066A 5A                    1697 	.db #0x5a	; 90	'Z'
    0000066B 00                    1698 	.db #0x00	; 0
    0000066C 00                    1699 	.db #0x00	; 0
    0000066D 5A                    1700 	.db #0x5a	; 90	'Z'
    0000066E 00                    1701 	.db #0x00	; 0
    0000066F 00                    1702 	.db #0x00	; 0
    00000670 5A                    1703 	.db #0x5a	; 90	'Z'
    00000671 00                    1704 	.db #0x00	; 0
    00000672 00                    1705 	.db #0x00	; 0
    00000673 5A                    1706 	.db #0x5a	; 90	'Z'
    00000674 00                    1707 	.db #0x00	; 0
    00000675 00                    1708 	.db #0x00	; 0
    00000676 5A                    1709 	.db #0x5a	; 90	'Z'
    00000677 00                    1710 	.db #0x00	; 0
    00000678 00                    1711 	.db #0x00	; 0
    00000679 5A                    1712 	.db #0x5a	; 90	'Z'
    0000067A 00                    1713 	.db #0x00	; 0
    0000067B 00                    1714 	.db #0x00	; 0
    0000067C 5A                    1715 	.db #0x5a	; 90	'Z'
    0000067D 00                    1716 	.db #0x00	; 0
    0000067E 00                    1717 	.db #0x00	; 0
    0000067F 5A                    1718 	.db #0x5a	; 90	'Z'
    00000680 00                    1719 	.db #0x00	; 0
    00000681 00                    1720 	.db #0x00	; 0
    00000682 5A                    1721 	.db #0x5a	; 90	'Z'
    00000683 00                    1722 	.db #0x00	; 0
    00000684 00                    1723 	.db #0x00	; 0
    00000685 5A                    1724 	.db #0x5a	; 90	'Z'
    00000686 00                    1725 	.db #0x00	; 0
    00000687 00                    1726 	.db #0x00	; 0
    00000688 5A                    1727 	.db #0x5a	; 90	'Z'
    00000689 00                    1728 	.db #0x00	; 0
    0000068A 00                    1729 	.db #0x00	; 0
    0000068B 5A                    1730 	.db #0x5a	; 90	'Z'
    0000068C 00                    1731 	.db #0x00	; 0
    0000068D 00                    1732 	.db #0x00	; 0
    0000068E 5A                    1733 	.db #0x5a	; 90	'Z'
    0000068F 00                    1734 	.db #0x00	; 0
    00000690 00                    1735 	.db #0x00	; 0
    00000691 5A                    1736 	.db #0x5a	; 90	'Z'
    00000692 00                    1737 	.db #0x00	; 0
    00000693 00                    1738 	.db #0x00	; 0
    00000694 5A                    1739 	.db #0x5a	; 90	'Z'
    00000695 00                    1740 	.db #0x00	; 0
    00000696 00                    1741 	.db #0x00	; 0
    00000697 5A                    1742 	.db #0x5a	; 90	'Z'
    00000698 00                    1743 	.db #0x00	; 0
    00000699 00                    1744 	.db #0x00	; 0
    0000069A 5A                    1745 	.db #0x5a	; 90	'Z'
    0000069B 00                    1746 	.db #0x00	; 0
    0000069C 00                    1747 	.db #0x00	; 0
    0000069D 5A                    1748 	.db #0x5a	; 90	'Z'
    0000069E 00                    1749 	.db #0x00	; 0
    0000069F 00                    1750 	.db #0x00	; 0
    000006A0 5A                    1751 	.db #0x5a	; 90	'Z'
    000006A1 00                    1752 	.db #0x00	; 0
    000006A2 00                    1753 	.db #0x00	; 0
    000006A3 5A                    1754 	.db #0x5a	; 90	'Z'
    000006A4 00                    1755 	.db #0x00	; 0
    000006A5 00                    1756 	.db #0x00	; 0
    000006A6 5A                    1757 	.db #0x5a	; 90	'Z'
    000006A7 00                    1758 	.db #0x00	; 0
    000006A8 00                    1759 	.db #0x00	; 0
    000006A9 5A                    1760 	.db #0x5a	; 90	'Z'
    000006AA 00                    1761 	.db #0x00	; 0
    000006AB 00                    1762 	.db #0x00	; 0
    000006AC 5A                    1763 	.db #0x5a	; 90	'Z'
    000006AD 00                    1764 	.db #0x00	; 0
    000006AE 00                    1765 	.db #0x00	; 0
    000006AF 5A                    1766 	.db #0x5a	; 90	'Z'
    000006B0 00                    1767 	.db #0x00	; 0
    000006B1 00                    1768 	.db #0x00	; 0
    000006B2 5A                    1769 	.db #0x5a	; 90	'Z'
    000006B3 00                    1770 	.db #0x00	; 0
    000006B4 00                    1771 	.db #0x00	; 0
    000006B5 5A                    1772 	.db #0x5a	; 90	'Z'
    000006B6 00                    1773 	.db #0x00	; 0
    000006B7 00                    1774 	.db #0x00	; 0
    000006B8 5A                    1775 	.db #0x5a	; 90	'Z'
    000006B9 00                    1776 	.db #0x00	; 0
    000006BA 00                    1777 	.db #0x00	; 0
    000006BB 5A                    1778 	.db #0x5a	; 90	'Z'
    000006BC 00                    1779 	.db #0x00	; 0
    000006BD 00                    1780 	.db #0x00	; 0
    000006BE 5A                    1781 	.db #0x5a	; 90	'Z'
    000006BF 10                    1782 	.db #0x10	; 16
    000006C0 00                    1783 	.db #0x00	; 0
    000006C1                       1784 _itSquareSP5:
    000006C1 5A                    1785 	.db #0x5a	; 90	'Z'
    000006C2 09                    1786 	.db #0x09	; 9
    000006C3 00                    1787 	.db #0x00	; 0
    000006C4 5A                    1788 	.db #0x5a	; 90	'Z'
    000006C5 09                    1789 	.db #0x09	; 9
    000006C6 00                    1790 	.db #0x00	; 0
    000006C7 5A                    1791 	.db #0x5a	; 90	'Z'
    000006C8 09                    1792 	.db #0x09	; 9
    000006C9 40                    1793 	.db #0x40	; 64
    000006CA 5A                    1794 	.db #0x5a	; 90	'Z'
    000006CB 09                    1795 	.db #0x09	; 9
    000006CC 40                    1796 	.db #0x40	; 64
    000006CD 5A                    1797 	.db #0x5a	; 90	'Z'
    000006CE 09                    1798 	.db #0x09	; 9
    000006CF 00                    1799 	.db #0x00	; 0
    000006D0 5A                    1800 	.db #0x5a	; 90	'Z'
    000006D1 09                    1801 	.db #0x09	; 9
    000006D2 00                    1802 	.db #0x00	; 0
    000006D3 5A                    1803 	.db #0x5a	; 90	'Z'
    000006D4 09                    1804 	.db #0x09	; 9
    000006D5 40                    1805 	.db #0x40	; 64
    000006D6 5A                    1806 	.db #0x5a	; 90	'Z'
    000006D7 09                    1807 	.db #0x09	; 9
    000006D8 40                    1808 	.db #0x40	; 64
    000006D9 5A                    1809 	.db #0x5a	; 90	'Z'
    000006DA 09                    1810 	.db #0x09	; 9
    000006DB 00                    1811 	.db #0x00	; 0
    000006DC 5A                    1812 	.db #0x5a	; 90	'Z'
    000006DD 09                    1813 	.db #0x09	; 9
    000006DE 00                    1814 	.db #0x00	; 0
    000006DF 5A                    1815 	.db #0x5a	; 90	'Z'
    000006E0 09                    1816 	.db #0x09	; 9
    000006E1 40                    1817 	.db #0x40	; 64
    000006E2 5A                    1818 	.db #0x5a	; 90	'Z'
    000006E3 09                    1819 	.db #0x09	; 9
    000006E4 40                    1820 	.db #0x40	; 64
    000006E5 5A                    1821 	.db #0x5a	; 90	'Z'
    000006E6 09                    1822 	.db #0x09	; 9
    000006E7 00                    1823 	.db #0x00	; 0
    000006E8 5A                    1824 	.db #0x5a	; 90	'Z'
    000006E9 09                    1825 	.db #0x09	; 9
    000006EA 00                    1826 	.db #0x00	; 0
    000006EB 5A                    1827 	.db #0x5a	; 90	'Z'
    000006EC 09                    1828 	.db #0x09	; 9
    000006ED 40                    1829 	.db #0x40	; 64
    000006EE 5A                    1830 	.db #0x5a	; 90	'Z'
    000006EF 09                    1831 	.db #0x09	; 9
    000006F0 40                    1832 	.db #0x40	; 64
    000006F1 5A                    1833 	.db #0x5a	; 90	'Z'
    000006F2 09                    1834 	.db #0x09	; 9
    000006F3 00                    1835 	.db #0x00	; 0
    000006F4 5A                    1836 	.db #0x5a	; 90	'Z'
    000006F5 09                    1837 	.db #0x09	; 9
    000006F6 00                    1838 	.db #0x00	; 0
    000006F7 5A                    1839 	.db #0x5a	; 90	'Z'
    000006F8 09                    1840 	.db #0x09	; 9
    000006F9 40                    1841 	.db #0x40	; 64
    000006FA 5A                    1842 	.db #0x5a	; 90	'Z'
    000006FB 09                    1843 	.db #0x09	; 9
    000006FC 40                    1844 	.db #0x40	; 64
    000006FD 5A                    1845 	.db #0x5a	; 90	'Z'
    000006FE 09                    1846 	.db #0x09	; 9
    000006FF 00                    1847 	.db #0x00	; 0
    00000700 5A                    1848 	.db #0x5a	; 90	'Z'
    00000701 09                    1849 	.db #0x09	; 9
    00000702 00                    1850 	.db #0x00	; 0
    00000703 5A                    1851 	.db #0x5a	; 90	'Z'
    00000704 09                    1852 	.db #0x09	; 9
    00000705 40                    1853 	.db #0x40	; 64
    00000706 5A                    1854 	.db #0x5a	; 90	'Z'
    00000707 09                    1855 	.db #0x09	; 9
    00000708 40                    1856 	.db #0x40	; 64
    00000709 5A                    1857 	.db #0x5a	; 90	'Z'
    0000070A 09                    1858 	.db #0x09	; 9
    0000070B 00                    1859 	.db #0x00	; 0
    0000070C 5A                    1860 	.db #0x5a	; 90	'Z'
    0000070D 09                    1861 	.db #0x09	; 9
    0000070E 00                    1862 	.db #0x00	; 0
    0000070F 5A                    1863 	.db #0x5a	; 90	'Z'
    00000710 09                    1864 	.db #0x09	; 9
    00000711 40                    1865 	.db #0x40	; 64
    00000712 5A                    1866 	.db #0x5a	; 90	'Z'
    00000713 09                    1867 	.db #0x09	; 9
    00000714 40                    1868 	.db #0x40	; 64
    00000715 5A                    1869 	.db #0x5a	; 90	'Z'
    00000716 09                    1870 	.db #0x09	; 9
    00000717 00                    1871 	.db #0x00	; 0
    00000718 5A                    1872 	.db #0x5a	; 90	'Z'
    00000719 09                    1873 	.db #0x09	; 9
    0000071A 00                    1874 	.db #0x00	; 0
    0000071B 5A                    1875 	.db #0x5a	; 90	'Z'
    0000071C 09                    1876 	.db #0x09	; 9
    0000071D 40                    1877 	.db #0x40	; 64
    0000071E 5A                    1878 	.db #0x5a	; 90	'Z'
    0000071F 19                    1879 	.db #0x19	; 25
    00000720 40                    1880 	.db #0x40	; 64
    00000721                       1881 _itWaveSP1:
    00000721 23                    1882 	.db #0x23	; 35
    00000722 0C                    1883 	.db #0x0c	; 12
    00000723 04                    1884 	.db #0x04	; 4
    00000724 24                    1885 	.db #0x24	; 36
    00000725 0C                    1886 	.db #0x0c	; 12
    00000726 0F                    1887 	.db #0x0f	; 15
    00000727 5A                    1888 	.db #0x5a	; 90	'Z'
    00000728 01                    1889 	.db #0x01	; 1
    00000729 01                    1890 	.db #0x01	; 1
    0000072A 5A                    1891 	.db #0x5a	; 90	'Z'
    0000072B 00                    1892 	.db #0x00	; 0
    0000072C 00                    1893 	.db #0x00	; 0
    0000072D 5A                    1894 	.db #0x5a	; 90	'Z'
    0000072E 00                    1895 	.db #0x00	; 0
    0000072F 00                    1896 	.db #0x00	; 0
    00000730 5A                    1897 	.db #0x5a	; 90	'Z'
    00000731 00                    1898 	.db #0x00	; 0
    00000732 00                    1899 	.db #0x00	; 0
    00000733 5A                    1900 	.db #0x5a	; 90	'Z'
    00000734 0C                    1901 	.db #0x0c	; 12
    00000735 09                    1902 	.db #0x09	; 9
    00000736 5A                    1903 	.db #0x5a	; 90	'Z'
    00000737 00                    1904 	.db #0x00	; 0
    00000738 00                    1905 	.db #0x00	; 0
    00000739 5A                    1906 	.db #0x5a	; 90	'Z'
    0000073A 00                    1907 	.db #0x00	; 0
    0000073B 00                    1908 	.db #0x00	; 0
    0000073C 5A                    1909 	.db #0x5a	; 90	'Z'
    0000073D 00                    1910 	.db #0x00	; 0
    0000073E 00                    1911 	.db #0x00	; 0
    0000073F 5A                    1912 	.db #0x5a	; 90	'Z'
    00000740 00                    1913 	.db #0x00	; 0
    00000741 00                    1914 	.db #0x00	; 0
    00000742 5A                    1915 	.db #0x5a	; 90	'Z'
    00000743 00                    1916 	.db #0x00	; 0
    00000744 00                    1917 	.db #0x00	; 0
    00000745 5A                    1918 	.db #0x5a	; 90	'Z'
    00000746 0C                    1919 	.db #0x0c	; 12
    00000747 04                    1920 	.db #0x04	; 4
    00000748 5A                    1921 	.db #0x5a	; 90	'Z'
    00000749 00                    1922 	.db #0x00	; 0
    0000074A 00                    1923 	.db #0x00	; 0
    0000074B 5A                    1924 	.db #0x5a	; 90	'Z'
    0000074C 00                    1925 	.db #0x00	; 0
    0000074D 00                    1926 	.db #0x00	; 0
    0000074E 5A                    1927 	.db #0x5a	; 90	'Z'
    0000074F 00                    1928 	.db #0x00	; 0
    00000750 00                    1929 	.db #0x00	; 0
    00000751 5A                    1930 	.db #0x5a	; 90	'Z'
    00000752 00                    1931 	.db #0x00	; 0
    00000753 00                    1932 	.db #0x00	; 0
    00000754 5A                    1933 	.db #0x5a	; 90	'Z'
    00000755 00                    1934 	.db #0x00	; 0
    00000756 00                    1935 	.db #0x00	; 0
    00000757 5A                    1936 	.db #0x5a	; 90	'Z'
    00000758 00                    1937 	.db #0x00	; 0
    00000759 00                    1938 	.db #0x00	; 0
    0000075A 5A                    1939 	.db #0x5a	; 90	'Z'
    0000075B 00                    1940 	.db #0x00	; 0
    0000075C 00                    1941 	.db #0x00	; 0
    0000075D 5A                    1942 	.db #0x5a	; 90	'Z'
    0000075E 0C                    1943 	.db #0x0c	; 12
    0000075F 00                    1944 	.db #0x00	; 0
    00000760 5A                    1945 	.db #0x5a	; 90	'Z'
    00000761 00                    1946 	.db #0x00	; 0
    00000762 00                    1947 	.db #0x00	; 0
    00000763 5A                    1948 	.db #0x5a	; 90	'Z'
    00000764 00                    1949 	.db #0x00	; 0
    00000765 00                    1950 	.db #0x00	; 0
    00000766 5A                    1951 	.db #0x5a	; 90	'Z'
    00000767 00                    1952 	.db #0x00	; 0
    00000768 00                    1953 	.db #0x00	; 0
    00000769 5A                    1954 	.db #0x5a	; 90	'Z'
    0000076A 00                    1955 	.db #0x00	; 0
    0000076B 00                    1956 	.db #0x00	; 0
    0000076C 5A                    1957 	.db #0x5a	; 90	'Z'
    0000076D 00                    1958 	.db #0x00	; 0
    0000076E 00                    1959 	.db #0x00	; 0
    0000076F 5A                    1960 	.db #0x5a	; 90	'Z'
    00000770 00                    1961 	.db #0x00	; 0
    00000771 00                    1962 	.db #0x00	; 0
    00000772 5A                    1963 	.db #0x5a	; 90	'Z'
    00000773 00                    1964 	.db #0x00	; 0
    00000774 00                    1965 	.db #0x00	; 0
    00000775 5A                    1966 	.db #0x5a	; 90	'Z'
    00000776 00                    1967 	.db #0x00	; 0
    00000777 00                    1968 	.db #0x00	; 0
    00000778 5A                    1969 	.db #0x5a	; 90	'Z'
    00000779 00                    1970 	.db #0x00	; 0
    0000077A 00                    1971 	.db #0x00	; 0
    0000077B 5A                    1972 	.db #0x5a	; 90	'Z'
    0000077C 00                    1973 	.db #0x00	; 0
    0000077D 00                    1974 	.db #0x00	; 0
    0000077E 5A                    1975 	.db #0x5a	; 90	'Z'
    0000077F 10                    1976 	.db #0x10	; 16
    00000780 00                    1977 	.db #0x00	; 0
    00000781                       1978 _itWaveSP2:
    00000781 5A                    1979 	.db #0x5a	; 90	'Z'
    00000782 00                    1980 	.db #0x00	; 0
    00000783 00                    1981 	.db #0x00	; 0
    00000784 5A                    1982 	.db #0x5a	; 90	'Z'
    00000785 00                    1983 	.db #0x00	; 0
    00000786 00                    1984 	.db #0x00	; 0
    00000787 5A                    1985 	.db #0x5a	; 90	'Z'
    00000788 00                    1986 	.db #0x00	; 0
    00000789 00                    1987 	.db #0x00	; 0
    0000078A 5A                    1988 	.db #0x5a	; 90	'Z'
    0000078B 00                    1989 	.db #0x00	; 0
    0000078C 00                    1990 	.db #0x00	; 0
    0000078D 5A                    1991 	.db #0x5a	; 90	'Z'
    0000078E 00                    1992 	.db #0x00	; 0
    0000078F 00                    1993 	.db #0x00	; 0
    00000790 5A                    1994 	.db #0x5a	; 90	'Z'
    00000791 00                    1995 	.db #0x00	; 0
    00000792 00                    1996 	.db #0x00	; 0
    00000793 5A                    1997 	.db #0x5a	; 90	'Z'
    00000794 00                    1998 	.db #0x00	; 0
    00000795 00                    1999 	.db #0x00	; 0
    00000796 5A                    2000 	.db #0x5a	; 90	'Z'
    00000797 00                    2001 	.db #0x00	; 0
    00000798 00                    2002 	.db #0x00	; 0
    00000799 5A                    2003 	.db #0x5a	; 90	'Z'
    0000079A 00                    2004 	.db #0x00	; 0
    0000079B 00                    2005 	.db #0x00	; 0
    0000079C 5A                    2006 	.db #0x5a	; 90	'Z'
    0000079D 00                    2007 	.db #0x00	; 0
    0000079E 00                    2008 	.db #0x00	; 0
    0000079F 5A                    2009 	.db #0x5a	; 90	'Z'
    000007A0 00                    2010 	.db #0x00	; 0
    000007A1 00                    2011 	.db #0x00	; 0
    000007A2 5A                    2012 	.db #0x5a	; 90	'Z'
    000007A3 00                    2013 	.db #0x00	; 0
    000007A4 00                    2014 	.db #0x00	; 0
    000007A5 5A                    2015 	.db #0x5a	; 90	'Z'
    000007A6 00                    2016 	.db #0x00	; 0
    000007A7 00                    2017 	.db #0x00	; 0
    000007A8 5A                    2018 	.db #0x5a	; 90	'Z'
    000007A9 00                    2019 	.db #0x00	; 0
    000007AA 00                    2020 	.db #0x00	; 0
    000007AB 5A                    2021 	.db #0x5a	; 90	'Z'
    000007AC 00                    2022 	.db #0x00	; 0
    000007AD 00                    2023 	.db #0x00	; 0
    000007AE 5A                    2024 	.db #0x5a	; 90	'Z'
    000007AF 00                    2025 	.db #0x00	; 0
    000007B0 00                    2026 	.db #0x00	; 0
    000007B1 5A                    2027 	.db #0x5a	; 90	'Z'
    000007B2 00                    2028 	.db #0x00	; 0
    000007B3 00                    2029 	.db #0x00	; 0
    000007B4 5A                    2030 	.db #0x5a	; 90	'Z'
    000007B5 00                    2031 	.db #0x00	; 0
    000007B6 00                    2032 	.db #0x00	; 0
    000007B7 5A                    2033 	.db #0x5a	; 90	'Z'
    000007B8 00                    2034 	.db #0x00	; 0
    000007B9 00                    2035 	.db #0x00	; 0
    000007BA 5A                    2036 	.db #0x5a	; 90	'Z'
    000007BB 00                    2037 	.db #0x00	; 0
    000007BC 00                    2038 	.db #0x00	; 0
    000007BD 5A                    2039 	.db #0x5a	; 90	'Z'
    000007BE 00                    2040 	.db #0x00	; 0
    000007BF 00                    2041 	.db #0x00	; 0
    000007C0 5A                    2042 	.db #0x5a	; 90	'Z'
    000007C1 00                    2043 	.db #0x00	; 0
    000007C2 00                    2044 	.db #0x00	; 0
    000007C3 5A                    2045 	.db #0x5a	; 90	'Z'
    000007C4 00                    2046 	.db #0x00	; 0
    000007C5 00                    2047 	.db #0x00	; 0
    000007C6 5A                    2048 	.db #0x5a	; 90	'Z'
    000007C7 00                    2049 	.db #0x00	; 0
    000007C8 00                    2050 	.db #0x00	; 0
    000007C9 5A                    2051 	.db #0x5a	; 90	'Z'
    000007CA 00                    2052 	.db #0x00	; 0
    000007CB 00                    2053 	.db #0x00	; 0
    000007CC 5A                    2054 	.db #0x5a	; 90	'Z'
    000007CD 00                    2055 	.db #0x00	; 0
    000007CE 00                    2056 	.db #0x00	; 0
    000007CF 5A                    2057 	.db #0x5a	; 90	'Z'
    000007D0 00                    2058 	.db #0x00	; 0
    000007D1 00                    2059 	.db #0x00	; 0
    000007D2 5A                    2060 	.db #0x5a	; 90	'Z'
    000007D3 00                    2061 	.db #0x00	; 0
    000007D4 00                    2062 	.db #0x00	; 0
    000007D5 5A                    2063 	.db #0x5a	; 90	'Z'
    000007D6 00                    2064 	.db #0x00	; 0
    000007D7 00                    2065 	.db #0x00	; 0
    000007D8 5A                    2066 	.db #0x5a	; 90	'Z'
    000007D9 00                    2067 	.db #0x00	; 0
    000007DA 00                    2068 	.db #0x00	; 0
    000007DB 5A                    2069 	.db #0x5a	; 90	'Z'
    000007DC 00                    2070 	.db #0x00	; 0
    000007DD 00                    2071 	.db #0x00	; 0
    000007DE 5A                    2072 	.db #0x5a	; 90	'Z'
    000007DF 10                    2073 	.db #0x10	; 16
    000007E0 00                    2074 	.db #0x00	; 0
    000007E1                       2075 _itNoiseSP2:
    000007E1 19                    2076 	.db #0x19	; 25
    000007E2 00                    2077 	.db #0x00	; 0
    000007E3 00                    2078 	.db #0x00	; 0
    000007E4 24                    2079 	.db #0x24	; 36
    000007E5 00                    2080 	.db #0x00	; 0
    000007E6 00                    2081 	.db #0x00	; 0
    000007E7 5A                    2082 	.db #0x5a	; 90	'Z'
    000007E8 20                    2083 	.db #0x20	; 32
    000007E9 00                    2084 	.db #0x00	; 0
    000007EA 5A                    2085 	.db #0x5a	; 90	'Z'
    000007EB 00                    2086 	.db #0x00	; 0
    000007EC 00                    2087 	.db #0x00	; 0
    000007ED 5A                    2088 	.db #0x5a	; 90	'Z'
    000007EE 00                    2089 	.db #0x00	; 0
    000007EF 00                    2090 	.db #0x00	; 0
    000007F0 5A                    2091 	.db #0x5a	; 90	'Z'
    000007F1 00                    2092 	.db #0x00	; 0
    000007F2 00                    2093 	.db #0x00	; 0
    000007F3 5A                    2094 	.db #0x5a	; 90	'Z'
    000007F4 00                    2095 	.db #0x00	; 0
    000007F5 00                    2096 	.db #0x00	; 0
    000007F6 5A                    2097 	.db #0x5a	; 90	'Z'
    000007F7 00                    2098 	.db #0x00	; 0
    000007F8 00                    2099 	.db #0x00	; 0
    000007F9 5A                    2100 	.db #0x5a	; 90	'Z'
    000007FA 00                    2101 	.db #0x00	; 0
    000007FB 00                    2102 	.db #0x00	; 0
    000007FC 5A                    2103 	.db #0x5a	; 90	'Z'
    000007FD 00                    2104 	.db #0x00	; 0
    000007FE 00                    2105 	.db #0x00	; 0
    000007FF 5A                    2106 	.db #0x5a	; 90	'Z'
    00000800 00                    2107 	.db #0x00	; 0
    00000801 00                    2108 	.db #0x00	; 0
    00000802 5A                    2109 	.db #0x5a	; 90	'Z'
    00000803 00                    2110 	.db #0x00	; 0
    00000804 00                    2111 	.db #0x00	; 0
    00000805 5A                    2112 	.db #0x5a	; 90	'Z'
    00000806 00                    2113 	.db #0x00	; 0
    00000807 00                    2114 	.db #0x00	; 0
    00000808 5A                    2115 	.db #0x5a	; 90	'Z'
    00000809 00                    2116 	.db #0x00	; 0
    0000080A 00                    2117 	.db #0x00	; 0
    0000080B 5A                    2118 	.db #0x5a	; 90	'Z'
    0000080C 00                    2119 	.db #0x00	; 0
    0000080D 00                    2120 	.db #0x00	; 0
    0000080E 5A                    2121 	.db #0x5a	; 90	'Z'
    0000080F 00                    2122 	.db #0x00	; 0
    00000810 00                    2123 	.db #0x00	; 0
    00000811 5A                    2124 	.db #0x5a	; 90	'Z'
    00000812 00                    2125 	.db #0x00	; 0
    00000813 00                    2126 	.db #0x00	; 0
    00000814 5A                    2127 	.db #0x5a	; 90	'Z'
    00000815 00                    2128 	.db #0x00	; 0
    00000816 00                    2129 	.db #0x00	; 0
    00000817 5A                    2130 	.db #0x5a	; 90	'Z'
    00000818 00                    2131 	.db #0x00	; 0
    00000819 00                    2132 	.db #0x00	; 0
    0000081A 5A                    2133 	.db #0x5a	; 90	'Z'
    0000081B 00                    2134 	.db #0x00	; 0
    0000081C 00                    2135 	.db #0x00	; 0
    0000081D 5A                    2136 	.db #0x5a	; 90	'Z'
    0000081E 00                    2137 	.db #0x00	; 0
    0000081F 00                    2138 	.db #0x00	; 0
    00000820 5A                    2139 	.db #0x5a	; 90	'Z'
    00000821 00                    2140 	.db #0x00	; 0
    00000822 00                    2141 	.db #0x00	; 0
    00000823 5A                    2142 	.db #0x5a	; 90	'Z'
    00000824 00                    2143 	.db #0x00	; 0
    00000825 00                    2144 	.db #0x00	; 0
    00000826 5A                    2145 	.db #0x5a	; 90	'Z'
    00000827 00                    2146 	.db #0x00	; 0
    00000828 00                    2147 	.db #0x00	; 0
    00000829 5A                    2148 	.db #0x5a	; 90	'Z'
    0000082A 00                    2149 	.db #0x00	; 0
    0000082B 00                    2150 	.db #0x00	; 0
    0000082C 5A                    2151 	.db #0x5a	; 90	'Z'
    0000082D 00                    2152 	.db #0x00	; 0
    0000082E 00                    2153 	.db #0x00	; 0
    0000082F 5A                    2154 	.db #0x5a	; 90	'Z'
    00000830 00                    2155 	.db #0x00	; 0
    00000831 00                    2156 	.db #0x00	; 0
    00000832 5A                    2157 	.db #0x5a	; 90	'Z'
    00000833 00                    2158 	.db #0x00	; 0
    00000834 00                    2159 	.db #0x00	; 0
    00000835 5A                    2160 	.db #0x5a	; 90	'Z'
    00000836 00                    2161 	.db #0x00	; 0
    00000837 00                    2162 	.db #0x00	; 0
    00000838 5A                    2163 	.db #0x5a	; 90	'Z'
    00000839 00                    2164 	.db #0x00	; 0
    0000083A 00                    2165 	.db #0x00	; 0
    0000083B 5A                    2166 	.db #0x5a	; 90	'Z'
    0000083C 00                    2167 	.db #0x00	; 0
    0000083D 00                    2168 	.db #0x00	; 0
    0000083E 5A                    2169 	.db #0x5a	; 90	'Z'
    0000083F 10                    2170 	.db #0x10	; 16
    00000840 00                    2171 	.db #0x00	; 0
    00000841                       2172 _order1:
    00000841r01r00                 2173 	.dw _P0
    00000843r01r00                 2174 	.dw _P0
    00000845r01r00                 2175 	.dw _P0
    00000847r01r03                 2176 	.dw _P1
    00000849                       2177 _order2:
    00000849rC1r00                 2178 	.dw _P2
    0000084BrC1r00                 2179 	.dw _P2
    0000084DrC1r00                 2180 	.dw _P2
    0000084FrC1r03                 2181 	.dw _P3
    00000851                       2182 _order3:
    00000851r81r01                 2183 	.dw _P4
    00000853r81r01                 2184 	.dw _P4
    00000855r81r01                 2185 	.dw _P4
    00000857r81r04                 2186 	.dw _P5
    00000859                       2187 _order4:
    00000859r41r02                 2188 	.dw _P6
    0000085Br41r02                 2189 	.dw _P6
    0000085Dr41r02                 2190 	.dw _P6
    0000085Fr41r05                 2191 	.dw _P7
    00000861                       2192 _duty_instruments:
    00000861 08                    2193 	.db #0x08	; 8
    00000862 BF                    2194 	.db #0xbf	; 191
    00000863 F2                    2195 	.db #0xf2	; 242
    00000864r01r06                 2196 	.dw _itSquareSP1
    00000866 80                    2197 	.db #0x80	; 128
    00000867 08                    2198 	.db #0x08	; 8
    00000868 BF                    2199 	.db #0xbf	; 191
    00000869 F0                    2200 	.db #0xf0	; 240
    0000086A 00 00                 2201 	.dw #0x0000
    0000086C 80                    2202 	.db #0x80	; 128
    0000086D 08                    2203 	.db #0x08	; 8
    0000086E BF                    2204 	.db #0xbf	; 191
    0000086F F4                    2205 	.db #0xf4	; 244
    00000870 00 00                 2206 	.dw #0x0000
    00000872 80                    2207 	.db #0x80	; 128
    00000873 08                    2208 	.db #0x08	; 8
    00000874 BF                    2209 	.db #0xbf	; 191
    00000875 F3                    2210 	.db #0xf3	; 243
    00000876r61r06                 2211 	.dw _itSquareSP4
    00000878 80                    2212 	.db #0x80	; 128
    00000879 08                    2213 	.db #0x08	; 8
    0000087A 3F                    2214 	.db #0x3f	; 63
    0000087B B7                    2215 	.db #0xb7	; 183
    0000087CrC1r06                 2216 	.dw _itSquareSP5
    0000087E 80                    2217 	.db #0x80	; 128
    0000087F                       2218 _wave_instruments:
    0000087F 3F                    2219 	.db #0x3f	; 63
    00000880 20                    2220 	.db #0x20	; 32
    00000881 04                    2221 	.db #0x04	; 4
    00000882r21r07                 2222 	.dw _itWaveSP1
    00000884 80                    2223 	.db #0x80	; 128
    00000885 3F                    2224 	.db #0x3f	; 63
    00000886 20                    2225 	.db #0x20	; 32
    00000887 04                    2226 	.db #0x04	; 4
    00000888r81r07                 2227 	.dw _itWaveSP2
    0000088A 80                    2228 	.db #0x80	; 128
    0000088B 3F                    2229 	.db #0x3f	; 63
    0000088C 20                    2230 	.db #0x20	; 32
    0000088D 00                    2231 	.db #0x00	; 0
    0000088E 00 00                 2232 	.dw #0x0000
    00000890 80                    2233 	.db #0x80	; 128
    00000891                       2234 _noise_instruments:
    00000891 91                    2235 	.db #0x91	; 145
    00000892 00 00                 2236 	.dw #0x0000
    00000894 3F                    2237 	.db #0x3f	; 63
    00000895 00                    2238 	.db #0x00	; 0
    00000896 00                    2239 	.db #0x00	; 0
    00000897 F1                    2240 	.db #0xf1	; 241
    00000898rE1r07                 2241 	.dw _itNoiseSP2
    0000089A 3F                    2242 	.db #0x3f	; 63
    0000089B 00                    2243 	.db #0x00	; 0
    0000089C 00                    2244 	.db #0x00	; 0
    0000089D                       2245 _waves:
    0000089D 78                    2246 	.db #0x78	; 120	'x'
    0000089E AB                    2247 	.db #0xab	; 171
    0000089F CC                    2248 	.db #0xcc	; 204
    000008A0 DE                    2249 	.db #0xde	; 222
    000008A1 EE                    2250 	.db #0xee	; 238
    000008A2 EE                    2251 	.db #0xee	; 238
    000008A3 ED                    2252 	.db #0xed	; 237
    000008A4 CB                    2253 	.db #0xcb	; 203
    000008A5 97                    2254 	.db #0x97	; 151
    000008A6 64                    2255 	.db #0x64	; 100	'd'
    000008A7 31                    2256 	.db #0x31	; 49	'1'
    000008A8 00                    2257 	.db #0x00	; 0
    000008A9 00                    2258 	.db #0x00	; 0
    000008AA 00                    2259 	.db #0x00	; 0
    000008AB 00                    2260 	.db #0x00	; 0
    000008AC 00                    2261 	.db #0x00	; 0
    000008AD 9B                    2262 	.db #0x9b	; 155
    000008AE DE                    2263 	.db #0xde	; 222
    000008AF EF                    2264 	.db #0xef	; 239
    000008B0 FF                    2265 	.db #0xff	; 255
    000008B1 FF                    2266 	.db #0xff	; 255
    000008B2 FD                    2267 	.db #0xfd	; 253
    000008B3 CB                    2268 	.db #0xcb	; 203
    000008B4 A9                    2269 	.db #0xa9	; 169
    000008B5 65                    2270 	.db #0x65	; 101	'e'
    000008B6 32                    2271 	.db #0x32	; 50	'2'
    000008B7 11                    2272 	.db #0x11	; 17
    000008B8 00                    2273 	.db #0x00	; 0
    000008B9 00                    2274 	.db #0x00	; 0
    000008BA 01                    2275 	.db #0x01	; 1
    000008BB 35                    2276 	.db #0x35	; 53	'5'
    000008BC 78                    2277 	.db #0x78	; 120	'x'
    000008BD 00                    2278 	.db #0x00	; 0
    000008BE 00                    2279 	.db #0x00	; 0
    000008BF 00                    2280 	.db #0x00	; 0
    000008C0 00                    2281 	.db #0x00	; 0
    000008C1 00                    2282 	.db #0x00	; 0
    000008C2 00                    2283 	.db #0x00	; 0
    000008C3 00                    2284 	.db #0x00	; 0
    000008C4 00                    2285 	.db #0x00	; 0
    000008C5 00                    2286 	.db #0x00	; 0
    000008C6 00                    2287 	.db #0x00	; 0
    000008C7 00                    2288 	.db #0x00	; 0
    000008C8 00                    2289 	.db #0x00	; 0
    000008C9 00                    2290 	.db #0x00	; 0
    000008CA 00                    2291 	.db #0x00	; 0
    000008CB 00                    2292 	.db #0x00	; 0
    000008CC 00                    2293 	.db #0x00	; 0
    000008CD 00                    2294 	.db #0x00	; 0
    000008CE 11                    2295 	.db #0x11	; 17
    000008CF 22                    2296 	.db #0x22	; 34
    000008D0 33                    2297 	.db #0x33	; 51	'3'
    000008D1 44                    2298 	.db #0x44	; 68	'D'
    000008D2 55                    2299 	.db #0x55	; 85	'U'
    000008D3 66                    2300 	.db #0x66	; 102	'f'
    000008D4 77                    2301 	.db #0x77	; 119	'w'
    000008D5 88                    2302 	.db #0x88	; 136
    000008D6 99                    2303 	.db #0x99	; 153
    000008D7 AA                    2304 	.db #0xaa	; 170
    000008D8 BB                    2305 	.db #0xbb	; 187
    000008D9 CC                    2306 	.db #0xcc	; 204
    000008DA DD                    2307 	.db #0xdd	; 221
    000008DB EE                    2308 	.db #0xee	; 238
    000008DC FF                    2309 	.db #0xff	; 255
    000008DD FF                    2310 	.db #0xff	; 255
    000008DE FF                    2311 	.db #0xff	; 255
    000008DF FE                    2312 	.db #0xfe	; 254
    000008E0 D8                    2313 	.db #0xd8	; 216
    000008E1 31                    2314 	.db #0x31	; 49	'1'
    000008E2 00                    2315 	.db #0x00	; 0
    000008E3 00                    2316 	.db #0x00	; 0
    000008E4 00                    2317 	.db #0x00	; 0
    000008E5 00                    2318 	.db #0x00	; 0
    000008E6 00                    2319 	.db #0x00	; 0
    000008E7 00                    2320 	.db #0x00	; 0
    000008E8 13                    2321 	.db #0x13	; 19
    000008E9 8D                    2322 	.db #0x8d	; 141
    000008EA EF                    2323 	.db #0xef	; 239
    000008EB FF                    2324 	.db #0xff	; 255
    000008EC FF                    2325 	.db #0xff	; 255
    000008ED                       2326 _menuloop:
    000008ED 06                    2327 	.db #0x06	; 6
    000008EEr00r00                 2328 	.dw _order_cnt
    000008F0r41r08                 2329 	.dw _order1
    000008F2r49r08                 2330 	.dw _order2
    000008F4r51r08                 2331 	.dw _order3
    000008F6r59r08                 2332 	.dw _order4
    000008F8r61r08                 2333 	.dw _duty_instruments
    000008FAr7Fr08                 2334 	.dw _wave_instruments
    000008FCr91r08                 2335 	.dw _noise_instruments
    000008FE 00 00                 2336 	.dw #0x0000
    00000900r9Dr08                 2337 	.dw _waves
                                   2338 	.area _INITIALIZER
                                   2339 	.area _CABS (ABS)
