                                      1 ;--------------------------------------------------------
                                      2 ; File Created by SDCC : free open source ISO C Compiler
                                      3 ; Version 4.5.1 #15267 (MINGW64)
                                      4 ;--------------------------------------------------------
                                      5 	.module player
                                      6 	
                                      7 ;--------------------------------------------------------
                                      8 ; Public variables in this module
                                      9 ;--------------------------------------------------------
                                     10 	.globl _col_at_end
                                     11 	.globl _col_at_begin
                                     12 	.globl _col_at_raw_cached
                                     13 	.globl _player_noclip
                                     14 	.globl _player_init
                                     15 	.globl _player_tile_activated
                                     16 	.globl _player_mark_activated
                                     17 	.globl _player_screen_y
                                     18 	.globl _player_update
                                     19 ;--------------------------------------------------------
                                     20 ; special function registers
                                     21 ;--------------------------------------------------------
                                     22 	.area _HRAM
                                     23 ;--------------------------------------------------------
                                     24 ; ram data
                                     25 ;--------------------------------------------------------
                                     26 	.area _DATA
                                     27 ;--------------------------------------------------------
                                     28 ; ram data
                                     29 ;--------------------------------------------------------
                                     30 	.area _INITIALIZED
    00000000                         31 _player_noclip::
    00000000                         32 	.ds 1
                                     33 ;--------------------------------------------------------
                                     34 ; absolute external ram data
                                     35 ;--------------------------------------------------------
                                     36 	.area _DABS (ABS)
                                     37 ;--------------------------------------------------------
                                     38 ; global & static initialisations
                                     39 ;--------------------------------------------------------
                                     40 	.area _HOME
                                     41 	.area _GSINIT
                                     42 	.area _GSFINAL
                                     43 	.area _GSINIT
                                     44 ;--------------------------------------------------------
                                     45 ; Home
                                     46 ;--------------------------------------------------------
                                     47 	.area _HOME
                                     48 	.area _HOME
                                     49 ;--------------------------------------------------------
                                     50 ; code
                                     51 ;--------------------------------------------------------
                                     52 	.area _CODE
                                     53 ;src/player.c:5: void player_init(Player* p, uint16_t start_x, int16_t start_y) {
                                     54 ;	---------------------------------
                                     55 ; Function player_init
                                     56 ; ---------------------------------
    00000000                         57 _player_init::
    00000000 3B               [ 8]   58 	dec	sp
    00000001 3B               [ 8]   59 	dec	sp
                                     60 ;src/player.c:6: p->world_x = start_x;
    00000002 6B               [ 4]   61 	ld	l, e
    00000003 62               [ 4]   62 	ld	h, d
    00000004 79               [ 4]   63 	ld	a, c
    00000005 22               [ 8]   64 	ld	(hl+), a
    00000006 70               [ 8]   65 	ld	(hl), b
                                     66 ;src/player.c:7: p->world_y.w = (uint16_t)start_y << 8;
    00000007 4B               [ 4]   67 	ld	c, e
    00000008 42               [ 4]   68 	ld	b, d
    00000009 03               [ 8]   69 	inc	bc
    0000000A 03               [ 8]   70 	inc	bc
    0000000B F8 04            [12]   71 	ldhl	sp,	#4
    0000000D 7E               [ 8]   72 	ld	a, (hl)
    0000000E F8 00            [12]   73 	ldhl	sp,	#0
    00000010 77               [ 8]   74 	ld	(hl), a
    00000011 F8 05            [12]   75 	ldhl	sp,	#5
    00000013 7E               [ 8]   76 	ld	a, (hl)
    00000014 F8 01            [12]   77 	ldhl	sp,	#1
    00000016 32               [ 8]   78 	ld	(hl-), a
    00000017 2A               [ 8]   79 	ld	a, (hl+)
    00000018 32               [ 8]   80 	ld	(hl-), a
    00000019 AF               [ 4]   81 	xor	a, a
    0000001A 22               [ 8]   82 	ld	(hl+), a
    0000001B 02               [ 8]   83 	ld	(bc), a
    0000001C 03               [ 8]   84 	inc	bc
    0000001D 7E               [ 8]   85 	ld	a, (hl)
    0000001E 02               [ 8]   86 	ld	(bc), a
                                     87 ;src/player.c:8: p->vel_y.w = 0;
    0000001F 21 04 00         [12]   88 	ld	hl, #0x0004
    00000022 19               [ 8]   89 	add	hl, de
    00000023 AF               [ 4]   90 	xor	a, a
    00000024 22               [ 8]   91 	ld	(hl+), a
    00000025 77               [ 8]   92 	ld	(hl), a
                                     93 ;src/player.c:9: p->on_ground = 0;
    00000026 21 06 00         [12]   94 	ld	hl, #0x0006
    00000029 19               [ 8]   95 	add	hl, de
    0000002A 36 00            [12]   96 	ld	(hl), #0x00
                                     97 ;src/player.c:10: p->dead = 0;
    0000002C 21 07 00         [12]   98 	ld	hl, #0x0007
    0000002F 19               [ 8]   99 	add	hl, de
    00000030 36 00            [12]  100 	ld	(hl), #0x00
                                    101 ;src/player.c:11: p->anim_timer = 0;
    00000032 21 0B 00         [12]  102 	ld	hl, #0x000b
    00000035 19               [ 8]  103 	add	hl, de
    00000036 AF               [ 4]  104 	xor	a, a
    00000037 22               [ 8]  105 	ld	(hl+), a
    00000038 77               [ 8]  106 	ld	(hl), a
                                    107 ;src/player.c:12: p->anim_frame = 0;
    00000039 21 0A 00         [12]  108 	ld	hl, #0x000a
    0000003C 19               [ 8]  109 	add	hl, de
    0000003D 36 00            [12]  110 	ld	(hl), #0x00
                                    111 ;src/player.c:13: p->gravity_flipped = 0;
    0000003F 21 08 00         [12]  112 	ld	hl, #0x0008
    00000042 19               [ 8]  113 	add	hl, de
    00000043 36 00            [12]  114 	ld	(hl), #0x00
                                    115 ;src/player.c:14: p->mode = MODE_CUBE;
    00000045 21 09 00         [12]  116 	ld	hl, #0x0009
    00000048 19               [ 8]  117 	add	hl, de
    00000049 36 00            [12]  118 	ld	(hl), #0x00
                                    119 ;src/player.c:15: p->last_joy = 0;
    0000004B 21 0D 00         [12]  120 	ld	hl, #0x000d
    0000004E 19               [ 8]  121 	add	hl, de
    0000004F 36 00            [12]  122 	ld	(hl), #0x00
                                    123 ;src/player.c:16: p->touching_orb = 0;
    00000051 21 0E 00         [12]  124 	ld	hl, #0x000e
    00000054 19               [ 8]  125 	add	hl, de
    00000055 36 00            [12]  126 	ld	(hl), #0x00
                                    127 ;src/player.c:17: p->level_complete = 0;
    00000057 21 0F 00         [12]  128 	ld	hl, #0x000f
    0000005A 19               [ 8]  129 	add	hl, de
    0000005B 36 00            [12]  130 	ld	(hl), #0x00
                                    131 ;src/player.c:18: p->sp_idx = 0;
    0000005D 21 12 00         [12]  132 	ld	hl, #0x0012
    00000060 19               [ 8]  133 	add	hl, de
    00000061 AF               [ 4]  134 	xor	a, a
    00000062 22               [ 8]  135 	ld	(hl+), a
    00000063 77               [ 8]  136 	ld	(hl), a
                                    137 ;src/player.c:19: p->activated_count = 0;
    00000064 21 2C 00         [12]  138 	ld	hl, #0x002c
    00000067 19               [ 8]  139 	add	hl, de
    00000068 36 00            [12]  140 	ld	(hl), #0x00
                                    141 ;src/player.c:20: p->next_activated_slot = 0;
    0000006A 21 2D 00         [12]  142 	ld	hl, #0x002d
    0000006D 19               [ 8]  143 	add	hl, de
    0000006E 36 00            [12]  144 	ld	(hl), #0x00
                                    145 ;src/player.c:21: }
    00000070 33               [ 8]  146 	inc	sp
    00000071 33               [ 8]  147 	inc	sp
    00000072 E1               [12]  148 	pop	hl
    00000073 F1               [12]  149 	pop	af
    00000074 E9               [ 4]  150 	jp	(hl)
                                    151 ;src/player.c:23: uint8_t player_tile_activated(const Player* p, uint16_t mx, uint8_t my) {
                                    152 ;	---------------------------------
                                    153 ; Function player_tile_activated
                                    154 ; ---------------------------------
    00000075                        155 _player_tile_activated::
    00000075 E8 F7            [16]  156 	add	sp, #-9
    00000077 F8 07            [12]  157 	ldhl	sp,	#7
    00000079 79               [ 4]  158 	ld	a, c
    0000007A 22               [ 8]  159 	ld	(hl+), a
    0000007B 70               [ 8]  160 	ld	(hl), b
                                    161 ;src/player.c:24: if (p->activated_count == 0) return 0;
    0000007C 21 2C 00         [12]  162 	ld	hl, #0x002c
    0000007F 19               [ 8]  163 	add	hl, de
    00000080 7E               [ 8]  164 	ld	a, (hl)
    00000081 F8 00            [12]  165 	ldhl	sp,#0
    00000083 77               [ 8]  166 	ld	(hl), a
    00000084 B7               [ 4]  167 	or	a, a
    00000085 20 03            [12]  168 	jr	NZ, 00102$
    00000087 AF               [ 4]  169 	xor	a, a
    00000088 18 63            [12]  170 	jr	00112$
    0000008A                        171 00102$:
                                    172 ;src/player.c:26: uint8_t idx = p->next_activated_slot;
    0000008A 21 2D 00         [12]  173 	ld	hl, #0x002d
    0000008D 19               [ 8]  174 	add	hl, de
    0000008E 4E               [ 8]  175 	ld	c, (hl)
                                    176 ;src/player.c:27: for (uint8_t i = 0; i < p->activated_count; i++) {
    0000008F 21 14 00         [12]  177 	ld	hl, #0x0014
    00000092 19               [ 8]  178 	add	hl, de
    00000093 E5               [16]  179 	push	hl
    00000094 7D               [ 4]  180 	ld	a, l
    00000095 F8 03            [12]  181 	ldhl	sp,	#3
    00000097 77               [ 8]  182 	ld	(hl), a
    00000098 E1               [12]  183 	pop	hl
    00000099 7C               [ 4]  184 	ld	a, h
    0000009A F8 02            [12]  185 	ldhl	sp,	#2
    0000009C 77               [ 8]  186 	ld	(hl), a
    0000009D 06 00            [ 8]  187 	ld	b, #0x00
    0000009F                        188 00110$:
    0000009F 78               [ 4]  189 	ld	a, b
    000000A0 F8 00            [12]  190 	ldhl	sp,	#0
    000000A2 96               [ 8]  191 	sub	a, (hl)
    000000A3 30 47            [12]  192 	jr	NC, 00108$
                                    193 ;src/player.c:28: if (idx == 0) idx = MAX_ACTIVATIONS;
    000000A5 79               [ 4]  194 	ld	a, c
    000000A6 B7               [ 4]  195 	or	a, a
    000000A7 20 02            [12]  196 	jr	NZ, 00104$
    000000A9 0E 08            [ 8]  197 	ld	c, #0x08
    000000AB                        198 00104$:
                                    199 ;src/player.c:29: idx--;
    000000AB 0D               [ 4]  200 	dec	c
                                    201 ;src/player.c:31: if (p->activated[idx].mx == mx && p->activated[idx].my == my) return 1;
    000000AC 79               [ 4]  202 	ld	a, c
    000000AD 87               [ 4]  203 	add	a, a
    000000AE 81               [ 4]  204 	add	a, c
    000000AF 5F               [ 4]  205 	ld	e, a
    000000B0 16 00            [ 8]  206 	ld	d, #0x00
    000000B2 F8 01            [12]  207 	ldhl	sp,	#1
    000000B4 2A               [ 8]  208 	ld	a,	(hl+)
    000000B5 66               [ 8]  209 	ld	h, (hl)
    000000B6 6F               [ 4]  210 	ld	l, a
    000000B7 19               [ 8]  211 	add	hl, de
    000000B8 E5               [16]  212 	push	hl
    000000B9 7D               [ 4]  213 	ld	a, l
    000000BA F8 05            [12]  214 	ldhl	sp,	#5
    000000BC 77               [ 8]  215 	ld	(hl), a
    000000BD E1               [12]  216 	pop	hl
    000000BE 7C               [ 4]  217 	ld	a, h
    000000BF F8 04            [12]  218 	ldhl	sp,	#4
    000000C1 32               [ 8]  219 	ld	(hl-), a
    000000C2 2A               [ 8]  220 	ld	a, (hl+)
    000000C3 5F               [ 4]  221 	ld	e, a
    000000C4 2A               [ 8]  222 	ld	a, (hl+)
    000000C5 57               [ 4]  223 	ld	d, a
    000000C6 1A               [ 8]  224 	ld	a, (de)
    000000C7 22               [ 8]  225 	ld	(hl+), a
    000000C8 13               [ 8]  226 	inc	de
    000000C9 1A               [ 8]  227 	ld	a, (de)
    000000CA 22               [ 8]  228 	ld	(hl+), a
    000000CB 3A               [ 8]  229 	ld	a, (hl-)
    000000CC 2B               [ 8]  230 	dec	hl
    000000CD 96               [ 8]  231 	sub	a, (hl)
    000000CE 20 19            [12]  232 	jr	NZ, 00111$
    000000D0 F8 08            [12]  233 	ldhl	sp,	#8
    000000D2 3A               [ 8]  234 	ld	a, (hl-)
    000000D3 2B               [ 8]  235 	dec	hl
    000000D4 96               [ 8]  236 	sub	a, (hl)
    000000D5 20 12            [12]  237 	jr	NZ, 00111$
    000000D7 F8 03            [12]  238 	ldhl	sp,	#3
    000000D9 2A               [ 8]  239 	ld	a, (hl+)
    000000DA 66               [ 8]  240 	ld	h, (hl)
    000000DB 6F               [ 4]  241 	ld	l, a
    000000DC 23               [ 8]  242 	inc	hl
    000000DD 23               [ 8]  243 	inc	hl
    000000DE 5E               [ 8]  244 	ld	e, (hl)
    000000DF F8 0B            [12]  245 	ldhl	sp,	#11
    000000E1 7E               [ 8]  246 	ld	a, (hl)
    000000E2 93               [ 4]  247 	sub	a, e
    000000E3 20 04            [12]  248 	jr	NZ, 00111$
    000000E5 3E 01            [ 8]  249 	ld	a, #0x01
    000000E7 18 04            [12]  250 	jr	00112$
    000000E9                        251 00111$:
                                    252 ;src/player.c:27: for (uint8_t i = 0; i < p->activated_count; i++) {
    000000E9 04               [ 4]  253 	inc	b
    000000EA 18 B3            [12]  254 	jr	00110$
    000000EC                        255 00108$:
                                    256 ;src/player.c:33: return 0;
    000000EC AF               [ 4]  257 	xor	a, a
    000000ED                        258 00112$:
                                    259 ;src/player.c:34: }
    000000ED E8 09            [16]  260 	add	sp, #9
    000000EF E1               [12]  261 	pop	hl
    000000F0 33               [ 8]  262 	inc	sp
    000000F1 E9               [ 4]  263 	jp	(hl)
                                    264 ;src/player.c:36: void player_mark_activated(Player* p, uint16_t mx, uint8_t my) {
                                    265 ;	---------------------------------
                                    266 ; Function player_mark_activated
                                    267 ; ---------------------------------
    000000F2                        268 _player_mark_activated::
    000000F2 E8 FA            [16]  269 	add	sp, #-6
    000000F4 F8 04            [12]  270 	ldhl	sp,	#4
    000000F6 7B               [ 4]  271 	ld	a, e
    000000F7 22               [ 8]  272 	ld	(hl+), a
    000000F8 72               [ 8]  273 	ld	(hl), d
    000000F9 F8 02            [12]  274 	ldhl	sp,	#2
    000000FB 79               [ 4]  275 	ld	a, c
    000000FC 22               [ 8]  276 	ld	(hl+), a
                                    277 ;src/player.c:37: p->activated[p->next_activated_slot].mx = mx;
    000000FD 78               [ 4]  278 	ld	a, b
    000000FE 22               [ 8]  279 	ld	(hl+), a
    000000FF 2A               [ 8]  280 	ld	a, (hl+)
    00000100 5F               [ 4]  281 	ld	e, a
    00000101 56               [ 8]  282 	ld	d, (hl)
    00000102 21 14 00         [12]  283 	ld	hl, #0x0014
    00000105 19               [ 8]  284 	add	hl, de
    00000106 33               [ 8]  285 	inc	sp
    00000107 33               [ 8]  286 	inc	sp
    00000108 E5               [16]  287 	push	hl
    00000109 F8 04            [12]  288 	ldhl	sp,#4
    0000010B 2A               [ 8]  289 	ld	a, (hl+)
    0000010C 5F               [ 4]  290 	ld	e, a
    0000010D 56               [ 8]  291 	ld	d, (hl)
    0000010E 21 2D 00         [12]  292 	ld	hl, #0x002d
    00000111 19               [ 8]  293 	add	hl, de
    00000112 4D               [ 4]  294 	ld	c, l
    00000113 44               [ 4]  295 	ld	b, h
    00000114 0A               [ 8]  296 	ld	a, (bc)
    00000115 5F               [ 4]  297 	ld	e, a
    00000116 87               [ 4]  298 	add	a, a
    00000117 83               [ 4]  299 	add	a, e
    00000118 5F               [ 4]  300 	ld	e, a
    00000119 16 00            [ 8]  301 	ld	d, #0x00
    0000011B E1               [12]  302 	pop	hl
    0000011C E5               [16]  303 	push	hl
    0000011D 19               [ 8]  304 	add	hl, de
    0000011E 5D               [ 4]  305 	ld	e, l
    0000011F 54               [ 4]  306 	ld	d, h
    00000120 F8 02            [12]  307 	ldhl	sp,	#2
    00000122 2A               [ 8]  308 	ld	a, (hl+)
    00000123 12               [ 8]  309 	ld	(de), a
    00000124 13               [ 8]  310 	inc	de
    00000125 7E               [ 8]  311 	ld	a, (hl)
    00000126 12               [ 8]  312 	ld	(de), a
                                    313 ;src/player.c:38: p->activated[p->next_activated_slot].my = my;
    00000127 0A               [ 8]  314 	ld	a, (bc)
    00000128 5F               [ 4]  315 	ld	e, a
    00000129 87               [ 4]  316 	add	a, a
    0000012A 83               [ 4]  317 	add	a, e
    0000012B 5F               [ 4]  318 	ld	e, a
    0000012C 16 00            [ 8]  319 	ld	d, #0x00
    0000012E E1               [12]  320 	pop	hl
    0000012F E5               [16]  321 	push	hl
    00000130 19               [ 8]  322 	add	hl, de
    00000131 23               [ 8]  323 	inc	hl
    00000132 23               [ 8]  324 	inc	hl
    00000133 5D               [ 4]  325 	ld	e, l
    00000134 54               [ 4]  326 	ld	d, h
    00000135 F8 08            [12]  327 	ldhl	sp,	#8
    00000137 7E               [ 8]  328 	ld	a, (hl)
    00000138 12               [ 8]  329 	ld	(de), a
                                    330 ;src/player.c:39: p->next_activated_slot++;
    00000139 0A               [ 8]  331 	ld	a, (bc)
    0000013A 3C               [ 4]  332 	inc	a
    0000013B 02               [ 8]  333 	ld	(bc), a
                                    334 ;src/player.c:40: if (p->next_activated_slot >= MAX_ACTIVATIONS) p->next_activated_slot = 0;
    0000013C D6 08            [ 8]  335 	sub	a, #0x08
    0000013E 38 02            [12]  336 	jr	C, 00102$
    00000140 AF               [ 4]  337 	xor	a, a
    00000141 02               [ 8]  338 	ld	(bc), a
    00000142                        339 00102$:
                                    340 ;src/player.c:41: if (p->activated_count < MAX_ACTIVATIONS) p->activated_count++;
    00000142 F8 04            [12]  341 	ldhl	sp,#4
    00000144 2A               [ 8]  342 	ld	a, (hl+)
    00000145 5F               [ 4]  343 	ld	e, a
    00000146 56               [ 8]  344 	ld	d, (hl)
    00000147 21 2C 00         [12]  345 	ld	hl, #0x002c
    0000014A 19               [ 8]  346 	add	hl, de
    0000014B 4D               [ 4]  347 	ld	c, l
    0000014C 44               [ 4]  348 	ld	b, h
    0000014D 0A               [ 8]  349 	ld	a, (bc)
    0000014E FE 08            [ 8]  350 	cp	a, #0x08
    00000150 30 02            [12]  351 	jr	NC, 00105$
    00000152 3C               [ 4]  352 	inc	a
    00000153 02               [ 8]  353 	ld	(bc), a
    00000154                        354 00105$:
                                    355 ;src/player.c:42: }
    00000154 E8 06            [16]  356 	add	sp, #6
    00000156 E1               [12]  357 	pop	hl
    00000157 33               [ 8]  358 	inc	sp
    00000158 E9               [ 4]  359 	jp	(hl)
                                    360 ;src/player.c:44: int16_t player_screen_y(const Player* p, uint16_t cam_y) {
                                    361 ;	---------------------------------
                                    362 ; Function player_screen_y
                                    363 ; ---------------------------------
    00000159                        364 _player_screen_y::
                                    365 ;src/player.c:45: return (int16_t)(p->world_y.b.h) - (int16_t)cam_y;
    00000159 13               [ 8]  366 	inc	de
    0000015A 13               [ 8]  367 	inc	de
    0000015B 13               [ 8]  368 	inc	de
    0000015C 1A               [ 8]  369 	ld	a, (de)
    0000015D 91               [ 4]  370 	sub	a, c
    0000015E 4F               [ 4]  371 	ld	c, a
    0000015F 9F               [ 4]  372 	sbc	a, a
    00000160 90               [ 4]  373 	sub	a, b
    00000161 47               [ 4]  374 	ld	b, a
                                    375 ;src/player.c:46: }
    00000162 C9               [16]  376 	ret
                                    377 ;src/player.c:48: uint8_t player_update(
                                    378 ;	---------------------------------
                                    379 ; Function player_update
                                    380 ; ---------------------------------
    00000163                        381 _player_update::
    00000163 E8 DC            [16]  382 	add	sp, #-36
    00000165 F8 22            [12]  383 	ldhl	sp,	#34
    00000167 73               [ 8]  384 	ld	(hl), e
    00000168 23               [ 8]  385 	inc	hl
    00000169 72               [ 8]  386 	ld	(hl), d
    0000016A 2B               [ 8]  387 	dec	hl
    0000016B 2B               [ 8]  388 	dec	hl
                                    389 ;src/player.c:56: if (p->dead) return 1;
    0000016C 22               [ 8]  390 	ld	(hl+), a
    0000016D 2A               [ 8]  391 	ld	a, (hl+)
    0000016E 5F               [ 4]  392 	ld	e, a
    0000016F 56               [ 8]  393 	ld	d, (hl)
    00000170 21 07 00         [12]  394 	ld	hl, #0x0007
    00000173 19               [ 8]  395 	add	hl, de
    00000174 33               [ 8]  396 	inc	sp
    00000175 33               [ 8]  397 	inc	sp
    00000176 5D               [ 4]  398 	ld	e, l
    00000177 54               [ 4]  399 	ld	d, h
    00000178 D5               [16]  400 	push	de
    00000179 1A               [ 8]  401 	ld	a, (de)
    0000017A F8 20            [12]  402 	ldhl	sp,	#32
    0000017C 77               [ 8]  403 	ld	(hl), a
    0000017D 7E               [ 8]  404 	ld	a, (hl)
    0000017E B7               [ 4]  405 	or	a, a
    0000017F 28 05            [12]  406 	jr	Z, 00102$
    00000181 3E 01            [ 8]  407 	ld	a, #0x01
    00000183 C3r9Cr0D         [16]  408 	jp	00234$
    00000186                        409 00102$:
                                    410 ;src/player.c:58: col_at_begin(map_bank);
    00000186 F8 2C            [12]  411 	ldhl	sp,	#44
    00000188 7E               [ 8]  412 	ld	a, (hl)
    00000189 CDr00r00         [24]  413 	call	_col_at_begin
                                    414 ;src/player.c:60: if (p->mode == MODE_SHIP) {
    0000018C F8 22            [12]  415 	ldhl	sp,#34
    0000018E 2A               [ 8]  416 	ld	a, (hl+)
    0000018F 5F               [ 4]  417 	ld	e, a
    00000190 56               [ 8]  418 	ld	d, (hl)
    00000191 21 09 00         [12]  419 	ld	hl, #0x0009
    00000194 19               [ 8]  420 	add	hl, de
    00000195 E5               [16]  421 	push	hl
    00000196 7D               [ 4]  422 	ld	a, l
    00000197 F8 04            [12]  423 	ldhl	sp,	#4
    00000199 77               [ 8]  424 	ld	(hl), a
    0000019A E1               [12]  425 	pop	hl
    0000019B 7C               [ 4]  426 	ld	a, h
    0000019C F8 03            [12]  427 	ldhl	sp,	#3
    0000019E 32               [ 8]  428 	ld	(hl-), a
    0000019F 2A               [ 8]  429 	ld	a, (hl+)
    000001A0 5F               [ 4]  430 	ld	e, a
    000001A1 56               [ 8]  431 	ld	d, (hl)
    000001A2 1A               [ 8]  432 	ld	a, (de)
    000001A3 4F               [ 4]  433 	ld	c, a
                                    434 ;src/player.c:61: if (joy & J_A) {
    000001A4 F8 21            [12]  435 	ldhl	sp,	#33
    000001A6 3A               [ 8]  436 	ld	a, (hl-)
    000001A7 2B               [ 8]  437 	dec	hl
    000001A8 E6 10            [ 8]  438 	and	a, #0x10
    000001AA 22               [ 8]  439 	ld	(hl+), a
    000001AB 36 00            [12]  440 	ld	(hl), #0x00
                                    441 ;src/player.c:62: p->vel_y.w += (p->gravity_flipped) ? -SHIP_THRUST : SHIP_THRUST;
    000001AD F8 22            [12]  442 	ldhl	sp,#34
    000001AF 2A               [ 8]  443 	ld	a, (hl+)
    000001B0 5F               [ 4]  444 	ld	e, a
    000001B1 56               [ 8]  445 	ld	d, (hl)
    000001B2 21 04 00         [12]  446 	ld	hl, #0x0004
    000001B5 19               [ 8]  447 	add	hl, de
    000001B6 E5               [16]  448 	push	hl
    000001B7 7D               [ 4]  449 	ld	a, l
    000001B8 F8 06            [12]  450 	ldhl	sp,	#6
    000001BA 77               [ 8]  451 	ld	(hl), a
    000001BB E1               [12]  452 	pop	hl
    000001BC 7C               [ 4]  453 	ld	a, h
    000001BD F8 05            [12]  454 	ldhl	sp,	#5
    000001BF 77               [ 8]  455 	ld	(hl), a
    000001C0 F8 22            [12]  456 	ldhl	sp,#34
    000001C2 2A               [ 8]  457 	ld	a, (hl+)
    000001C3 5F               [ 4]  458 	ld	e, a
    000001C4 56               [ 8]  459 	ld	d, (hl)
    000001C5 21 08 00         [12]  460 	ld	hl, #0x0008
    000001C8 19               [ 8]  461 	add	hl, de
    000001C9 E5               [16]  462 	push	hl
    000001CA 7D               [ 4]  463 	ld	a, l
    000001CB F8 08            [12]  464 	ldhl	sp,	#8
    000001CD 77               [ 8]  465 	ld	(hl), a
    000001CE E1               [12]  466 	pop	hl
    000001CF 7C               [ 4]  467 	ld	a, h
    000001D0 F8 07            [12]  468 	ldhl	sp,	#7
    000001D2 77               [ 8]  469 	ld	(hl), a
                                    470 ;src/player.c:71: if (!p->on_ground) {
    000001D3 F8 22            [12]  471 	ldhl	sp,#34
    000001D5 2A               [ 8]  472 	ld	a, (hl+)
    000001D6 5F               [ 4]  473 	ld	e, a
    000001D7 56               [ 8]  474 	ld	d, (hl)
    000001D8 21 06 00         [12]  475 	ld	hl, #0x0006
    000001DB 19               [ 8]  476 	add	hl, de
    000001DC E5               [16]  477 	push	hl
    000001DD 7D               [ 4]  478 	ld	a, l
    000001DE F8 0A            [12]  479 	ldhl	sp,	#10
    000001E0 77               [ 8]  480 	ld	(hl), a
    000001E1 E1               [12]  481 	pop	hl
    000001E2 7C               [ 4]  482 	ld	a, h
    000001E3 F8 09            [12]  483 	ldhl	sp,	#9
    000001E5 77               [ 8]  484 	ld	(hl), a
                                    485 ;src/player.c:60: if (p->mode == MODE_SHIP) {
    000001E6 0D               [ 4]  486 	dec	c
    000001E7 C2rFCr02         [16]  487 	jp	NZ, 00120$
                                    488 ;src/player.c:66: if (p->vel_y.w > (p->gravity_flipped ? SHIP_MAX_VEL_UP : SHIP_MAX_VEL_DOWN))
    000001EA F8 04            [12]  489 	ldhl	sp,#4
    000001EC 2A               [ 8]  490 	ld	a, (hl+)
    000001ED 5F               [ 4]  491 	ld	e, a
    000001EE 2A               [ 8]  492 	ld	a, (hl+)
    000001EF 57               [ 4]  493 	ld	d, a
    000001F0 1A               [ 8]  494 	ld	a, (de)
    000001F1 4F               [ 4]  495 	ld	c, a
    000001F2 13               [ 8]  496 	inc	de
    000001F3 1A               [ 8]  497 	ld	a, (de)
    000001F4 47               [ 4]  498 	ld	b, a
    000001F5 2A               [ 8]  499 	ld	a, (hl+)
    000001F6 5F               [ 4]  500 	ld	e, a
    000001F7 56               [ 8]  501 	ld	d, (hl)
    000001F8 1A               [ 8]  502 	ld	a, (de)
    000001F9 F8 1E            [12]  503 	ldhl	sp,	#30
    000001FB 77               [ 8]  504 	ld	(hl), a
                                    505 ;src/player.c:62: p->vel_y.w += (p->gravity_flipped) ? -SHIP_THRUST : SHIP_THRUST;
    000001FC F8 19            [12]  506 	ldhl	sp,	#25
    000001FE 79               [ 4]  507 	ld	a, c
    000001FF 22               [ 8]  508 	ld	(hl+), a
    00000200 70               [ 8]  509 	ld	(hl), b
                                    510 ;src/player.c:61: if (joy & J_A) {
    00000201 AF               [ 4]  511 	xor	a, a
    00000202 F8 1F            [12]  512 	ldhl	sp,	#31
    00000204 B6               [ 8]  513 	or	a, (hl)
    00000205 28 38            [12]  514 	jr	Z, 00104$
                                    515 ;src/player.c:62: p->vel_y.w += (p->gravity_flipped) ? -SHIP_THRUST : SHIP_THRUST;
    00000207 2B               [ 8]  516 	dec	hl
    00000208 7E               [ 8]  517 	ld	a, (hl)
    00000209 B7               [ 4]  518 	or	a, a
    0000020A 28 09            [12]  519 	jr	Z, 00236$
    0000020C F8 1B            [12]  520 	ldhl	sp,	#27
    0000020E 3E 34            [ 8]  521 	ld	a, #0x34
    00000210 22               [ 8]  522 	ld	(hl+), a
    00000211 AF               [ 4]  523 	xor	a, a
    00000212 77               [ 8]  524 	ld	(hl), a
    00000213 18 07            [12]  525 	jr	00237$
    00000215                        526 00236$:
    00000215 F8 1B            [12]  527 	ldhl	sp,	#27
    00000217 3E CC            [ 8]  528 	ld	a, #0xcc
    00000219 22               [ 8]  529 	ld	(hl+), a
    0000021A 36 FF            [12]  530 	ld	(hl), #0xff
    0000021C                        531 00237$:
    0000021C F8 1B            [12]  532 	ldhl	sp,#27
    0000021E 2A               [ 8]  533 	ld	a, (hl+)
    0000021F 5F               [ 4]  534 	ld	e, a
    00000220 56               [ 8]  535 	ld	d, (hl)
    00000221 F8 19            [12]  536 	ldhl	sp,	#25
    00000223 2A               [ 8]  537 	ld	a,	(hl+)
    00000224 66               [ 8]  538 	ld	h, (hl)
    00000225 6F               [ 4]  539 	ld	l, a
    00000226 19               [ 8]  540 	add	hl, de
    00000227 E5               [16]  541 	push	hl
    00000228 7D               [ 4]  542 	ld	a, l
    00000229 F8 1F            [12]  543 	ldhl	sp,	#31
    0000022B 77               [ 8]  544 	ld	(hl), a
    0000022C E1               [12]  545 	pop	hl
    0000022D 7C               [ 4]  546 	ld	a, h
    0000022E F8 1E            [12]  547 	ldhl	sp,	#30
    00000230 77               [ 8]  548 	ld	(hl), a
    00000231 F8 04            [12]  549 	ldhl	sp,	#4
    00000233 2A               [ 8]  550 	ld	a, (hl+)
    00000234 5F               [ 4]  551 	ld	e, a
    00000235 56               [ 8]  552 	ld	d, (hl)
    00000236 F8 1D            [12]  553 	ldhl	sp,	#29
    00000238 2A               [ 8]  554 	ld	a, (hl+)
    00000239 12               [ 8]  555 	ld	(de), a
    0000023A 13               [ 8]  556 	inc	de
    0000023B 7E               [ 8]  557 	ld	a, (hl)
    0000023C 12               [ 8]  558 	ld	(de), a
    0000023D 18 1E            [12]  559 	jr	00105$
    0000023F                        560 00104$:
                                    561 ;src/player.c:64: p->vel_y.w += (p->gravity_flipped) ? -SHIP_GRAVITY : SHIP_GRAVITY;
    0000023F F8 1E            [12]  562 	ldhl	sp,	#30
    00000241 7E               [ 8]  563 	ld	a, (hl)
    00000242 B7               [ 4]  564 	or	a, a
    00000243 28 05            [12]  565 	jr	Z, 00238$
    00000245 11 DE FF         [12]  566 	ld	de, #0xffde
    00000248 18 03            [12]  567 	jr	00239$
    0000024A                        568 00238$:
    0000024A 11 22 00         [12]  569 	ld	de, #0x0022
    0000024D                        570 00239$:
    0000024D F8 19            [12]  571 	ldhl	sp,	#25
    0000024F 2A               [ 8]  572 	ld	a,	(hl+)
    00000250 66               [ 8]  573 	ld	h, (hl)
    00000251 6F               [ 4]  574 	ld	l, a
    00000252 19               [ 8]  575 	add	hl, de
    00000253 4D               [ 4]  576 	ld	c, l
    00000254 44               [ 4]  577 	ld	b, h
    00000255 F8 04            [12]  578 	ldhl	sp,	#4
    00000257 2A               [ 8]  579 	ld	a, (hl+)
    00000258 66               [ 8]  580 	ld	h, (hl)
    00000259 6F               [ 4]  581 	ld	l, a
    0000025A 79               [ 4]  582 	ld	a, c
    0000025B 22               [ 8]  583 	ld	(hl+), a
    0000025C 70               [ 8]  584 	ld	(hl), b
    0000025D                        585 00105$:
                                    586 ;src/player.c:66: if (p->vel_y.w > (p->gravity_flipped ? SHIP_MAX_VEL_UP : SHIP_MAX_VEL_DOWN))
    0000025D F8 04            [12]  587 	ldhl	sp,#4
    0000025F 2A               [ 8]  588 	ld	a, (hl+)
    00000260 5F               [ 4]  589 	ld	e, a
    00000261 2A               [ 8]  590 	ld	a, (hl+)
    00000262 57               [ 4]  591 	ld	d, a
    00000263 1A               [ 8]  592 	ld	a, (de)
    00000264 4F               [ 4]  593 	ld	c, a
    00000265 13               [ 8]  594 	inc	de
    00000266 1A               [ 8]  595 	ld	a, (de)
    00000267 47               [ 4]  596 	ld	b, a
    00000268 2A               [ 8]  597 	ld	a, (hl+)
    00000269 5F               [ 4]  598 	ld	e, a
    0000026A 56               [ 8]  599 	ld	d, (hl)
    0000026B 1A               [ 8]  600 	ld	a, (de)
    0000026C F8 1E            [12]  601 	ldhl	sp,	#30
    0000026E 77               [ 8]  602 	ld	(hl), a
    0000026F 7E               [ 8]  603 	ld	a, (hl)
    00000270 B7               [ 4]  604 	or	a, a
    00000271 28 05            [12]  605 	jr	Z, 00240$
    00000273 21 69 03         [12]  606 	ld	hl, #0x0369
    00000276 18 03            [12]  607 	jr	00241$
    00000278                        608 00240$:
    00000278 21 43 04         [12]  609 	ld	hl, #0x0443
    0000027B                        610 00241$:
    0000027B 58               [ 4]  611 	ld	e, b
    0000027C 54               [ 4]  612 	ld	d, h
    0000027D 7D               [ 4]  613 	ld	a, l
    0000027E 91               [ 4]  614 	sub	a, c
    0000027F 7C               [ 4]  615 	ld	a, h
    00000280 98               [ 4]  616 	sbc	a, b
    00000281 CB 7B            [ 8]  617 	bit	7, e
    00000283 28 07            [12]  618 	jr	Z, 01246$
    00000285 CB 7A            [ 8]  619 	bit	7, d
    00000287 20 08            [12]  620 	jr	NZ, 01247$
    00000289 BF               [ 4]  621 	cp	a, a
    0000028A 18 05            [12]  622 	jr	01247$
    0000028C                        623 01246$:
    0000028C CB 7A            [ 8]  624 	bit	7, d
    0000028E 28 01            [12]  625 	jr	Z, 01247$
    00000290 37               [ 4]  626 	scf
    00000291                        627 01247$:
    00000291 30 18            [12]  628 	jr	NC, 00107$
                                    629 ;src/player.c:67: p->vel_y.w = (p->gravity_flipped ? SHIP_MAX_VEL_UP : SHIP_MAX_VEL_DOWN);
    00000293 F8 04            [12]  630 	ldhl	sp,	#4
    00000295 2A               [ 8]  631 	ld	a, (hl+)
    00000296 5F               [ 4]  632 	ld	e, a
    00000297 56               [ 8]  633 	ld	d, (hl)
    00000298 F8 1E            [12]  634 	ldhl	sp,	#30
    0000029A 7E               [ 8]  635 	ld	a, (hl)
    0000029B B7               [ 4]  636 	or	a, a
    0000029C 28 05            [12]  637 	jr	Z, 00242$
    0000029E 01 69 03         [12]  638 	ld	bc, #0x0369
    000002A1 18 03            [12]  639 	jr	00243$
    000002A3                        640 00242$:
    000002A3 01 43 04         [12]  641 	ld	bc, #0x0443
    000002A6                        642 00243$:
    000002A6 79               [ 4]  643 	ld	a, c
    000002A7 12               [ 8]  644 	ld	(de), a
    000002A8 13               [ 8]  645 	inc	de
    000002A9 78               [ 4]  646 	ld	a, b
    000002AA 12               [ 8]  647 	ld	(de), a
    000002AB                        648 00107$:
                                    649 ;src/player.c:68: if (p->vel_y.w < (p->gravity_flipped ? -SHIP_MAX_VEL_DOWN : -SHIP_MAX_VEL_UP))
    000002AB F8 04            [12]  650 	ldhl	sp,#4
    000002AD 2A               [ 8]  651 	ld	a, (hl+)
    000002AE 5F               [ 4]  652 	ld	e, a
    000002AF 2A               [ 8]  653 	ld	a, (hl+)
    000002B0 57               [ 4]  654 	ld	d, a
    000002B1 1A               [ 8]  655 	ld	a, (de)
    000002B2 4F               [ 4]  656 	ld	c, a
    000002B3 13               [ 8]  657 	inc	de
    000002B4 1A               [ 8]  658 	ld	a, (de)
    000002B5 47               [ 4]  659 	ld	b, a
    000002B6 2A               [ 8]  660 	ld	a, (hl+)
    000002B7 5F               [ 4]  661 	ld	e, a
    000002B8 56               [ 8]  662 	ld	d, (hl)
    000002B9 1A               [ 8]  663 	ld	a, (de)
    000002BA F8 1E            [12]  664 	ldhl	sp,	#30
    000002BC 77               [ 8]  665 	ld	(hl), a
    000002BD 7E               [ 8]  666 	ld	a, (hl)
    000002BE B7               [ 4]  667 	or	a, a
    000002BF 28 05            [12]  668 	jr	Z, 00244$
    000002C1 21 BD FB         [12]  669 	ld	hl, #0xfbbd
    000002C4 18 03            [12]  670 	jr	00245$
    000002C6                        671 00244$:
    000002C6 21 97 FC         [12]  672 	ld	hl, #0xfc97
    000002C9                        673 00245$:
    000002C9 5C               [ 4]  674 	ld	e, h
    000002CA 50               [ 4]  675 	ld	d, b
    000002CB 79               [ 4]  676 	ld	a, c
    000002CC 95               [ 4]  677 	sub	a, l
    000002CD 78               [ 4]  678 	ld	a, b
    000002CE 9C               [ 4]  679 	sbc	a, h
    000002CF CB 7B            [ 8]  680 	bit	7, e
    000002D1 28 07            [12]  681 	jr	Z, 01248$
    000002D3 CB 7A            [ 8]  682 	bit	7, d
    000002D5 20 08            [12]  683 	jr	NZ, 01249$
    000002D7 BF               [ 4]  684 	cp	a, a
    000002D8 18 05            [12]  685 	jr	01249$
    000002DA                        686 01248$:
    000002DA CB 7A            [ 8]  687 	bit	7, d
    000002DC 28 01            [12]  688 	jr	Z, 01249$
    000002DE 37               [ 4]  689 	scf
    000002DF                        690 01249$:
    000002DF D2r6Er03         [16]  691 	jp	NC, 00121$
                                    692 ;src/player.c:69: p->vel_y.w = (p->gravity_flipped ? -SHIP_MAX_VEL_DOWN : -SHIP_MAX_VEL_UP);
    000002E2 F8 04            [12]  693 	ldhl	sp,	#4
    000002E4 2A               [ 8]  694 	ld	a, (hl+)
    000002E5 4F               [ 4]  695 	ld	c, a
    000002E6 46               [ 8]  696 	ld	b, (hl)
    000002E7 F8 1E            [12]  697 	ldhl	sp,	#30
    000002E9 7E               [ 8]  698 	ld	a, (hl)
    000002EA B7               [ 4]  699 	or	a, a
    000002EB 28 05            [12]  700 	jr	Z, 00246$
    000002ED 11 BD FB         [12]  701 	ld	de, #0xfbbd
    000002F0 18 03            [12]  702 	jr	00247$
    000002F2                        703 00246$:
    000002F2 11 97 FC         [12]  704 	ld	de, #0xfc97
    000002F5                        705 00247$:
    000002F5 7B               [ 4]  706 	ld	a, e
    000002F6 02               [ 8]  707 	ld	(bc), a
    000002F7 03               [ 8]  708 	inc	bc
    000002F8 7A               [ 4]  709 	ld	a, d
    000002F9 02               [ 8]  710 	ld	(bc), a
    000002FA 18 72            [12]  711 	jr	00121$
    000002FC                        712 00120$:
                                    713 ;src/player.c:71: if (!p->on_ground) {
    000002FC F8 08            [12]  714 	ldhl	sp,#8
    000002FE 2A               [ 8]  715 	ld	a, (hl+)
    000002FF 5F               [ 4]  716 	ld	e, a
    00000300 56               [ 8]  717 	ld	d, (hl)
    00000301 1A               [ 8]  718 	ld	a, (de)
    00000302 B7               [ 4]  719 	or	a, a
    00000303 20 69            [12]  720 	jr	NZ, 00121$
                                    721 ;src/player.c:72: if (p->gravity_flipped) {
    00000305 2B               [ 8]  722 	dec	hl
    00000306 2B               [ 8]  723 	dec	hl
    00000307 2B               [ 8]  724 	dec	hl
    00000308 2A               [ 8]  725 	ld	a, (hl+)
    00000309 5F               [ 4]  726 	ld	e, a
                                    727 ;src/player.c:66: if (p->vel_y.w > (p->gravity_flipped ? SHIP_MAX_VEL_UP : SHIP_MAX_VEL_DOWN))
    0000030A 3A               [ 8]  728 	ld	a, (hl-)
    0000030B 2B               [ 8]  729 	dec	hl
    0000030C 2B               [ 8]  730 	dec	hl
    0000030D 57               [ 4]  731 	ld	d, a
    0000030E 1A               [ 8]  732 	ld	a, (de)
    0000030F 4F               [ 4]  733 	ld	c, a
    00000310 2A               [ 8]  734 	ld	a, (hl+)
    00000311 5F               [ 4]  735 	ld	e, a
    00000312 56               [ 8]  736 	ld	d, (hl)
    00000313 1A               [ 8]  737 	ld	a, (de)
    00000314 6F               [ 4]  738 	ld	l, a
    00000315 13               [ 8]  739 	inc	de
    00000316 1A               [ 8]  740 	ld	a, (de)
                                    741 ;src/player.c:62: p->vel_y.w += (p->gravity_flipped) ? -SHIP_THRUST : SHIP_THRUST;
    00000317 67               [ 4]  742 	ld	h, a
                                    743 ;src/player.c:72: if (p->gravity_flipped) {
    00000318 79               [ 4]  744 	ld	a, c
    00000319 B7               [ 4]  745 	or	a, a
    0000031A 28 21            [12]  746 	jr	Z, 00115$
                                    747 ;src/player.c:73: p->vel_y.w -= GRAVITY;
    0000031C 01 95 FF         [12]  748 	ld	bc, #0xff95
    0000031F 09               [ 8]  749 	add	hl,bc
    00000320 4D               [ 4]  750 	ld	c, l
    00000321 44               [ 4]  751 	ld	b, h
    00000322 F8 04            [12]  752 	ldhl	sp,	#4
    00000324 2A               [ 8]  753 	ld	a, (hl+)
    00000325 66               [ 8]  754 	ld	h, (hl)
    00000326 6F               [ 4]  755 	ld	l, a
    00000327 79               [ 4]  756 	ld	a, c
    00000328 22               [ 8]  757 	ld	(hl+), a
    00000329 70               [ 8]  758 	ld	(hl), b
                                    759 ;src/player.c:74: if (p->vel_y.w < -MAX_FALL_SPEED) p->vel_y.w = -MAX_FALL_SPEED;
    0000032A 78               [ 4]  760 	ld	a, b
    0000032B EE 80            [ 8]  761 	xor	a, #0x80
    0000032D D6 7A            [ 8]  762 	sub	a, #0x7a
    0000032F 30 3D            [12]  763 	jr	NC, 00121$
    00000331 F8 04            [12]  764 	ldhl	sp,	#4
    00000333 2A               [ 8]  765 	ld	a, (hl+)
    00000334 66               [ 8]  766 	ld	h, (hl)
    00000335 6F               [ 4]  767 	ld	l, a
    00000336 36 00            [12]  768 	ld	(hl), #0x00
    00000338 23               [ 8]  769 	inc	hl
    00000339 36 FA            [12]  770 	ld	(hl), #0xfa
    0000033B 18 31            [12]  771 	jr	00121$
    0000033D                        772 00115$:
                                    773 ;src/player.c:76: p->vel_y.w += GRAVITY;
    0000033D 01 6B 00         [12]  774 	ld	bc, #0x006b
    00000340 09               [ 8]  775 	add	hl, bc
    00000341 4D               [ 4]  776 	ld	c, l
    00000342 44               [ 4]  777 	ld	b, h
    00000343 F8 04            [12]  778 	ldhl	sp,	#4
    00000345 2A               [ 8]  779 	ld	a, (hl+)
    00000346 66               [ 8]  780 	ld	h, (hl)
    00000347 6F               [ 4]  781 	ld	l, a
    00000348 79               [ 4]  782 	ld	a, c
    00000349 22               [ 8]  783 	ld	(hl+), a
    0000034A 70               [ 8]  784 	ld	(hl), b
                                    785 ;src/player.c:77: if (p->vel_y.w > MAX_FALL_SPEED) p->vel_y.w = MAX_FALL_SPEED;
    0000034B 58               [ 4]  786 	ld	e, b
    0000034C 16 06            [ 8]  787 	ld	d, #0x06
    0000034E AF               [ 4]  788 	xor	a, a
    0000034F B9               [ 4]  789 	cp	a, c
    00000350 3E 06            [ 8]  790 	ld	a, #0x06
    00000352 98               [ 4]  791 	sbc	a, b
    00000353 CB 7B            [ 8]  792 	bit	7, e
    00000355 28 07            [12]  793 	jr	Z, 01250$
    00000357 CB 7A            [ 8]  794 	bit	7, d
    00000359 20 08            [12]  795 	jr	NZ, 01251$
    0000035B BF               [ 4]  796 	cp	a, a
    0000035C 18 05            [12]  797 	jr	01251$
    0000035E                        798 01250$:
    0000035E CB 7A            [ 8]  799 	bit	7, d
    00000360 28 01            [12]  800 	jr	Z, 01251$
    00000362 37               [ 4]  801 	scf
    00000363                        802 01251$:
    00000363 30 09            [12]  803 	jr	NC, 00121$
    00000365 F8 04            [12]  804 	ldhl	sp,	#4
    00000367 2A               [ 8]  805 	ld	a, (hl+)
    00000368 66               [ 8]  806 	ld	h, (hl)
    00000369 6F               [ 4]  807 	ld	l, a
    0000036A AF               [ 4]  808 	xor	a, a
    0000036B 22               [ 8]  809 	ld	(hl+), a
    0000036C 36 06            [12]  810 	ld	(hl), #0x06
    0000036E                        811 00121$:
                                    812 ;src/player.c:84: p->world_y.w += p->vel_y.w;
    0000036E F8 22            [12]  813 	ldhl	sp,#34
    00000370 2A               [ 8]  814 	ld	a, (hl+)
    00000371 5F               [ 4]  815 	ld	e, a
    00000372 56               [ 8]  816 	ld	d, (hl)
    00000373 21 02 00         [12]  817 	ld	hl, #0x0002
    00000376 19               [ 8]  818 	add	hl, de
    00000377 E5               [16]  819 	push	hl
    00000378 7D               [ 4]  820 	ld	a, l
    00000379 F8 1B            [12]  821 	ldhl	sp,	#27
    0000037B 77               [ 8]  822 	ld	(hl), a
    0000037C E1               [12]  823 	pop	hl
    0000037D 7C               [ 4]  824 	ld	a, h
    0000037E F8 1A            [12]  825 	ldhl	sp,	#26
    00000380 77               [ 8]  826 	ld	(hl), a
                                    827 ;src/player.c:82: if (player_noclip) {
    00000381 FAr00r00         [16]  828 	ld	a, (#_player_noclip)
    00000384 B7               [ 4]  829 	or	a, a
    00000385 28 6C            [12]  830 	jr	Z, 00125$
                                    831 ;src/player.c:83: if (joy & J_A) p->vel_y.w = (p->gravity_flipped) ? -JUMP_FORCE : JUMP_FORCE;
    00000387 AF               [ 4]  832 	xor	a, a
    00000388 F8 1F            [12]  833 	ldhl	sp,	#31
    0000038A B6               [ 8]  834 	or	a, (hl)
    0000038B 28 29            [12]  835 	jr	Z, 00123$
    0000038D F8 06            [12]  836 	ldhl	sp,#6
    0000038F 2A               [ 8]  837 	ld	a, (hl+)
    00000390 5F               [ 4]  838 	ld	e, a
    00000391 56               [ 8]  839 	ld	d, (hl)
    00000392 1A               [ 8]  840 	ld	a, (de)
    00000393 F8 20            [12]  841 	ldhl	sp,	#32
    00000395 77               [ 8]  842 	ld	(hl), a
    00000396 7E               [ 8]  843 	ld	a, (hl)
    00000397 B7               [ 4]  844 	or	a, a
    00000398 28 08            [12]  845 	jr	Z, 00248$
    0000039A 2B               [ 8]  846 	dec	hl
    0000039B 3E 10            [ 8]  847 	ld	a, #0x10
    0000039D 22               [ 8]  848 	ld	(hl+), a
    0000039E 36 05            [12]  849 	ld	(hl), #0x05
    000003A0 18 07            [12]  850 	jr	00249$
    000003A2                        851 00248$:
    000003A2 F8 1F            [12]  852 	ldhl	sp,	#31
    000003A4 36 F0            [12]  853 	ld	(hl), #0xf0
    000003A6 23               [ 8]  854 	inc	hl
    000003A7 36 FA            [12]  855 	ld	(hl), #0xfa
    000003A9                        856 00249$:
    000003A9 F8 1F            [12]  857 	ldhl	sp,	#31
    000003AB 2A               [ 8]  858 	ld	a, (hl+)
    000003AC 4F               [ 4]  859 	ld	c, a
    000003AD 46               [ 8]  860 	ld	b, (hl)
    000003AE F8 04            [12]  861 	ldhl	sp,	#4
    000003B0 2A               [ 8]  862 	ld	a, (hl+)
    000003B1 66               [ 8]  863 	ld	h, (hl)
    000003B2 6F               [ 4]  864 	ld	l, a
    000003B3 79               [ 4]  865 	ld	a, c
    000003B4 22               [ 8]  866 	ld	(hl+), a
    000003B5 70               [ 8]  867 	ld	(hl), b
    000003B6                        868 00123$:
                                    869 ;src/player.c:84: p->world_y.w += p->vel_y.w;
    000003B6 F8 19            [12]  870 	ldhl	sp,#25
    000003B8 2A               [ 8]  871 	ld	a, (hl+)
    000003B9 5F               [ 4]  872 	ld	e, a
    000003BA 56               [ 8]  873 	ld	d, (hl)
    000003BB 1A               [ 8]  874 	ld	a, (de)
    000003BC F8 1D            [12]  875 	ldhl	sp,	#29
    000003BE 22               [ 8]  876 	ld	(hl+), a
    000003BF 13               [ 8]  877 	inc	de
    000003C0 1A               [ 8]  878 	ld	a, (de)
    000003C1 77               [ 8]  879 	ld	(hl), a
    000003C2 F8 04            [12]  880 	ldhl	sp,#4
    000003C4 2A               [ 8]  881 	ld	a, (hl+)
    000003C5 5F               [ 4]  882 	ld	e, a
    000003C6 56               [ 8]  883 	ld	d, (hl)
    000003C7 1A               [ 8]  884 	ld	a, (de)
    000003C8 F8 1F            [12]  885 	ldhl	sp,	#31
    000003CA 22               [ 8]  886 	ld	(hl+), a
    000003CB 13               [ 8]  887 	inc	de
    000003CC 1A               [ 8]  888 	ld	a, (de)
    000003CD 32               [ 8]  889 	ld	(hl-), a
    000003CE 2A               [ 8]  890 	ld	a, (hl+)
    000003CF 5F               [ 4]  891 	ld	e, a
    000003D0 56               [ 8]  892 	ld	d, (hl)
    000003D1 F8 1D            [12]  893 	ldhl	sp,	#29
    000003D3 2A               [ 8]  894 	ld	a,	(hl+)
    000003D4 66               [ 8]  895 	ld	h, (hl)
    000003D5 6F               [ 4]  896 	ld	l, a
    000003D6 19               [ 8]  897 	add	hl, de
    000003D7 E5               [16]  898 	push	hl
    000003D8 7D               [ 4]  899 	ld	a, l
    000003D9 F8 1D            [12]  900 	ldhl	sp,	#29
    000003DB 77               [ 8]  901 	ld	(hl), a
    000003DC E1               [12]  902 	pop	hl
    000003DD 7C               [ 4]  903 	ld	a, h
    000003DE F8 1C            [12]  904 	ldhl	sp,	#28
    000003E0 77               [ 8]  905 	ld	(hl), a
    000003E1 F8 19            [12]  906 	ldhl	sp,	#25
    000003E3 2A               [ 8]  907 	ld	a, (hl+)
    000003E4 5F               [ 4]  908 	ld	e, a
    000003E5 2A               [ 8]  909 	ld	a, (hl+)
    000003E6 57               [ 4]  910 	ld	d, a
    000003E7 2A               [ 8]  911 	ld	a, (hl+)
    000003E8 12               [ 8]  912 	ld	(de), a
    000003E9 13               [ 8]  913 	inc	de
    000003EA 7E               [ 8]  914 	ld	a, (hl)
    000003EB 12               [ 8]  915 	ld	(de), a
                                    916 ;src/player.c:85: col_at_end();
    000003EC CDr00r00         [24]  917 	call	_col_at_end
                                    918 ;src/player.c:86: return 0;
    000003EF AF               [ 4]  919 	xor	a, a
    000003F0 C3r9Cr0D         [16]  920 	jp	00234$
    000003F3                        921 00125$:
                                    922 ;src/player.c:89: if (p->mode == MODE_CUBE && (joy & J_A) && p->on_ground) {
    000003F3 F8 02            [12]  923 	ldhl	sp,#2
    000003F5 2A               [ 8]  924 	ld	a, (hl+)
    000003F6 5F               [ 4]  925 	ld	e, a
    000003F7 56               [ 8]  926 	ld	d, (hl)
    000003F8 1A               [ 8]  927 	ld	a, (de)
    000003F9 F8 1E            [12]  928 	ldhl	sp,	#30
    000003FB 77               [ 8]  929 	ld	(hl), a
    000003FC 7E               [ 8]  930 	ld	a, (hl)
    000003FD B7               [ 4]  931 	or	a, a
    000003FE 20 3E            [12]  932 	jr	NZ, 00127$
    00000400 23               [ 8]  933 	inc	hl
    00000401 AF               [ 4]  934 	xor	a, a
    00000402 B6               [ 8]  935 	or	a, (hl)
    00000403 28 39            [12]  936 	jr	Z, 00127$
    00000405 F8 08            [12]  937 	ldhl	sp,#8
    00000407 2A               [ 8]  938 	ld	a, (hl+)
    00000408 5F               [ 4]  939 	ld	e, a
    00000409 56               [ 8]  940 	ld	d, (hl)
    0000040A 1A               [ 8]  941 	ld	a, (de)
    0000040B B7               [ 4]  942 	or	a, a
    0000040C 28 30            [12]  943 	jr	Z, 00127$
                                    944 ;src/player.c:90: p->vel_y.w = (p->gravity_flipped) ? -JUMP_FORCE : JUMP_FORCE;
    0000040E 2B               [ 8]  945 	dec	hl
    0000040F 2B               [ 8]  946 	dec	hl
    00000410 2B               [ 8]  947 	dec	hl
    00000411 2A               [ 8]  948 	ld	a, (hl+)
    00000412 5F               [ 4]  949 	ld	e, a
    00000413 56               [ 8]  950 	ld	d, (hl)
    00000414 1A               [ 8]  951 	ld	a, (de)
    00000415 F8 20            [12]  952 	ldhl	sp,	#32
    00000417 77               [ 8]  953 	ld	(hl), a
    00000418 7E               [ 8]  954 	ld	a, (hl)
    00000419 B7               [ 4]  955 	or	a, a
    0000041A 28 08            [12]  956 	jr	Z, 00250$
    0000041C 2B               [ 8]  957 	dec	hl
    0000041D 3E 10            [ 8]  958 	ld	a, #0x10
    0000041F 22               [ 8]  959 	ld	(hl+), a
    00000420 36 05            [12]  960 	ld	(hl), #0x05
    00000422 18 07            [12]  961 	jr	00251$
    00000424                        962 00250$:
    00000424 F8 1F            [12]  963 	ldhl	sp,	#31
    00000426 36 F0            [12]  964 	ld	(hl), #0xf0
    00000428 23               [ 8]  965 	inc	hl
    00000429 36 FA            [12]  966 	ld	(hl), #0xfa
    0000042B                        967 00251$:
    0000042B F8 04            [12]  968 	ldhl	sp,	#4
    0000042D 2A               [ 8]  969 	ld	a, (hl+)
    0000042E 5F               [ 4]  970 	ld	e, a
    0000042F 56               [ 8]  971 	ld	d, (hl)
    00000430 F8 1F            [12]  972 	ldhl	sp,	#31
    00000432 2A               [ 8]  973 	ld	a, (hl+)
    00000433 12               [ 8]  974 	ld	(de), a
    00000434 13               [ 8]  975 	inc	de
    00000435 7E               [ 8]  976 	ld	a, (hl)
    00000436 12               [ 8]  977 	ld	(de), a
                                    978 ;src/player.c:91: p->on_ground = 0;
    00000437 F8 08            [12]  979 	ldhl	sp,	#8
    00000439 2A               [ 8]  980 	ld	a, (hl+)
    0000043A 66               [ 8]  981 	ld	h, (hl)
    0000043B 6F               [ 4]  982 	ld	l, a
    0000043C 36 00            [12]  983 	ld	(hl), #0x00
    0000043E                        984 00127$:
                                    985 ;src/player.c:94: uint16_t px = p->world_x;
    0000043E F8 22            [12]  986 	ldhl	sp,#34
    00000440 2A               [ 8]  987 	ld	a, (hl+)
    00000441 5F               [ 4]  988 	ld	e, a
    00000442 56               [ 8]  989 	ld	d, (hl)
    00000443 1A               [ 8]  990 	ld	a, (de)
    00000444 F8 1C            [12]  991 	ldhl	sp,	#28
    00000446 22               [ 8]  992 	ld	(hl+), a
    00000447 13               [ 8]  993 	inc	de
    00000448 1A               [ 8]  994 	ld	a, (de)
    00000449 77               [ 8]  995 	ld	(hl), a
                                    996 ;src/player.c:95: uint8_t py = p->world_y.b.h;
    0000044A F8 22            [12]  997 	ldhl	sp,#34
    0000044C 2A               [ 8]  998 	ld	a, (hl+)
    0000044D 5F               [ 4]  999 	ld	e, a
    0000044E 56               [ 8] 1000 	ld	d, (hl)
    0000044F 21 03 00         [12] 1001 	ld	hl, #0x0003
    00000452 19               [ 8] 1002 	add	hl, de
    00000453 E5               [16] 1003 	push	hl
    00000454 7D               [ 4] 1004 	ld	a, l
    00000455 F8 0C            [12] 1005 	ldhl	sp,	#12
    00000457 77               [ 8] 1006 	ld	(hl), a
    00000458 E1               [12] 1007 	pop	hl
    00000459 7C               [ 4] 1008 	ld	a, h
    0000045A F8 0B            [12] 1009 	ldhl	sp,	#11
    0000045C 32               [ 8] 1010 	ld	(hl-), a
    0000045D 2A               [ 8] 1011 	ld	a, (hl+)
    0000045E 5F               [ 4] 1012 	ld	e, a
    0000045F 56               [ 8] 1013 	ld	d, (hl)
    00000460 1A               [ 8] 1014 	ld	a, (de)
    00000461 F8 20            [12] 1015 	ldhl	sp,	#32
    00000463 77               [ 8] 1016 	ld	(hl), a
                                   1017 ;src/player.c:96: uint16_t mx0 = px >> 4;
    00000464 F8 1C            [12] 1018 	ldhl	sp,	#28
    00000466 2A               [ 8] 1019 	ld	a, (hl+)
    00000467 23               [ 8] 1020 	inc	hl
    00000468 32               [ 8] 1021 	ld	(hl-), a
    00000469 2A               [ 8] 1022 	ld	a, (hl+)
    0000046A 23               [ 8] 1023 	inc	hl
    0000046B 77               [ 8] 1024 	ld	(hl), a
    0000046C CB 3E            [16] 1025 	srl	(hl)
    0000046E 2B               [ 8] 1026 	dec	hl
    0000046F CB 1E            [16] 1027 	rr	(hl)
    00000471 23               [ 8] 1028 	inc	hl
    00000472 CB 3E            [16] 1029 	srl	(hl)
    00000474 2B               [ 8] 1030 	dec	hl
    00000475 CB 1E            [16] 1031 	rr	(hl)
    00000477 23               [ 8] 1032 	inc	hl
    00000478 CB 3E            [16] 1033 	srl	(hl)
    0000047A 2B               [ 8] 1034 	dec	hl
    0000047B CB 1E            [16] 1035 	rr	(hl)
    0000047D 23               [ 8] 1036 	inc	hl
    0000047E CB 3E            [16] 1037 	srl	(hl)
    00000480 2B               [ 8] 1038 	dec	hl
    00000481 CB 1E            [16] 1039 	rr	(hl)
                                   1040 ;src/player.c:97: const uint8_t* c0 = &map[mx0 << 4];
    00000483 7E               [ 8] 1041 	ld	a, (hl)
    00000484 F8 17            [12] 1042 	ldhl	sp,	#23
    00000486 77               [ 8] 1043 	ld	(hl), a
    00000487 F8 1F            [12] 1044 	ldhl	sp,	#31
    00000489 7E               [ 8] 1045 	ld	a, (hl)
    0000048A F8 18            [12] 1046 	ldhl	sp,	#24
    0000048C 77               [ 8] 1047 	ld	(hl), a
    0000048D 3E 04            [ 8] 1048 	ld	a, #0x04
    0000048F                       1049 01252$:
    0000048F F8 17            [12] 1050 	ldhl	sp,	#23
    00000491 CB 26            [16] 1051 	sla	(hl)
    00000493 23               [ 8] 1052 	inc	hl
    00000494 CB 16            [16] 1053 	rl	(hl)
    00000496 3D               [ 4] 1054 	dec	a
    00000497 20 F6            [12] 1055 	jr	NZ, 01252$
    00000499 2B               [ 8] 1056 	dec	hl
    0000049A 2A               [ 8] 1057 	ld	a, (hl+)
    0000049B 5F               [ 4] 1058 	ld	e, a
    0000049C 56               [ 8] 1059 	ld	d, (hl)
    0000049D F8 26            [12] 1060 	ldhl	sp,	#38
    0000049F 2A               [ 8] 1061 	ld	a,	(hl+)
    000004A0 66               [ 8] 1062 	ld	h, (hl)
    000004A1 6F               [ 4] 1063 	ld	l, a
    000004A2 19               [ 8] 1064 	add	hl, de
    000004A3 E5               [16] 1065 	push	hl
    000004A4 7D               [ 4] 1066 	ld	a, l
    000004A5 F8 0E            [12] 1067 	ldhl	sp,	#14
    000004A7 77               [ 8] 1068 	ld	(hl), a
    000004A8 E1               [12] 1069 	pop	hl
    000004A9 7C               [ 4] 1070 	ld	a, h
    000004AA F8 0D            [12] 1071 	ldhl	sp,	#13
    000004AC 77               [ 8] 1072 	ld	(hl), a
                                   1073 ;src/player.c:98: const uint8_t* c1 = (mx0 + 1 < map_w) ? c0 + 16 : c0;
    000004AD F8 1E            [12] 1074 	ldhl	sp,	#30
    000004AF 7E               [ 8] 1075 	ld	a, (hl)
    000004B0 F8 17            [12] 1076 	ldhl	sp,	#23
    000004B2 77               [ 8] 1077 	ld	(hl), a
    000004B3 F8 1F            [12] 1078 	ldhl	sp,	#31
    000004B5 7E               [ 8] 1079 	ld	a, (hl)
    000004B6 F8 18            [12] 1080 	ldhl	sp,	#24
    000004B8 32               [ 8] 1081 	ld	(hl-), a
    000004B9 2A               [ 8] 1082 	ld	a, (hl+)
    000004BA 5F               [ 4] 1083 	ld	e, a
    000004BB 56               [ 8] 1084 	ld	d, (hl)
    000004BC 6B               [ 4] 1085 	ld	l, e
    000004BD 62               [ 4] 1086 	ld	h, d
    000004BE 23               [ 8] 1087 	inc	hl
    000004BF E5               [16] 1088 	push	hl
    000004C0 7D               [ 4] 1089 	ld	a, l
    000004C1 F8 20            [12] 1090 	ldhl	sp,	#32
    000004C3 77               [ 8] 1091 	ld	(hl), a
    000004C4 E1               [12] 1092 	pop	hl
    000004C5 7C               [ 4] 1093 	ld	a, h
    000004C6 F8 1F            [12] 1094 	ldhl	sp,	#31
    000004C8 77               [ 8] 1095 	ld	(hl), a
    000004C9 F8 1E            [12] 1096 	ldhl	sp,	#30
    000004CB 5D               [ 4] 1097 	ld	e, l
    000004CC 54               [ 4] 1098 	ld	d, h
    000004CD F8 28            [12] 1099 	ldhl	sp,	#40
    000004CF 1A               [ 8] 1100 	ld	a, (de)
    000004D0 13               [ 8] 1101 	inc	de
    000004D1 96               [ 8] 1102 	sub	a, (hl)
    000004D2 23               [ 8] 1103 	inc	hl
    000004D3 1A               [ 8] 1104 	ld	a, (de)
    000004D4 9E               [ 8] 1105 	sbc	a, (hl)
    000004D5 30 15            [12] 1106 	jr	NC, 00252$
    000004D7 F8 0C            [12] 1107 	ldhl	sp,#12
    000004D9 2A               [ 8] 1108 	ld	a, (hl+)
    000004DA 5F               [ 4] 1109 	ld	e, a
    000004DB 56               [ 8] 1110 	ld	d, (hl)
    000004DC 21 10 00         [12] 1111 	ld	hl, #0x0010
    000004DF 19               [ 8] 1112 	add	hl, de
    000004E0 E5               [16] 1113 	push	hl
    000004E1 7D               [ 4] 1114 	ld	a, l
    000004E2 F8 20            [12] 1115 	ldhl	sp,	#32
    000004E4 77               [ 8] 1116 	ld	(hl), a
    000004E5 E1               [12] 1117 	pop	hl
    000004E6 7C               [ 4] 1118 	ld	a, h
    000004E7 F8 1F            [12] 1119 	ldhl	sp,	#31
    000004E9 77               [ 8] 1120 	ld	(hl), a
    000004EA 18 0C            [12] 1121 	jr	00253$
    000004EC                       1122 00252$:
    000004EC F8 0C            [12] 1123 	ldhl	sp,	#12
    000004EE 7E               [ 8] 1124 	ld	a, (hl)
    000004EF F8 1E            [12] 1125 	ldhl	sp,	#30
    000004F1 77               [ 8] 1126 	ld	(hl), a
    000004F2 F8 0D            [12] 1127 	ldhl	sp,	#13
    000004F4 7E               [ 8] 1128 	ld	a, (hl)
    000004F5 F8 1F            [12] 1129 	ldhl	sp,	#31
    000004F7 77               [ 8] 1130 	ld	(hl), a
    000004F8                       1131 00253$:
    000004F8 F8 1E            [12] 1132 	ldhl	sp,	#30
    000004FA 7E               [ 8] 1133 	ld	a, (hl)
    000004FB F8 0E            [12] 1134 	ldhl	sp,	#14
    000004FD 77               [ 8] 1135 	ld	(hl), a
    000004FE F8 1F            [12] 1136 	ldhl	sp,	#31
    00000500 7E               [ 8] 1137 	ld	a, (hl)
    00000501 F8 0F            [12] 1138 	ldhl	sp,	#15
    00000503 77               [ 8] 1139 	ld	(hl), a
                                   1140 ;src/player.c:100: uint8_t x_mod_16 = (uint8_t)px & 0x0F;
    00000504 F8 1C            [12] 1141 	ldhl	sp,	#28
    00000506 7E               [ 8] 1142 	ld	a, (hl)
    00000507 E6 0F            [ 8] 1143 	and	a, #0x0f
                                   1144 ;src/player.c:101: uint8_t threshold = 16 - x_mod_16;
    00000509 F8 1F            [12] 1145 	ldhl	sp,	#31
    0000050B 77               [ 8] 1146 	ld	(hl), a
    0000050C 3E 10            [ 8] 1147 	ld	a, #0x10
    0000050E 96               [ 8] 1148 	sub	a, (hl)
    0000050F F8 10            [12] 1149 	ldhl	sp,	#16
    00000511 77               [ 8] 1150 	ld	(hl), a
                                   1151 ;src/player.c:111: uint8_t front_mid = COL_AT_PTR(GET_COL_FAST(PLAYER_SIZE), py + 8);
    00000512 F8 20            [12] 1152 	ldhl	sp,	#32
    00000514 7E               [ 8] 1153 	ld	a, (hl)
    00000515 F8 1D            [12] 1154 	ldhl	sp,	#29
    00000517 22               [ 8] 1155 	ld	(hl+), a
    00000518 AF               [ 4] 1156 	xor	a, a
    00000519 32               [ 8] 1157 	ld	(hl-), a
    0000051A 2A               [ 8] 1158 	ld	a, (hl+)
    0000051B 5F               [ 4] 1159 	ld	e, a
    0000051C 56               [ 8] 1160 	ld	d, (hl)
    0000051D 21 08 00         [12] 1161 	ld	hl, #0x0008
    00000520 19               [ 8] 1162 	add	hl, de
    00000521 E5               [16] 1163 	push	hl
    00000522 7D               [ 4] 1164 	ld	a, l
    00000523 F8 21            [12] 1165 	ldhl	sp,	#33
    00000525 77               [ 8] 1166 	ld	(hl), a
    00000526 E1               [12] 1167 	pop	hl
    00000527 7C               [ 4] 1168 	ld	a, h
    00000528 F8 20            [12] 1169 	ldhl	sp,	#32
    0000052A 77               [ 8] 1170 	ld	(hl), a
    0000052B 3E 0F            [ 8] 1171 	ld	a, #0x0f
    0000052D F8 10            [12] 1172 	ldhl	sp,	#16
    0000052F 96               [ 8] 1173 	sub	a, (hl)
    00000530 23               [ 8] 1174 	inc	hl
    00000531 3E 00            [ 8] 1175 	ld	a, #0x00
    00000533 17               [ 4] 1176 	rla
    00000534 77               [ 8] 1177 	ld	(hl), a
    00000535 F8 20            [12] 1178 	ldhl	sp,	#32
    00000537 7E               [ 8] 1179 	ld	a, (hl)
    00000538 B7               [ 4] 1180 	or	a, a
    00000539 28 04            [12] 1181 	jr	Z, 00254$
    0000053B 3E 07            [ 8] 1182 	ld	a, #0x07
    0000053D 18 36            [12] 1183 	jr	00255$
    0000053F                       1184 00254$:
    0000053F F8 1F            [12] 1185 	ldhl	sp,	#31
    00000541 3A               [ 8] 1186 	ld	a, (hl-)
    00000542 2B               [ 8] 1187 	dec	hl
    00000543 77               [ 8] 1188 	ld	(hl), a
    00000544 F8 20            [12] 1189 	ldhl	sp,	#32
    00000546 3A               [ 8] 1190 	ld	a, (hl-)
    00000547 2B               [ 8] 1191 	dec	hl
    00000548 77               [ 8] 1192 	ld	(hl), a
    00000549 F8 11            [12] 1193 	ldhl	sp,	#17
    0000054B 7E               [ 8] 1194 	ld	a, (hl)
    0000054C B7               [ 4] 1195 	or	a, a
    0000054D 28 0E            [12] 1196 	jr	Z, 00258$
    0000054F F8 0C            [12] 1197 	ldhl	sp,	#12
    00000551 7E               [ 8] 1198 	ld	a, (hl)
    00000552 F8 1F            [12] 1199 	ldhl	sp,	#31
    00000554 77               [ 8] 1200 	ld	(hl), a
    00000555 F8 0D            [12] 1201 	ldhl	sp,	#13
    00000557 7E               [ 8] 1202 	ld	a, (hl)
    00000558 F8 20            [12] 1203 	ldhl	sp,	#32
    0000055A 77               [ 8] 1204 	ld	(hl), a
    0000055B 18 0C            [12] 1205 	jr	00259$
    0000055D                       1206 00258$:
    0000055D F8 0E            [12] 1207 	ldhl	sp,	#14
    0000055F 7E               [ 8] 1208 	ld	a, (hl)
    00000560 F8 1F            [12] 1209 	ldhl	sp,	#31
    00000562 77               [ 8] 1210 	ld	(hl), a
    00000563 F8 0F            [12] 1211 	ldhl	sp,	#15
    00000565 7E               [ 8] 1212 	ld	a, (hl)
    00000566 F8 20            [12] 1213 	ldhl	sp,	#32
    00000568 77               [ 8] 1214 	ld	(hl), a
    00000569                       1215 00259$:
    00000569 F8 1D            [12] 1216 	ldhl	sp,	#29
    0000056B 2A               [ 8] 1217 	ld	a, (hl+)
    0000056C 4F               [ 4] 1218 	ld	c, a
    0000056D 2A               [ 8] 1219 	ld	a, (hl+)
    0000056E 47               [ 4] 1220 	ld	b, a
    0000056F 2A               [ 8] 1221 	ld	a, (hl+)
    00000570 5F               [ 4] 1222 	ld	e, a
    00000571 56               [ 8] 1223 	ld	d, (hl)
    00000572 CDr00r00         [24] 1224 	call	_col_at_raw_cached
    00000575                       1225 00255$:
                                   1226 ;src/player.c:113: if (IS_SOLID(front_mid)) {
    00000575 FE 07            [ 8] 1227 	cp	a, #0x07
    00000577 28 0C            [12] 1228 	jr	Z, 00130$
    00000579 FE 09            [ 8] 1229 	cp	a, #0x09
    0000057B 28 08            [12] 1230 	jr	Z, 00130$
    0000057D FE 05            [ 8] 1231 	cp	a, #0x05
    0000057F 28 04            [12] 1232 	jr	Z, 00130$
    00000581 D6 06            [ 8] 1233 	sub	a, #0x06
    00000583 20 0C            [12] 1234 	jr	NZ, 00131$
    00000585                       1235 00130$:
                                   1236 ;src/player.c:114: p->dead = 1;
    00000585 E1               [12] 1237 	pop	hl
    00000586 36 01            [12] 1238 	ld	(hl), #0x01
    00000588 E5               [16] 1239 	push	hl
                                   1240 ;src/player.c:115: col_at_end();
    00000589 CDr00r00         [24] 1241 	call	_col_at_end
                                   1242 ;src/player.c:116: return 1;
    0000058C 3E 01            [ 8] 1243 	ld	a, #0x01
    0000058E C3r9Cr0D         [16] 1244 	jp	00234$
    00000591                       1245 00131$:
                                   1246 ;src/player.c:119: p->world_y.w += p->vel_y.w;
    00000591 F8 19            [12] 1247 	ldhl	sp,#25
    00000593 2A               [ 8] 1248 	ld	a, (hl+)
    00000594 5F               [ 4] 1249 	ld	e, a
    00000595 2A               [ 8] 1250 	ld	a, (hl+)
    00000596 57               [ 4] 1251 	ld	d, a
    00000597 1A               [ 8] 1252 	ld	a, (de)
    00000598 22               [ 8] 1253 	ld	(hl+), a
    00000599 13               [ 8] 1254 	inc	de
    0000059A 1A               [ 8] 1255 	ld	a, (de)
    0000059B 77               [ 8] 1256 	ld	(hl), a
    0000059C F8 04            [12] 1257 	ldhl	sp,#4
    0000059E 2A               [ 8] 1258 	ld	a, (hl+)
    0000059F 5F               [ 4] 1259 	ld	e, a
    000005A0 56               [ 8] 1260 	ld	d, (hl)
    000005A1 1A               [ 8] 1261 	ld	a, (de)
    000005A2 F8 1F            [12] 1262 	ldhl	sp,	#31
    000005A4 22               [ 8] 1263 	ld	(hl+), a
    000005A5 13               [ 8] 1264 	inc	de
    000005A6 1A               [ 8] 1265 	ld	a, (de)
    000005A7 32               [ 8] 1266 	ld	(hl-), a
    000005A8 3A               [ 8] 1267 	ld	a, (hl-)
    000005A9 2B               [ 8] 1268 	dec	hl
    000005AA 77               [ 8] 1269 	ld	(hl), a
    000005AB F8 20            [12] 1270 	ldhl	sp,	#32
    000005AD 3A               [ 8] 1271 	ld	a, (hl-)
    000005AE 2B               [ 8] 1272 	dec	hl
    000005AF 32               [ 8] 1273 	ld	(hl-), a
    000005B0 2A               [ 8] 1274 	ld	a, (hl+)
    000005B1 5F               [ 4] 1275 	ld	e, a
    000005B2 56               [ 8] 1276 	ld	d, (hl)
    000005B3 F8 1B            [12] 1277 	ldhl	sp,	#27
    000005B5 2A               [ 8] 1278 	ld	a,	(hl+)
    000005B6 66               [ 8] 1279 	ld	h, (hl)
    000005B7 6F               [ 4] 1280 	ld	l, a
    000005B8 19               [ 8] 1281 	add	hl, de
    000005B9 E5               [16] 1282 	push	hl
    000005BA 7D               [ 4] 1283 	ld	a, l
    000005BB F8 21            [12] 1284 	ldhl	sp,	#33
    000005BD 77               [ 8] 1285 	ld	(hl), a
    000005BE E1               [12] 1286 	pop	hl
    000005BF 7C               [ 4] 1287 	ld	a, h
    000005C0 F8 20            [12] 1288 	ldhl	sp,	#32
    000005C2 77               [ 8] 1289 	ld	(hl), a
    000005C3 F8 19            [12] 1290 	ldhl	sp,	#25
    000005C5 2A               [ 8] 1291 	ld	a, (hl+)
    000005C6 5F               [ 4] 1292 	ld	e, a
    000005C7 56               [ 8] 1293 	ld	d, (hl)
    000005C8 F8 1F            [12] 1294 	ldhl	sp,	#31
    000005CA 2A               [ 8] 1295 	ld	a, (hl+)
    000005CB 12               [ 8] 1296 	ld	(de), a
    000005CC 13               [ 8] 1297 	inc	de
    000005CD 7E               [ 8] 1298 	ld	a, (hl)
    000005CE 12               [ 8] 1299 	ld	(de), a
                                   1300 ;src/player.c:120: uint8_t ny = p->world_y.b.h;
    000005CF F8 0A            [12] 1301 	ldhl	sp,#10
    000005D1 2A               [ 8] 1302 	ld	a, (hl+)
    000005D2 5F               [ 4] 1303 	ld	e, a
    000005D3 56               [ 8] 1304 	ld	d, (hl)
    000005D4 1A               [ 8] 1305 	ld	a, (de)
    000005D5 F8 12            [12] 1306 	ldhl	sp,	#18
    000005D7 77               [ 8] 1307 	ld	(hl), a
                                   1308 ;src/player.c:121: p->on_ground = 0;
    000005D8 F8 08            [12] 1309 	ldhl	sp,	#8
    000005DA 2A               [ 8] 1310 	ld	a, (hl+)
    000005DB 66               [ 8] 1311 	ld	h, (hl)
    000005DC 6F               [ 4] 1312 	ld	l, a
    000005DD 36 00            [12] 1313 	ld	(hl), #0x00
                                   1314 ;src/player.c:123: int16_t check_y_foot = (p->gravity_flipped) ? ny : ny + PLAYER_SIZE;
    000005DF F8 06            [12] 1315 	ldhl	sp,#6
    000005E1 2A               [ 8] 1316 	ld	a, (hl+)
    000005E2 5F               [ 4] 1317 	ld	e, a
    000005E3 56               [ 8] 1318 	ld	d, (hl)
    000005E4 1A               [ 8] 1319 	ld	a, (de)
    000005E5 F8 1C            [12] 1320 	ldhl	sp,	#28
    000005E7 77               [ 8] 1321 	ld	(hl), a
    000005E8 F8 12            [12] 1322 	ldhl	sp,	#18
    000005EA 2A               [ 8] 1323 	ld	a, (hl+)
    000005EB 22               [ 8] 1324 	ld	(hl+), a
    000005EC AF               [ 4] 1325 	xor	a, a
    000005ED 32               [ 8] 1326 	ld	(hl-), a
    000005EE 2A               [ 8] 1327 	ld	a, (hl+)
    000005EF 5F               [ 4] 1328 	ld	e, a
    000005F0 56               [ 8] 1329 	ld	d, (hl)
    000005F1 21 0F 00         [12] 1330 	ld	hl, #0x000f
    000005F4 19               [ 8] 1331 	add	hl, de
    000005F5 E5               [16] 1332 	push	hl
    000005F6 7D               [ 4] 1333 	ld	a, l
    000005F7 F8 1F            [12] 1334 	ldhl	sp,	#31
    000005F9 77               [ 8] 1335 	ld	(hl), a
    000005FA E1               [12] 1336 	pop	hl
    000005FB 7C               [ 4] 1337 	ld	a, h
    000005FC F8 1E            [12] 1338 	ldhl	sp,	#30
    000005FE 32               [ 8] 1339 	ld	(hl-), a
    000005FF 2B               [ 8] 1340 	dec	hl
    00000600 7E               [ 8] 1341 	ld	a, (hl)
    00000601 B7               [ 4] 1342 	or	a, a
    00000602 28 0A            [12] 1343 	jr	Z, 00260$
    00000604 F8 13            [12] 1344 	ldhl	sp,	#19
    00000606 7E               [ 8] 1345 	ld	a, (hl)
    00000607 F8 1F            [12] 1346 	ldhl	sp,	#31
    00000609 22               [ 8] 1347 	ld	(hl+), a
    0000060A 36 00            [12] 1348 	ld	(hl), #0x00
    0000060C 18 08            [12] 1349 	jr	00261$
    0000060E                       1350 00260$:
    0000060E F8 1D            [12] 1351 	ldhl	sp,	#29
    00000610 2A               [ 8] 1352 	ld	a, (hl+)
    00000611 23               [ 8] 1353 	inc	hl
    00000612 32               [ 8] 1354 	ld	(hl-), a
    00000613 2A               [ 8] 1355 	ld	a, (hl+)
    00000614 23               [ 8] 1356 	inc	hl
    00000615 77               [ 8] 1357 	ld	(hl), a
    00000616                       1358 00261$:
                                   1359 ;src/player.c:127: if (p->mode == MODE_SHIP) {
    00000616 F8 02            [12] 1360 	ldhl	sp,#2
    00000618 2A               [ 8] 1361 	ld	a, (hl+)
    00000619 5F               [ 4] 1362 	ld	e, a
    0000061A 56               [ 8] 1363 	ld	d, (hl)
    0000061B 1A               [ 8] 1364 	ld	a, (de)
    0000061C 3D               [ 4] 1365 	dec	a
    0000061D 20 16            [12] 1366 	jr	NZ, 00136$
                                   1367 ;src/player.c:128: check_y_head = (p->gravity_flipped) ? (ny + PLAYER_SIZE) : ny;
    0000061F F8 1C            [12] 1368 	ldhl	sp,	#28
    00000621 7E               [ 8] 1369 	ld	a, (hl)
    00000622 B7               [ 4] 1370 	or	a, a
    00000623 28 05            [12] 1371 	jr	Z, 00262$
    00000625 23               [ 8] 1372 	inc	hl
    00000626 2A               [ 8] 1373 	ld	a, (hl+)
    00000627 56               [ 8] 1374 	ld	d, (hl)
    00000628 18 05            [12] 1375 	jr	00263$
    0000062A                       1376 00262$:
    0000062A F8 13            [12] 1377 	ldhl	sp,	#19
    0000062C 7E               [ 8] 1378 	ld	a, (hl)
    0000062D 16 00            [ 8] 1379 	ld	d, #0x00
    0000062F                       1380 00263$:
    0000062F F8 15            [12] 1381 	ldhl	sp,	#21
    00000631 22               [ 8] 1382 	ld	(hl+), a
    00000632 72               [ 8] 1383 	ld	(hl), d
    00000633 18 3A            [12] 1384 	jr	00137$
    00000635                       1385 00136$:
                                   1386 ;src/player.c:130: check_y_head = (p->gravity_flipped) ? (ny + PLAYER_SIZE - PLAYER_HBOX) : (ny + PLAYER_HBOX);
    00000635 F8 1C            [12] 1387 	ldhl	sp,	#28
    00000637 7E               [ 8] 1388 	ld	a, (hl)
    00000638 B7               [ 4] 1389 	or	a, a
    00000639 28 15            [12] 1390 	jr	Z, 00264$
    0000063B F8 13            [12] 1391 	ldhl	sp,#19
    0000063D 2A               [ 8] 1392 	ld	a, (hl+)
    0000063E 5F               [ 4] 1393 	ld	e, a
    0000063F 56               [ 8] 1394 	ld	d, (hl)
    00000640 21 09 00         [12] 1395 	ld	hl, #0x0009
    00000643 19               [ 8] 1396 	add	hl, de
    00000644 E5               [16] 1397 	push	hl
    00000645 7D               [ 4] 1398 	ld	a, l
    00000646 F8 1F            [12] 1399 	ldhl	sp,	#31
    00000648 77               [ 8] 1400 	ld	(hl), a
    00000649 E1               [12] 1401 	pop	hl
    0000064A 7C               [ 4] 1402 	ld	a, h
    0000064B F8 1E            [12] 1403 	ldhl	sp,	#30
    0000064D 77               [ 8] 1404 	ld	(hl), a
    0000064E 18 13            [12] 1405 	jr	00265$
    00000650                       1406 00264$:
    00000650 F8 13            [12] 1407 	ldhl	sp,#19
    00000652 2A               [ 8] 1408 	ld	a, (hl+)
    00000653 5F               [ 4] 1409 	ld	e, a
    00000654 56               [ 8] 1410 	ld	d, (hl)
    00000655 21 06 00         [12] 1411 	ld	hl, #0x0006
    00000658 19               [ 8] 1412 	add	hl, de
    00000659 E5               [16] 1413 	push	hl
    0000065A 7D               [ 4] 1414 	ld	a, l
    0000065B F8 1F            [12] 1415 	ldhl	sp,	#31
    0000065D 77               [ 8] 1416 	ld	(hl), a
    0000065E E1               [12] 1417 	pop	hl
    0000065F 7C               [ 4] 1418 	ld	a, h
    00000660 F8 1E            [12] 1419 	ldhl	sp,	#30
    00000662 77               [ 8] 1420 	ld	(hl), a
    00000663                       1421 00265$:
    00000663 F8 1D            [12] 1422 	ldhl	sp,	#29
    00000665 7E               [ 8] 1423 	ld	a, (hl)
    00000666 F8 15            [12] 1424 	ldhl	sp,	#21
    00000668 77               [ 8] 1425 	ld	(hl), a
    00000669 F8 1E            [12] 1426 	ldhl	sp,	#30
    0000066B 7E               [ 8] 1427 	ld	a, (hl)
    0000066C F8 16            [12] 1428 	ldhl	sp,	#22
    0000066E 77               [ 8] 1429 	ld	(hl), a
    0000066F                       1430 00137$:
                                   1431 ;src/player.c:133: uint8_t cl = COL_AT_PTR(GET_COL_FAST(2), check_y_foot);
    0000066F F8 1F            [12] 1432 	ldhl	sp,	#31
    00000671 3A               [ 8] 1433 	ld	a, (hl-)
    00000672 2B               [ 8] 1434 	dec	hl
    00000673 77               [ 8] 1435 	ld	(hl), a
    00000674 F8 20            [12] 1436 	ldhl	sp,	#32
    00000676 3A               [ 8] 1437 	ld	a, (hl-)
    00000677 2B               [ 8] 1438 	dec	hl
    00000678 22               [ 8] 1439 	ld	(hl+), a
    00000679 AF               [ 4] 1440 	xor	a, a
    0000067A 32               [ 8] 1441 	ld	(hl-), a
    0000067B 2A               [ 8] 1442 	ld	a, (hl+)
    0000067C 23               [ 8] 1443 	inc	hl
    0000067D 77               [ 8] 1444 	ld	(hl), a
    0000067E 3E 02            [ 8] 1445 	ld	a, #0x02
    00000680 F8 10            [12] 1446 	ldhl	sp,	#16
    00000682 96               [ 8] 1447 	sub	a, (hl)
    00000683 3E 00            [ 8] 1448 	ld	a, #0x00
    00000685 17               [ 4] 1449 	rla
    00000686 F8 17            [12] 1450 	ldhl	sp,	#23
    00000688 77               [ 8] 1451 	ld	(hl), a
    00000689 F8 20            [12] 1452 	ldhl	sp,	#32
    0000068B 3A               [ 8] 1453 	ld	a, (hl-)
    0000068C B6               [ 8] 1454 	or	a, (hl)
    0000068D 28 04            [12] 1455 	jr	Z, 00266$
    0000068F 3E 07            [ 8] 1456 	ld	a, #0x07
    00000691 18 2D            [12] 1457 	jr	00267$
    00000693                       1458 00266$:
    00000693 F8 17            [12] 1459 	ldhl	sp,	#23
    00000695 7E               [ 8] 1460 	ld	a, (hl)
    00000696 B7               [ 4] 1461 	or	a, a
    00000697 28 0E            [12] 1462 	jr	Z, 00270$
    00000699 F8 0C            [12] 1463 	ldhl	sp,	#12
    0000069B 7E               [ 8] 1464 	ld	a, (hl)
    0000069C F8 1B            [12] 1465 	ldhl	sp,	#27
    0000069E 77               [ 8] 1466 	ld	(hl), a
    0000069F F8 0D            [12] 1467 	ldhl	sp,	#13
    000006A1 7E               [ 8] 1468 	ld	a, (hl)
    000006A2 F8 1C            [12] 1469 	ldhl	sp,	#28
    000006A4 77               [ 8] 1470 	ld	(hl), a
    000006A5 18 0C            [12] 1471 	jr	00271$
    000006A7                       1472 00270$:
    000006A7 F8 0E            [12] 1473 	ldhl	sp,	#14
    000006A9 7E               [ 8] 1474 	ld	a, (hl)
    000006AA F8 1B            [12] 1475 	ldhl	sp,	#27
    000006AC 77               [ 8] 1476 	ld	(hl), a
    000006AD F8 0F            [12] 1477 	ldhl	sp,	#15
    000006AF 7E               [ 8] 1478 	ld	a, (hl)
    000006B0 F8 1C            [12] 1479 	ldhl	sp,	#28
    000006B2 77               [ 8] 1480 	ld	(hl), a
    000006B3                       1481 00271$:
    000006B3 F8 1D            [12] 1482 	ldhl	sp,	#29
    000006B5 2A               [ 8] 1483 	ld	a, (hl+)
    000006B6 4F               [ 4] 1484 	ld	c, a
    000006B7 46               [ 8] 1485 	ld	b, (hl)
    000006B8 F8 1B            [12] 1486 	ldhl	sp,	#27
    000006BA 2A               [ 8] 1487 	ld	a, (hl+)
    000006BB 5F               [ 4] 1488 	ld	e, a
    000006BC 56               [ 8] 1489 	ld	d, (hl)
    000006BD CDr00r00         [24] 1490 	call	_col_at_raw_cached
    000006C0                       1491 00267$:
    000006C0 F8 18            [12] 1492 	ldhl	sp,	#24
    000006C2 77               [ 8] 1493 	ld	(hl), a
                                   1494 ;src/player.c:134: uint8_t cr = COL_AT_PTR(GET_COL_FAST(PLAYER_SIZE - 2), check_y_foot);
    000006C3 3E 0D            [ 8] 1495 	ld	a, #0x0d
    000006C5 F8 10            [12] 1496 	ldhl	sp,	#16
    000006C7 96               [ 8] 1497 	sub	a, (hl)
    000006C8 3E 00            [ 8] 1498 	ld	a, #0x00
    000006CA 17               [ 4] 1499 	rla
    000006CB F8 19            [12] 1500 	ldhl	sp,	#25
    000006CD 77               [ 8] 1501 	ld	(hl), a
    000006CE F8 20            [12] 1502 	ldhl	sp,	#32
    000006D0 3A               [ 8] 1503 	ld	a, (hl-)
    000006D1 B6               [ 8] 1504 	or	a, (hl)
    000006D2 28 04            [12] 1505 	jr	Z, 00272$
    000006D4 3E 07            [ 8] 1506 	ld	a, #0x07
    000006D6 18 2C            [12] 1507 	jr	00273$
    000006D8                       1508 00272$:
    000006D8 F8 19            [12] 1509 	ldhl	sp,	#25
    000006DA 7E               [ 8] 1510 	ld	a, (hl)
    000006DB B7               [ 4] 1511 	or	a, a
    000006DC 28 0E            [12] 1512 	jr	Z, 00276$
    000006DE F8 0C            [12] 1513 	ldhl	sp,	#12
    000006E0 7E               [ 8] 1514 	ld	a, (hl)
    000006E1 F8 1F            [12] 1515 	ldhl	sp,	#31
    000006E3 77               [ 8] 1516 	ld	(hl), a
    000006E4 F8 0D            [12] 1517 	ldhl	sp,	#13
    000006E6 7E               [ 8] 1518 	ld	a, (hl)
    000006E7 F8 20            [12] 1519 	ldhl	sp,	#32
    000006E9 77               [ 8] 1520 	ld	(hl), a
    000006EA 18 0C            [12] 1521 	jr	00277$
    000006EC                       1522 00276$:
    000006EC F8 0E            [12] 1523 	ldhl	sp,	#14
    000006EE 7E               [ 8] 1524 	ld	a, (hl)
    000006EF F8 1F            [12] 1525 	ldhl	sp,	#31
    000006F1 77               [ 8] 1526 	ld	(hl), a
    000006F2 F8 0F            [12] 1527 	ldhl	sp,	#15
    000006F4 7E               [ 8] 1528 	ld	a, (hl)
    000006F5 F8 20            [12] 1529 	ldhl	sp,	#32
    000006F7 77               [ 8] 1530 	ld	(hl), a
    000006F8                       1531 00277$:
    000006F8 F8 1D            [12] 1532 	ldhl	sp,	#29
    000006FA 2A               [ 8] 1533 	ld	a, (hl+)
    000006FB 4F               [ 4] 1534 	ld	c, a
    000006FC 2A               [ 8] 1535 	ld	a, (hl+)
    000006FD 47               [ 4] 1536 	ld	b, a
    000006FE 2A               [ 8] 1537 	ld	a, (hl+)
    000006FF 5F               [ 4] 1538 	ld	e, a
    00000700 56               [ 8] 1539 	ld	d, (hl)
    00000701 CDr00r00         [24] 1540 	call	_col_at_raw_cached
    00000704                       1541 00273$:
    00000704 F8 1A            [12] 1542 	ldhl	sp,	#26
    00000706 77               [ 8] 1543 	ld	(hl), a
                                   1544 ;src/player.c:136: uint8_t falling = (p->gravity_flipped) ? (p->vel_y.w <= 0) : (p->vel_y.w >= 0);
    00000707 F8 06            [12] 1545 	ldhl	sp,#6
    00000709 2A               [ 8] 1546 	ld	a, (hl+)
    0000070A 5F               [ 4] 1547 	ld	e, a
    0000070B 56               [ 8] 1548 	ld	d, (hl)
    0000070C 1A               [ 8] 1549 	ld	a, (de)
    0000070D F8 1B            [12] 1550 	ldhl	sp,	#27
    0000070F 77               [ 8] 1551 	ld	(hl), a
                                   1552 ;src/player.c:66: if (p->vel_y.w > (p->gravity_flipped ? SHIP_MAX_VEL_UP : SHIP_MAX_VEL_DOWN))
    00000710 F8 04            [12] 1553 	ldhl	sp,#4
    00000712 2A               [ 8] 1554 	ld	a, (hl+)
    00000713 5F               [ 4] 1555 	ld	e, a
    00000714 56               [ 8] 1556 	ld	d, (hl)
    00000715 1A               [ 8] 1557 	ld	a, (de)
    00000716 F8 1F            [12] 1558 	ldhl	sp,	#31
    00000718 22               [ 8] 1559 	ld	(hl+), a
    00000719 13               [ 8] 1560 	inc	de
    0000071A 1A               [ 8] 1561 	ld	a, (de)
    0000071B 77               [ 8] 1562 	ld	(hl), a
                                   1563 ;src/player.c:62: p->vel_y.w += (p->gravity_flipped) ? -SHIP_THRUST : SHIP_THRUST;
                                   1564 ;src/player.c:136: uint8_t falling = (p->gravity_flipped) ? (p->vel_y.w <= 0) : (p->vel_y.w >= 0);
    0000071C F8 1B            [12] 1565 	ldhl	sp,	#27
    0000071E 7E               [ 8] 1566 	ld	a, (hl)
    0000071F B7               [ 4] 1567 	or	a, a
    00000720 28 2B            [12] 1568 	jr	Z, 00278$
    00000722 F8 1F            [12] 1569 	ldhl	sp,	#31
    00000724 AF               [ 4] 1570 	xor	a, a
    00000725 96               [ 8] 1571 	sub	a, (hl)
    00000726 23               [ 8] 1572 	inc	hl
    00000727 3E 00            [ 8] 1573 	ld	a, #0x00
    00000729 9E               [ 8] 1574 	sbc	a, (hl)
    0000072A 3E 00            [ 8] 1575 	ld	a, #0x00
    0000072C 57               [ 4] 1576 	ld	d, a
    0000072D CB 7E            [12] 1577 	bit	7, (hl)
    0000072F 28 07            [12] 1578 	jr	Z, 01261$
    00000731 CB 7A            [ 8] 1579 	bit	7, d
    00000733 20 08            [12] 1580 	jr	NZ, 01262$
    00000735 BF               [ 4] 1581 	cp	a, a
    00000736 18 05            [12] 1582 	jr	01262$
    00000738                       1583 01261$:
    00000738 CB 7A            [ 8] 1584 	bit	7, d
    0000073A 28 01            [12] 1585 	jr	Z, 01262$
    0000073C 37               [ 4] 1586 	scf
    0000073D                       1587 01262$:
    0000073D 3E 00            [ 8] 1588 	ld	a, #0x00
    0000073F 17               [ 4] 1589 	rla
    00000740 F8 20            [12] 1590 	ldhl	sp,	#32
    00000742 77               [ 8] 1591 	ld	(hl), a
    00000743 7E               [ 8] 1592 	ld	a, (hl)
    00000744 EE 01            [ 8] 1593 	xor	a, #0x01
    00000746 77               [ 8] 1594 	ld	(hl), a
    00000747 7E               [ 8] 1595 	ld	a, (hl)
    00000748 F8 1C            [12] 1596 	ldhl	sp,	#28
    0000074A 77               [ 8] 1597 	ld	(hl), a
    0000074B 18 0B            [12] 1598 	jr	00279$
    0000074D                       1599 00278$:
    0000074D F8 20            [12] 1600 	ldhl	sp,	#32
    0000074F 7E               [ 8] 1601 	ld	a, (hl)
    00000750 07               [ 4] 1602 	rlca
    00000751 E6 01            [ 8] 1603 	and	a,#0x01
    00000753 EE 01            [ 8] 1604 	xor	a, #0x01
    00000755 F8 1C            [12] 1605 	ldhl	sp,	#28
    00000757 77               [ 8] 1606 	ld	(hl), a
    00000758                       1607 00279$:
                                   1608 ;src/player.c:140: py = ((ny >> 4) + 1) << 4;
    00000758 F8 12            [12] 1609 	ldhl	sp,	#18
    0000075A 7E               [ 8] 1610 	ld	a, (hl)
    0000075B CB 37            [ 8] 1611 	swap	a
    0000075D E6 0F            [ 8] 1612 	and	a, #0x0f
    0000075F F8 1F            [12] 1613 	ldhl	sp,	#31
    00000761 77               [ 8] 1614 	ld	(hl), a
                                   1615 ;src/player.c:142: py = ((ny + PLAYER_SIZE) & ~15) - PLAYER_SIZE - 1;
    00000762 F8 12            [12] 1616 	ldhl	sp,	#18
    00000764 7E               [ 8] 1617 	ld	a, (hl)
    00000765 F8 20            [12] 1618 	ldhl	sp,	#32
    00000767 77               [ 8] 1619 	ld	(hl), a
                                   1620 ;src/player.c:145: p->world_y.b.l = 0;
    00000768 F8 22            [12] 1621 	ldhl	sp,#34
    0000076A 2A               [ 8] 1622 	ld	a, (hl+)
    0000076B 5F               [ 4] 1623 	ld	e, a
    0000076C 56               [ 8] 1624 	ld	d, (hl)
    0000076D 21 02 00         [12] 1625 	ld	hl, #0x0002
    00000770 19               [ 8] 1626 	add	hl, de
    00000771 E5               [16] 1627 	push	hl
    00000772 7D               [ 4] 1628 	ld	a, l
    00000773 F8 1F            [12] 1629 	ldhl	sp,	#31
    00000775 77               [ 8] 1630 	ld	(hl), a
    00000776 E1               [12] 1631 	pop	hl
    00000777 7C               [ 4] 1632 	ld	a, h
    00000778 F8 1E            [12] 1633 	ldhl	sp,	#30
                                   1634 ;src/player.c:140: py = ((ny >> 4) + 1) << 4;
                                   1635 ;src/player.c:142: py = ((ny + PLAYER_SIZE) & ~15) - PLAYER_SIZE - 1;
    0000077A 22               [ 8] 1636 	ld	(hl+), a
    0000077B 23               [ 8] 1637 	inc	hl
    0000077C 7E               [ 8] 1638 	ld	a, (hl)
    0000077D C6 0F            [ 8] 1639 	add	a, #0x0f
                                   1640 ;src/player.c:140: py = ((ny >> 4) + 1) << 4;
    0000077F 32               [ 8] 1641 	ld	(hl-), a
    00000780 34               [12] 1642 	inc	(hl)
                                   1643 ;src/player.c:142: py = ((ny + PLAYER_SIZE) & ~15) - PLAYER_SIZE - 1;
    00000781 23               [ 8] 1644 	inc	hl
    00000782 7E               [ 8] 1645 	ld	a, (hl)
    00000783 E6 F0            [ 8] 1646 	and	a, #0xf0
                                   1647 ;src/player.c:140: py = ((ny >> 4) + 1) << 4;
    00000785 32               [ 8] 1648 	ld	(hl-), a
    00000786 7E               [ 8] 1649 	ld	a, (hl)
    00000787 CB 37            [ 8] 1650 	swap	a
    00000789 E6 F0            [ 8] 1651 	and	a, #0xf0
                                   1652 ;src/player.c:142: py = ((ny + PLAYER_SIZE) & ~15) - PLAYER_SIZE - 1;
    0000078B 22               [ 8] 1653 	ld	(hl+), a
    0000078C 7E               [ 8] 1654 	ld	a, (hl)
    0000078D C6 F0            [ 8] 1655 	add	a, #0xf0
    0000078F 77               [ 8] 1656 	ld	(hl), a
                                   1657 ;src/player.c:138: if (falling && (IS_SOLID(cl) || IS_SOLID(cr))) {
    00000790 F8 1C            [12] 1658 	ldhl	sp,	#28
    00000792 7E               [ 8] 1659 	ld	a, (hl)
    00000793 B7               [ 4] 1660 	or	a, a
    00000794 28 64            [12] 1661 	jr	Z, 00177$
    00000796 F8 18            [12] 1662 	ldhl	sp,	#24
    00000798 7E               [ 8] 1663 	ld	a, (hl)
    00000799 D6 07            [ 8] 1664 	sub	a, #0x07
    0000079B 28 31            [12] 1665 	jr	Z, 00176$
    0000079D F8 18            [12] 1666 	ldhl	sp,	#24
    0000079F 7E               [ 8] 1667 	ld	a, (hl)
    000007A0 D6 09            [ 8] 1668 	sub	a, #0x09
    000007A2 28 2A            [12] 1669 	jr	Z, 00176$
    000007A4 F8 18            [12] 1670 	ldhl	sp,	#24
    000007A6 7E               [ 8] 1671 	ld	a, (hl)
    000007A7 D6 05            [ 8] 1672 	sub	a, #0x05
    000007A9 28 23            [12] 1673 	jr	Z, 00176$
    000007AB F8 18            [12] 1674 	ldhl	sp,	#24
    000007AD 7E               [ 8] 1675 	ld	a, (hl)
    000007AE D6 06            [ 8] 1676 	sub	a, #0x06
    000007B0 28 1C            [12] 1677 	jr	Z, 00176$
    000007B2 F8 1A            [12] 1678 	ldhl	sp,	#26
    000007B4 7E               [ 8] 1679 	ld	a, (hl)
    000007B5 D6 07            [ 8] 1680 	sub	a, #0x07
    000007B7 28 15            [12] 1681 	jr	Z, 00176$
    000007B9 F8 1A            [12] 1682 	ldhl	sp,	#26
    000007BB 7E               [ 8] 1683 	ld	a, (hl)
    000007BC D6 09            [ 8] 1684 	sub	a, #0x09
    000007BE 28 0E            [12] 1685 	jr	Z, 00176$
    000007C0 F8 1A            [12] 1686 	ldhl	sp,	#26
    000007C2 7E               [ 8] 1687 	ld	a, (hl)
    000007C3 D6 05            [ 8] 1688 	sub	a, #0x05
    000007C5 28 07            [12] 1689 	jr	Z, 00176$
    000007C7 F8 1A            [12] 1690 	ldhl	sp,	#26
    000007C9 7E               [ 8] 1691 	ld	a, (hl)
    000007CA D6 06            [ 8] 1692 	sub	a, #0x06
    000007CC 20 2C            [12] 1693 	jr	NZ, 00177$
    000007CE                       1694 00176$:
                                   1695 ;src/player.c:139: if (p->gravity_flipped) {
    000007CE F8 1B            [12] 1696 	ldhl	sp,	#27
    000007D0 7E               [ 8] 1697 	ld	a, (hl)
    000007D1 B7               [ 4] 1698 	or	a, a
    000007D2 28 04            [12] 1699 	jr	Z, 00139$
                                   1700 ;src/player.c:140: py = ((ny >> 4) + 1) << 4;
    000007D4 F8 1F            [12] 1701 	ldhl	sp,	#31
    000007D6 2A               [ 8] 1702 	ld	a, (hl+)
    000007D7 77               [ 8] 1703 	ld	(hl), a
                                   1704 ;src/player.c:142: py = ((ny + PLAYER_SIZE) & ~15) - PLAYER_SIZE - 1;
    000007D8                       1705 00139$:
                                   1706 ;src/player.c:144: p->world_y.b.h = py;
    000007D8 F8 0A            [12] 1707 	ldhl	sp,	#10
    000007DA 2A               [ 8] 1708 	ld	a, (hl+)
    000007DB 5F               [ 4] 1709 	ld	e, a
    000007DC 56               [ 8] 1710 	ld	d, (hl)
    000007DD F8 20            [12] 1711 	ldhl	sp,	#32
    000007DF 7E               [ 8] 1712 	ld	a, (hl)
    000007E0 12               [ 8] 1713 	ld	(de), a
                                   1714 ;src/player.c:145: p->world_y.b.l = 0;
    000007E1 F8 1D            [12] 1715 	ldhl	sp,	#29
    000007E3 2A               [ 8] 1716 	ld	a, (hl+)
    000007E4 66               [ 8] 1717 	ld	h, (hl)
    000007E5 6F               [ 4] 1718 	ld	l, a
    000007E6 36 00            [12] 1719 	ld	(hl), #0x00
                                   1720 ;src/player.c:146: p->vel_y.w = 0;
    000007E8 F8 04            [12] 1721 	ldhl	sp,	#4
    000007EA 2A               [ 8] 1722 	ld	a, (hl+)
    000007EB 66               [ 8] 1723 	ld	h, (hl)
    000007EC 6F               [ 4] 1724 	ld	l, a
    000007ED AF               [ 4] 1725 	xor	a, a
    000007EE 22               [ 8] 1726 	ld	(hl+), a
    000007EF 77               [ 8] 1727 	ld	(hl), a
                                   1728 ;src/player.c:147: p->on_ground = 1;
    000007F0 F8 08            [12] 1729 	ldhl	sp,	#8
    000007F2 2A               [ 8] 1730 	ld	a, (hl+)
    000007F3 66               [ 8] 1731 	ld	h, (hl)
    000007F4 6F               [ 4] 1732 	ld	l, a
    000007F5 36 01            [12] 1733 	ld	(hl), #0x01
    000007F7 C3r3Fr0A         [16] 1734 	jp	00178$
    000007FA                       1735 00177$:
                                   1736 ;src/player.c:150: uint8_t hl = COL_AT_PTR(GET_COL_FAST(2), check_y_head);
    000007FA F8 15            [12] 1737 	ldhl	sp,	#21
    000007FC 7E               [ 8] 1738 	ld	a, (hl)
    000007FD F8 1B            [12] 1739 	ldhl	sp,	#27
    000007FF 77               [ 8] 1740 	ld	(hl), a
    00000800 F8 16            [12] 1741 	ldhl	sp,	#22
    00000802 7E               [ 8] 1742 	ld	a, (hl)
    00000803 F8 1C            [12] 1743 	ldhl	sp,	#28
    00000805 77               [ 8] 1744 	ld	(hl), a
    00000806 F8 15            [12] 1745 	ldhl	sp,	#21
    00000808 36 00            [12] 1746 	ld	(hl), #0x00
    0000080A F8 1C            [12] 1747 	ldhl	sp,	#28
    0000080C 7E               [ 8] 1748 	ld	a, (hl)
    0000080D F8 16            [12] 1749 	ldhl	sp,	#22
    0000080F 77               [ 8] 1750 	ld	(hl), a
    00000810 3A               [ 8] 1751 	ld	a, (hl-)
    00000811 B6               [ 8] 1752 	or	a, (hl)
    00000812 28 04            [12] 1753 	jr	Z, 00280$
    00000814 3E 07            [ 8] 1754 	ld	a, #0x07
    00000816 18 1A            [12] 1755 	jr	00281$
    00000818                       1756 00280$:
    00000818 F8 17            [12] 1757 	ldhl	sp,	#23
    0000081A 7E               [ 8] 1758 	ld	a, (hl)
    0000081B B7               [ 4] 1759 	or	a, a
    0000081C 28 07            [12] 1760 	jr	Z, 00284$
    0000081E F8 0C            [12] 1761 	ldhl	sp,	#12
    00000820 2A               [ 8] 1762 	ld	a, (hl+)
    00000821 5F               [ 4] 1763 	ld	e, a
    00000822 56               [ 8] 1764 	ld	d, (hl)
    00000823 18 05            [12] 1765 	jr	00285$
    00000825                       1766 00284$:
    00000825 F8 0E            [12] 1767 	ldhl	sp,	#14
    00000827 2A               [ 8] 1768 	ld	a, (hl+)
    00000828 5F               [ 4] 1769 	ld	e, a
    00000829 56               [ 8] 1770 	ld	d, (hl)
    0000082A                       1771 00285$:
    0000082A F8 1B            [12] 1772 	ldhl	sp,	#27
    0000082C 2A               [ 8] 1773 	ld	a, (hl+)
    0000082D 4F               [ 4] 1774 	ld	c, a
    0000082E 46               [ 8] 1775 	ld	b, (hl)
    0000082F CDr00r00         [24] 1776 	call	_col_at_raw_cached
    00000832                       1777 00281$:
    00000832 F8 1A            [12] 1778 	ldhl	sp,	#26
    00000834 77               [ 8] 1779 	ld	(hl), a
                                   1780 ;src/player.c:151: uint8_t hr = COL_AT_PTR(GET_COL_FAST(PLAYER_SIZE - 2), check_y_head);
    00000835 F8 16            [12] 1781 	ldhl	sp,	#22
    00000837 3A               [ 8] 1782 	ld	a, (hl-)
    00000838 B6               [ 8] 1783 	or	a, (hl)
    00000839 28 06            [12] 1784 	jr	Z, 00286$
    0000083B F8 1C            [12] 1785 	ldhl	sp,	#28
    0000083D 36 07            [12] 1786 	ld	(hl), #0x07
    0000083F 18 30            [12] 1787 	jr	00287$
    00000841                       1788 00286$:
    00000841 F8 19            [12] 1789 	ldhl	sp,	#25
    00000843 7E               [ 8] 1790 	ld	a, (hl)
    00000844 B7               [ 4] 1791 	or	a, a
    00000845 28 0E            [12] 1792 	jr	Z, 00290$
    00000847 F8 0C            [12] 1793 	ldhl	sp,	#12
    00000849 7E               [ 8] 1794 	ld	a, (hl)
    0000084A F8 15            [12] 1795 	ldhl	sp,	#21
    0000084C 77               [ 8] 1796 	ld	(hl), a
    0000084D F8 0D            [12] 1797 	ldhl	sp,	#13
    0000084F 7E               [ 8] 1798 	ld	a, (hl)
    00000850 F8 16            [12] 1799 	ldhl	sp,	#22
    00000852 77               [ 8] 1800 	ld	(hl), a
    00000853 18 0C            [12] 1801 	jr	00291$
    00000855                       1802 00290$:
    00000855 F8 0E            [12] 1803 	ldhl	sp,	#14
    00000857 7E               [ 8] 1804 	ld	a, (hl)
    00000858 F8 15            [12] 1805 	ldhl	sp,	#21
    0000085A 77               [ 8] 1806 	ld	(hl), a
    0000085B F8 0F            [12] 1807 	ldhl	sp,	#15
    0000085D 7E               [ 8] 1808 	ld	a, (hl)
    0000085E F8 16            [12] 1809 	ldhl	sp,	#22
    00000860 77               [ 8] 1810 	ld	(hl), a
    00000861                       1811 00291$:
    00000861 F8 1B            [12] 1812 	ldhl	sp,	#27
    00000863 2A               [ 8] 1813 	ld	a, (hl+)
    00000864 4F               [ 4] 1814 	ld	c, a
    00000865 46               [ 8] 1815 	ld	b, (hl)
    00000866 F8 15            [12] 1816 	ldhl	sp,	#21
    00000868 2A               [ 8] 1817 	ld	a, (hl+)
    00000869 5F               [ 4] 1818 	ld	e, a
    0000086A 56               [ 8] 1819 	ld	d, (hl)
    0000086B CDr00r00         [24] 1820 	call	_col_at_raw_cached
    0000086E F8 1C            [12] 1821 	ldhl	sp,	#28
    00000870 77               [ 8] 1822 	ld	(hl), a
    00000871                       1823 00287$:
    00000871 F8 1C            [12] 1824 	ldhl	sp,	#28
                                   1825 ;src/player.c:153: if (IS_SOLID(hl) || IS_SOLID(hr)) {
    00000873 3A               [ 8] 1826 	ld	a, (hl-)
    00000874 2B               [ 8] 1827 	dec	hl
    00000875 4F               [ 4] 1828 	ld	c, a
    00000876 7E               [ 8] 1829 	ld	a, (hl)
    00000877 D6 07            [ 8] 1830 	sub	a, #0x07
    00000879 28 26            [12] 1831 	jr	Z, 00166$
    0000087B F8 1A            [12] 1832 	ldhl	sp,	#26
    0000087D 7E               [ 8] 1833 	ld	a, (hl)
    0000087E D6 09            [ 8] 1834 	sub	a, #0x09
    00000880 28 1F            [12] 1835 	jr	Z, 00166$
    00000882 F8 1A            [12] 1836 	ldhl	sp,	#26
    00000884 7E               [ 8] 1837 	ld	a, (hl)
    00000885 D6 05            [ 8] 1838 	sub	a, #0x05
    00000887 28 18            [12] 1839 	jr	Z, 00166$
    00000889 F8 1A            [12] 1840 	ldhl	sp,	#26
    0000088B 7E               [ 8] 1841 	ld	a, (hl)
    0000088C D6 06            [ 8] 1842 	sub	a, #0x06
    0000088E 28 11            [12] 1843 	jr	Z, 00166$
    00000890 79               [ 4] 1844 	ld	a,c
    00000891 FE 07            [ 8] 1845 	cp	a,#0x07
    00000893 28 0C            [12] 1846 	jr	Z, 00166$
    00000895 FE 09            [ 8] 1847 	cp	a,#0x09
    00000897 28 08            [12] 1848 	jr	Z, 00166$
    00000899 FE 05            [ 8] 1849 	cp	a,#0x05
    0000089B 28 04            [12] 1850 	jr	Z, 00166$
    0000089D D6 06            [ 8] 1851 	sub	a, #0x06
    0000089F 20 41            [12] 1852 	jr	NZ, 00167$
    000008A1                       1853 00166$:
                                   1854 ;src/player.c:154: if (p->mode == MODE_CUBE) {
    000008A1 F8 02            [12] 1855 	ldhl	sp,#2
    000008A3 2A               [ 8] 1856 	ld	a, (hl+)
    000008A4 5F               [ 4] 1857 	ld	e, a
    000008A5 56               [ 8] 1858 	ld	d, (hl)
    000008A6 1A               [ 8] 1859 	ld	a, (de)
    000008A7 B7               [ 4] 1860 	or	a, a
    000008A8 20 0C            [12] 1861 	jr	NZ, 00145$
                                   1862 ;src/player.c:156: p->dead = 1;
    000008AA E1               [12] 1863 	pop	hl
    000008AB 36 01            [12] 1864 	ld	(hl), #0x01
    000008AD E5               [16] 1865 	push	hl
                                   1866 ;src/player.c:157: col_at_end();
    000008AE CDr00r00         [24] 1867 	call	_col_at_end
                                   1868 ;src/player.c:158: return 1;
    000008B1 3E 01            [ 8] 1869 	ld	a, #0x01
    000008B3 C3r9Cr0D         [16] 1870 	jp	00234$
    000008B6                       1871 00145$:
                                   1872 ;src/player.c:161: if (p->gravity_flipped) {
    000008B6 F8 06            [12] 1873 	ldhl	sp,#6
    000008B8 2A               [ 8] 1874 	ld	a, (hl+)
    000008B9 5F               [ 4] 1875 	ld	e, a
    000008BA 56               [ 8] 1876 	ld	d, (hl)
    000008BB 1A               [ 8] 1877 	ld	a, (de)
    000008BC F8 1C            [12] 1878 	ldhl	sp,	#28
    000008BE 77               [ 8] 1879 	ld	(hl), a
    000008BF 7E               [ 8] 1880 	ld	a, (hl)
    000008C0 B7               [ 4] 1881 	or	a, a
                                   1882 ;src/player.c:162: py = ((ny + PLAYER_SIZE) & ~15) - PLAYER_SIZE - 1;
    000008C1 20 04            [12] 1883 	jr	NZ, 00143$
                                   1884 ;src/player.c:164: py = ((ny >> 4) + 1) << 4;
    000008C3 F8 1F            [12] 1885 	ldhl	sp,	#31
    000008C5 2A               [ 8] 1886 	ld	a, (hl+)
    000008C6 77               [ 8] 1887 	ld	(hl), a
    000008C7                       1888 00143$:
                                   1889 ;src/player.c:166: p->world_y.b.h = py;
    000008C7 F8 0A            [12] 1890 	ldhl	sp,	#10
    000008C9 2A               [ 8] 1891 	ld	a, (hl+)
    000008CA 5F               [ 4] 1892 	ld	e, a
    000008CB 56               [ 8] 1893 	ld	d, (hl)
    000008CC F8 20            [12] 1894 	ldhl	sp,	#32
    000008CE 7E               [ 8] 1895 	ld	a, (hl)
    000008CF 12               [ 8] 1896 	ld	(de), a
                                   1897 ;src/player.c:167: p->world_y.b.l = 0;
    000008D0 F8 1D            [12] 1898 	ldhl	sp,	#29
    000008D2 2A               [ 8] 1899 	ld	a, (hl+)
    000008D3 66               [ 8] 1900 	ld	h, (hl)
    000008D4 6F               [ 4] 1901 	ld	l, a
    000008D5 36 00            [12] 1902 	ld	(hl), #0x00
                                   1903 ;src/player.c:168: p->vel_y.w = 0;
    000008D7 F8 04            [12] 1904 	ldhl	sp,	#4
    000008D9 2A               [ 8] 1905 	ld	a, (hl+)
    000008DA 66               [ 8] 1906 	ld	h, (hl)
    000008DB 6F               [ 4] 1907 	ld	l, a
    000008DC AF               [ 4] 1908 	xor	a, a
    000008DD 22               [ 8] 1909 	ld	(hl+), a
    000008DE 77               [ 8] 1910 	ld	(hl), a
    000008DF C3r3Fr0A         [16] 1911 	jp	00178$
    000008E2                       1912 00167$:
                                   1913 ;src/player.c:171: py = ny;
    000008E2 F8 12            [12] 1914 	ldhl	sp,	#18
    000008E4 7E               [ 8] 1915 	ld	a, (hl)
    000008E5 F8 20            [12] 1916 	ldhl	sp,	#32
    000008E7 77               [ 8] 1917 	ld	(hl), a
                                   1918 ;src/player.c:174: int16_t sticky_y = (p->gravity_flipped) ? ny - 1 : ny + PLAYER_SIZE + 1;
    000008E8 F8 06            [12] 1919 	ldhl	sp,#6
    000008EA 2A               [ 8] 1920 	ld	a, (hl+)
    000008EB 5F               [ 4] 1921 	ld	e, a
    000008EC 56               [ 8] 1922 	ld	d, (hl)
    000008ED 1A               [ 8] 1923 	ld	a, (de)
    000008EE B7               [ 4] 1924 	or	a, a
    000008EF 28 13            [12] 1925 	jr	Z, 00292$
    000008F1 F8 13            [12] 1926 	ldhl	sp,#19
    000008F3 2A               [ 8] 1927 	ld	a, (hl+)
    000008F4 5F               [ 4] 1928 	ld	e, a
    000008F5 56               [ 8] 1929 	ld	d, (hl)
    000008F6 21 01 00         [12] 1930 	ld	hl, #0x0001
    000008F9 7B               [ 4] 1931 	ld	a, e
    000008FA 95               [ 4] 1932 	sub	a, l
    000008FB 5F               [ 4] 1933 	ld	e, a
    000008FC 7A               [ 4] 1934 	ld	a, d
    000008FD 9C               [ 4] 1935 	sbc	a, h
    000008FE F8 1F            [12] 1936 	ldhl	sp,	#31
    00000900 32               [ 8] 1937 	ld	(hl-), a
    00000901 73               [ 8] 1938 	ld	(hl), e
    00000902 18 13            [12] 1939 	jr	00293$
    00000904                       1940 00292$:
    00000904 F8 13            [12] 1941 	ldhl	sp,#19
    00000906 2A               [ 8] 1942 	ld	a, (hl+)
    00000907 5F               [ 4] 1943 	ld	e, a
    00000908 56               [ 8] 1944 	ld	d, (hl)
    00000909 21 10 00         [12] 1945 	ld	hl, #0x0010
    0000090C 19               [ 8] 1946 	add	hl, de
    0000090D E5               [16] 1947 	push	hl
    0000090E 7D               [ 4] 1948 	ld	a, l
    0000090F F8 20            [12] 1949 	ldhl	sp,	#32
    00000911 77               [ 8] 1950 	ld	(hl), a
    00000912 E1               [12] 1951 	pop	hl
    00000913 7C               [ 4] 1952 	ld	a, h
    00000914 F8 1F            [12] 1953 	ldhl	sp,	#31
    00000916 77               [ 8] 1954 	ld	(hl), a
    00000917                       1955 00293$:
    00000917 F8 1E            [12] 1956 	ldhl	sp,	#30
    00000919 2A               [ 8] 1957 	ld	a, (hl+)
    0000091A 4F               [ 4] 1958 	ld	c, a
    0000091B 46               [ 8] 1959 	ld	b, (hl)
                                   1960 ;src/player.c:175: uint8_t gl = COL_AT_PTR(GET_COL_FAST(2), sticky_y);
    0000091C F8 1B            [12] 1961 	ldhl	sp,	#27
    0000091E 79               [ 4] 1962 	ld	a, c
    0000091F 22               [ 8] 1963 	ld	(hl+), a
    00000920 78               [ 4] 1964 	ld	a, b
    00000921 22               [ 8] 1965 	ld	(hl+), a
    00000922 AF               [ 4] 1966 	xor	a, a
    00000923 32               [ 8] 1967 	ld	(hl-), a
    00000924 2A               [ 8] 1968 	ld	a, (hl+)
    00000925 23               [ 8] 1969 	inc	hl
    00000926 22               [ 8] 1970 	ld	(hl+), a
    00000927 78               [ 4] 1971 	ld	a, b
    00000928 07               [ 4] 1972 	rlca
    00000929 E6 01            [ 8] 1973 	and	a,#0x01
    0000092B 32               [ 8] 1974 	ld	(hl-), a
    0000092C 3A               [ 8] 1975 	ld	a, (hl-)
    0000092D B6               [ 8] 1976 	or	a, (hl)
    0000092E 28 0D            [12] 1977 	jr	Z, 00294$
    00000930 23               [ 8] 1978 	inc	hl
    00000931 23               [ 8] 1979 	inc	hl
    00000932 7E               [ 8] 1980 	ld	a, (hl)
    00000933 B7               [ 4] 1981 	or	a, a
    00000934 28 03            [12] 1982 	jr	Z, 00296$
    00000936 AF               [ 4] 1983 	xor	a, a
    00000937 18 31            [12] 1984 	jr	00295$
    00000939                       1985 00296$:
    00000939 3E 07            [ 8] 1986 	ld	a, #0x07
    0000093B 18 2D            [12] 1987 	jr	00295$
    0000093D                       1988 00294$:
    0000093D F8 17            [12] 1989 	ldhl	sp,	#23
    0000093F 7E               [ 8] 1990 	ld	a, (hl)
    00000940 B7               [ 4] 1991 	or	a, a
    00000941 28 0E            [12] 1992 	jr	Z, 00298$
    00000943 F8 0C            [12] 1993 	ldhl	sp,	#12
    00000945 7E               [ 8] 1994 	ld	a, (hl)
    00000946 F8 17            [12] 1995 	ldhl	sp,	#23
    00000948 77               [ 8] 1996 	ld	(hl), a
    00000949 F8 0D            [12] 1997 	ldhl	sp,	#13
    0000094B 7E               [ 8] 1998 	ld	a, (hl)
    0000094C F8 18            [12] 1999 	ldhl	sp,	#24
    0000094E 77               [ 8] 2000 	ld	(hl), a
    0000094F 18 0C            [12] 2001 	jr	00299$
    00000951                       2002 00298$:
    00000951 F8 0E            [12] 2003 	ldhl	sp,	#14
    00000953 7E               [ 8] 2004 	ld	a, (hl)
    00000954 F8 17            [12] 2005 	ldhl	sp,	#23
    00000956 77               [ 8] 2006 	ld	(hl), a
    00000957 F8 0F            [12] 2007 	ldhl	sp,	#15
    00000959 7E               [ 8] 2008 	ld	a, (hl)
    0000095A F8 18            [12] 2009 	ldhl	sp,	#24
    0000095C 77               [ 8] 2010 	ld	(hl), a
    0000095D                       2011 00299$:
    0000095D F8 1B            [12] 2012 	ldhl	sp,	#27
    0000095F 2A               [ 8] 2013 	ld	a, (hl+)
    00000960 4F               [ 4] 2014 	ld	c, a
    00000961 46               [ 8] 2015 	ld	b, (hl)
    00000962 F8 17            [12] 2016 	ldhl	sp,	#23
    00000964 2A               [ 8] 2017 	ld	a, (hl+)
    00000965 5F               [ 4] 2018 	ld	e, a
    00000966 56               [ 8] 2019 	ld	d, (hl)
    00000967 CDr00r00         [24] 2020 	call	_col_at_raw_cached
    0000096A                       2021 00295$:
    0000096A F8 1A            [12] 2022 	ldhl	sp,	#26
    0000096C 77               [ 8] 2023 	ld	(hl), a
                                   2024 ;src/player.c:176: uint8_t gr = COL_AT_PTR(GET_COL_FAST(PLAYER_SIZE - 2), sticky_y);
    0000096D F8 1E            [12] 2025 	ldhl	sp,	#30
    0000096F 3A               [ 8] 2026 	ld	a, (hl-)
    00000970 B6               [ 8] 2027 	or	a, (hl)
    00000971 28 10            [12] 2028 	jr	Z, 00300$
    00000973 23               [ 8] 2029 	inc	hl
    00000974 23               [ 8] 2030 	inc	hl
    00000975 7E               [ 8] 2031 	ld	a, (hl)
    00000976 B7               [ 4] 2032 	or	a, a
    00000977 28 04            [12] 2033 	jr	Z, 00302$
    00000979 36 00            [12] 2034 	ld	(hl), #0x00
    0000097B 18 36            [12] 2035 	jr	00301$
    0000097D                       2036 00302$:
    0000097D F8 1F            [12] 2037 	ldhl	sp,	#31
    0000097F 36 07            [12] 2038 	ld	(hl), #0x07
    00000981 18 30            [12] 2039 	jr	00301$
    00000983                       2040 00300$:
    00000983 F8 19            [12] 2041 	ldhl	sp,	#25
    00000985 7E               [ 8] 2042 	ld	a, (hl)
    00000986 B7               [ 4] 2043 	or	a, a
    00000987 28 0E            [12] 2044 	jr	Z, 00304$
    00000989 F8 0C            [12] 2045 	ldhl	sp,	#12
    0000098B 7E               [ 8] 2046 	ld	a, (hl)
    0000098C F8 1E            [12] 2047 	ldhl	sp,	#30
    0000098E 77               [ 8] 2048 	ld	(hl), a
    0000098F F8 0D            [12] 2049 	ldhl	sp,	#13
    00000991 7E               [ 8] 2050 	ld	a, (hl)
    00000992 F8 1F            [12] 2051 	ldhl	sp,	#31
    00000994 77               [ 8] 2052 	ld	(hl), a
    00000995 18 0C            [12] 2053 	jr	00305$
    00000997                       2054 00304$:
    00000997 F8 0E            [12] 2055 	ldhl	sp,	#14
    00000999 7E               [ 8] 2056 	ld	a, (hl)
    0000099A F8 1E            [12] 2057 	ldhl	sp,	#30
    0000099C 77               [ 8] 2058 	ld	(hl), a
    0000099D F8 0F            [12] 2059 	ldhl	sp,	#15
    0000099F 7E               [ 8] 2060 	ld	a, (hl)
    000009A0 F8 1F            [12] 2061 	ldhl	sp,	#31
    000009A2 77               [ 8] 2062 	ld	(hl), a
    000009A3                       2063 00305$:
    000009A3 F8 1B            [12] 2064 	ldhl	sp,	#27
    000009A5 2A               [ 8] 2065 	ld	a, (hl+)
    000009A6 4F               [ 4] 2066 	ld	c, a
    000009A7 2A               [ 8] 2067 	ld	a, (hl+)
    000009A8 23               [ 8] 2068 	inc	hl
    000009A9 47               [ 4] 2069 	ld	b, a
    000009AA 2A               [ 8] 2070 	ld	a, (hl+)
    000009AB 5F               [ 4] 2071 	ld	e, a
    000009AC 56               [ 8] 2072 	ld	d, (hl)
    000009AD CDr00r00         [24] 2073 	call	_col_at_raw_cached
    000009B0 F8 1F            [12] 2074 	ldhl	sp,	#31
    000009B2 77               [ 8] 2075 	ld	(hl), a
    000009B3                       2076 00301$:
    000009B3 F8 1F            [12] 2077 	ldhl	sp,	#31
    000009B5 4E               [ 8] 2078 	ld	c, (hl)
                                   2079 ;src/player.c:178: if (IS_SOLID(gl) || IS_SOLID(gr)) {
    000009B6 F8 1A            [12] 2080 	ldhl	sp,	#26
    000009B8 7E               [ 8] 2081 	ld	a, (hl)
    000009B9 D6 07            [ 8] 2082 	sub	a, #0x07
    000009BB 28 26            [12] 2083 	jr	Z, 00157$
    000009BD F8 1A            [12] 2084 	ldhl	sp,	#26
    000009BF 7E               [ 8] 2085 	ld	a, (hl)
    000009C0 D6 09            [ 8] 2086 	sub	a, #0x09
    000009C2 28 1F            [12] 2087 	jr	Z, 00157$
    000009C4 F8 1A            [12] 2088 	ldhl	sp,	#26
    000009C6 7E               [ 8] 2089 	ld	a, (hl)
    000009C7 D6 05            [ 8] 2090 	sub	a, #0x05
    000009C9 28 18            [12] 2091 	jr	Z, 00157$
    000009CB F8 1A            [12] 2092 	ldhl	sp,	#26
    000009CD 7E               [ 8] 2093 	ld	a, (hl)
    000009CE D6 06            [ 8] 2094 	sub	a, #0x06
    000009D0 28 11            [12] 2095 	jr	Z, 00157$
    000009D2 79               [ 4] 2096 	ld	a,c
    000009D3 FE 07            [ 8] 2097 	cp	a,#0x07
    000009D5 28 0C            [12] 2098 	jr	Z, 00157$
    000009D7 FE 09            [ 8] 2099 	cp	a,#0x09
    000009D9 28 08            [12] 2100 	jr	Z, 00157$
    000009DB FE 05            [ 8] 2101 	cp	a,#0x05
    000009DD 28 04            [12] 2102 	jr	Z, 00157$
    000009DF D6 06            [ 8] 2103 	sub	a, #0x06
    000009E1 20 5C            [12] 2104 	jr	NZ, 00178$
    000009E3                       2105 00157$:
                                   2106 ;src/player.c:179: p->on_ground = 1;
    000009E3 F8 08            [12] 2107 	ldhl	sp,	#8
    000009E5 2A               [ 8] 2108 	ld	a, (hl+)
    000009E6 66               [ 8] 2109 	ld	h, (hl)
    000009E7 6F               [ 4] 2110 	ld	l, a
    000009E8 36 01            [12] 2111 	ld	(hl), #0x01
                                   2112 ;src/player.c:180: if (p->mode == MODE_CUBE) p->vel_y.w = 0;
    000009EA F8 02            [12] 2113 	ldhl	sp,#2
    000009EC 2A               [ 8] 2114 	ld	a, (hl+)
    000009ED 5F               [ 4] 2115 	ld	e, a
    000009EE 56               [ 8] 2116 	ld	d, (hl)
    000009EF 1A               [ 8] 2117 	ld	a, (de)
    000009F0 B7               [ 4] 2118 	or	a, a
    000009F1 20 09            [12] 2119 	jr	NZ, 00155$
    000009F3 23               [ 8] 2120 	inc	hl
    000009F4 2A               [ 8] 2121 	ld	a, (hl+)
    000009F5 66               [ 8] 2122 	ld	h, (hl)
    000009F6 6F               [ 4] 2123 	ld	l, a
    000009F7 AF               [ 4] 2124 	xor	a, a
    000009F8 22               [ 8] 2125 	ld	(hl+), a
    000009F9 77               [ 8] 2126 	ld	(hl), a
    000009FA 18 43            [12] 2127 	jr	00178$
    000009FC                       2128 00155$:
                                   2129 ;src/player.c:181: else if (p->gravity_flipped) { if (p->vel_y.w < 0) p->vel_y.w = 0; }
    000009FC F8 06            [12] 2130 	ldhl	sp,#6
    000009FE 2A               [ 8] 2131 	ld	a, (hl+)
    000009FF 5F               [ 4] 2132 	ld	e, a
                                   2133 ;src/player.c:66: if (p->vel_y.w > (p->gravity_flipped ? SHIP_MAX_VEL_UP : SHIP_MAX_VEL_DOWN))
    00000A00 3A               [ 8] 2134 	ld	a, (hl-)
    00000A01 2B               [ 8] 2135 	dec	hl
    00000A02 2B               [ 8] 2136 	dec	hl
    00000A03 57               [ 4] 2137 	ld	d, a
    00000A04 1A               [ 8] 2138 	ld	a, (de)
    00000A05 4F               [ 4] 2139 	ld	c, a
    00000A06 2A               [ 8] 2140 	ld	a, (hl+)
    00000A07 5F               [ 4] 2141 	ld	e, a
    00000A08 56               [ 8] 2142 	ld	d, (hl)
    00000A09 1A               [ 8] 2143 	ld	a, (de)
    00000A0A 47               [ 4] 2144 	ld	b, a
    00000A0B 13               [ 8] 2145 	inc	de
    00000A0C 1A               [ 8] 2146 	ld	a, (de)
                                   2147 ;src/player.c:62: p->vel_y.w += (p->gravity_flipped) ? -SHIP_THRUST : SHIP_THRUST;
    00000A0D 6F               [ 4] 2148 	ld	l, a
                                   2149 ;src/player.c:181: else if (p->gravity_flipped) { if (p->vel_y.w < 0) p->vel_y.w = 0; }
    00000A0E 79               [ 4] 2150 	ld	a, c
    00000A0F B7               [ 4] 2151 	or	a, a
    00000A10 28 0E            [12] 2152 	jr	Z, 00152$
    00000A12 CB 7D            [ 8] 2153 	bit	7, l
    00000A14 28 29            [12] 2154 	jr	Z, 00178$
    00000A16 F8 04            [12] 2155 	ldhl	sp,	#4
    00000A18 2A               [ 8] 2156 	ld	a, (hl+)
    00000A19 66               [ 8] 2157 	ld	h, (hl)
    00000A1A 6F               [ 4] 2158 	ld	l, a
    00000A1B AF               [ 4] 2159 	xor	a, a
    00000A1C 22               [ 8] 2160 	ld	(hl+), a
    00000A1D 77               [ 8] 2161 	ld	(hl), a
    00000A1E 18 1F            [12] 2162 	jr	00178$
    00000A20                       2163 00152$:
                                   2164 ;src/player.c:182: else { if (p->vel_y.w > 0) p->vel_y.w = 0; }
    00000A20 5D               [ 4] 2165 	ld	e, l
    00000A21 AF               [ 4] 2166 	xor	a, a
    00000A22 57               [ 4] 2167 	ld	d, a
    00000A23 B8               [ 4] 2168 	cp	a, b
    00000A24 9D               [ 4] 2169 	sbc	a, l
    00000A25 CB 7B            [ 8] 2170 	bit	7, e
    00000A27 28 07            [12] 2171 	jr	Z, 01290$
    00000A29 CB 7A            [ 8] 2172 	bit	7, d
    00000A2B 20 08            [12] 2173 	jr	NZ, 01291$
    00000A2D BF               [ 4] 2174 	cp	a, a
    00000A2E 18 05            [12] 2175 	jr	01291$
    00000A30                       2176 01290$:
    00000A30 CB 7A            [ 8] 2177 	bit	7, d
    00000A32 28 01            [12] 2178 	jr	Z, 01291$
    00000A34 37               [ 4] 2179 	scf
    00000A35                       2180 01291$:
    00000A35 30 08            [12] 2181 	jr	NC, 00178$
    00000A37 F8 04            [12] 2182 	ldhl	sp,	#4
    00000A39 2A               [ 8] 2183 	ld	a, (hl+)
    00000A3A 66               [ 8] 2184 	ld	h, (hl)
    00000A3B 6F               [ 4] 2185 	ld	l, a
    00000A3C AF               [ 4] 2186 	xor	a, a
    00000A3D 22               [ 8] 2187 	ld	(hl+), a
    00000A3E 77               [ 8] 2188 	ld	(hl), a
    00000A3F                       2189 00178$:
                                   2190 ;src/player.c:187: const uint8_t* c_front = GET_COL_FAST(PLAYER_SIZE);
    00000A3F F8 11            [12] 2191 	ldhl	sp,	#17
    00000A41 7E               [ 8] 2192 	ld	a, (hl)
    00000A42 B7               [ 4] 2193 	or	a, a
    00000A43 28 07            [12] 2194 	jr	Z, 00306$
    00000A45 F8 0C            [12] 2195 	ldhl	sp,	#12
    00000A47 2A               [ 8] 2196 	ld	a, (hl+)
    00000A48 5F               [ 4] 2197 	ld	e, a
    00000A49 7E               [ 8] 2198 	ld	a, (hl)
    00000A4A 18 05            [12] 2199 	jr	00307$
    00000A4C                       2200 00306$:
    00000A4C F8 0E            [12] 2201 	ldhl	sp,	#14
    00000A4E 2A               [ 8] 2202 	ld	a, (hl+)
    00000A4F 5F               [ 4] 2203 	ld	e, a
    00000A50 7E               [ 8] 2204 	ld	a, (hl)
    00000A51                       2205 00307$:
    00000A51 F8 1E            [12] 2206 	ldhl	sp,	#30
    00000A53 73               [ 8] 2207 	ld	(hl), e
    00000A54 23               [ 8] 2208 	inc	hl
                                   2209 ;src/player.c:188: uint8_t front_head = COL_AT_PTR(c_front, py + PLAYER_HBOX);
    00000A55 22               [ 8] 2210 	ld	(hl+), a
    00000A56 7E               [ 8] 2211 	ld	a, (hl)
    00000A57 F8 1C            [12] 2212 	ldhl	sp,	#28
    00000A59 22               [ 8] 2213 	ld	(hl+), a
    00000A5A AF               [ 4] 2214 	xor	a, a
    00000A5B 32               [ 8] 2215 	ld	(hl-), a
    00000A5C 2A               [ 8] 2216 	ld	a, (hl+)
    00000A5D 5F               [ 4] 2217 	ld	e, a
    00000A5E 56               [ 8] 2218 	ld	d, (hl)
    00000A5F 21 06 00         [12] 2219 	ld	hl, #0x0006
    00000A62 19               [ 8] 2220 	add	hl, de
    00000A63 4D               [ 4] 2221 	ld	c, l
    00000A64 7C               [ 4] 2222 	ld	a, h
    00000A65 F8 14            [12] 2223 	ldhl	sp,	#20
    00000A67 71               [ 8] 2224 	ld	(hl), c
    00000A68 23               [ 8] 2225 	inc	hl
    00000A69 22               [ 8] 2226 	ld	(hl+), a
    00000A6A AF               [ 4] 2227 	xor	a, a
    00000A6B 32               [ 8] 2228 	ld	(hl-), a
    00000A6C 2A               [ 8] 2229 	ld	a, (hl+)
    00000A6D 23               [ 8] 2230 	inc	hl
    00000A6E 77               [ 8] 2231 	ld	(hl), a
    00000A6F 3A               [ 8] 2232 	ld	a, (hl-)
    00000A70 B6               [ 8] 2233 	or	a, (hl)
    00000A71 28 04            [12] 2234 	jr	Z, 00308$
    00000A73 3E 07            [ 8] 2235 	ld	a, #0x07
    00000A75 18 0D            [12] 2236 	jr	00309$
    00000A77                       2237 00308$:
    00000A77 F8 14            [12] 2238 	ldhl	sp,	#20
    00000A79 2A               [ 8] 2239 	ld	a, (hl+)
    00000A7A 4F               [ 4] 2240 	ld	c, a
    00000A7B 46               [ 8] 2241 	ld	b, (hl)
    00000A7C F8 1E            [12] 2242 	ldhl	sp,	#30
    00000A7E 2A               [ 8] 2243 	ld	a, (hl+)
    00000A7F 5F               [ 4] 2244 	ld	e, a
    00000A80 56               [ 8] 2245 	ld	d, (hl)
    00000A81 CDr00r00         [24] 2246 	call	_col_at_raw_cached
    00000A84                       2247 00309$:
    00000A84 F8 18            [12] 2248 	ldhl	sp,	#24
    00000A86 77               [ 8] 2249 	ld	(hl), a
                                   2250 ;src/player.c:189: uint8_t front_foot = COL_AT_PTR(c_front, py + PLAYER_SIZE - PLAYER_HBOX);
    00000A87 F8 1C            [12] 2251 	ldhl	sp,#28
    00000A89 2A               [ 8] 2252 	ld	a, (hl+)
    00000A8A 5F               [ 4] 2253 	ld	e, a
    00000A8B 56               [ 8] 2254 	ld	d, (hl)
    00000A8C 21 09 00         [12] 2255 	ld	hl, #0x0009
    00000A8F 19               [ 8] 2256 	add	hl, de
    00000A90 4D               [ 4] 2257 	ld	c, l
    00000A91 7C               [ 4] 2258 	ld	a, h
    00000A92 F8 19            [12] 2259 	ldhl	sp,	#25
    00000A94 71               [ 8] 2260 	ld	(hl), c
    00000A95 23               [ 8] 2261 	inc	hl
    00000A96 22               [ 8] 2262 	ld	(hl+), a
    00000A97 AF               [ 4] 2263 	xor	a, a
    00000A98 32               [ 8] 2264 	ld	(hl-), a
    00000A99 2A               [ 8] 2265 	ld	a, (hl+)
    00000A9A 23               [ 8] 2266 	inc	hl
    00000A9B 77               [ 8] 2267 	ld	(hl), a
    00000A9C 3A               [ 8] 2268 	ld	a, (hl-)
    00000A9D B6               [ 8] 2269 	or	a, (hl)
    00000A9E 28 04            [12] 2270 	jr	Z, 00312$
    00000AA0 3E 07            [ 8] 2271 	ld	a, #0x07
    00000AA2 18 0D            [12] 2272 	jr	00313$
    00000AA4                       2273 00312$:
    00000AA4 F8 19            [12] 2274 	ldhl	sp,	#25
    00000AA6 2A               [ 8] 2275 	ld	a, (hl+)
    00000AA7 4F               [ 4] 2276 	ld	c, a
    00000AA8 46               [ 8] 2277 	ld	b, (hl)
    00000AA9 F8 1E            [12] 2278 	ldhl	sp,	#30
    00000AAB 2A               [ 8] 2279 	ld	a, (hl+)
    00000AAC 5F               [ 4] 2280 	ld	e, a
    00000AAD 56               [ 8] 2281 	ld	d, (hl)
    00000AAE CDr00r00         [24] 2282 	call	_col_at_raw_cached
    00000AB1                       2283 00313$:
    00000AB1 F8 1D            [12] 2284 	ldhl	sp,	#29
    00000AB3 77               [ 8] 2285 	ld	(hl), a
                                   2286 ;src/player.c:191: uint8_t hz_tl = COL_AT_PTR(GET_COL_FAST(PLAYER_HBOX), py + PLAYER_HBOX);
    00000AB4 3E 06            [ 8] 2287 	ld	a, #0x06
    00000AB6 F8 10            [12] 2288 	ldhl	sp,	#16
    00000AB8 96               [ 8] 2289 	sub	a, (hl)
    00000AB9 3E 00            [ 8] 2290 	ld	a, #0x00
    00000ABB 17               [ 4] 2291 	rla
    00000ABC F8 1E            [12] 2292 	ldhl	sp,	#30
    00000ABE 77               [ 8] 2293 	ld	(hl), a
    00000ABF F8 17            [12] 2294 	ldhl	sp,	#23
    00000AC1 3A               [ 8] 2295 	ld	a, (hl-)
    00000AC2 B6               [ 8] 2296 	or	a, (hl)
    00000AC3 28 04            [12] 2297 	jr	Z, 00316$
    00000AC5 3E 07            [ 8] 2298 	ld	a, #0x07
    00000AC7 18 37            [12] 2299 	jr	00317$
    00000AC9                       2300 00316$:
    00000AC9 F8 14            [12] 2301 	ldhl	sp,	#20
    00000ACB 3A               [ 8] 2302 	ld	a, (hl-)
    00000ACC 2B               [ 8] 2303 	dec	hl
    00000ACD 77               [ 8] 2304 	ld	(hl), a
    00000ACE F8 15            [12] 2305 	ldhl	sp,	#21
    00000AD0 3A               [ 8] 2306 	ld	a, (hl-)
    00000AD1 2B               [ 8] 2307 	dec	hl
    00000AD2 77               [ 8] 2308 	ld	(hl), a
    00000AD3 F8 1E            [12] 2309 	ldhl	sp,	#30
    00000AD5 7E               [ 8] 2310 	ld	a, (hl)
    00000AD6 B7               [ 4] 2311 	or	a, a
    00000AD7 28 0E            [12] 2312 	jr	Z, 00320$
    00000AD9 F8 0C            [12] 2313 	ldhl	sp,	#12
    00000ADB 7E               [ 8] 2314 	ld	a, (hl)
    00000ADC F8 1F            [12] 2315 	ldhl	sp,	#31
    00000ADE 77               [ 8] 2316 	ld	(hl), a
    00000ADF F8 0D            [12] 2317 	ldhl	sp,	#13
    00000AE1 7E               [ 8] 2318 	ld	a, (hl)
    00000AE2 F8 20            [12] 2319 	ldhl	sp,	#32
    00000AE4 77               [ 8] 2320 	ld	(hl), a
    00000AE5 18 0C            [12] 2321 	jr	00321$
    00000AE7                       2322 00320$:
    00000AE7 F8 0E            [12] 2323 	ldhl	sp,	#14
    00000AE9 7E               [ 8] 2324 	ld	a, (hl)
    00000AEA F8 1F            [12] 2325 	ldhl	sp,	#31
    00000AEC 77               [ 8] 2326 	ld	(hl), a
    00000AED F8 0F            [12] 2327 	ldhl	sp,	#15
    00000AEF 7E               [ 8] 2328 	ld	a, (hl)
    00000AF0 F8 20            [12] 2329 	ldhl	sp,	#32
    00000AF2 77               [ 8] 2330 	ld	(hl), a
    00000AF3                       2331 00321$:
    00000AF3 F8 12            [12] 2332 	ldhl	sp,	#18
    00000AF5 2A               [ 8] 2333 	ld	a, (hl+)
    00000AF6 4F               [ 4] 2334 	ld	c, a
    00000AF7 46               [ 8] 2335 	ld	b, (hl)
    00000AF8 F8 1F            [12] 2336 	ldhl	sp,	#31
    00000AFA 2A               [ 8] 2337 	ld	a, (hl+)
    00000AFB 5F               [ 4] 2338 	ld	e, a
    00000AFC 56               [ 8] 2339 	ld	d, (hl)
    00000AFD CDr00r00         [24] 2340 	call	_col_at_raw_cached
    00000B00                       2341 00317$:
    00000B00 F8 1F            [12] 2342 	ldhl	sp,	#31
    00000B02 77               [ 8] 2343 	ld	(hl), a
                                   2344 ;src/player.c:192: uint8_t hz_tr = COL_AT_PTR(GET_COL_FAST(PLAYER_SIZE - PLAYER_HBOX), py + PLAYER_HBOX);
    00000B03 3E 09            [ 8] 2345 	ld	a, #0x09
    00000B05 F8 10            [12] 2346 	ldhl	sp,	#16
    00000B07 96               [ 8] 2347 	sub	a, (hl)
    00000B08 3E 00            [ 8] 2348 	ld	a, #0x00
    00000B0A 17               [ 4] 2349 	rla
    00000B0B F8 20            [12] 2350 	ldhl	sp,	#32
    00000B0D 77               [ 8] 2351 	ld	(hl), a
    00000B0E F8 17            [12] 2352 	ldhl	sp,	#23
    00000B10 3A               [ 8] 2353 	ld	a, (hl-)
    00000B11 B6               [ 8] 2354 	or	a, (hl)
    00000B12 28 05            [12] 2355 	jr	Z, 00322$
    00000B14 23               [ 8] 2356 	inc	hl
    00000B15 36 07            [12] 2357 	ld	(hl), #0x07
    00000B17 18 38            [12] 2358 	jr	00323$
    00000B19                       2359 00322$:
    00000B19 F8 14            [12] 2360 	ldhl	sp,	#20
    00000B1B 2A               [ 8] 2361 	ld	a, (hl+)
    00000B1C 23               [ 8] 2362 	inc	hl
    00000B1D 32               [ 8] 2363 	ld	(hl-), a
    00000B1E 2A               [ 8] 2364 	ld	a, (hl+)
    00000B1F 23               [ 8] 2365 	inc	hl
    00000B20 77               [ 8] 2366 	ld	(hl), a
    00000B21 F8 20            [12] 2367 	ldhl	sp,	#32
    00000B23 7E               [ 8] 2368 	ld	a, (hl)
    00000B24 B7               [ 4] 2369 	or	a, a
    00000B25 28 0E            [12] 2370 	jr	Z, 00326$
    00000B27 F8 0C            [12] 2371 	ldhl	sp,	#12
    00000B29 7E               [ 8] 2372 	ld	a, (hl)
    00000B2A F8 14            [12] 2373 	ldhl	sp,	#20
    00000B2C 77               [ 8] 2374 	ld	(hl), a
    00000B2D F8 0D            [12] 2375 	ldhl	sp,	#13
    00000B2F 7E               [ 8] 2376 	ld	a, (hl)
    00000B30 F8 15            [12] 2377 	ldhl	sp,	#21
    00000B32 77               [ 8] 2378 	ld	(hl), a
    00000B33 18 0C            [12] 2379 	jr	00327$
    00000B35                       2380 00326$:
    00000B35 F8 0E            [12] 2381 	ldhl	sp,	#14
    00000B37 7E               [ 8] 2382 	ld	a, (hl)
    00000B38 F8 14            [12] 2383 	ldhl	sp,	#20
    00000B3A 77               [ 8] 2384 	ld	(hl), a
    00000B3B F8 0F            [12] 2385 	ldhl	sp,	#15
    00000B3D 7E               [ 8] 2386 	ld	a, (hl)
    00000B3E F8 15            [12] 2387 	ldhl	sp,	#21
    00000B40 77               [ 8] 2388 	ld	(hl), a
    00000B41                       2389 00327$:
    00000B41 F8 16            [12] 2390 	ldhl	sp,	#22
    00000B43 2A               [ 8] 2391 	ld	a, (hl+)
    00000B44 4F               [ 4] 2392 	ld	c, a
    00000B45 46               [ 8] 2393 	ld	b, (hl)
    00000B46 F8 14            [12] 2394 	ldhl	sp,	#20
    00000B48 2A               [ 8] 2395 	ld	a, (hl+)
    00000B49 5F               [ 4] 2396 	ld	e, a
    00000B4A 56               [ 8] 2397 	ld	d, (hl)
    00000B4B CDr00r00         [24] 2398 	call	_col_at_raw_cached
    00000B4E F8 17            [12] 2399 	ldhl	sp,	#23
    00000B50 77               [ 8] 2400 	ld	(hl), a
    00000B51                       2401 00323$:
    00000B51 F8 17            [12] 2402 	ldhl	sp,	#23
    00000B53 3A               [ 8] 2403 	ld	a, (hl-)
    00000B54 2B               [ 8] 2404 	dec	hl
    00000B55 77               [ 8] 2405 	ld	(hl), a
                                   2406 ;src/player.c:193: uint8_t hz_bl = COL_AT_PTR(GET_COL_FAST(PLAYER_HBOX), py + PLAYER_SIZE - PLAYER_HBOX);
    00000B56 F8 1C            [12] 2407 	ldhl	sp,	#28
    00000B58 3A               [ 8] 2408 	ld	a, (hl-)
    00000B59 B6               [ 8] 2409 	or	a, (hl)
    00000B5A 28 04            [12] 2410 	jr	Z, 00328$
    00000B5C 3E 07            [ 8] 2411 	ld	a, #0x07
    00000B5E 18 39            [12] 2412 	jr	00329$
    00000B60                       2413 00328$:
    00000B60 F8 19            [12] 2414 	ldhl	sp,	#25
    00000B62 7E               [ 8] 2415 	ld	a, (hl)
    00000B63 F8 16            [12] 2416 	ldhl	sp,	#22
    00000B65 77               [ 8] 2417 	ld	(hl), a
    00000B66 F8 1A            [12] 2418 	ldhl	sp,	#26
    00000B68 7E               [ 8] 2419 	ld	a, (hl)
    00000B69 F8 17            [12] 2420 	ldhl	sp,	#23
    00000B6B 77               [ 8] 2421 	ld	(hl), a
    00000B6C F8 1E            [12] 2422 	ldhl	sp,	#30
    00000B6E 7E               [ 8] 2423 	ld	a, (hl)
    00000B6F B7               [ 4] 2424 	or	a, a
    00000B70 28 0E            [12] 2425 	jr	Z, 00332$
    00000B72 F8 0C            [12] 2426 	ldhl	sp,	#12
    00000B74 7E               [ 8] 2427 	ld	a, (hl)
    00000B75 F8 13            [12] 2428 	ldhl	sp,	#19
    00000B77 77               [ 8] 2429 	ld	(hl), a
    00000B78 F8 0D            [12] 2430 	ldhl	sp,	#13
    00000B7A 7E               [ 8] 2431 	ld	a, (hl)
    00000B7B F8 14            [12] 2432 	ldhl	sp,	#20
    00000B7D 77               [ 8] 2433 	ld	(hl), a
    00000B7E 18 0C            [12] 2434 	jr	00333$
    00000B80                       2435 00332$:
    00000B80 F8 0E            [12] 2436 	ldhl	sp,	#14
    00000B82 7E               [ 8] 2437 	ld	a, (hl)
    00000B83 F8 13            [12] 2438 	ldhl	sp,	#19
    00000B85 77               [ 8] 2439 	ld	(hl), a
    00000B86 F8 0F            [12] 2440 	ldhl	sp,	#15
    00000B88 7E               [ 8] 2441 	ld	a, (hl)
    00000B89 F8 14            [12] 2442 	ldhl	sp,	#20
    00000B8B 77               [ 8] 2443 	ld	(hl), a
    00000B8C                       2444 00333$:
    00000B8C F8 16            [12] 2445 	ldhl	sp,	#22
    00000B8E 2A               [ 8] 2446 	ld	a, (hl+)
    00000B8F 4F               [ 4] 2447 	ld	c, a
    00000B90 46               [ 8] 2448 	ld	b, (hl)
    00000B91 F8 13            [12] 2449 	ldhl	sp,	#19
    00000B93 2A               [ 8] 2450 	ld	a, (hl+)
    00000B94 5F               [ 4] 2451 	ld	e, a
    00000B95 56               [ 8] 2452 	ld	d, (hl)
    00000B96 CDr00r00         [24] 2453 	call	_col_at_raw_cached
    00000B99                       2454 00329$:
    00000B99 F8 1E            [12] 2455 	ldhl	sp,	#30
                                   2456 ;src/player.c:194: uint8_t hz_br = COL_AT_PTR(GET_COL_FAST(PLAYER_SIZE - PLAYER_HBOX), py + PLAYER_SIZE - PLAYER_HBOX);
    00000B9B 32               [ 8] 2457 	ld	(hl-), a
    00000B9C 2B               [ 8] 2458 	dec	hl
    00000B9D 3A               [ 8] 2459 	ld	a, (hl-)
    00000B9E B6               [ 8] 2460 	or	a, (hl)
    00000B9F 28 06            [12] 2461 	jr	Z, 00334$
    00000BA1 F8 20            [12] 2462 	ldhl	sp,	#32
    00000BA3 36 07            [12] 2463 	ld	(hl), #0x07
    00000BA5 18 38            [12] 2464 	jr	00335$
    00000BA7                       2465 00334$:
    00000BA7 F8 19            [12] 2466 	ldhl	sp,	#25
    00000BA9 2A               [ 8] 2467 	ld	a, (hl+)
    00000BAA 23               [ 8] 2468 	inc	hl
    00000BAB 32               [ 8] 2469 	ld	(hl-), a
    00000BAC 2A               [ 8] 2470 	ld	a, (hl+)
    00000BAD 23               [ 8] 2471 	inc	hl
    00000BAE 77               [ 8] 2472 	ld	(hl), a
    00000BAF F8 20            [12] 2473 	ldhl	sp,	#32
    00000BB1 7E               [ 8] 2474 	ld	a, (hl)
    00000BB2 B7               [ 4] 2475 	or	a, a
    00000BB3 28 0E            [12] 2476 	jr	Z, 00338$
    00000BB5 F8 0C            [12] 2477 	ldhl	sp,	#12
    00000BB7 7E               [ 8] 2478 	ld	a, (hl)
    00000BB8 F8 19            [12] 2479 	ldhl	sp,	#25
    00000BBA 77               [ 8] 2480 	ld	(hl), a
    00000BBB F8 0D            [12] 2481 	ldhl	sp,	#13
    00000BBD 7E               [ 8] 2482 	ld	a, (hl)
    00000BBE F8 1A            [12] 2483 	ldhl	sp,	#26
    00000BC0 77               [ 8] 2484 	ld	(hl), a
    00000BC1 18 0C            [12] 2485 	jr	00339$
    00000BC3                       2486 00338$:
    00000BC3 F8 0E            [12] 2487 	ldhl	sp,	#14
    00000BC5 7E               [ 8] 2488 	ld	a, (hl)
    00000BC6 F8 19            [12] 2489 	ldhl	sp,	#25
    00000BC8 77               [ 8] 2490 	ld	(hl), a
    00000BC9 F8 0F            [12] 2491 	ldhl	sp,	#15
    00000BCB 7E               [ 8] 2492 	ld	a, (hl)
    00000BCC F8 1A            [12] 2493 	ldhl	sp,	#26
    00000BCE 77               [ 8] 2494 	ld	(hl), a
    00000BCF                       2495 00339$:
    00000BCF F8 1B            [12] 2496 	ldhl	sp,	#27
    00000BD1 2A               [ 8] 2497 	ld	a, (hl+)
    00000BD2 4F               [ 4] 2498 	ld	c, a
    00000BD3 46               [ 8] 2499 	ld	b, (hl)
    00000BD4 F8 19            [12] 2500 	ldhl	sp,	#25
    00000BD6 2A               [ 8] 2501 	ld	a, (hl+)
    00000BD7 5F               [ 4] 2502 	ld	e, a
    00000BD8 56               [ 8] 2503 	ld	d, (hl)
    00000BD9 CDr00r00         [24] 2504 	call	_col_at_raw_cached
    00000BDC F8 20            [12] 2505 	ldhl	sp,	#32
    00000BDE 77               [ 8] 2506 	ld	(hl), a
    00000BDF                       2507 00335$:
    00000BDF F8 20            [12] 2508 	ldhl	sp,	#32
    00000BE1 4E               [ 8] 2509 	ld	c, (hl)
                                   2510 ;src/player.c:196: if (IS_SOLID(front_head) || IS_SOLID(front_foot)) {
    00000BE2 F8 18            [12] 2511 	ldhl	sp,	#24
    00000BE4 7E               [ 8] 2512 	ld	a, (hl)
    00000BE5 D6 07            [ 8] 2513 	sub	a, #0x07
    00000BE7 28 31            [12] 2514 	jr	Z, 00187$
    00000BE9 F8 18            [12] 2515 	ldhl	sp,	#24
    00000BEB 7E               [ 8] 2516 	ld	a, (hl)
    00000BEC D6 09            [ 8] 2517 	sub	a, #0x09
    00000BEE 28 2A            [12] 2518 	jr	Z, 00187$
    00000BF0 F8 18            [12] 2519 	ldhl	sp,	#24
    00000BF2 7E               [ 8] 2520 	ld	a, (hl)
    00000BF3 D6 05            [ 8] 2521 	sub	a, #0x05
    00000BF5 28 23            [12] 2522 	jr	Z, 00187$
    00000BF7 F8 18            [12] 2523 	ldhl	sp,	#24
    00000BF9 7E               [ 8] 2524 	ld	a, (hl)
    00000BFA D6 06            [ 8] 2525 	sub	a, #0x06
    00000BFC 28 1C            [12] 2526 	jr	Z, 00187$
    00000BFE F8 1D            [12] 2527 	ldhl	sp,	#29
    00000C00 7E               [ 8] 2528 	ld	a, (hl)
    00000C01 D6 07            [ 8] 2529 	sub	a, #0x07
    00000C03 28 15            [12] 2530 	jr	Z, 00187$
    00000C05 F8 1D            [12] 2531 	ldhl	sp,	#29
    00000C07 7E               [ 8] 2532 	ld	a, (hl)
    00000C08 D6 09            [ 8] 2533 	sub	a, #0x09
    00000C0A 28 0E            [12] 2534 	jr	Z, 00187$
    00000C0C F8 1D            [12] 2535 	ldhl	sp,	#29
    00000C0E 7E               [ 8] 2536 	ld	a, (hl)
    00000C0F D6 05            [ 8] 2537 	sub	a, #0x05
    00000C11 28 07            [12] 2538 	jr	Z, 00187$
    00000C13 F8 1D            [12] 2539 	ldhl	sp,	#29
    00000C15 7E               [ 8] 2540 	ld	a, (hl)
    00000C16 D6 06            [ 8] 2541 	sub	a, #0x06
    00000C18 20 0C            [12] 2542 	jr	NZ, 00188$
    00000C1A                       2543 00187$:
                                   2544 ;src/player.c:197: p->dead = 1;
    00000C1A E1               [12] 2545 	pop	hl
    00000C1B 36 01            [12] 2546 	ld	(hl), #0x01
    00000C1D E5               [16] 2547 	push	hl
                                   2548 ;src/player.c:198: col_at_end();
    00000C1E CDr00r00         [24] 2549 	call	_col_at_end
                                   2550 ;src/player.c:199: return 1;
    00000C21 3E 01            [ 8] 2551 	ld	a, #0x01
    00000C23 C3r9Cr0D         [16] 2552 	jp	00234$
    00000C26                       2553 00188$:
                                   2554 ;src/player.c:202: if (IS_HAZARD(hz_tl) || IS_HAZARD(hz_tr) || IS_HAZARD(hz_bl) || IS_HAZARD(hz_br)) {
    00000C26 F8 1F            [12] 2555 	ldhl	sp,	#31
    00000C28 7E               [ 8] 2556 	ld	a, (hl)
    00000C29 D6 08            [ 8] 2557 	sub	a, #0x08
    00000C2B CArDAr0C         [16] 2558 	jp	Z, 00196$
    00000C2E F8 1F            [12] 2559 	ldhl	sp,	#31
    00000C30 7E               [ 8] 2560 	ld	a, (hl)
    00000C31 D6 03            [ 8] 2561 	sub	a, #0x03
    00000C33 CArDAr0C         [16] 2562 	jp	Z, 00196$
    00000C36 F8 1F            [12] 2563 	ldhl	sp,	#31
    00000C38 7E               [ 8] 2564 	ld	a, (hl)
    00000C39 D6 04            [ 8] 2565 	sub	a, #0x04
    00000C3B CArDAr0C         [16] 2566 	jp	Z, 00196$
    00000C3E F8 1F            [12] 2567 	ldhl	sp,	#31
    00000C40 7E               [ 8] 2568 	ld	a, (hl)
    00000C41 D6 02            [ 8] 2569 	sub	a, #0x02
    00000C43 CArDAr0C         [16] 2570 	jp	Z, 00196$
    00000C46 F8 1F            [12] 2571 	ldhl	sp,	#31
    00000C48 7E               [ 8] 2572 	ld	a, (hl)
    00000C49 3D               [ 4] 2573 	dec	a
    00000C4A CArDAr0C         [16] 2574 	jp	Z, 00196$
    00000C4D F8 1F            [12] 2575 	ldhl	sp,	#31
    00000C4F 7E               [ 8] 2576 	ld	a, (hl)
    00000C50 D6 10            [ 8] 2577 	sub	a, #0x10
    00000C52 CArDAr0C         [16] 2578 	jp	Z, 00196$
    00000C55 F8 1F            [12] 2579 	ldhl	sp,	#31
    00000C57 7E               [ 8] 2580 	ld	a, (hl)
    00000C58 D6 11            [ 8] 2581 	sub	a, #0x11
    00000C5A CArDAr0C         [16] 2582 	jp	Z, 00196$
    00000C5D F8 15            [12] 2583 	ldhl	sp,	#21
    00000C5F 7E               [ 8] 2584 	ld	a, (hl)
    00000C60 D6 08            [ 8] 2585 	sub	a, #0x08
    00000C62 28 76            [12] 2586 	jr	Z, 00196$
    00000C64 F8 15            [12] 2587 	ldhl	sp,	#21
    00000C66 7E               [ 8] 2588 	ld	a, (hl)
    00000C67 D6 03            [ 8] 2589 	sub	a, #0x03
    00000C69 28 6F            [12] 2590 	jr	Z, 00196$
    00000C6B F8 15            [12] 2591 	ldhl	sp,	#21
    00000C6D 7E               [ 8] 2592 	ld	a, (hl)
    00000C6E D6 04            [ 8] 2593 	sub	a, #0x04
    00000C70 28 68            [12] 2594 	jr	Z, 00196$
    00000C72 F8 15            [12] 2595 	ldhl	sp,	#21
    00000C74 7E               [ 8] 2596 	ld	a, (hl)
    00000C75 D6 02            [ 8] 2597 	sub	a, #0x02
    00000C77 28 61            [12] 2598 	jr	Z, 00196$
    00000C79 F8 15            [12] 2599 	ldhl	sp,	#21
    00000C7B 7E               [ 8] 2600 	ld	a, (hl)
    00000C7C 3D               [ 4] 2601 	dec	a
    00000C7D 28 5B            [12] 2602 	jr	Z, 00196$
    00000C7F F8 15            [12] 2603 	ldhl	sp,	#21
    00000C81 7E               [ 8] 2604 	ld	a, (hl)
    00000C82 D6 10            [ 8] 2605 	sub	a, #0x10
    00000C84 28 54            [12] 2606 	jr	Z, 00196$
    00000C86 F8 15            [12] 2607 	ldhl	sp,	#21
    00000C88 7E               [ 8] 2608 	ld	a, (hl)
    00000C89 D6 11            [ 8] 2609 	sub	a, #0x11
    00000C8B 28 4D            [12] 2610 	jr	Z, 00196$
    00000C8D F8 1E            [12] 2611 	ldhl	sp,	#30
    00000C8F 7E               [ 8] 2612 	ld	a, (hl)
    00000C90 D6 08            [ 8] 2613 	sub	a, #0x08
    00000C92 28 46            [12] 2614 	jr	Z, 00196$
    00000C94 F8 1E            [12] 2615 	ldhl	sp,	#30
    00000C96 7E               [ 8] 2616 	ld	a, (hl)
    00000C97 D6 03            [ 8] 2617 	sub	a, #0x03
    00000C99 28 3F            [12] 2618 	jr	Z, 00196$
    00000C9B F8 1E            [12] 2619 	ldhl	sp,	#30
    00000C9D 7E               [ 8] 2620 	ld	a, (hl)
    00000C9E D6 04            [ 8] 2621 	sub	a, #0x04
    00000CA0 28 38            [12] 2622 	jr	Z, 00196$
    00000CA2 F8 1E            [12] 2623 	ldhl	sp,	#30
    00000CA4 7E               [ 8] 2624 	ld	a, (hl)
    00000CA5 D6 02            [ 8] 2625 	sub	a, #0x02
    00000CA7 28 31            [12] 2626 	jr	Z, 00196$
    00000CA9 F8 1E            [12] 2627 	ldhl	sp,	#30
    00000CAB 7E               [ 8] 2628 	ld	a, (hl)
    00000CAC 3D               [ 4] 2629 	dec	a
    00000CAD 28 2B            [12] 2630 	jr	Z, 00196$
    00000CAF F8 1E            [12] 2631 	ldhl	sp,	#30
    00000CB1 7E               [ 8] 2632 	ld	a, (hl)
    00000CB2 D6 10            [ 8] 2633 	sub	a, #0x10
    00000CB4 28 24            [12] 2634 	jr	Z, 00196$
    00000CB6 F8 1E            [12] 2635 	ldhl	sp,	#30
    00000CB8 7E               [ 8] 2636 	ld	a, (hl)
    00000CB9 D6 11            [ 8] 2637 	sub	a, #0x11
    00000CBB 28 1D            [12] 2638 	jr	Z, 00196$
    00000CBD 79               [ 4] 2639 	ld	a,c
    00000CBE FE 08            [ 8] 2640 	cp	a,#0x08
    00000CC0 28 18            [12] 2641 	jr	Z, 00196$
    00000CC2 FE 03            [ 8] 2642 	cp	a,#0x03
    00000CC4 28 14            [12] 2643 	jr	Z, 00196$
    00000CC6 FE 04            [ 8] 2644 	cp	a,#0x04
    00000CC8 28 10            [12] 2645 	jr	Z, 00196$
    00000CCA FE 02            [ 8] 2646 	cp	a,#0x02
    00000CCC 28 0C            [12] 2647 	jr	Z, 00196$
    00000CCE 3D               [ 4] 2648 	dec	a
    00000CCF 28 09            [12] 2649 	jr	Z, 00196$
    00000CD1 79               [ 4] 2650 	ld	a,c
    00000CD2 FE 10            [ 8] 2651 	cp	a,#0x10
    00000CD4 28 04            [12] 2652 	jr	Z, 00196$
    00000CD6 D6 11            [ 8] 2653 	sub	a, #0x11
    00000CD8 20 0C            [12] 2654 	jr	NZ, 00197$
    00000CDA                       2655 00196$:
                                   2656 ;src/player.c:203: p->dead = 1;
    00000CDA E1               [12] 2657 	pop	hl
    00000CDB 36 01            [12] 2658 	ld	(hl), #0x01
    00000CDD E5               [16] 2659 	push	hl
                                   2660 ;src/player.c:204: col_at_end();
    00000CDE CDr00r00         [24] 2661 	call	_col_at_end
                                   2662 ;src/player.c:205: return 1;
    00000CE1 3E 01            [ 8] 2663 	ld	a, #0x01
    00000CE3 C3r9Cr0D         [16] 2664 	jp	00234$
    00000CE6                       2665 00197$:
                                   2666 ;src/player.c:210: col_at_end();
    00000CE6 CDr00r00         [24] 2667 	call	_col_at_end
                                   2668 ;src/player.c:212: if (p->on_ground) {
    00000CE9 F8 08            [12] 2669 	ldhl	sp,#8
    00000CEB 2A               [ 8] 2670 	ld	a, (hl+)
    00000CEC 5F               [ 4] 2671 	ld	e, a
    00000CED 56               [ 8] 2672 	ld	d, (hl)
    00000CEE 1A               [ 8] 2673 	ld	a, (de)
    00000CEF F8 20            [12] 2674 	ldhl	sp,	#32
    00000CF1 77               [ 8] 2675 	ld	(hl), a
                                   2676 ;src/player.c:213: p->anim_timer = 0;
    00000CF2 F8 22            [12] 2677 	ldhl	sp,#34
    00000CF4 2A               [ 8] 2678 	ld	a, (hl+)
    00000CF5 5F               [ 4] 2679 	ld	e, a
    00000CF6 56               [ 8] 2680 	ld	d, (hl)
    00000CF7 21 0B 00         [12] 2681 	ld	hl, #0x000b
    00000CFA 19               [ 8] 2682 	add	hl, de
    00000CFB 4D               [ 4] 2683 	ld	c, l
    00000CFC 44               [ 4] 2684 	ld	b, h
                                   2685 ;src/player.c:214: p->anim_frame = 0;
    00000CFD F8 22            [12] 2686 	ldhl	sp,#34
    00000CFF 2A               [ 8] 2687 	ld	a, (hl+)
    00000D00 5F               [ 4] 2688 	ld	e, a
    00000D01 56               [ 8] 2689 	ld	d, (hl)
    00000D02 21 0A 00         [12] 2690 	ld	hl, #0x000a
    00000D05 19               [ 8] 2691 	add	hl, de
    00000D06 E5               [16] 2692 	push	hl
    00000D07 7D               [ 4] 2693 	ld	a, l
    00000D08 F8 20            [12] 2694 	ldhl	sp,	#32
    00000D0A 77               [ 8] 2695 	ld	(hl), a
    00000D0B E1               [12] 2696 	pop	hl
    00000D0C 7C               [ 4] 2697 	ld	a, h
    00000D0D F8 1F            [12] 2698 	ldhl	sp,	#31
                                   2699 ;src/player.c:212: if (p->on_ground) {
    00000D0F 22               [ 8] 2700 	ld	(hl+), a
    00000D10 7E               [ 8] 2701 	ld	a, (hl)
    00000D11 B7               [ 4] 2702 	or	a, a
    00000D12 28 0C            [12] 2703 	jr	Z, 00230$
                                   2704 ;src/player.c:213: p->anim_timer = 0;
                                   2705 ;src/player.c:214: p->anim_frame = 0;
    00000D14 2B               [ 8] 2706 	dec	hl
    00000D15 AF               [ 4] 2707 	xor	a, a
    00000D16 02               [ 8] 2708 	ld	(bc), a
    00000D17 03               [ 8] 2709 	inc	bc
    00000D18 02               [ 8] 2710 	ld	(bc), a
    00000D19 3A               [ 8] 2711 	ld	a, (hl-)
    00000D1A 6E               [ 8] 2712 	ld	l, (hl)
    00000D1B 67               [ 4] 2713 	ld	h, a
    00000D1C 36 00            [12] 2714 	ld	(hl), #0x00
    00000D1E 18 40            [12] 2715 	jr	00231$
    00000D20                       2716 00230$:
                                   2717 ;src/player.c:216: p->anim_timer += 10;
    00000D20 69               [ 4] 2718 	ld	l, c
    00000D21 60               [ 4] 2719 	ld	h, b
    00000D22 2A               [ 8] 2720 	ld	a,	(hl+)
    00000D23 66               [ 8] 2721 	ld	h, (hl)
    00000D24 6F               [ 4] 2722 	ld	l, a
    00000D25 11 0A 00         [12] 2723 	ld	de, #0x000a
    00000D28 19               [ 8] 2724 	add	hl, de
    00000D29 5D               [ 4] 2725 	ld	e, l
    00000D2A 54               [ 4] 2726 	ld	d, h
    00000D2B 69               [ 4] 2727 	ld	l, c
    00000D2C 60               [ 4] 2728 	ld	h, b
    00000D2D 7B               [ 4] 2729 	ld	a, e
    00000D2E 22               [ 8] 2730 	ld	(hl+), a
    00000D2F 72               [ 8] 2731 	ld	(hl), d
                                   2732 ;src/player.c:217: if (p->anim_timer >= 20) {
    00000D30 7B               [ 4] 2733 	ld	a, e
    00000D31 D6 14            [ 8] 2734 	sub	a, #0x14
    00000D33 7A               [ 4] 2735 	ld	a, d
    00000D34 DE 00            [ 8] 2736 	sbc	a, #0x00
    00000D36 38 28            [12] 2737 	jr	C, 00231$
                                   2738 ;src/player.c:218: p->anim_timer -= 20;
    00000D38 69               [ 4] 2739 	ld	l, c
    00000D39 60               [ 4] 2740 	ld	h, b
    00000D3A 2A               [ 8] 2741 	ld	a,	(hl+)
    00000D3B 66               [ 8] 2742 	ld	h, (hl)
    00000D3C C6 EC            [ 8] 2743 	add	a, #0xec
    00000D3E 5F               [ 4] 2744 	ld	e, a
    00000D3F 7C               [ 4] 2745 	ld	a, h
    00000D40 CE FF            [ 8] 2746 	adc	a, #0xff
    00000D42 57               [ 4] 2747 	ld	d, a
    00000D43 7B               [ 4] 2748 	ld	a, e
    00000D44 02               [ 8] 2749 	ld	(bc), a
    00000D45 03               [ 8] 2750 	inc	bc
    00000D46 7A               [ 4] 2751 	ld	a, d
    00000D47 02               [ 8] 2752 	ld	(bc), a
                                   2753 ;src/player.c:219: p->anim_frame++;
    00000D48 F8 1E            [12] 2754 	ldhl	sp,#30
    00000D4A 2A               [ 8] 2755 	ld	a, (hl+)
    00000D4B 5F               [ 4] 2756 	ld	e, a
    00000D4C 3A               [ 8] 2757 	ld	a, (hl-)
    00000D4D 57               [ 4] 2758 	ld	d, a
    00000D4E 1A               [ 8] 2759 	ld	a, (de)
    00000D4F 3C               [ 4] 2760 	inc	a
    00000D50 5E               [ 8] 2761 	ld	e, (hl)
    00000D51 23               [ 8] 2762 	inc	hl
    00000D52 66               [ 8] 2763 	ld	h, (hl)
    00000D53 6B               [ 4] 2764 	ld	l, e
    00000D54 77               [ 8] 2765 	ld	(hl), a
                                   2766 ;src/player.c:220: if (p->anim_frame >= 24) p->anim_frame = 0;
    00000D55 D6 18            [ 8] 2767 	sub	a, #0x18
    00000D57 38 07            [12] 2768 	jr	C, 00231$
    00000D59 F8 1E            [12] 2769 	ldhl	sp,	#30
    00000D5B 2A               [ 8] 2770 	ld	a, (hl+)
    00000D5C 66               [ 8] 2771 	ld	h, (hl)
    00000D5D 6F               [ 4] 2772 	ld	l, a
    00000D5E 36 00            [12] 2773 	ld	(hl), #0x00
    00000D60                       2774 00231$:
                                   2775 ;src/player.c:224: if (p->world_y.b.h > (map_h << 4)) {
    00000D60 F8 0A            [12] 2776 	ldhl	sp,#10
    00000D62 2A               [ 8] 2777 	ld	a, (hl+)
    00000D63 5F               [ 4] 2778 	ld	e, a
    00000D64 56               [ 8] 2779 	ld	d, (hl)
    00000D65 1A               [ 8] 2780 	ld	a, (de)
    00000D66 4F               [ 4] 2781 	ld	c, a
    00000D67 F8 2A            [12] 2782 	ldhl	sp,	#42
    00000D69 2A               [ 8] 2783 	ld	a, (hl+)
    00000D6A 5F               [ 4] 2784 	ld	e, a
    00000D6B 56               [ 8] 2785 	ld	d, (hl)
    00000D6C CB 23            [ 8] 2786 	sla	e
    00000D6E CB 12            [ 8] 2787 	rl	d
    00000D70 CB 23            [ 8] 2788 	sla	e
    00000D72 CB 12            [ 8] 2789 	rl	d
    00000D74 CB 23            [ 8] 2790 	sla	e
    00000D76 CB 12            [ 8] 2791 	rl	d
    00000D78 CB 23            [ 8] 2792 	sla	e
    00000D7A CB 12            [ 8] 2793 	rl	d
    00000D7C 06 00            [ 8] 2794 	ld	b, #0x00
    00000D7E 7B               [ 4] 2795 	ld	a, e
    00000D7F 91               [ 4] 2796 	sub	a, c
    00000D80 7A               [ 4] 2797 	ld	a, d
    00000D81 98               [ 4] 2798 	sbc	a, b
    00000D82 30 08            [12] 2799 	jr	NC, 00233$
                                   2800 ;src/player.c:225: p->dead = 1;
    00000D84 E1               [12] 2801 	pop	hl
    00000D85 36 01            [12] 2802 	ld	(hl), #0x01
    00000D87 E5               [16] 2803 	push	hl
                                   2804 ;src/player.c:226: return 1;
    00000D88 3E 01            [ 8] 2805 	ld	a, #0x01
    00000D8A 18 10            [12] 2806 	jr	00234$
    00000D8C                       2807 00233$:
                                   2808 ;src/player.c:229: p->last_joy = joy;
    00000D8C F8 22            [12] 2809 	ldhl	sp,#34
    00000D8E 2A               [ 8] 2810 	ld	a, (hl+)
    00000D8F 5F               [ 4] 2811 	ld	e, a
    00000D90 56               [ 8] 2812 	ld	d, (hl)
    00000D91 21 0D 00         [12] 2813 	ld	hl, #0x000d
    00000D94 19               [ 8] 2814 	add	hl, de
    00000D95 4D               [ 4] 2815 	ld	c, l
    00000D96 44               [ 4] 2816 	ld	b, h
    00000D97 F8 21            [12] 2817 	ldhl	sp,	#33
    00000D99 7E               [ 8] 2818 	ld	a, (hl)
    00000D9A 02               [ 8] 2819 	ld	(bc), a
                                   2820 ;src/player.c:230: return 0;
    00000D9B AF               [ 4] 2821 	xor	a, a
    00000D9C                       2822 00234$:
                                   2823 ;src/player.c:231: }
    00000D9C E8 24            [16] 2824 	add	sp, #36
    00000D9E E1               [12] 2825 	pop	hl
    00000D9F E8 07            [16] 2826 	add	sp, #7
    00000DA1 E9               [ 4] 2827 	jp	(hl)
                                   2828 	.area _CODE
                                   2829 	.area _INITIALIZER
    00000000                       2830 __xinit__player_noclip:
    00000000 00                    2831 	.db #0x00	; 0
                                   2832 	.area _CABS (ABS)
